{
"type": "FeatureCollection",
"name": "baltimore_area",
"crs": { "type": "name", "properties": { "name": "urn:ogc:def:crs:OGC:1.3:CRS84" } },
"features": [
{ "type": "Feature", "properties": { "OBJECTID": "011906_madisonsquareamp", "pdf_path": "011906_MadisonSquareAMP.pdf", "area_name": "Madison Square Small Area Plan", "plan_year": "2006", "area_geographic_summary": "The Madison Square planning area of East Baltimore is bounded by Biddle Street on the north, Broadway on the east, Madison Avenue on the south, and Central Avenue on the west. It covers most of the Gay Street I neighborhood, extends one block west into the Oliver neighborhood (north side of the 1400–1600 blocks of Biddle Street), and includes the 1000–1100 blocks of Eden Street on the eastern edge of Johnston Square.", "geographic_addresses": [ "Biddle St & Central Ave, Baltimore, MD", "Biddle St & Broadway, Baltimore, MD", "Madison Ave & Central Ave, Baltimore, MD", "Madison Ave & Broadway, Baltimore, MD", "1400 E Biddle Street, Baltimore, MD", "1600 E Biddle Street, Baltimore, MD", "1100 N Eden Street, Baltimore, MD", "1100 N Dallas Street, Baltimore, MD", "Eager St & Eden St, Baltimore, MD", "Chase St & Caroline St, Baltimore, MD" ], "childcare_demand_quotes": [ ], "grocery_demand_quotes": [ "The Stop, Shop, and Save is regarded as a grocery store of last resort for many residents.", "The primary establishment that residents wanted to see was a new, large grocery store in East Baltimore. Residents expressed a want for more variety and higher quality foods, such as those found at the larger store chains.", "Most residents currently travel north on Harford Road to the Safeway ... They are concerned that they have to travel so far to go grocery shopping." ], "health_demand_quotes": [ "Many residents' needs, such as a large grocery store or pharmacy, are not met by current businesses.", "Residents also expressed a need for a pharmacy and a bank." ], "persona_label": "Transforming & Rebuilding", "persona_quotes": [ ] }, "geometry": { "type": "Polygon", "coordinates": [ [ [ -76.600454597082191, 39.299205108219404 ], [ -76.600454597082191, 39.304385250110336 ], [ -76.594461955406913, 39.304385250110336 ], [ -76.594461955406913, 39.299205108219404 ], [ -76.600454597082191, 39.299205108219404 ] ] ] } },
{ "type": "Feature", "properties": { "OBJECTID": "071008_cherry_hill_master_plan", "pdf_path": "071008_Cherry_Hill_Master_Plan.pdf", "area_name": "Cherry Hill", "plan_year": "2007", "area_geographic_summary": "Cherry Hill is a South Baltimore waterfront neighborhood situated along the Middle Branch of the Patapsco River. The plan area centers on Cherry Hill Road and the Cherry Hill Town Center, stretching east-west from Hanover Street/Potee Street to the Light Rail line at Cherry Hill Road and north-south from Waterview Avenue and Middle Branch Park down to Round Road and Seamon Avenue. Key landmarks include Reedbird Park, Middle Branch Park, Harbor Hospital on S. Hanover Street, and the Cherry Hill Light Rail stop.", "geographic_addresses": [ "2600 Giles Rd, Baltimore, MD", "201 W Reedbird Ave, Baltimore, MD", "10 Cherry Hill Rd, Baltimore, MD", "801 Bridgeview Rd, Baltimore, MD", "2501 Seabury Rd, Baltimore, MD", "844 Round Rd, Baltimore, MD", "2400 Round Rd, Baltimore, MD", "2700 Seamon Ave, Baltimore, MD", "631 Cherry Hill Rd, Baltimore, MD", "3001 S Hanover St, Baltimore, MD", "Cherry Hill Rd & Waterview Ave, Baltimore, MD" ], "childcare_demand_quotes": [ ], "grocery_demand_quotes": [ "\"Work with the Health Department on developing a healthy foods program.\"", "\"Study the economic feasibility of offering healthier foods in local stores.\"" ], "health_demand_quotes": [ "\"All of these trends underscore the need for increased funding to offer and promote health care services, offer free and discounted services based on family size and income, increase resident use of available health care resources, and provide additional medical services in Cherry Hill.\"", "\"Land use planning should consider expanding the number of neighborhood health facilities to provide direct health care services, including physicians, dentists, and mental health resources.\"", "\"Strengthen and expand health services and collaboration between the Health Department, Harbor Hospital, and the Family Health Centers.\"" ], "persona_label": "Transforming & Rebuilding", "persona_quotes": [ ] }, "geometry": { "type": "Polygon", "coordinates": [ [ [ -76.632788626771756, 39.247212589033026 ], [ -76.632788626771756, 39.257688745510585 ], [ -76.615202136624205, 39.257688745510585 ], [ -76.615202136624205, 39.247212589033026 ], [ -76.632788626771756, 39.247212589033026 ] ] ] } },
{ "type": "Feature", "properties": { "OBJECTID": "091807_park_heights_master_plan_sept_08", "pdf_path": "091807 Park Heights Master Plan Sept 08.pdf", "area_name": "Park Heights", "plan_year": "2006", "area_geographic_summary": "Park Heights is a roughly 1,500-acre community about 10 miles northwest of downtown Baltimore, bounded south by Druid Park Drive, west by Wabash Avenue, east by Greenspring Avenue, and north by Northern Parkway. Two north–south corridors—Park Heights Avenue and Reisterstown Road—serve as its main streets, while landmarks such as Pimlico Race Course and Sinai Hospital sit within the neighborhood.", "geographic_addresses": [ "Druid Park Dr & Park Heights Ave, Baltimore, MD", "Northern Parkway & Park Heights Ave, Baltimore, MD", "Wabash Ave & Cold Spring Lane, Baltimore, MD", "Greenspring Ave & Belvedere Ave, Baltimore, MD", "Park Heights Ave & Cold Spring Lane, Baltimore, MD", "Reisterstown Rd & Cold Spring Lane, Baltimore, MD", "Park Heights Ave & Belvedere Ave, Baltimore, MD", "3939 Reisterstown Road, Baltimore, MD", "4700 Park Heights Avenue, Baltimore, MD", "4700 Reisterstown Road, Baltimore, MD", "4650 Delaware Avenue, Baltimore, MD", "4700 Pimlico Road, Baltimore, MD", "3000 Woodland Avenue, Baltimore, MD", "3100 Virginia Avenue, Baltimore, MD" ], "childcare_demand_quotes": [ "“Expand Head Start sites and slots from the current 250 slots to a minimum of 1,000 slots (in annual increments of 250 slots) at existing and new/planned facilities.”", "The plan calls for “Early Education: Expand Head Start… Request expansion and upgrade proposals from existing and new Head Start providers,” indicating a need for more early-childhood care opportunities." ], "grocery_demand_quotes": [ "“The first step to making it easier for people to live healthy lifestyles is to attract at least one major grocery store to the community.”", "The commercial strategy aims to “create the market dynamics and site to attract a grocery store.”", "At the Cold Spring Neighborhood Center, long-term redevelopment could support “a 40,000 to 60,000 sq ft single large retailer (a home-goods store or possibly a supermarket if one cannot be accommodated at the Belvedere center).”" ], "health_demand_quotes": [ "“Park Heights has been designated a Medically Underserved Area and the entire community has been designated as a Medically Underserved Population by the U.S. Department of Health and Human Services.”", "“The Bureau of Health Professions has designated Park Heights as a Health Professional Shortage Area (HPSA) in the areas of both primary care and dental health.”", "Recommendations include: “Increase mental health treatment sites and slots… from the current approximate 300 slots to a minimum of 2,500 slots,” underscoring unmet demand for healthcare services." ], "persona_label": "Transforming & Rebuilding", "persona_quotes": [ ] }, "geometry": { "type": "Polygon", "coordinates": [ [ [ -76.676006390096575, 39.333695592048414 ], [ -76.676006390096575, 39.349031499283896 ], [ -76.663472092088043, 39.349031499283896 ], [ -76.663472092088043, 39.333695592048414 ], [ -76.676006390096575, 39.333695592048414 ] ] ] } },
{ "type": "Feature", "properties": { "OBJECTID": "2020_09_30_matthew_henson_easterwood_vision_plan_rev_lowres", "pdf_path": "2020-09-30 Matthew Henson Easterwood Vision Plan-REV LowRes.pdf", "area_name": "Matthew Henson / Easterwood Vision Plan", "plan_year": "2020", "area_geographic_summary": "The Vision Plan covers the Matthew Henson and Easterwood neighborhoods in West Baltimore. The area lies roughly between West North Avenue on the north and Baker Street on the south, stretching from Braddish / Pennsylvania Avenue on the east to Appleton and N. Longwood Streets on the west. Key landmarks and corridors called out in the plan include Easterwood Park, Coppin State University, Ruxton Avenue, and the North Avenue commercial corridor.", "geographic_addresses": [ "North Ave & N Longwood St, Baltimore, MD", "North Ave & Braddish Ave, Baltimore, MD", "Baker St & N Longwood St, Baltimore, MD", "Baker St & Braddish Ave, Baltimore, MD", "Ruxton Ave & Appleton St, Baltimore, MD", "North Ave & Pennsylvania Ave, Baltimore, MD" ], "childcare_demand_quotes": [ "“Consider adding senior housing and an early childhood center at [the redevelopment site].”" ], "grocery_demand_quotes": [ ], "health_demand_quotes": [ "The neighborhood’s priority list specifically identifies the need for a “Pharmacy.”", "Plan goal: “Continue to expand upon a variety of amenities and services that support a healthy quality of life in urban communities.”" ], "persona_label": "Transforming & Rebuilding", "persona_quotes": [ ] }, "geometry": { "type": "Polygon", "coordinates": [ [ [ -76.667544858840984, 39.305898560819166 ], [ -76.667544858840984, 39.310058541274678 ], [ -76.642508952246288, 39.310058541274678 ], [ -76.642508952246288, 39.305898560819166 ], [ -76.667544858840984, 39.305898560819166 ] ] ] } },
{ "type": "Feature", "properties": { "OBJECTID": "2023_06_08_john_ruhrah_ems_inspire_plan", "pdf_path": "2023-06-08_john-ruhrah-ems_inspire-plan.pdf", "area_name": "John Ruhrah Elementary/Middle School INSPIRE Plan (Greektown)", "plan_year": "2023", "area_geographic_summary": "The INSPIRE planning area is defined as the quarter-mile (five-minute walk) radius around John Ruhrah Elementary/Middle School at 701 Rappolla Street in the Greektown neighborhood of southeast Baltimore.  It extends slightly farther—up to a half-mile—to capture key walking routes and includes portions of Bayview, small pieces of Canton, and edges of the Pulaski Industrial Area.  Major reference points and boundaries mentioned in the plan are Eastern Avenue (the neighborhood’s commercial corridor), Interstate 895 which bisects Greektown, Interstate 95 to the south, Foster Avenue and Fait Avenue (primary east-west streets), and the Johns Hopkins Bayview Medical Center to the north-east.", "geographic_addresses": [ "701 Rappolla St, Baltimore, MD", "Eastern Ave & Ponca St, Baltimore, MD", "Foster Ave & Tolna St, Baltimore, MD", "Fait Ave & Tolna St, Baltimore, MD", "Eastern Ave & S Lehigh St, Baltimore, MD", "Eastern Ave & S Oldham St, Baltimore, MD", "Hudson St & Quail St, Baltimore, MD", "Eastern Ave & Bayview Blvd, Baltimore, MD" ], "childcare_demand_quotes": [ ], "grocery_demand_quotes": [ ], "health_demand_quotes": [ ], "persona_label": "Established & Evolving", "persona_quotes": [ ] }, "geometry": { "type": "Polygon", "coordinates": [ [ [ -76.558045687413781, 39.283063364812655 ], [ -76.558045687413781, 39.287417134869607 ], [ -76.548554020257896, 39.287417134869607 ], [ -76.548554020257896, 39.283063364812655 ], [ -76.558045687413781, 39.283063364812655 ] ] ] } },
{ "type": "Feature", "properties": { "OBJECTID": "2023_12_19_govans_es_inspire_plan", "pdf_path": "2023-12-19_govans-es_inspire-plan.pdf", "area_name": "Govans Elementary School INSPIRE Area", "plan_year": "2023", "area_geographic_summary": "Quarter-mile focus around Govans Elementary School (5801 York Road) encompassing the Mid-Govans and Belvedere neighborhoods and parts of Homeland, Rosebank, and Woodbourne-McCabe; the half-mile ring adds Lake Evesham, Evesham Park, Lake Walker, Chinquapin Park and Cameron Village.  The plan’s main spine is the York Road commercial corridor from Homeland Avenue north to Lake Avenue, including landmarks such as Belvedere Square Shopping Center, The Senator Theatre, Staples, the Bellona Triangle and Dewees Park.", "geographic_addresses": [ "5801 York Rd, Baltimore, MD", "York Rd & Bellona Ave, Baltimore, MD", "York Rd & Homeland Ave, Baltimore, MD", "York Rd & Lake Ave, Baltimore, MD", "York Rd & Northern Pkwy, Baltimore, MD", "5711 York Rd, Baltimore, MD", "5313 York Rd, Baltimore, MD", "5835 York Rd, Baltimore, MD", "5602 York Rd, Baltimore, MD" ], "childcare_demand_quotes": [ ], "grocery_demand_quotes": [ ], "health_demand_quotes": [ ], "persona_label": "Stabilizing & Reinvesting", "persona_quotes": [ ] }, "geometry": { "type": "Polygon", "coordinates": [ [ [ -76.610174084366378, 39.354355726090475 ], [ -76.610174084366378, 39.366809054914313 ], [ -76.609609227911363, 39.366809054914313 ], [ -76.609609227911363, 39.354355726090475 ], [ -76.610174084366378, 39.354355726090475 ] ] ] } },
{ "type": "Feature", "properties": { "OBJECTID": "2024_01_10_reach_and_hh_building_inspire_plan", "pdf_path": "2024-01-10_reach-and-hh-building_inspire-plan.pdf", "area_name": "REACH! Partnership School & Harford Heights Building INSPIRE Area", "plan_year": "2023", "area_geographic_summary": "Half-mile radius in East Baltimore surrounding the REACH! Partnership School at Lake Clifton Park (2555 Harford Rd.) and the Harford Heights Building (1919 N Broadway).  The planning area fully covers the Darley Park and South Clifton Park neighborhoods and portions of Broadway East, Coldstream Homestead-Montebello, East Baltimore Midway, and Oliver.  Key edges and corridors mentioned include E. North Avenue on the south, Harford Road running north–south, The Alameda and St. Lo Drive near Clifton Park, and N. Wolfe Street/Broadway on the west.", "geographic_addresses": [ "2555 Harford Rd, Baltimore, MD", "1919 N Broadway, Baltimore, MD", "1900 E North Ave, Baltimore, MD", "1400 E North Ave, Baltimore, MD", "1339 E North Ave, Baltimore, MD", "1450 Homestead St, Baltimore, MD", "2200 Sinclair Ln, Baltimore, MD", "25th St & Harford Rd, Baltimore, MD", "N Wolfe St & E North Ave, Baltimore, MD", "N Broadway & E North Ave, Baltimore, MD", "Darley Ave & N Wolfe St, Baltimore, MD", "Harford Rd & The Alameda, Baltimore, MD", "Harford Rd & St Lo Dr, Baltimore, MD", "E 33rd St & The Alameda, Baltimore, MD", "Indian Head Dr & Belair Rd, Baltimore, MD" ], "childcare_demand_quotes": [ ], "grocery_demand_quotes": [ "“Councilman Robert Stokes, the CHM Community Corporation, New Broadway East Community Association, and other community groups are concerned over the absence of a full-service grocery store.”", "Resident concerns about food access are “backed by research including a 2018 report on Baltimore’s food environment that included most of the INSPIRE planning area within the city’s Healthy Food Priority Areas.”", "“Attracting market-rate food retail to the area is a community priority that has been well-established in existing community plans and in Department of Planning conversations with the East Baltimore communities.”" ], "health_demand_quotes": [ ], "persona_label": "Transforming & Rebuilding", "persona_quotes": [ ] }, "geometry": { "type": "Polygon", "coordinates": [ [ [ -76.599628309067157, 39.311715350165848 ], [ -76.599628309067157, 39.328333269492013 ], [ -76.587103566428226, 39.328333269492013 ], [ -76.587103566428226, 39.311715350165848 ], [ -76.599628309067157, 39.311715350165848 ] ] ] } },
{ "type": "Feature", "properties": { "OBJECTID": "2024_10_10_oliver_neighborhood_vision_plan", "pdf_path": "2024-10-10_Oliver Neighborhood Vision Plan.pdf", "area_name": "Historic Oliver Neighborhood (Oliver Neighborhood Vision Plan)", "plan_year": "2024", "area_geographic_summary": "The plan covers the Historic Oliver neighborhood in East Baltimore, bounded generally by North Avenue on the north, Biddle Street on the south, Ensor Street and the Greenmount Cemetery on the west, and North Broadway on the east. Key internal corridors include Harford Avenue, Central Avenue, and Oliver Street.", "geographic_addresses": [ "North Ave & Ensor St, Baltimore, MD", "North Ave & Broadway, Baltimore, MD", "Harford Ave & Oliver St, Baltimore, MD", "Harford Ave & Biddle St, Baltimore, MD", "Central Ave & Hoffman St, Baltimore, MD", "Bond St & Lafayette Ave, Baltimore, MD", "Ensor St & Hoffman St, Baltimore, MD", "Preston St & Aisquith St, Baltimore, MD", "Hope St & Lafayette Ave, Baltimore, MD", "Hoffman St & Holbrook St, Baltimore, MD" ], "childcare_demand_quotes": [ ], "grocery_demand_quotes": [ "SWOT Analysis – Weaknesses list: \"• Food Desert\"", "Transit & Community Connectivity resident quote: “I always say ‘I’m close to everything and close to nothing’ … Downside is there’s nothing close enough to walk to.”" ], "health_demand_quotes": [ ], "persona_label": "Stabilizing & Reinvesting", "persona_quotes": [ ] }, "geometry": { "type": "Polygon", "coordinates": [ [ [ -76.604100808782533, 39.303995701160346 ], [ -76.604100808782533, 39.311704705148792 ], [ -76.596964959333121, 39.311704705148792 ], [ -76.596964959333121, 39.303995701160346 ], [ -76.604100808782533, 39.303995701160346 ] ] ] } },
{ "type": "Feature", "properties": { "OBJECTID": "21622_ebrp_finalreport_v7", "pdf_path": "21622_EBRP_FinalReport_v7.pdf", "area_name": "East Baltimore Revitalization Project – Broadway East / South Clifton Park Focus Area", "plan_year": "2017", "area_geographic_summary": "Approximately 1,000 acres of East Baltimore bounded north-south by Sinclair Lane and Orleans Street and east-west by Lakewood Avenue and Ensor Street. The 280-acre primary focus area lies between Clifton Park to the north and the Amtrak rail line/Johns Hopkins Medical Campus to the south, stretching from Broadway on the west to Baltimore Cemetery on the east and encompassing the Broadway East and South Clifton Park neighborhoods.", "geographic_addresses": [ "Sinclair Ln & Ensor St, Baltimore, MD", "Sinclair Ln & Lakewood Ave, Baltimore, MD", "Orleans St & Lakewood Ave, Baltimore, MD", "Orleans St & Ensor St, Baltimore, MD", "1701 N Chester St, Baltimore, MD", "1263 E North Ave, Baltimore, MD", "2525 E Preston St, Baltimore, MD", "1200 N Washington St, Baltimore, MD", "1615 E Eager St, Baltimore, MD", "1600 Harford Ave, Baltimore, MD" ], "childcare_demand_quotes": [ "Plan desire: “Provide 24/7 day and night care for children and adults.”", "Community priority listed under Empower-people: “Create social programs and services – Family support services.”" ], "grocery_demand_quotes": [ "Foreword notes the neighborhood has become a “food desert … with little to no access to amenities.”", "Ark Church development wish list: “A quality super market at 1600 Harford Avenue, between Lanvale and Federal Street.”" ], "health_demand_quotes": [ "Resident commentary: people have been left with “methadone clinics instead of mental health counseling.”", "Plan recommendation: “Develop a Wellness Center in partnership with Johns Hopkins or another medical institution to provide both services and jobs to neighborhood residents.”" ], "persona_label": "Transforming & Rebuilding", "persona_quotes": [ ] }, "geometry": { "type": "Polygon", "coordinates": [ [ [ -76.60637129871472, 39.294706289328012 ], [ -76.60637129871472, 39.314545271956447 ], [ -76.572807684733476, 39.314545271956447 ], [ -76.572807684733476, 39.294706289328012 ], [ -76.60637129871472, 39.294706289328012 ] ] ] } },
{ "type": "Feature", "properties": { "OBJECTID": "actlastmileparkprojectreport", "pdf_path": "ACTLastMileParkProjectReport.pdf", "area_name": "Last Mile Park at N. Wolfe + N. Gay (Broadway East)", "plan_year": "2018", "area_geographic_summary": "Small gateway park and streetscape project centered on the Amtrak underpasses at North Wolfe Street and North Gay Street in the Broadway East neighborhood of East Baltimore.  It includes two triangular parcels—one city-owned green space north of the rail line and one Amtrak-owned parcel to the south—bounded primarily by N. Wolfe St., N. Gay St., and E. Preston St., and lies between Eager Park/Baltimore Food Hub to the south and the Broadway East residential blocks to the north.", "geographic_addresses": [ "N Wolfe St & N Gay St, Baltimore, MD", "N Wolfe St & E Preston St, Baltimore, MD", "N Gay St & E Preston St, Baltimore, MD" ], "childcare_demand_quotes": [ ], "grocery_demand_quotes": [ "\"Easy access to fresh fruits and veggies.\" – Community survey response praising desired design elements that would bring fresh food closer to residents." ], "health_demand_quotes": [ ], "persona_label": "Stabilizing & Reinvesting", "persona_quotes": [ ] }, "geometry": { "type": "Polygon", "coordinates": [ [ [ -76.592565298356377, 39.305434161473748 ], [ -76.592565298356377, 39.306387519140912 ], [ -76.591317903525805, 39.306387519140912 ], [ -76.591317903525805, 39.305434161473748 ], [ -76.592565298356377, 39.305434161473748 ] ] ] } },
{ "type": "Feature", "properties": { "OBJECTID": "adopted_port_covington_master_plan_2016_06_23", "pdf_path": "Adopted Port Covington Master Plan_2016.06.23.pdf", "area_name": "Port Covington", "plan_year": "2016", "area_geographic_summary": "Roughly 260 acres on the South Baltimore peninsula bordered on three sides by the Middle Branch of the Patapsco River, with I-95, the CSX rail yard and McComas Street forming the northern edge. The plan area lies south of the Inner Harbor and Federal Hill and east of Westport, encompassing Cromwell Street, Hanover Street, McComas Street, Port Covington Drive and the future Under Armour headquarters campus along three miles of waterfront.", "geographic_addresses": [ "101 W Dickman St, Baltimore, MD", "2400 S Hanover St, Baltimore, MD", "2600 Insulator Drive, Baltimore, MD", "300 E Cromwell St, Baltimore, MD", "201 E Cromwell St, Baltimore, MD", "321 E Cromwell St, Baltimore, MD", "Hanover St & Cromwell St, Baltimore, MD", "Hanover St & McComas St, Baltimore, MD", "Port Covington Drive & E Cromwell St, Baltimore, MD", "I-95 & Hanover St, Baltimore, MD" ], "childcare_demand_quotes": [ ], "grocery_demand_quotes": [ ], "health_demand_quotes": [ ], "persona_label": "Transforming & Rebuilding", "persona_quotes": [ ] }, "geometry": { "type": "Polygon", "coordinates": [ [ [ -76.61634115344674, 39.259089861666368 ], [ -76.61634115344674, 39.266954562285441 ], [ -76.607739225312926, 39.266954562285441 ], [ -76.607739225312926, 39.259089861666368 ], [ -76.61634115344674, 39.259089861666368 ] ] ] } },
{ "type": "Feature", "properties": { "OBJECTID": "arundelcherryhill_inspireplan", "pdf_path": "ArundelCherryHill_INSPIREPlan.pdf", "area_name": "Arundel Elementary and Cherry Hill Elementary/Middle INSPIRE Planning Area", "plan_year": "2017", "area_geographic_summary": "Quarter-mile area surrounding Arundel Elementary School on Round Road and Cherry Hill Elementary/Middle School on Bridgeview Avenue within the Cherry Hill community of South Baltimore. The planning area sits on a peninsula bordered by Hanover & Potee Streets to the east, W. Patapsco Avenue/Anne Arundel County line to the south, the Middle Branch of the Patapsco River to the north, and the Westport and Lakeland neighborhoods to the west. Key landmarks inside or adjacent to the area include the Cherry Hill Town Center, Reedbird Park, Middle Branch Park, the Cherry Hill Light Rail Station, and large Housing Authority parcels such as Fisher’s Cove.", "geographic_addresses": [ "820 Cherry Hill Rd, Baltimore, MD", "Round Rd & Cherry Hill Rd, Baltimore, MD", "Cherry Hill Rd & Seabury Rd, Baltimore, MD", "Round Rd & Spelman Ave, Baltimore, MD", "2490 Giles Rd, Baltimore, MD", "2800 Joplea Ave, Baltimore, MD", "2800 Joseph Ave, Baltimore, MD", "Cherry Hill Rd & Terra Firma Rd, Baltimore, MD" ], "childcare_demand_quotes": [ "\"Expand Head Start.\" – Community workshop recommendation under Education/School needs" ], "grocery_demand_quotes": [ "\"Cherry Hill is a food desert – need an affordable grocery store/food market (former markets have failed).\" – Strengths/Weaknesses workshop notes", "\"Accessing healthy and affordable food in Cherry Hill is a challenge for residents, and the neighborhood is considered a food desert.\" – Plan, p. 41", "\"Need a supermarket and good food access.\" – Community survey response" ], "health_demand_quotes": [ "\"Health facility is not open on weekends.\" – Community survey comment indicating unmet healthcare access" ], "persona_label": "Transforming & Rebuilding", "persona_quotes": [ ] }, "geometry": { "type": "Polygon", "coordinates": [ [ [ -76.630935723255831, 39.242908139360587 ], [ -76.630935723255831, 39.252569959150954 ], [ -76.622011678582993, 39.252569959150954 ], [ -76.622011678582993, 39.242908139360587 ], [ -76.630935723255831, 39.242908139360587 ] ] ] } },
{ "type": "Feature", "properties": { "OBJECTID": "baltimorehighlandscommuntiyplan011223", "pdf_path": "BaltimoreHighlandsCommuntiyPlan011223.pdf", "area_name": "Baltimore Highlands", "plan_year": "2023", "area_geographic_summary": "Baltimore Highlands is a compact, predominantly Latino neighborhood in southeast Baltimore City, situated just north of Highlandtown’s Eastern Avenue corridor and roughly three miles east of downtown. The plan area is bounded by Pulaski Highway (US-40) to the north, Eastern Avenue and Highlandtown to the south, Haven Street industrial corridor to the east, and Highland Avenue/Eaton Street to the west. Key landmarks include the Highlandtown Village Shopping Center on E. Lombard Street, Conkling Street Garden at S. Conkling & Leverton Streets, Hebrew Friendship Cemetery on E. Baltimore Street, and proximity to Johns Hopkins Bayview Medical Center.", "geographic_addresses": [ "25 S Conkling St, Baltimore, MD", "3600 E Baltimore St, Baltimore, MD", "4001 E Baltimore St, Baltimore, MD", "231 S Eaton St, Baltimore, MD", "3800 E Lombard St, Baltimore, MD", "1001 N Haven St, Baltimore, MD", "Intersection Haven St & E Lombard St, Baltimore, MD", "Intersection N Conkling St & Leverton St, Baltimore, MD", "Intersection E Fayette St & Highland Ave, Baltimore, MD", "2912 Pulaski Hwy, Baltimore, MD" ], "childcare_demand_quotes": [ ], "grocery_demand_quotes": [ "\"When asked what types of businesses respondents would like to see in the area, a tenth suggested another grocery store (more options).\"", "During pandemic response efforts in spring 2020, partners invested in \"significant new investments in food distribution\" for neighborhood households, underscoring ongoing demand for accessible fresh food." ], "health_demand_quotes": [ "\"Other business types mentioned were pharmacy, book, cafe/bakery, and children’s stores,\" indicating resident desire for a local pharmacy and health‐related services." ], "persona_label": "Stabilizing & Reinvesting", "persona_quotes": [ ] }, "geometry": { "type": "Polygon", "coordinates": [ [ [ -76.569573570308052, 39.289379841317142 ], [ -76.569573570308052, 39.296160317798829 ], [ -76.562747935095175, 39.296160317798829 ], [ -76.562747935095175, 39.289379841317142 ], [ -76.569573570308052, 39.289379841317142 ] ] ] } },
{ "type": "Feature", "properties": { "OBJECTID": "bay_brook_inspire_plan_final_lo_res_2", "pdf_path": "Bay Brook INSPIRE Plan_FINAL lo-res_2.pdf", "area_name": "Bay Brook Elementary/Middle School INSPIRE Planning Area (Brooklyn & Curtis Bay)", "plan_year": "2019", "area_geographic_summary": "Covers roughly a one-quarter- to one-half-mile radius around the modernized Bay Brook Elementary/Middle School in South Baltimore’s Brooklyn and Curtis Bay neighborhoods, bounded by key corridors such as South Hanover Street, West Patapsco Avenue, Pennington Avenue, Curtis Avenue and anchored by Farring-Baybrook Park.  The planning area sits at the southern tip of Baltimore City on the Curtis Bay peninsula adjacent to the Anne Arundel County line and the Port of Baltimore waterfront.", "geographic_addresses": [ "10th St & Virginia Ave, Baltimore, MD", "South Hanover St & West Patapsco Ave, Baltimore, MD", "Pennington Ave & Curtis Ave, Baltimore, MD", "Filbert St & Hazel St, Baltimore, MD", "West Bay Ave & Church St, Baltimore, MD", "1317 Filbert St, Baltimore, MD" ], "childcare_demand_quotes": [ ], "grocery_demand_quotes": [ "There are no grocery stores in the neighborhoods, and one of the closest stores in Brooklyn Park closed recently.", "With limited options in the area, many residents look to Anne Arundel County to meet their shopping needs.", "Much of the area is considered a healthy food priority area, meaning the distance to a supermarket is more than one-quarter of a mile." ], "health_demand_quotes": [ "Health outcomes in Brooklyn and Curtis Bay are among the worst in Baltimore City, with respiratory problems being particularly acute.", "Affordable health care affects more than direct health outcomes; medical bill debt and regular asthma attacks keep residents from work and school.", "\"Expand Access to Affordable Health Care\" is identified as a primary goal for the planning area." ], "persona_label": "Stabilizing & Reinvesting", "persona_quotes": [ ] }, "geometry": { "type": "Polygon", "coordinates": [ [ [ -76.597192562234241, 39.222676278661311 ], [ -76.597192562234241, 39.232094813712024 ], [ -76.588943142718136, 39.232094813712024 ], [ -76.588943142718136, 39.222676278661311 ], [ -76.597192562234241, 39.222676278661311 ] ] ] } },
{ "type": "Feature", "properties": { "OBJECTID": "belair_road_tap_report_final", "pdf_path": "Belair Road TAP Report_Final.pdf", "area_name": "Belair Road Corridor", "plan_year": "2011", "area_geographic_summary": "Five-mile commercial corridor that follows Belair Road/US-1 from the Baltimore Beltway (I-695) in Baltimore County southward through the communities of Fullerton, Overlea, Gardenville and Hamilton to the Belair-Edison neighborhood of Baltimore City. Key reference points include the Beltway Plaza Shopping Center at the northern end, major intersections such as Fullerton Ave, Kenwood Ave, Frankford Ave and Erdman Ave, and nearby landmarks like the Natural History Society of Maryland and Herring Run Park.", "geographic_addresses": [ "Belair Rd & I-695, Overlea, MD", "Belair Rd & Fullerton Ave, Overlea, MD", "Belair Rd & Kenwood Ave, Overlea, MD", "Belair Rd & Fleetwood Ave, Overlea, MD", "Belair Rd & Powell Ave, Baltimore, MD", "Belair Rd & Hamilton Ave, Baltimore, MD", "Belair Rd & Frankford Ave, Baltimore, MD", "Belair Rd & Woodlea Ave, Baltimore, MD", "Belair Rd & Erdman Ave, Baltimore, MD", "5960 Belair Rd, Baltimore, MD", "6908 Belair Rd, Overlea, MD", "7500 Belair Rd, Nottingham, MD" ], "childcare_demand_quotes": [ ], "grocery_demand_quotes": [ ], "health_demand_quotes": [ ], "persona_label": "Stabilizing & Reinvesting", "persona_quotes": [ ] }, "geometry": { "type": "Polygon", "coordinates": [ [ [ -76.556957129648396, 39.33440562306653 ], [ -76.556957129648396, 39.369741882835427 ], [ -76.513786472619429, 39.369741882835427 ], [ -76.513786472619429, 39.33440562306653 ], [ -76.556957129648396, 39.33440562306653 ] ] ] } },
{ "type": "Feature", "properties": { "OBJECTID": "brooklyncurtisbaysnap_0", "pdf_path": "BrooklynCurtisBaySNAP_0.pdf", "area_name": "Brooklyn and Curtis Bay", "plan_year": "2005", "area_geographic_summary": "The plan covers the adjacent South Baltimore neighborhoods of Brooklyn and Curtis Bay.  Brooklyn is bounded by Chesapeake Avenue and Patapsco Avenue on the north, West Bay Avenue on the east, Church Street on the south, and the Patapsco River / Anne Arundel County line on the west.  Curtis Bay is bounded by Patapsco Avenue on the north, Curtis Avenue on the east, Curtis Creek on the south, and the Anne Arundel County line on the west.  Key landmarks inside these limits include Farring Baybrook Park, Garrett Park, the Hanover & Patapsco commercial gateway, the District Courthouse, and the industrial waterfront along Curtis Creek and the Patapsco River.", "geographic_addresses": [ "3404 Hanover St, Baltimore, MD", "4015 Pennington Ave, Baltimore, MD", "3717 2nd St, Baltimore, MD", "3718 2nd St, Baltimore, MD", "102 Pontiac St, Baltimore, MD", "Hanover St & Patapsco Ave, Baltimore, MD", "Patapsco Ave & 4th St, Baltimore, MD", "Pennington Ave & Church St, Baltimore, MD", "Curtis Ave & Benhill Ave, Baltimore, MD", "Shell Rd & Chesapeake Ave, Baltimore, MD" ], "childcare_demand_quotes": [ ], "grocery_demand_quotes": [ "Many key services and desirable commercial activities (such as groceries, drug stores, movie theaters, and clothing stores) have left Brooklyn Curtis Bay.", "The plan focuses on revitalizing commercial businesses to bring back essential services, including grocery stores, that residents can walk to." ], "health_demand_quotes": [ ], "persona_label": "Stabilizing & Reinvesting", "persona_quotes": [ ] }, "geometry": { "type": "Polygon", "coordinates": [ [ [ -76.609691538200536, 39.222976727980679 ], [ -76.609691538200536, 39.24210510802223 ], [ -76.588253312086778, 39.24210510802223 ], [ -76.588253312086778, 39.222976727980679 ], [ -76.609691538200536, 39.222976727980679 ] ] ] } },
{ "type": "Feature", "properties": { "OBJECTID": "central_west_baltimore_choice_neighborhood_plan", "pdf_path": "Central West Baltimore Choice Neighborhood Plan.pdf", "area_name": "Central West Baltimore Choice Neighborhood", "plan_year": null, "area_geographic_summary": "The plan area covers roughly 129 acres in Central-West Baltimore and includes most or parts of the neighborhoods of Bolton Hill, Druid Heights, Madison Park, Marble Hill, Upton and Reservoir Hill.  It is generally bounded by Dolphin Street on the south, West Mount Royal Avenue on the east, Whitelock Street on the north, and Pennsylvania Avenue / Division Street / Druid Hill Avenue on the west.  Prominent corridors and landmarks within the area are North Avenue, Eutaw Place, McMechen Street, the Pedestal Gardens Apartments, and the Eutaw-Marshburn Elementary School site. The Choice Neighborhood plan covers the Central West Baltimore area surrounding Pedestal Gardens, extending along Eutaw Place, Druid Hill Avenue and McCulloh Street. Key landmarks include Eutaw-Marshburn Elementary School, Booker T. Washington Middle School for the Arts, the Druid Hill YMCA and the St. Francis Neighborhood Center, generally bounded by McMechen Street/Dolphin Street to the south and the Reservoir Hill vicinity to the north. The plan covers Baltimore’s Central West area surrounding the existing Pedestal Gardens apartment complex and Madison Park North, stretching along Eutaw Place from North Avenue south to McMechen Street and Mosher Street.  It references adjoining neighborhoods such as Bolton Hill, Reservoir Hill and Druid Heights and targets key corridors and intersections including North Avenue (especially the Park Ave and Eutaw Pl intersections), Madison Avenue, Wilson Street and the Eutaw Place corridor.", "geographic_addresses": [ "325 McMechen St, Baltimore, MD", "1515 W North Ave, Baltimore, MD", "1501 Division St, Baltimore, MD", "2109 McCulloh St, Baltimore, MD", "120 W Mosher St, Baltimore, MD", "1401 Pennsylvania Ave, Baltimore, MD", "1901 Pennsylvania Ave, Baltimore, MD", "1512 Druid Hill Ave, Baltimore, MD", "Eutaw Pl & McMechen St, Baltimore, MD", "North Ave & Park Ave, Baltimore, MD", "Dolphin St & Druid Hill Ave, Baltimore, MD", "Eutaw Pl & Wilson St, Baltimore, MD", "1627 Eutaw Place, Baltimore, MD", "1301 McCulloh Street, Baltimore, MD", "1609 Druid Hill Avenue, Baltimore, MD", "2405 Linden Avenue, Baltimore, MD", "1219 Druid Hill Avenue, Baltimore, MD", "McMechen Street & Eutaw Place, Baltimore, MD", "Eutaw Pl & McMechen St, Baltimore, MD", "Park Ave & North Ave, Baltimore, MD", "Eutaw Pl & North Ave, Baltimore, MD", "Eutaw Pl & McCulloh St, Baltimore, MD", "325 McMechen St, Baltimore, MD", "Madison Ave & Wilson St, Baltimore, MD", "Mosher St & Madison Ave, Baltimore, MD" ], "childcare_demand_quotes": [ "The plan calls for a partnership with Purpose Built Communities to create a “cradle-to-college” pipeline for resident children, beginning with early learning services.", "Goal: “Ensure healthy outcomes for all children born in the Choice Neighborhood and support children to be ready to enter kindergarten at age 5.”", "Residents recommended adding “a second pre-K at Eutaw-Marshburn Elementary School” and locating a new Judy Center to expand early-childhood opportunities.", "\"1G-1 Seek to add additional quality childcare seats in the target community (year 2)\"", "\"1G Address diversification of childcare and early learning options in Central West Baltimore Neighborhood\"", "\"1G-4 Formalize partnership with the Druid Hill YMCA for location of YMCA Childcare Center at Eutaw-Marshburn Elementary School (year 2)\"" ], "grocery_demand_quotes": [ "Community workshop priority: “Community is in great need of higher quality, accessible local supermarket options; variety and healthy options are key.”", "The analysis notes that ‘the community did not feel that the Save-A-Lot serves the residents in terms of delivering high quality produce and other groceries. This opinion was consistent across all income and racial groups.’", "Plan objective: ‘Identify and attract a high quality grocer either within or directly adjacent to the planning area.’" ], "health_demand_quotes": [ "Residents cited that ‘Because many residents do not trust Total Healthcare, there is a lack of fully accessible affordable, 24-hour care, often leading to reliance on emergency rooms.’", "People Goal 1: ‘Increase access/decrease barriers to health care for adults and children.’", "The plan lists as a top priority ‘Improving the health of neighborhood residents is perhaps the most important impact the transformation plan can have,’ noting needs for school-based clinics, co-located medical, dental and behavioral health services, and dedicated transportation to hospitals.", "\"2E-4 Connect to health (physical and mental) providers in order to provide services to parents and children in need (year 2)\"", "\"3F-5 Connect to health (physical and mental) providers to serve parents and children in partnership with University of Maryland (year 1)\"", "\"4B-5 Partner with STAR (Sisters Together And Reaching) HIV/AIDS education and prevention program\"", "4B-4 Connect pregnant teens to B’more for Healthy Babies campaign and Parent University through University of Maryland School of Social Work", "4B-5 Partner with STAR (Sisters Together And Reaching) HIV/AIDS education and prevention program", "4A-7 Institute violence/gang prevention program (year 2) – part of broader health and safety initiative for youth" ], "persona_label": "Transforming & Rebuilding", "persona_quotes": [ ] }, "geometry": { "type": "Polygon", "coordinates": [ [ [ -76.641256695911849, 39.301193421381249 ], [ -76.641256695911849, 39.314162865893017 ], [ -76.623852093063235, 39.314162865893017 ], [ -76.623852093063235, 39.301193421381249 ], [ -76.641256695911849, 39.301193421381249 ] ] ] } },
{ "type": "Feature", "properties": { "OBJECTID": "charles_street_scenic_byway", "pdf_path": "charles_street_scenic_byway.pdf", "area_name": "Charles Street Byway Corridor", "plan_year": "2005", "area_geographic_summary": "The plan covers the full length of Charles Street from its southern terminus in South Baltimore (just below the I-95/Beltway viaduct near Wells Street) north through downtown, Mount Vernon, Penn Station, Johns Hopkins University, and into Baltimore County, ending at the Charles Street traffic circle at I-695 in Lutherville.  The corridor’s width is defined by the viewshed of Charles Street and includes parallel return streets, key gateways (Inner Harbor, Cross Street Market, Penn Station, North Charles Gateway), and nearby sidetracks that tell the story of the street’s historic, cultural and architectural resources.", "geographic_addresses": [ "Wells St & Charles St, Baltimore, MD", "Key Hwy & Fort Ave, Baltimore, MD", "Light St & Cross St, Baltimore, MD", "W Hamburg St & Charles St, Baltimore, MD", "Cathedral St & W Mulberry St, Baltimore, MD", "11 W Mount Vernon Place, Baltimore, MD", "326 N Charles St, Baltimore, MD", "1500 N Charles St, Baltimore, MD", "N Charles St & University Pkwy, Baltimore, MD", "33rd St & N Charles St, Baltimore, MD", "Charles St & Bellona Ave, Lutherville-Timonium, MD", "Charles St & I-695, Lutherville-Timonium, MD" ], "childcare_demand_quotes": [ ], "grocery_demand_quotes": [ ], "health_demand_quotes": [ ], "persona_label": "Established & Evolving", "persona_quotes": [ ] }, "geometry": { "type": "Polygon", "coordinates": [ [ [ -76.617958693121523, 39.268299606287989 ], [ -76.617958693121523, 39.332666797252685 ], [ -76.599693687911937, 39.332666797252685 ], [ -76.599693687911937, 39.268299606287989 ], [ -76.617958693121523, 39.268299606287989 ] ] ] } },
{ "type": "Feature", "properties": { "OBJECTID": "cherryhilltransformationplan_final", "pdf_path": "CherryHillTransformationPlan(FINAL).pdf", "area_name": "Cherry Hill", "plan_year": "2020", "area_geographic_summary": "Cherry Hill is a roughly 300-acre, historically African-American neighborhood in South Baltimore. It is bordered on the north and east by the Patapsco River/Middle Branch, on the south and west by railroad corridors that include the Baltimore Light Rail, and is entered primarily from Waterview Avenue and the Hanover-Potee corridor. Internal curvilinear streets such as Cherry Hill Road, Round Road and Seamon Avenue tie together residential blocks, schools, the Town Center and Middle Branch Park.", "geographic_addresses": [ "Cherry Hill Rd & Seabury Rd, Baltimore, MD", "Cherry Hill Rd & Terra Firma Rd, Baltimore, MD", "Cherry Hill Rd & Round Rd, Baltimore, MD", "Waterview Ave & Cherry Hill Rd, Baltimore, MD", "Seamon Ave & Waterview Ave, Baltimore, MD", "Cherryland Rd & Reedbird Ave, Baltimore, MD", "Potee St & Hanover St, Baltimore, MD", "Potee St & Waterview Ave, Baltimore, MD" ], "childcare_demand_quotes": [ "\"VISION FOR THE FUTURE – 8. After School Programs\" (community meeting notes).", "\"Expand Educational Offerings: Provide more before-and-after school care\" (Implementation – Quality of Life recommendations)." ], "grocery_demand_quotes": [ "\"WEAKNESSES/PROBLEMS – 3. Lack of Grocery Store\" (Listening Phase results).", "\"VISION FOR THE FUTURE – 1. Grocery Store\" (Listening Phase results).", "\"Attract a grocery or fresh food market to Cherry Hill to meet the needs of the residents\" (Implementation – Economy Goal)." ], "health_demand_quotes": [ "\"Health outcomes and life expectancy are worse in Cherry Hill than Baltimore City\" (Quality of Life section – Access to Healthcare).", "\"MedStar Harbor Hospital has committed to improving health outcomes in this neighborhood\" (Quality of Life section).", "\"Support Harbor Hospital in the deployment of a mobile unit to help early detection and prevention\" (Implementation Matrix – Quality of Life)." ], "persona_label": "Transforming & Rebuilding", "persona_quotes": [ ] }, "geometry": { "type": "Polygon", "coordinates": [ [ [ -76.628052851477634, 39.245737995601161 ], [ -76.628052851477634, 39.255183771837089 ], [ -76.617367936585708, 39.255183771837089 ], [ -76.617367936585708, 39.245737995601161 ], [ -76.628052851477634, 39.245737995601161 ] ] ] } },
{ "type": "Feature", "properties": { "OBJECTID": "chm_areamasterplan_0", "pdf_path": "CHM_AreaMasterPlan_0.pdf", "area_name": "Coldstream Homestead Montebello Community", "plan_year": "2006", "area_geographic_summary": "The Coldstream Homestead Montebello (CHM) plan area lies in northeast Baltimore and is bounded by Harford Road on the east, Loch Raven Boulevard on the west, East 25th Street on the south, and East 32nd / 33rd Streets on the north. Key interior corridors include The Alameda and Kirk Avenue, while major nearby landmarks include Clifton Park, Lake Montebello and the Baltimore City College campus.", "geographic_addresses": [ "Harford Rd & E 25th St, Baltimore, MD", "Harford Rd & E 32nd St, Baltimore, MD", "Loch Raven Blvd & E 33rd St, Baltimore, MD", "Loch Raven Blvd & E 25th St, Baltimore, MD", "The Alameda & E 33rd St, Baltimore, MD", "1401 Fillmore St, Baltimore, MD", "2506 Harford Rd, Baltimore, MD", "3220 The Alameda, Baltimore, MD" ], "childcare_demand_quotes": [ "Education recommendation: \"Continue to expand early childhood programs.\"" ], "grocery_demand_quotes": [ "Commercial recommendation: \"Identify and seek new retail uses that are limited within the community … Provide supermarket.\"", "The plan notes that \"Residents who rely on neighborhood shopping often cannot find the goods they need, and they do not always have the opportunity to shop in a clean, safe environment.\"" ], "health_demand_quotes": [ "Parks & Recreation section: \"There is also a desire to provide activities and programs for adults and seniors that promote and teach about healthy lifestyles, including nutrition and exercise.\"" ], "persona_label": "Stabilizing & Reinvesting", "persona_quotes": [ ] }, "geometry": { "type": "Polygon", "coordinates": [ [ [ -76.607023746057877, 39.316654135154899 ], [ -76.607023746057877, 39.328333269492013 ], [ -76.584459411252496, 39.328333269492013 ], [ -76.584459411252496, 39.316654135154899 ], [ -76.607023746057877, 39.316654135154899 ] ] ] } },
{ "type": "Feature", "properties": { "OBJECTID": "dolfieldtap_080213", "pdf_path": "DolfieldTAP_080213.pdf", "area_name": "Dolfield Avenue Commercial Core", "plan_year": "2012", "area_geographic_summary": "The plan concentrates on revitalizing the Dolfield Avenue Commercial Core in Northwest Baltimore. The target area is the single block of Dolfield Avenue between West Cold Spring Lane and Belle Avenue, together with approximately two blocks of West Cold Spring Lane that link the corridor to the West Cold Spring Metro Station on Wabash Avenue. Wabash Avenue, which runs parallel to the Metro and CSX rail lines, forms the eastern edge of the study area. The commercial strip is surrounded by the Garrison-Hill and Park Heights residential neighborhoods and key landmarks such as the Post Office, March Funeral Home, Ivy Family Support Center, and an Aldi grocery store.", "geographic_addresses": [ "Dolfield Ave & W Cold Spring Lane, Baltimore, MD", "Dolfield Ave & Belle Ave, Baltimore, MD", "Wabash Ave & W Cold Spring Lane, Baltimore, MD", "Wabash Ave & Belle Ave, Baltimore, MD", "Dolfield Ave & Wabash Ave, Baltimore, MD" ], "childcare_demand_quotes": [ ], "grocery_demand_quotes": [ "“Local residents indicated they drive outside of the community to surrounding retail centers to meet their shopping needs.”", "“Other than the local Aldi’s grocery store, local retail-serving needs are served by substandard retail offerings in the Dolfield commercial core.”" ], "health_demand_quotes": [ ], "persona_label": "Stabilizing & Reinvesting", "persona_quotes": [ ] }, "geometry": { "type": "Polygon", "coordinates": [ [ [ -76.68329768194036, 39.333971189024879 ], [ -76.68329768194036, 39.341039606063205 ], [ -76.671711838185658, 39.341039606063205 ], [ -76.671711838185658, 39.333971189024879 ], [ -76.68329768194036, 39.333971189024879 ] ] ] } },
{ "type": "Feature", "properties": { "OBJECTID": "downtown_open_space_plan_0", "pdf_path": "Downtown Open Space Plan_0.pdf", "area_name": "Downtown Baltimore", "plan_year": "2010", "area_geographic_summary": "Plan covers Baltimore’s traditional Downtown core, bounded roughly by Pratt Street on the south, Centre Street on the north, the Jones Falls Expressway/President Street corridor on the east, and Martin Luther King Jr. Boulevard on the west.  It includes the Inner Harbor edge, City Center, the West Side, Mt. Vernon Place, Seton Hill, and stretches south to the convention-stadium area and north to St. Mary’s Park.", "geographic_addresses": [ "Pratt St & Light St, Baltimore, MD", "Pratt St & President St, Baltimore, MD", "Pratt St & Martin Luther King Jr Blvd, Baltimore, MD", "Centre St & Martin Luther King Jr Blvd, Baltimore, MD", "Centre St & Guilford Ave, Baltimore, MD", "Howard St & Fayette St, Baltimore, MD", "Charles St & Saratoga St, Baltimore, MD", "Lexington St & Park Ave, Baltimore, MD" ], "childcare_demand_quotes": [ ], "grocery_demand_quotes": [ ], "health_demand_quotes": [ ], "persona_label": "Stabilizing & Reinvesting", "persona_quotes": [ ] }, "geometry": { "type": "Polygon", "coordinates": [ [ [ -76.627844225907609, 39.286019117238951 ], [ -76.627844225907609, 39.29649821449847 ], [ -76.60419560810746, 39.29649821449847 ], [ -76.60419560810746, 39.286019117238951 ], [ -76.627844225907609, 39.286019117238951 ] ] ] } },
{ "type": "Feature", "properties": { "OBJECTID": "edmondsonvillageareamasterplan", "pdf_path": "EdmondsonVillageAreaMasterPlan.pdf", "area_name": "Edmondson Village Area", "plan_year": "2007", "area_geographic_summary": "The Edmondson Village Area Master Plan covers four western Baltimore neighborhoods—Edmondson Village (including Edgewood and Lyndhurst), Allendale (including Lower Edmondson Village), Saint Josephs, and Rognel Heights.  The plan area is bounded by Hilton Parkway on the east, Gwynns Falls/Leakin Park to the north, Swann Avenue and nearby Athol Street to the west, and Old Frederick Avenue to the south.  Major internal corridors include Edmondson Avenue/US-40, Caton Avenue, Wildwood Parkway and Hilton Street, with landmarks such as Edmondson Village Shopping Center and the Edmondson Village Library.", "geographic_addresses": [ "Hilton Parkway & Edmondson Avenue, Baltimore, MD", "Swann Avenue & Athol Street, Baltimore, MD", "Old Frederick Avenue & Hilton Parkway, Baltimore, MD", "Edmondson Avenue & Wildwood Parkway, Baltimore, MD", "Caton Avenue & Siegwart Avenue, Baltimore, MD", "Stokes Drive & Rokeby Road, Baltimore, MD", "4400 Edmondson Avenue, Baltimore, MD" ], "childcare_demand_quotes": [ ], "grocery_demand_quotes": [ "Community leaders have also expressed the need to form an ongoing relationship with the shopping center’s new owners to talk about attracting chain drug stores, high quality markets, and a post office facility.", "Most importantly, as noted in the City’s Comprehensive Master Plan, “It is imperative that every city resident has access to and is aware of quality, fresh food and daily services”, and that all residents are within 1.5 miles of quality groceries and neighborhood services.", "Stores don’t sell merchandise desired by residents." ], "health_demand_quotes": [ "Community leaders have also expressed the need to form an ongoing relationship with the shopping center’s new owners to talk about attracting chain drug stores..." ], "persona_label": "Stabilizing & Reinvesting", "persona_quotes": [ ] }, "geometry": { "type": "Polygon", "coordinates": [ [ [ -76.689474785428871, 39.280930338092595 ], [ -76.689474785428871, 39.299532777769343 ], [ -76.672275940269301, 39.299532777769343 ], [ -76.672275940269301, 39.280930338092595 ], [ -76.689474785428871, 39.280930338092595 ] ] ] } },
{ "type": "Feature", "properties": { "OBJECTID": "final_version_spreads_low_res", "pdf_path": "Final Version (Spreads - Low Res).pdf", "area_name": "Broening Manor, Graceland Park, Medford, and O’Donnell Heights Neighborhood Revitalization Plan", "plan_year": "2020", "area_geographic_summary": "Plan covers four southeast Baltimore neighborhoods—Broening Manor, Graceland Park, Medford and O’Donnell Heights—bounded roughly by I-95 on the north and west, the Baltimore City–County line on the east, and Cardiff Avenue / Holabird Avenue on the south. Key corridors and gateways include Dundalk Avenue, Holabird Avenue, Broening Highway, Boston Street, O’Donnell Street and Kane Street, with large adjacent industrial parcels near the Port of Baltimore.", "geographic_addresses": [ "Dundalk Ave & Holabird Ave, Baltimore, MD", "Dundalk Ave & Danville Ave, Baltimore, MD", "Kane St & Dundalk Ave, Baltimore, MD", "O'Donnell St & Dundalk Ave, Baltimore, MD", "Boston St & Gusryan St, Baltimore, MD", "O'Donnell St & Gusryan St, Baltimore, MD", "Broening Hwy & Holabird Ave, Baltimore, MD", "Cardiff Ave & Charlotte Ave, Baltimore, MD" ], "childcare_demand_quotes": [ "\"Child care can be an enormous obstacle for working parents, especially single parents… the community attracts additional organizations to the area to lend support.\"", "\"Education Readiness Programs… will help parents, caregivers, and family advocates create enriching and supportive learning environments for young children from a newborn to 5 years of age.\"" ], "grocery_demand_quotes": [ "\"Access to food retailers is limited… There is no grocery store within the Neighborhood Revitalization Plan boundary.\"", "\"Options that provide greater access to fresh foods and household items should be prioritized.\"", "\"A farmer’s market is suggested for the community to not only provide greater access to healthy food options, but also to create a forum for gathering and help unify the community.\"" ], "health_demand_quotes": ["\"An urgent medical center and pharmacy are envisioned to provide added medical amenities and support for area residents.\"", "\"A Wellness and Health Fair will offer a 'one-stop shop' for residents to learn more regarding health awareness and education, lifestyle information and screenings."], "persona_label": "Stabilizing & Reinvesting", "persona_quotes": [ ] }, "geometry": { "type": "Polygon", "coordinates": [ [ [ -76.543312480926176, 39.272100254554331 ], [ -76.543312480926176, 39.283223123887197 ], [ -76.531161319711785, 39.283223123887197 ], [ -76.531161319711785, 39.272100254554331 ], [ -76.543312480926176, 39.272100254554331 ] ] ] } },
{ "type": "Feature", "properties": { "OBJECTID": "finalmarketanalysis0914", "pdf_path": "FinalMarketAnalysis0914.pdf", "area_name": "Belair Road Corridor", "plan_year": "2014", "area_geographic_summary": "The plan covers the Belair Road Corridor running north-east out of Baltimore City into Baltimore County.  Key focus stretches run from the Sinclair Lane intersection through the Belair-Edison, Gardenville and Overlea neighbourhoods to the Fullerton area at the I-695 (Baltimore Beltway) interchange.  Priority nodes include Belair Rd & Erdman Ave, Belair Rd & Frankford Ave, and Belair Rd & Fleetwood Ave, as well as the larger Quarry and Fullerton redevelopment opportunity sites.", "geographic_addresses": [ "Belair Rd & Sinclair Ln, Baltimore, MD", "Belair Rd & Erdman Ave, Baltimore, MD", "Belair Rd & Frankford Ave, Baltimore, MD", "Belair Rd & Fleetwood Ave, Baltimore, MD", "Belair Rd & Fullerton Ave, Baltimore, MD", "4206 Belair Road, Baltimore, MD", "5707 Belair Road, Baltimore, MD", "6415 Belair Road, Baltimore, MD", "6608 Belair Road, Baltimore, MD", "7400 Belair Road, Baltimore, MD" ], "childcare_demand_quotes": [ ], "grocery_demand_quotes": [ "The consumer intercept survey found that \"significantly more visitors to Belair Road mentioned they would like to see grocery stores than from Harford Road.\"", "Retail planning targets call for an \"urban-format grocery store (20,000 – 25,000 sq ft) or expansion/stronger performance by the study area’s existing grocers such as Aldi, Bi-Rite, etc.\"" ], "health_demand_quotes": [ ], "persona_label": "Stabilizing & Reinvesting", "persona_quotes": [ ] }, "geometry": { "type": "Polygon", "coordinates": [ [ [ -76.582135612416124, 39.314242032968579 ], [ -76.582135612416124, 39.361609760374655 ], [ -76.522944120933701, 39.361609760374655 ], [ -76.522944120933701, 39.314242032968579 ], [ -76.582135612416124, 39.314242032968579 ] ] ] } },
{ "type": "Feature", "properties": { "OBJECTID": "final_robert_poole_inspire_plan_september_2017", "pdf_path": "Final_Robert Poole INSPIRE Plan_September 2017.pdf", "area_name": "Robert Poole Building INSPIRE Planning Area (Hampden)", "plan_year": "2017", "area_geographic_summary": "The plan focuses on the quarter-mile radius surrounding the Robert Poole Building (1300 W. 36th St) in the Hampden neighborhood of north-central Baltimore. Key corridors and landmarks within the area include West 36th Street (“The Avenue”), Falls Road, Roland Avenue, Union Avenue, Clipper Mill Road, the Jones Falls Valley, and Roosevelt Park. The planning area generally extends from about W. 34th Street to W. 41st Street and from Roland Avenue east to Falls Road and the Light Rail station, encompassing residential blocks, commercial strips, former mill complexes, and major transit routes.", "geographic_addresses": [ "1300 W 36th St, Baltimore, MD", "Falls Rd & W 36th St, Baltimore, MD", "Falls Rd & W 37th St, Baltimore, MD", "Union Ave & Clipper Mill Rd, Baltimore, MD", "Buena Vista Ave & W 36th St, Baltimore, MD", "Roland Ave & W 38th St, Baltimore, MD", "Keswick Rd & W 36th St, Baltimore, MD", "Chestnut Ave & W 34th St, Baltimore, MD", "W 41st St & Roland Ave, Baltimore, MD", "Falls Rd & W 35th St, Baltimore, MD" ], "childcare_demand_quotes": [ ], "grocery_demand_quotes": [ ], "health_demand_quotes": [ ], "persona_label": "Established & Evolving", "persona_quotes": [ ] }, "geometry": { "type": "Polygon", "coordinates": [ [ [ -76.641825743318464, 39.325716462676645 ], [ -76.641825743318464, 39.337149061885277 ], [ -76.628009517038265, 39.337149061885277 ], [ -76.628009517038265, 39.325716462676645 ], [ -76.641825743318464, 39.325716462676645 ] ] ] } },
{ "type": "Feature", "properties": { "OBJECTID": "fort_worthington_plan_final", "pdf_path": "Fort Worthington Plan_Final.pdf", "area_name": "Fort Worthington Elementary/Middle School INSPIRE Planning Area", "plan_year": "2016", "area_geographic_summary": "Quarter-mile focus area surrounding the new Fort Worthington Elementary/Middle School in East Baltimore. The core lies within the Berea neighborhood and extends into parts of Biddle Street, Broadway East, Madison-Eastend, Middle East and Milton-Montford. Major reference streets and edges include Federal Street to the north, Milton Avenue to the west, Edison Highway to the east and the CSX rail line/Preston Street running east-west. Key interior corridors noted are Oliver Street, Hoffman Street, Lakewood Avenue, Kenwood Avenue and Eager Street, with Bocek Park marking the southeastern edge.", "geographic_addresses": [ "E Federal St & N Milton Ave, Baltimore, MD", "E Federal St & Edison Hwy, Baltimore, MD", "E Preston St & N Lakewood Ave, Baltimore, MD", "E Hoffman St & N Lakewood Ave, Baltimore, MD", "E Oliver St & N Kenhill Ave, Baltimore, MD", "Milton Ave & E Biddle St, Baltimore, MD", "Kenwood Ave & E Biddle St, Baltimore, MD", "E Eager St & N Luzerne Ave, Baltimore, MD" ], "childcare_demand_quotes": [ ], "grocery_demand_quotes": [ "Percentage of Population Living in a Food Desert: Area 78% (compared with Baltimore 25%).", "\"Encourage healthy food retail, especially at stores near schools.\" (Goal 24-25 under Create Opportunities for Health and Wellness)", "\"The site of the former Super Pride grocery store is adjacent to the Dr. Rayner Browne school building … HCD should continue to work with the new owners to support its redevelopment.\"" ], "health_demand_quotes": [ ], "persona_label": "Stabilizing & Reinvesting", "persona_quotes": [ ] }, "geometry": { "type": "Polygon", "coordinates": [ [ [ -76.582903562385084, 39.301870595338706 ], [ -76.582903562385084, 39.309326130575251 ], [ -76.573047869174275, 39.309326130575251 ], [ -76.573047869174275, 39.301870595338706 ], [ -76.582903562385084, 39.301870595338706 ] ] ] } },
{ "type": "Feature", "properties": { "OBJECTID": "fpcr_inspire_plan_final_0", "pdf_path": "FPCR INSPIRE Plan_Final_0.pdf", "area_name": "Calvin M. Rodwell Elementary/Middle School & Forest Park High School INSPIRE Planning Area", "plan_year": "2018", "area_geographic_summary": "The INSPIRE planning area covers roughly a ¼-mile radius around Calvin M. Rodwell Elementary/Middle School (Liberty Heights Ave & Hillsdale Rd) and Forest Park High School (Chatham Rd & Eldorado Ave) in Northwest Baltimore. It sits primarily within the Howard Park and Dorchester neighborhoods, bounded generally by Liberty Heights Avenue to the south, Garrison Boulevard and Barrington Road to the east, Hillsdale Road and California Boulevard to the west, and stretches north toward W. Cold Spring Lane.", "geographic_addresses": [ "4604 Liberty Heights Avenue, Baltimore, MD", "4700 Norwood Avenue, Baltimore, MD", "3910 Barrington Road, Baltimore, MD", "4004 Boarman Avenue, Baltimore, MD", "4020 Belle Avenue, Baltimore, MD", "4101 W Cold Spring Lane, Baltimore, MD", "4000 Eldorado Avenue, Baltimore, MD", "3604 Hillsdale Road, Baltimore, MD", "Liberty Heights Ave & Hillsdale Rd, Baltimore, MD", "Liberty Heights Ave & Gwynn Oak Ave, Baltimore, MD", "Garrison Blvd & Barrington Rd, Baltimore, MD" ], "childcare_demand_quotes": [ ], "grocery_demand_quotes": [ "“Many students purchase snacks in the convenience stores in the Howard Park Business District before and after school. These stores have a low availability of healthy food.”", "The plan urges that “Residents and store owners should partner with the Health Department and the Baltimore Development Corporation to explore opportunities for these stores to become part of the Baltimarket Healthy Corner Store Program, which assists stores in stocking and marketing healthy food.”", "In the Director’s letter the Planning Department notes its role in “identifying opportunities to increase access to healthy food or to secure a site and funding resources for a community garden.”" ], "health_demand_quotes": [ ], "persona_label": "Stabilizing & Reinvesting", "persona_quotes": [ ] }, "geometry": { "type": "Polygon", "coordinates": [ [ [ -76.695715261947228, 39.329602331542283 ], [ -76.695715261947228, 39.334809044066297 ], [ -76.68259129705028, 39.334809044066297 ], [ -76.68259129705028, 39.329602331542283 ], [ -76.695715261947228, 39.329602331542283 ] ] ] } },
{ "type": "Feature", "properties": { "OBJECTID": "frederick_plan_final", "pdf_path": "Frederick Plan_FINAL.pdf", "area_name": "Frederick Elementary School INSPIRE Planning Area", "plan_year": "2017", "area_geographic_summary": "The plan covers the roughly ¼-mile radius around Frederick Elementary School (2501 Frederick Avenue) in southwest Baltimore.  It stretches from West Baltimore Street on the north to Wilkens Avenue on the south and from Millington Avenue on the west to South Franklintown Road on the east.  The area includes portions of the Mill Hill, Shipley Hill, Carrollton Ridge, Boyd Booth and Gwynns Falls neighborhoods and key landmarks such as the Westside Shopping Center and the Gwynns Falls Trail entrance at Frederick Avenue.", "geographic_addresses": [ "2501 Frederick Ave, Baltimore, MD", "Frederick Ave & S Franklintown Rd, Baltimore, MD", "Frederick Ave & Catherine St, Baltimore, MD", "Ashton St & Catherine St, Baltimore, MD", "Millington Ave & Lehman St, Baltimore, MD", "Wilkens Ave & Hurley Ave, Baltimore, MD", "Baltimore St & S Pulaski St, Baltimore, MD", "Dulany St & Helen St, Baltimore, MD" ], "childcare_demand_quotes": [ "Workshop participants noted that the Academy of Success at 200 S. Franklintown Road ‘has a vision to redevelop their site as a location for … early childhood learning.’" ], "grocery_demand_quotes": [ "Residents listed ‘Food Desert’ as a key weakness during the February 11 2015 INSPIRE workshop.", "Plan data show that ‘60 % of the population lives in a Food Desert,’ far higher than the citywide figure of 25 %." ], "health_demand_quotes": [ "The Bon Secours Community Health Needs Assessment found that ‘many findings… focus on… health and wellness,’ highlighting local concern about access to healthcare services." ], "persona_label": "Transforming & Rebuilding", "persona_quotes": [ ] }, "geometry": { "type": "Polygon", "coordinates": [ [ [ -76.662473472143716, 39.276784984058182 ], [ -76.662473472143716, 39.28801815923682 ], [ -76.650064148311529, 39.28801815923682 ], [ -76.650064148311529, 39.276784984058182 ], [ -76.662473472143716, 39.276784984058182 ] ] ] } },
{ "type": "Feature", "properties": { "OBJECTID": "gnccsnapapril2005", "pdf_path": "GNCCSNAPApril2005.pdf", "area_name": "Greater Northwest Community Coalition (GNCC)", "plan_year": "2005", "area_geographic_summary": "Northwest Baltimore cluster of ~20 neighborhoods with about 35,000 residents. GNCC is bounded by Northern Parkway on the northwest, Wabash Avenue on the northeast, Dukeland Street on the east, Gwynns Falls Parkway on the south, and the Baltimore County line on the west, with CSX railroad tracks, Hanlon Park, and Powder Mill Park providing additional natural edges. Liberty Heights Avenue (east–west) and Garrison Boulevard (north–south) are the primary corridors, and the area is served by the West Coldspring and Rogers Avenue Metro stations.", "geographic_addresses": [ "Northern Pkwy & Wabash Ave, Baltimore, MD", "Wabash Ave & Cold Spring Ln, Baltimore, MD", "Dukeland St & Gwynns Falls Pkwy, Baltimore, MD", "Liberty Heights Ave & Garrison Blvd, Baltimore, MD", "Liberty Heights Ave & Gwynn Oak Ave, Baltimore, MD", "Liberty Heights Ave & Hillsdale Rd, Baltimore, MD", "Garrison Blvd & Rogers Ave, Baltimore, MD" ], "childcare_demand_quotes": [ "“Develop and publish a directory of resource and educational activities within the GNCC, to include daycare and pre-schools…”" ], "grocery_demand_quotes": [ "“The most critical commercial issue is attracting a grocery store. Supermarkets were listed by over 60% of residents as the retail business most desired for the GNCC area.”", "“Despite decreases in buying power, there is unmet demand for a 35,000 square foot grocery store, with 31,000 square feet for food and 4,000 square feet for a pharmacy.”", "“Attract quality supermarket with pharmacy to intersection of Liberty Heights and Hillsdale.”" ], "health_demand_quotes": [ "“Despite decreases in buying power, there is unmet demand for a 35,000 square foot grocery store … including 4,000 square feet for a pharmacy.”", "“Attract quality supermarket with pharmacy to intersection of Liberty Heights and Hillsdale.”" ], "persona_label": "Stabilizing & Reinvesting", "persona_quotes": [ ] }, "geometry": { "type": "Polygon", "coordinates": [ [ [ -76.69685670952164, 39.31468966850769 ], [ -76.69685670952164, 39.345651664466494 ], [ -76.664448164712823, 39.345651664466494 ], [ -76.664448164712823, 39.31468966850769 ], [ -76.69685670952164, 39.31468966850769 ] ] ] } },
{ "type": "Feature", "properties": { "OBJECTID": "grama_plan_2014", "pdf_path": "GRAMA_PLAN_2014.pdf", "area_name": "Greater Rosemont and Mondawmin Area", "plan_year": null, "area_geographic_summary": "Neighborhood planning area located north-west of Downtown Baltimore.  It is bounded on the north by Gwynns Falls Parkway, Tioga Parkway and Liberty Heights Avenue, on the east by Fulton Avenue and Monroe Street, on the south by Franklin Street and Edmondson Avenue, and on the west by Denison Street and Hilton Parkway.  The area covers 17 neighborhoods including Mondawmin, Rosemont, Walbrook, Coppin Heights, Matthew Henson/Easterwood, Panway/Braddish Avenue, Bridgeview/Greenlawn, Winchester, Midtown-Edmondson and others, and contains major anchors such as Coppin State University, Baltimore City Community College, Mondawmin Mall and the West Baltimore MARC Station.", "geographic_addresses": [ "2401 Liberty Heights Ave, Baltimore, MD", "2700 W North Ave, Baltimore, MD", "2800 W North Ave, Baltimore, MD", "3100 W North Ave, Baltimore, MD", "Gwynns Falls Pkwy & Tioga Pkwy, Baltimore, MD", "Gwynns Falls Pkwy & Hilton Pkwy, Baltimore, MD", "Fulton Ave & Liberty Heights Ave, Baltimore, MD", "Franklin St & Monroe St, Baltimore, MD", "Edmondson Ave & Hilton Pkwy, Baltimore, MD", "North Ave & Poplar Grove St, Baltimore, MD" ], "childcare_demand_quotes": [ ], "grocery_demand_quotes": [ "However there continues to be a lack of shopping options in the southern section of the study area.", "The southern planning sector does not have a full service grocery store.", "Evaluate the feasibility of a supermarket in the southern planning sector as part of the city’s food desert retail strategy." ], "health_demand_quotes": [ ], "persona_label": "Stabilizing & Reinvesting", "persona_quotes": [ ] }, "geometry": { "type": "Polygon", "coordinates": [ [ [ -76.672673577756015, 39.293838636620883 ], [ -76.672673577756015, 39.318692907373787 ], [ -76.647245398092622, 39.318692907373787 ], [ -76.647245398092622, 39.293838636620883 ], [ -76.672673577756015, 39.293838636620883 ] ] ] } },
{ "type": "Feature", "properties": { "OBJECTID": "greater_roland_park_master_plan", "pdf_path": "Greater Roland Park Master Plan.pdf", "area_name": "Greater Roland Park", "plan_year": "2011", "area_geographic_summary": "The master-plan area lies in North Baltimore and covers the historic street-car suburbs of Roland Park, Evergreen, Wyndhurst (including Tuxedo & Embla Parks), Keswick, the Village of Cross Keys, Hoes Heights and Tuscany-Canterbury.  It is framed by the north-south corridors of Falls Road, Roland Avenue / West University Parkway and the Stony Run greenway, and by the east-west arterials Northern Parkway, Cold Spring Lane and Wyndhurst Avenue.  Landmarks include the Stony Run Park & Trail, Linkwood Playground, the Roland Water Tower, and the commercial nodes at the 5100 block of Roland Avenue, Wyndhurst Station and Cold Spring Lane. The plan area covers the historic residential and institutional neighborhoods collectively known as Greater Roland Park in North Baltimore. It extends primarily along the Roland Avenue corridor from Lake Avenue on the north down to 40th/41st Streets and West University Parkway on the south, and includes adjacent commercial nodes and gateways on Falls Road, Wyndhurst Avenue, Oakdale Road, West Cold Spring Lane, Overhill Road, and the linear Stony Run greenway.", "geographic_addresses": [ "Roland Ave & Cold Spring Lane, Baltimore, MD", "Roland Ave & Wyndhurst Ave, Baltimore, MD", "Falls Road & Cold Spring Lane, Baltimore, MD", "Falls Road & Northern Parkway, Baltimore, MD", "Wyndhurst Ave & Stony Run Trail, Baltimore, MD", "Roland Ave & W University Parkway, Baltimore, MD", "200 W Cold Spring Lane, Baltimore, MD", "5201 Roland Avenue, Baltimore, MD", "4301 Roland Avenue, Baltimore, MD", "700 W 40th Street, Baltimore, MD", "Lake Ave & Roland Ave, Baltimore, MD", "40th St & W University Pkwy, Baltimore, MD", "Falls Rd & Elmwood Terrace, Baltimore, MD", "West Cold Spring Ln & Roland Ave, Baltimore, MD", "Wyndhurst Ave & Roland Ave, Baltimore, MD", "Oakdale Rd & Roland Ave, Baltimore, MD", "Overhill Rd & Roland Ave, Baltimore, MD", "Lawndale Rd & St Johns Rd, Baltimore, MD" ], "childcare_demand_quotes": [ ], "grocery_demand_quotes": [ ], "health_demand_quotes": [ "\"Encourage wellness for residents through physical fitness activities and programs and healthcare services.\"", "\"Support programs that make wellness-providers services available in the home.\"", "\"Advocate for a program of volunteer-based services to assist seniors in addressing and using health care services.\"" ], "persona_label": "Established & Evolving", "persona_quotes": [ ] }, "geometry": { "type": "Polygon", "coordinates": [ [ [ -76.646218028220432, 39.33734863499992 ], [ -76.646218028220432, 39.369336450178793 ], [ -76.625558648549699, 39.369336450178793 ], [ -76.625558648549699, 39.33734863499992 ], [ -76.646218028220432, 39.33734863499992 ] ] ] } },
{ "type": "Feature", "properties": { "OBJECTID": "greenmountwestareamasterplan", "pdf_path": "GreenmountWestAreaMasterPlan.pdf", "area_name": "Greenmount West", "plan_year": "2010", "area_geographic_summary": "Greenmount West is a central-Baltimore neighborhood positioned just south of North Avenue, west of the historic Green Mount Cemetery along Greenmount Avenue, east of Calvert Street, and north of the Jones Falls Expressway. It sits next to the Charles North community and, together, they form much of the Station North Arts & Entertainment District. Key interior streets include Guilford Avenue, Barclay Street, Lanvale Street and Lafayette Avenue.", "geographic_addresses": [ "Calvert St & North Ave, Baltimore, MD", "Greenmount Ave & North Ave, Baltimore, MD", "Calvert St & Federal St, Baltimore, MD", "Greenmount Ave & Oliver St, Baltimore, MD", "Barclay St & Lafayette Ave, Baltimore, MD", "Barclay St & Lanvale St, Baltimore, MD", "1500 Greenmount Ave, Baltimore, MD", "1700 Greenmount Ave, Baltimore, MD", "1800 Calvert St, Baltimore, MD", "1601 Guilford Ave, Baltimore, MD", "1613 Guilford Ave, Baltimore, MD" ], "childcare_demand_quotes": [ ], "grocery_demand_quotes": [ ], "health_demand_quotes": [ ], "persona_label": "Stabilizing & Reinvesting", "persona_quotes": [ ] }, "geometry": { "type": "Polygon", "coordinates": [ [ [ -76.613913335191981, 39.306918303159527 ], [ -76.613913335191981, 39.311405219748337 ], [ -76.608717309594468, 39.311405219748337 ], [ -76.608717309594468, 39.306918303159527 ], [ -76.613913335191981, 39.306918303159527 ] ] ] } },
{ "type": "Feature", "properties": { "OBJECTID": "harfordcorrstudyfinaldraft", "pdf_path": "HarfordCorrStudyFinalDraft.pdf", "area_name": "Harford Road Corridor", "plan_year": null, "area_geographic_summary": "The plan area extends along Harford Road from Herring Run Park at Argonne Drive on the south to the Baltimore City–Baltimore County line near Parkville Shopping Center on the north.  It covers the Lauraville, Hamilton, and North Harford Road commercial districts and touches the neighborhoods of Arcadia, Beverly Hills, Christopher, Glenham-Belhar, Hamilton Hills, Lauraville, Moravia-Walther, North Harford Road, Westfield, Waltherson, and Woodring.", "geographic_addresses": [ "Argonne Dr & Harford Rd, Baltimore, MD", "Walther Ave & Harford Rd, Baltimore, MD", "Harford Rd & E Cold Spring Ln, Baltimore, MD", "Hamilton Ave & Harford Rd, Baltimore, MD", "Northern Pkwy & Harford Rd, Baltimore, MD", "Parkside Dr & Harford Rd, Baltimore, MD", "4401 Harford Road, Baltimore, MD", "4909 Harford Road, Baltimore, MD", "5532 Harford Road, Baltimore, MD", "7601 Harford Road, Baltimore, MD" ], "childcare_demand_quotes": [ "\"The following were mentioned by less than 1% of respondents: ... Day Care …\" (Appendix B, survey responses listing desired services)." ], "grocery_demand_quotes": [ "\"Natural Food/Organic Grocery 22%  •  Better Quality Grocery Store 14%\" – results to the question, “What retail/business services would you like to see MORE of in your community?”", "“According to the survey, nearly 20 % of residents do not frequent any of the retail on Harford Road… The largest retail draws are the new Safeway grocery in Lauraville and the Parkville Shopping Center….” (Section 3.4 Commercial Corridor).", "\"Based on the analysis of gaps and surpluses, it becomes clear that groceries … are already a strength for the Lauraville area\" – discussion of demand and existing grocery supply indicating community focus on grocery access." ], "health_demand_quotes": [ ], "persona_label": "Stabilizing & Reinvesting", "persona_quotes": [ ] }, "geometry": { "type": "Polygon", "coordinates": [ [ [ -76.575454481214024, 39.334954847272051 ], [ -76.575454481214024, 39.3633089397863 ], [ -76.551958833146799, 39.3633089397863 ], [ -76.551958833146799, 39.334954847272051 ], [ -76.575454481214024, 39.334954847272051 ] ] ] } },
{ "type": "Feature", "properties": { "OBJECTID": "historic_upton_neighborhood_2026_master_plan", "pdf_path": "Historic Upton Neighborhood 2026 Master Plan.pdf", "area_name": "Historic Upton Neighborhood", "plan_year": "2026", "area_geographic_summary": "The plan covers roughly 60 city blocks just north-west of downtown Baltimore. Its general boundaries are Bloom Street on the north, Madison Avenue on the east, Martin Luther King Jr. Boulevard on the south, and Fremont Avenue on the west. In greater detail, starting at Bloom St & Fremont Ave and moving clockwise the border follows Division St, Laurens St, McCulloh St, Lanvale St, Madison Ave, Preston St, McCulloh St, Martin Luther King Jr. Blvd, Druid Hill Ave, Preston St, Pennsylvania Ave, Hoffman St, Brune St, George St and back up Fremont Ave.", "geographic_addresses": [ "Bloom St & Fremont Ave, Baltimore, MD", "Bloom St & Division St, Baltimore, MD", "Bloom St & Madison Ave, Baltimore, MD", "Pennsylvania Ave & Laurens St, Baltimore, MD", "Preston St & Martin Luther King Jr Blvd, Baltimore, MD", "Druid Hill Ave & Martin Luther King Jr Blvd, Baltimore, MD", "Preston St & Fremont Ave, Baltimore, MD" ], "childcare_demand_quotes": [ "“Pre-K/early childhood education so kids come to school more ready to learn.”", "“Increase early learning education slots.”" ], "grocery_demand_quotes": [ "“Strengthen Healthy Food Access.”", "“Design a full-scale farmers market plan for Upton.”", "“Work to attract healthy food options and restaurants to the Upton community.”" ], "health_demand_quotes": [ "“Strengthen Health Care Supports in Upton.”", "“Partner with Total Health Care to provide more access in the community.”", "“Provide healthcare information in the community.”" ], "persona_label": "Transforming & Rebuilding", "persona_quotes": [ ] }, "geometry": { "type": "Polygon", "coordinates": [ [ [ -76.638472060038922, 39.29848506082709 ], [ -76.638472060038922, 39.309355215779163 ], [ -76.618442185753409, 39.309355215779163 ], [ -76.618442185753409, 39.29848506082709 ], [ -76.638472060038922, 39.29848506082709 ] ] ] } },
{ "type": "Feature", "properties": { "OBJECTID": "inner_harbor_final_report_11112013red", "pdf_path": "Inner Harbor_Final Report_11112013red.pdf", "area_name": "Inner Harbor 2.0 – Baltimore Inner Harbor Master Plan", "plan_year": "2013", "area_geographic_summary": "The plan covers Baltimore’s Inner Harbor waterfront, a 1.5-mile stretch roughly bounded to the north by Pratt Street (from Light Street eastward past President Street), to the south by Key Highway and Rash Field/Federal Hill, and extending west–east from Conway Street and West Shore Park to Piers 5 & 6 and the Harbor East edge. Key landmarks and nodes include Harborplace, McKeldin Plaza, the Maryland Science Center, West Shore Park, Rash Field, Area 10, Piers 3–6, and the proposed Inner Harbor Bridge Connector linking the south and north shores of the basin.", "geographic_addresses": [ "601 Light St, Baltimore, MD", "301 Light St, Baltimore, MD", "Light St & Pratt St, Baltimore, MD", "Conway St & Light St, Baltimore, MD", "501 E Pratt St, Baltimore, MD", "Pratt St & President St, Baltimore, MD", "201 Key Hwy, Baltimore, MD", "731 Eastern Ave, Baltimore, MD" ], "childcare_demand_quotes": [ ], "grocery_demand_quotes": [ ], "health_demand_quotes": [ ], "persona_label": "Established & Evolving", "persona_quotes": [ ] }, "geometry": { "type": "Polygon", "coordinates": [ [ [ -76.613547548937404, 39.280426543802299 ], [ -76.613547548937404, 39.286949927586598 ], [ -76.60419560810746, 39.286949927586598 ], [ -76.60419560810746, 39.280426543802299 ], [ -76.613547548937404, 39.280426543802299 ] ] ] } },
{ "type": "Feature", "properties": { "OBJECTID": "inspire_arlington_final_plan_october2018", "pdf_path": "INSPIRE ARLINGTON FINAL PLAN_October2018.pdf", "area_name": "Arlington Elementary School INSPIRE Planning Area", "plan_year": "2018", "area_geographic_summary": "Quarter-mile area surrounding the modernized Arlington Elementary School in the Arlington neighborhood of Northwest Baltimore’s greater Park Heights district. The school site sits between West Rogers Avenue (north), Beaufort and Cuthbert Avenues (south), Narcissus Avenue (east) and Denmore Avenue (west). The planning area touches the adjacent Pimlico Good Neighbors neighborhood and key corridors such as Park Heights Avenue, Belvedere Avenue and Northern Parkway, and lies within walking distance of the Rogers Avenue Metro Station, the Jewish Community Center, C.C. Jackson Recreation Center and Sinai Hospital.", "geographic_addresses": [ "5314 Denmore Avenue, Baltimore, MD", "3604 Hayward Avenue, Baltimore, MD", "3800 West Rogers Avenue, Baltimore, MD", "5301 Cuthbert Avenue, Baltimore, MD", "5328 Beaufort Avenue, Baltimore, MD", "Park Heights Avenue & West Belvedere Avenue, Baltimore, MD", "Park Heights Avenue & Northern Parkway, Baltimore, MD", "West Rogers Avenue & Denmore Avenue, Baltimore, MD", "Park Heights Avenue & West Garrison Avenue, Baltimore, MD", "Rogers Avenue & Narcissus Avenue, Baltimore, MD" ], "childcare_demand_quotes": [ "“A brand new addition and separate entrance, drop off and parking lot, dedicated to the expanded Early Childhood Development Center with a Judy Center and Headstart program.”", "“After the renovations the school will house early childhood to grade 5 students,” highlighting the creation of an Early Childhood Development Center for neighborhood families." ], "grocery_demand_quotes": [ "“Open an affordable grocery store or supermarket that is conveniently located to serve the Arlington Elementary School area and Central Park Heights.”", "“Many residents are not able to meet their needs for goods and services within the neighborhood, either because of the types and quality of businesses available or because they feel unsafe near the establishments.”", "“Continue to develop and implement a comprehensive food access strategy… to improve the Park Heights food environment and increase access to healthy food.”" ], "health_demand_quotes": [ "“Sinai should continue to facilitate healthy cooking workshops… and also should consider offering their other programs for Chronic Disease Prevention and Chronic Disease Self-Management directly at Arlington Elementary School.”" ], "persona_label": "Stabilizing & Reinvesting", "persona_quotes": [ ] }, "geometry": { "type": "Polygon", "coordinates": [ [ [ -76.686023351124504, 39.347521541336455 ], [ -76.686023351124504, 39.351441380265861 ], [ -76.673542948753365, 39.351441380265861 ], [ -76.673542948753365, 39.347521541336455 ], [ -76.686023351124504, 39.347521541336455 ] ] ] } },
{ "type": "Feature", "properties": { "OBJECTID": "inspire_patterson_final_edits_to_post_on_web_3_15_18", "pdf_path": "INSPIRE_Patterson_FINAL EDITS to post on web_3.15.18.pdf", "area_name": "Patterson High School and Claremont Middle/High School INSPIRE Planning Area", "plan_year": "2018", "area_geographic_summary": "Half-mile focus area in Southeast Baltimore centred on Patterson High School at 100 Kane Street.  The planning area straddles the Bayview and Eastwood neighborhoods near the city’s eastern border with Baltimore County, bounded generally by Eastern Avenue to the south, industrial properties and rail tracks to the north and east, and Joseph Lee Park / Johns Hopkins Bayview Medical Center to the west.  Key corridors include Kane Street, Eastern Avenue, Lombard Street and North Point Boulevard.", "geographic_addresses": [ "100 Kane St, Baltimore, MD", "201 Kane St, Baltimore, MD", "5301 Erdman Ave, Baltimore, MD", "Eastern Ave & Kane St, Baltimore, MD", "Kane St & Pratt St, Baltimore, MD", "Kane St & Lombard St, Baltimore, MD", "Kane St & North Point Blvd, Baltimore, MD", "Eastern Ave & Elrino St, Baltimore, MD", "Quinton St & Eastbrook Ave, Baltimore, MD" ], "childcare_demand_quotes": [ ], "grocery_demand_quotes": [ "“There is no safe way to cross Kane Street between Lombard and Eastern, which makes it dangerous for residents and students to get to the primary shopping area in the neighborhood.”", "The proposed community learning garden “would grow healthy, sustainable food for the Bayview community … while providing learning, service, and leadership opportunities for students.”" ], "health_demand_quotes": [ ], "persona_label": "Stabilizing & Reinvesting", "persona_quotes": [ ] }, "geometry": { "type": "Polygon", "coordinates": [ [ [ -76.542832114055187, 39.287515454593816 ], [ -76.542832114055187, 39.296896396808798 ], [ -76.529893724494556, 39.296896396808798 ], [ -76.529893724494556, 39.287515454593816 ], [ -76.542832114055187, 39.287515454593816 ] ] ] } },
{ "type": "Feature", "properties": { "OBJECTID": "irvingtontapreport101316", "pdf_path": "IrvingtonTAPReport101316.pdf", "area_name": "Irvington / Frederick Avenue Corridor TAP Study Area", "plan_year": "2016", "area_geographic_summary": "The plan focuses on the 1.3-mile stretch of Frederick Avenue from Caton Avenue to South Rock Glen Road in Southwest Baltimore and the residential blocks on either side. It encompasses the neighborhoods of Irvington and portions of Beechfield, Ten Hills, Tremont, Yale Heights, and Saint Josephs, as well as key landmarks such as Loudon Park Cemetery, St. Joseph’s Monastery, Mount St. Joseph High School, Maidens Choice Run and Slentz Fields.", "geographic_addresses": [ "Frederick Ave & Caton Ave, Baltimore, MD", "Frederick Ave & S Rock Glen Rd, Baltimore, MD", "Frederick Ave & Beechfield Ave, Baltimore, MD", "Woodington Rd & Frederick Ave, Baltimore, MD", "Collins Ave & Frederick Ave, Baltimore, MD", "Augusta Ave & Frederick Ave, Baltimore, MD", "Augusta Ave & Old Frederick Rd, Baltimore, MD", "Massachusetts Ave & Woodington Rd, Baltimore, MD", "Massachusetts Ave & Monastery Ave, Baltimore, MD", "Beechfield Ave & Stafford St, Baltimore, MD" ], "childcare_demand_quotes": [ ], "grocery_demand_quotes": [ "“Many residents are eager to start community gardens… which would provide not just a source of fresh produce, but also an opportunity to build community.”", "The Collins Discount parking lot \"makes a great location for… a small farmers market,\" drawing residents for fresh food options.", "“The Irvington retail district does a poor job of serving the needs of local residents,” highlighting a gap in everyday goods such as fresh food." ], "health_demand_quotes": [ ], "persona_label": "Stabilizing & Reinvesting", "persona_quotes": [ ] }, "geometry": { "type": "Polygon", "coordinates": [ [ [ -76.698049705800571, 39.27991939675065 ], [ -76.698049705800571, 39.286155323165573 ], [ -76.681070819814224, 39.286155323165573 ], [ -76.681070819814224, 39.27991939675065 ], [ -76.698049705800571, 39.27991939675065 ] ] ] } },
{ "type": "Feature", "properties": { "OBJECTID": "johneagerhowardinspireplan", "pdf_path": "JohnEagerHowardINSPIREPlan.pdf", "area_name": "John Eager Howard Elementary School Planning Area", "plan_year": "2017", "area_geographic_summary": "Quarter-mile radius surrounding the modernized John Eager Howard Elementary School in west-central Baltimore, encompassing portions of the Reservoir Hill and Penn North neighborhoods between West North Avenue on the south, Druid Park Lake Drive on the north, and key corridors such as Linden Avenue, Brookfield Avenue, Lennox Street, Whitelock Street, Woodbrook Avenue and Francis Street. Landmarks noted include Druid Hill Park, the Madison Park North redevelopment site, Mount Royal Mansion (2001 Park Ave) and the former Westside Elementary building (2235 N Fulton Ave).", "geographic_addresses": [ "Linden Ave & Lennox St, Baltimore, MD", "Brookfield Ave & Reservoir St, Baltimore, MD", "Whitelock St & Eutaw Pl, Baltimore, MD", "Whitelock St & Madison Ave, Baltimore, MD", "Whitelock St & McCulloh St, Baltimore, MD", "Whitelock St & Druid Hill Ave, Baltimore, MD", "Druid Park Lake Dr & Madison Ave, Baltimore, MD", "Druid Park Lake Dr & Fulton Ave, Baltimore, MD", "2001 Park Ave, Baltimore, MD", "2235 N Fulton Ave, Baltimore, MD", "1404 Whitelock St, Baltimore, MD", "2300 Druid Hill Ave, Baltimore, MD" ], "childcare_demand_quotes": [ ], "grocery_demand_quotes": [ "\"Demolition on the Madison Park North site has begun making way for a mixed-use project including … retail, supermarket…\"", "\"Encourage healthy food retail, especially at stores near the school. Expand the linkages between John Eager Howard and corner stores to increase the demand for healthy food and snacks.\"", "Student wish list: \"If you could add one thing to your neighborhood, what would it be? Big grocery store.\"" ], "health_demand_quotes": [ "\"Demolition on the Madison Park North site has begun making way for a mixed-use project including … a health care facility.\"" ], "persona_label": "Stabilizing & Reinvesting", "persona_quotes": [ ] }, "geometry": { "type": "Polygon", "coordinates": [ [ [ -76.644758487420503, 39.310724818758118 ], [ -76.644758487420503, 39.315838280236242 ], [ -76.632693156894632, 39.315838280236242 ], [ -76.632693156894632, 39.310724818758118 ], [ -76.644758487420503, 39.310724818758118 ] ] ] } },
{ "type": "Feature", "properties": { "OBJECTID": "johnston_square_vision_plan_final2", "pdf_path": "Johnston_Square_Vision_Plan_Final2.pdf", "area_name": "Johnston Square", "plan_year": "2020", "area_geographic_summary": "Johnston Square is a centrally-located East Baltimore neighborhood bounded generally by the Jones Falls Expressway (I-83) and Fallsway to the west, the Amtrak rail right-of-way and Greenmount Cemetery to the north, Eager Street and the Baltimore City Detention Center/Latrobe Homes to the south, and Harford Avenue/Madison Square Park area to the east. It sits between the Mid-Town Belvedere, Greenmount West and Oliver neighborhoods and lies within a short walk of Penn Station and Johns Hopkins Hospital.", "geographic_addresses": [ "439 E Preston St, Baltimore, MD", "400 E Eager St, Baltimore, MD", "1030 Greenmount Ave, Baltimore, MD", "508 E Preston St, Baltimore, MD", "700 E Chase St, Baltimore, MD", "1234 Greenmount Ave, Baltimore, MD", "1320 Greenmount Ave, Baltimore, MD", "Biddle St & The Fallsway, Baltimore, MD", "Greenmount Ave & Hoffman St, Baltimore, MD", "Greenmount Ave & Chase St, Baltimore, MD", "Harford Ave & Eager St, Baltimore, MD", "Harford Ave & Biddle St, Baltimore, MD" ], "childcare_demand_quotes": [ ], "grocery_demand_quotes": [ "Retail along Greenmount Avenue \"lacks diversity and is limited to take-out establishments, liquor stores and mini-markets,\" signaling the community’s desire for fuller fresh-food options.", "The proposed hard-scape promenade between Biddle and Chase Streets is intended to host \"farmers markets,\" showing interest in bringing fresh produce into the neighborhood." ], "health_demand_quotes": [ "The planned mixed-use building at 1100 Greenmount Avenue is expected to include space for \"a variety of retail uses, such as a pharmacy,\" indicating a need for local health services.", "Development guidance encourages attracting \"athletic and fitness related business, such as community fitness center, physical therapy and orthopedic services,\" demonstrating demand for additional healthcare and wellness amenities." ], "persona_label": "Transforming & Rebuilding", "persona_quotes": [ ] }, "geometry": { "type": "Polygon", "coordinates": [ [ [ -76.611757342057189, 39.301423169347238 ], [ -76.611757342057189, 39.305864656020802 ], [ -76.603540227098136, 39.305864656020802 ], [ -76.603540227098136, 39.301423169347238 ], [ -76.611757342057189, 39.301423169347238 ] ] ] } },
{ "type": "Feature", "properties": { "OBJECTID": "jonestown_vision_plan_final", "pdf_path": "Jonestown Vision Plan FINAL.pdf", "area_name": "Jonestown Neighborhood, Baltimore", "plan_year": "2015", "area_geographic_summary": "The vision plan covers Baltimore’s historic Jonestown neighborhood, concentrating on the blocks framed by President Street on the west, East Fayette Street on the north, Central Avenue on the east, and East Pratt Street on the south. Key landmarks inside these boundaries include the Jewish Museum of Maryland and Lloyd Street Synagogue on Lloyd Street, the Reginald F. Lewis Museum and Star-Spangled Banner Flag House on Pratt Street, the Phoenix Shot Tower at Fayette Street, McKim Park, and the Hendler Creamery and Ronald McDonald House redevelopment sites along East Baltimore Street.", "geographic_addresses": [ "President St & East Fayette St, Baltimore, MD", "President St & East Baltimore St, Baltimore, MD", "President St & East Pratt St, Baltimore, MD", "Central Ave & East Lombard St, Baltimore, MD", "Central Ave & East Pratt St, Baltimore, MD", "East Baltimore St & Lloyd St, Baltimore, MD", "East Lombard St & Lloyd St, Baltimore, MD", "Fallsway & Gay St, Baltimore, MD" ], "childcare_demand_quotes": [ ], "grocery_demand_quotes": [ "\"Another concept might incorporate a food coop that would serve as a specialty grocer offering ethnic, healthy, organic, and locally sourced food items.\"", "\"Jonestown should also consider looking at groups funding solutions to ‘food deserts’ in communities for funding.\"" ], "health_demand_quotes": [ ], "persona_label": "Stabilizing & Reinvesting", "persona_quotes": [ ] }, "geometry": { "type": "Polygon", "coordinates": [ [ [ -76.606662988945217, 39.286949927586598 ], [ -76.606662988945217, 39.290844117892348 ], [ -76.599443152825998, 39.290844117892348 ], [ -76.599443152825998, 39.286949927586598 ], [ -76.606662988945217, 39.286949927586598 ] ] ] } },
{ "type": "Feature", "properties": { "OBJECTID": "libertyheightscorridorassessment", "pdf_path": "LibertyHeightsCorridorAssessment.pdf", "area_name": "Liberty Heights Corridor (Greater Northwest Baltimore)", "plan_year": "2015", "area_geographic_summary": "Covers the Liberty Heights Avenue and Garrison Boulevard commercial corridors and the surrounding Greater Northwest neighborhoods of Howard Park, West Arlington, Forest Park/Walbrook, Dorchester/Ashburton and adjacent sections of Hanlon-Longwood.  Key geographic reference points include Liberty Heights Avenue from Hillsdale Road west to Gwynn Oak Avenue, the intersection of Liberty Heights Avenue & Garrison Boulevard, Garrison Boulevard south to Duvall and Edgewood Streets, and the West Coldspring/Dolfield business cluster near the Metro station.", "geographic_addresses": [ "Liberty Heights Ave & Garrison Blvd, Baltimore, MD", "Liberty Heights Ave & Gwynn Oak Ave, Baltimore, MD", "Liberty Heights Ave & Hillsdale Rd, Baltimore, MD", "Garrison Blvd & Duvall Ave, Baltimore, MD", "Garrison Blvd & Edgewood St, Baltimore, MD", "West Coldspring Lane & Dolfield Ave, Baltimore, MD", "Wabash Ave & Liberty Heights Ave, Baltimore, MD", "4025 Ridgewood Ave, Baltimore, MD", "3801 Liberty Heights Ave, Baltimore, MD" ], "childcare_demand_quotes": [ ], "grocery_demand_quotes": [ "\"The opening of the new ShopRite transformed the retail node and the larger community from a food desert, while providing support for an existing cluster of businesses along Liberty Heights Avenue.\"", "\"Until recently, many parts of the corridor were food deserts… The opening of the Howard Park ShopRite changed that dynamic, but many corridor shoppers continue to do their grocery shopping outside the corridor, seeking sales and lower prices.\"", "Shopper survey responses noted the area was rated highly, \"generally attributed to the new ShopRite, which filled a critical need.\"" ], "health_demand_quotes": [ "\"Medical services are somewhat limited in the immediate study area.\"", "\"The extent of the community’s residential base… would support additional health care facilities.  A primary care clinic or physicians group would meet a key community need.\"", "\"Development of modern medical office space could help these services to expand and better serve the public.\"" ], "persona_label": "Stabilizing & Reinvesting", "persona_quotes": [ ] }, "geometry": { "type": "Polygon", "coordinates": [ [ [ -76.695715261947228, 39.320231768137546 ], [ -76.695715261947228, 39.336151322040799 ], [ -76.666558811751429, 39.336151322040799 ], [ -76.666558811751429, 39.320231768137546 ], [ -76.695715261947228, 39.320231768137546 ] ] ] } },
{ "type": "Feature", "properties": { "OBJECTID": "locust_point_plan", "pdf_path": "locust point plan.pdf", "area_name": "Locust Point", "plan_year": "2004", "area_geographic_summary": "The plan covers the Locust Point peninsula in South Baltimore, including the \"Inner Loop\" of row-house blocks encircled by the CSX railroad tracks, the broader Locust Point neighborhood west to Latrobe Park, and the full peninsula that extends east and south to the working waterfront and Fort McHenry. Key corridors and gateways discussed include Fort Avenue, Lawrence Street, Hull Street, Haubert Street, Andre Street, Nicholson Street, the planned Key Highway Extension, and the industrial waterfront parcels at North and South Locust Point.", "geographic_addresses": [ "Fort Ave & Lawrence St, Baltimore, MD", "Key Hwy & Lawrence St, Baltimore, MD", "Hull St & Haubert St, Baltimore, MD", "Nicholson St & Key Hwy, Baltimore, MD", "Andre St & Fort Ave, Baltimore, MD" ], "childcare_demand_quotes": [ ], "grocery_demand_quotes": [ ], "health_demand_quotes": [ ], "persona_label": "Established & Evolving", "persona_quotes": [ ] }, "geometry": { "type": "Polygon", "coordinates": [ [ [ -76.601461096015484, 39.2680528849681 ], [ -76.601461096015484, 39.274198454466763 ], [ -76.590976005695296, 39.274198454466763 ], [ -76.590976005695296, 39.2680528849681 ], [ -76.601461096015484, 39.2680528849681 ] ] ] } },
{ "type": "Feature", "properties": { "OBJECTID": "lyndhurst_plan_final_reduced_size", "pdf_path": "Lyndhurst Plan_Final Reduced Size.pdf", "area_name": "Lyndhurst Elementary/Middle School INSPIRE Planning Area", "plan_year": "2017", "area_geographic_summary": "Quarter-mile radius surrounding Lyndhurst Elementary/Middle School at 621 Wildwood Parkway in West Baltimore. The plan area sits within the broader Edmondson Village community and touches the Lyndhurst, Edmondson Village, Edgewood, Rognel Heights, and Allendale neighborhoods.  It lies just south of Gwynns Falls/Leakin Park, extends along Edmondson Avenue, and is framed by streets such as Loudon Avenue, Lyndhurst Street, Allendale Street, Hilton Street and Gelston Drive.", "geographic_addresses": [ "621 Wildwood Parkway, Baltimore, MD", "Edmondson Ave & Wildwood Pkwy, Baltimore, MD", "Edmondson Ave & Loudon Ave, Baltimore, MD", "Edmondson Ave & Lyndhurst St, Baltimore, MD", "Edmondson Ave & Hilton St, Baltimore, MD", "Edmondson Ave & Allendale St, Baltimore, MD", "Gelston Dr & Edgewood St, Baltimore, MD", "Gelston Dr & Stokes Dr, Baltimore, MD", "4508 Edmondson Avenue, Baltimore, MD", "Woodridge Rd & Woodington Rd, Baltimore, MD" ], "childcare_demand_quotes": [ "\"Loss of Head Start\" was listed as a neighborhood weakness during community workshops, indicating a gap in early-childhood services." ], "grocery_demand_quotes": [ "\"The blocks closest to Lyndhurst are in a food desert.\"", "\"Few stores offer healthy food.\"", "Residents and store owners should \"explore opportunities for these stores to become part of the Baltimarket Healthy Corner Store Program, which assists stores in stocking and marketing healthy food.\"" ], "health_demand_quotes": [ ], "persona_label": "Stabilizing & Reinvesting", "persona_quotes": [ ] }, "geometry": { "type": "Polygon", "coordinates": [ [ [ -76.692598582814654, 39.293528814440059 ], [ -76.692598582814654, 39.296981012121357 ], [ -76.672758151159002, 39.296981012121357 ], [ -76.672758151159002, 39.293528814440059 ], [ -76.692598582814654, 39.293528814440059 ] ] ] } },
{ "type": "Feature", "properties": { "OBJECTID": "market_center_strategic_revitalization_plan_2024", "pdf_path": "Market Center Strategic Revitalization Plan 2024.pdf", "area_name": "Market Center", "plan_year": "2023", "area_geographic_summary": "The plan covers roughly 27 blocks immediately west of Downtown Baltimore.  Its stated boundaries are Greene Street on the west, Cathedral / N. Liberty Streets on the east, West Baltimore Street on the south and West Madison Street on the north.  Landmark corridors and sites within these limits include Lexington Market, the Howard & Lexington retail core, the Bromo Arts District, the Metro Subway / Light-Rail hub at Lexington Market, and parts of the historic Cathedral Hill and Mount Vernon districts.", "geographic_addresses": [ "Greene St & W Baltimore St, Baltimore, MD", "Greene St & W Madison St, Baltimore, MD", "Cathedral St & W Baltimore St, Baltimore, MD", "Cathedral St & W Madison St, Baltimore, MD", "Howard St & W Lexington St, Baltimore, MD", "200 W Lexington St, Baltimore, MD", "301 W Saratoga St, Baltimore, MD", "400 N Howard St, Baltimore, MD", "112 N Eutaw St, Baltimore, MD", "425 N Eutaw St, Baltimore, MD" ], "childcare_demand_quotes": [ ], "grocery_demand_quotes": [ "“The neighborhood does not have grocery options. The only options are Potung Market, Streets Market, and a single stall in Lexington Market — all more expensive options.”", "“There is no full-service grocery store in Market Center, and while some Lexington Market merchants carry produce, meat, poultry, and fish, both the selection and hours are limited.”", "Strategy Q3.2 calls to “Attract a grocery store to Market Center to supplement and complement existing options.”" ], "health_demand_quotes": [ "“People need to have access to a wide range of effective, culturally competent care, including prevention, inpatient and outpatient treatment, and stabilization.”", "Action Q2.1.1 proposes a “permanent community resource center offering wellness, referrals for substance abuse treatment, and behavioral therapy.”", "Recognizing drug use as a public-health issue, the City launched the LEAD program in Market Center, “diverting low-level drug offenders to treatment and support services, rather than into the legal system.”" ], "persona_label": "Transforming & Rebuilding", "persona_quotes": [ ] }, "geometry": { "type": "Polygon", "coordinates": [ [ [ -76.623674396715884, 39.289200217132077 ], [ -76.623674396715884, 39.298543231235115 ], [ -76.617038370841755, 39.298543231235115 ], [ -76.617038370841755, 39.289200217132077 ], [ -76.623674396715884, 39.289200217132077 ] ] ] } },
{ "type": "Feature", "properties": { "OBJECTID": "mary_rodman_elementary_school", "pdf_path": "mary_rodman_elementary_school.pdf", "area_name": "Mary E. Rodman Elementary School INSPIRE Area (Allendale Neighborhood)", "plan_year": "2019", "area_geographic_summary": "The plan focuses on the blocks surrounding Mary E. Rodman Elementary School and Recreation Center in Baltimore’s Allendale neighborhood. Key corridors and landmarks mentioned include W. Mulberry Street, W. Franklin Street, Edmondson Avenue, Edgewood Street, Allendale Street, Denison Street, Glen Avenue, Hilton Parkway, and areas near Gwynns Falls Parkway. The area also references nearby shopping at Edmondson Village Shopping Center and several residential blocks such as the 400 block of Normandy Avenue.", "geographic_addresses": [ "West Saratoga St & Edgewood St, Baltimore, MD", "West Mulberry St & Allendale St, Baltimore, MD", "Denison St & West Mulberry St, Baltimore, MD", "Denison St & Glen Ave, Baltimore, MD", "Gwynns Falls Pkwy & West Franklin St, Baltimore, MD", "Monastery Ave & Gwynn Ave, Baltimore, MD", "Loudon Ave & West Franklin St, Baltimore, MD", "400 Normandy Ave, Baltimore, MD", "Edmondson Ave & Edgewood St, Baltimore, MD", "S Hilton St & Hilton Pkwy, Baltimore, MD" ], "childcare_demand_quotes": [ ], "grocery_demand_quotes": [ ], "health_demand_quotes": [ ], "persona_label": "Stabilizing & Reinvesting", "persona_quotes": [ ] }, "geometry": { "type": "Polygon", "coordinates": [ [ [ -76.682540251259951, 39.290331648332248 ], [ -76.682540251259951, 39.294657189840471 ], [ -76.672603421226427, 39.294657189840471 ], [ -76.672603421226427, 39.290331648332248 ], [ -76.682540251259951, 39.290331648332248 ] ] ] } },
{ "type": "Feature", "properties": { "OBJECTID": "middle_branch_master_plan", "pdf_path": "Middle Branch Master Plan.pdf", "area_name": "Middle Branch Master Plan", "plan_year": "2007", "area_geographic_summary": "Covers the Middle Branch of the Patapsco River—roughly one mile south of Baltimore’s Inner Harbor— including both shorelines and adjacent neighborhoods such as Westport, Cherry Hill, Brooklyn/Curtis Bay, Port Covington, the Waterview Industrial Area and the stadium district.  Boundaries are framed by I-95/I-395 to the north, Hanover/Potee Street bridges and the Patapsco River to the east and south, and Annapolis Road/MD-295 to the west, encompassing waterfront parks, industrial brownfields, light-rail stations and Harbor Hospital.", "geographic_addresses": [ "2401 Nevada St, Baltimore, MD", "2425 Annapolis Rd, Baltimore, MD", "2427 Annapolis Rd, Baltimore, MD", "2501 Waterview Ave, Baltimore, MD", "2219 Annapolis Rd, Baltimore, MD", "827 Cherry Hill Rd, Baltimore, MD", "806 Cherry Hill Rd, Baltimore, MD", "2701 Woodview Rd, Baltimore, MD", "3217 Round Rd, Baltimore, MD", "Hanover St & Waterview Ave, Baltimore, MD" ], "childcare_demand_quotes": [ ], "grocery_demand_quotes": [ ], "health_demand_quotes": [ ], "persona_label": "Transforming & Rebuilding", "persona_quotes": [ ] }, "geometry": { "type": "Polygon", "coordinates": [ [ [ -76.641765852202113, 39.245726512393894 ], [ -76.641765852202113, 39.263758668333217 ], [ -76.616877511430914, 39.263758668333217 ], [ -76.616877511430914, 39.245726512393894 ], [ -76.641765852202113, 39.245726512393894 ] ] ] } },
{ "type": "Feature", "properties": { "OBJECTID": "monument_mcelderry_fayette_area_plan", "pdf_path": "Monument-McElderry-Fayette Area Plan.pdf", "area_name": "Monument-McElderry-Fayette (MMF) Area", "plan_year": "2006", "area_geographic_summary": "Roughly a 40–block section of East Baltimore bounded on the west by N. Washington Street, on the north by E. Monument Street, on the east by N. Linwood Avenue, and on the south by E. Fayette Street.  The rectangle straddles parts of the McElderry Park, Middle East and Patterson Park neighborhoods immediately east of the Johns Hopkins Medical Campus and north of Patterson Park.", "geographic_addresses": [ "N Washington St & E Monument St, Baltimore, MD", "N Linwood Ave & E Monument St, Baltimore, MD", "N Linwood Ave & E Fayette St, Baltimore, MD", "N Washington St & E Fayette St, Baltimore, MD", "N Chester St & E Monument St, Baltimore, MD", "N Milton Ave & E Monument St, Baltimore, MD", "N Washington St & E Jefferson St, Baltimore, MD", "N Washington St & McElderry St, Baltimore, MD" ], "childcare_demand_quotes": [ "\"Child care may be a barrier to employment for many women with small children, particularly in work that can require evening and night shifts.\"", "\"The day care services offered by Hopkins are too expensive for these workers.\"", "\"Single parents do not have access to subsidized daycare in order to allow them to participate in and complete needed training or job-readiness programs.\"" ], "grocery_demand_quotes": [ "\"A pharmacy and a supermarket are the top priorities.\"", "\"Approach the city and city markets management about expanding and improving the Northeast Market, with particular attention to improving the quality and cost of its food offerings.\"", "\"The area lacks a supermarket and pharmacy in its retail mix.\"" ], "health_demand_quotes": [ "\"Recruit a large, full-service pharmacy to Monument Street.\"", "\"What Residents Want – Programs that address some of the critical health issues that are especially prevalent in the neighborhood.\"", "\"Help for neighborhood residents who are battling drug addiction.\"" ], "persona_label": "Stabilizing & Reinvesting", "persona_quotes": [ ] }, "geometry": { "type": "Polygon", "coordinates": [ [ [ -76.589580418816567, 39.294121609671997 ], [ -76.589580418816567, 39.299070788220995 ], [ -76.576347237721265, 39.299070788220995 ], [ -76.576347237721265, 39.294121609671997 ], [ -76.589580418816567, 39.294121609671997 ] ] ] } },
{ "type": "Feature", "properties": { "OBJECTID": "mt_vernon_master_plan_11_26_13_12_3_13", "pdf_path": "Mt Vernon Master Plan 11-26-13 (12-3-13).pdf", "area_name": "Mount Vernon Master Plan Area", "plan_year": "2013", "area_geographic_summary": "Historic Mount Vernon / Midtown-Belvedere in central Baltimore, bounded roughly by Franklin Street on the south, Howard Street/light-rail corridor on the west, the Jones Falls Expressway (I-83) on the north and east, and Mount Royal Avenue near Penn Station on the far north. Key corridors include Charles, Cathedral/Maryland, St. Paul/Calvert streets and cross-streets such as Centre, Madison, Chase, Read and Eager streets, radiating out from Mount Vernon Place and the Washington Monument.", "geographic_addresses": [ "Franklin St & Calvert St, Baltimore, MD", "Howard St & Centre St, Baltimore, MD", "Mount Royal Ave & Charles St, Baltimore, MD", "Chase St & Guilford Ave, Baltimore, MD", "I-83 & Preston St, Baltimore, MD", "Charles St & Read St, Baltimore, MD", "Cathedral St & Eager St, Baltimore, MD" ], "childcare_demand_quotes": [ ], "grocery_demand_quotes": [ "\"Attract anchor stores (e.g. Trader Joe’s)\" was listed among opportunities to improve the neighborhood’s retail mix.", "The plan notes a desire for \"more retail services/better distribution throughout neighborhood,\" specifically calling for new development parcels to \"encourage the clustering of similar and complementary business\" such as food stores." ], "health_demand_quotes": [ ], "persona_label": "Established & Evolving", "persona_quotes": [ ] }, "geometry": { "type": "Polygon", "coordinates": [ [ [ -76.619879573872268, 39.295203042819743 ], [ -76.619879573872268, 39.305540653553571 ], [ -76.611407816694737, 39.305540653553571 ], [ -76.611407816694737, 39.295203042819743 ], [ -76.619879573872268, 39.295203042819743 ] ] ] } },
{ "type": "Feature", "properties": { "OBJECTID": "northwest_comm_forum", "pdf_path": "Northwest Comm. Forum.pdf", "area_name": "Northwest Community Planning Forum – Glen, Fallstaff, Cross Country, Cheswolde & Mt. Washington", "plan_year": "2012", "area_geographic_summary": "The plan covers Baltimore’s north-west cluster of five neighborhoods—Glen, Fallstaff, Cross Country, Cheswolde, and Mt. Washington—plus Seton Business Park.  It is bounded by Northern Parkway on the south, the Jones Falls Expressway (I-83) on the east, and the Baltimore County line on the north and west.  Major corridors that run through or define the area include Park Heights Avenue, Reisterstown Road, Greenspring Avenue, and Cross Country Boulevard.", "geographic_addresses": [ "Park Heights Ave & Northern Pkwy, Baltimore, MD", "Reisterstown Rd & Patterson Ave, Baltimore, MD", "Greenspring Ave & Cross Country Blvd, Baltimore, MD", "Cross Country Blvd & Taney Rd, Baltimore, MD", "Fallstaff Rd & Reisterstown Rd, Baltimore, MD", "Park Heights Ave & Belvedere Ave, Baltimore, MD", "Park Heights Ave & Fords Ln, Baltimore, MD", "Northern Pkwy & Jones Falls Expy, Baltimore, MD", "Smith Ave & Greenspring Ave, Baltimore, MD", "Reisterstown Rd & Wabash Ave, Baltimore, MD" ], "childcare_demand_quotes": [ ], "grocery_demand_quotes": [ ], "health_demand_quotes": [ ], "persona_label": "Established & Evolving", "persona_quotes": [ ] }, "geometry": { "type": "Polygon", "coordinates": [ [ [ -76.710240848693161, 39.349031499283896 ], [ -76.710240848693161, 39.374925880401882 ], [ -76.672974571899019, 39.374925880401882 ], [ -76.672974571899019, 39.349031499283896 ], [ -76.710240848693161, 39.349031499283896 ] ] ] } },
{ "type": "Feature", "properties": { "OBJECTID": "o_donnellheightsrevplan", "pdf_path": "O'DonnellHeightsRevPlan.pdf", "area_name": "Broening Manor, Graceland Park, Medford, and O’Donnell Heights Neighborhood Revitalization Plan", "plan_year": "2020", "area_geographic_summary": "The plan area is in southeast Baltimore, roughly 3.75 miles east of Downtown, and includes the neighborhoods of Broening Manor, Graceland Park, Medford, and O’Donnell Heights. It is bounded by Interstate 95 to the north and west, the Baltimore City–Baltimore County line to the east, and Cardiff Avenue and Holabird Avenue to the south, with major corridors such as Dundalk Avenue, Boston Street, O’Donnell Street and Broening Highway running through or alongside the area.", "geographic_addresses": [ "Dundalk Ave & Kane St, Baltimore, MD", "Dundalk Ave & Danville Ave, Baltimore, MD", "Boston St & Gusryan St, Baltimore, MD", "Broening Hwy & Holabird Ave, Baltimore, MD", "O'Donnell St & Gusryan St, Baltimore, MD", "Cardiff Ave & Holabird Ave, Baltimore, MD", "Interstate Ave & Ponca St, Baltimore, MD", "Dundalk Ave & O'Donnell St, Baltimore, MD" ], "childcare_demand_quotes": [ "“Child care can be an enormous obstacle for working parents... it is important that the community attracts additional organizations to the area to lend support.” (Implementation Action 29, Child Care)", "“The community should initiate Education Readiness Programs … for young children from a newborn to 5 years of age.” (Implementation Action 28, Education Readiness Programs)" ], "grocery_demand_quotes": [ "“There is no grocery store within the Neighborhood Revitalization Plan boundary.” (Existing Conditions – Food Retailers)", "“Access to food retailers is limited.” (Existing Conditions – Food Retailers)", "“Options that provide greater access to fresh foods and essential household items should be prioritized.” (Long-Term Action 6 – Broening Highway Commercial Redevelopment)" ], "health_demand_quotes": [ "“An urgent medical center and pharmacy are envisioned to provide added medical amenities and support for area residents.” (Recommendations – Medford Health and Community Services)", "“Host an annual … Wellness and Health Fair … offering health awareness and education, lifestyle information and screenings.” (Implementation Action 20)", "“To provide greater access to treatment and receive adequate care, it is recommended that the community leverage city-wide services and local organizations to support those affected by behavioral and mental health.” (Implementation Action 25)" ], "persona_label": "Transforming & Rebuilding", "persona_quotes": [ ] }, "geometry": { "type": "Polygon", "coordinates": [ [ [ -76.554352453236632, 39.272100254554331 ], [ -76.554352453236632, 39.283223123887197 ], [ -76.532784642899742, 39.283223123887197 ], [ -76.532784642899742, 39.272100254554331 ], [ -76.554352453236632, 39.272100254554331 ] ] ] } },
{ "type": "Feature", "properties": { "OBJECTID": "oldtownredevelopmentplan_2016update", "pdf_path": "OldtownRedevelopmentPlan_2016Update.pdf", "area_name": "Oldtown Redevelopment Plan (Oldtown, Baltimore)", "plan_year": "2010", "area_geographic_summary": "The Oldtown plan area sits immediately east of downtown Baltimore between the Jones Falls Expressway (Fallsway) and Johns Hopkins Hospital.  It is bounded roughly by Fallsway to the west, East Madison Street/Monument Street to the north, North Broadway to the east, and Fayette Street to the south.  Key internal corridors include Gay Street/Oldtown Mall, Orleans Street, Central Avenue and Hillen/Ensor Streets.", "geographic_addresses": [ "Gay St & Orleans St, Baltimore, MD", "Fallsway (Jones Falls Expy) & Monument St, Baltimore, MD", "Madison St & Ensor St, Baltimore, MD", "Broadway & Fayette St, Baltimore, MD", "Central Ave & McElderry St, Baltimore, MD", "604 Aisquith St, Baltimore, MD", "1119 E Monument St, Baltimore, MD", "Gay St & Forrest St, Baltimore, MD" ], "childcare_demand_quotes": [ "Recommendation: “Access to early childhood education in existing childcare facilities or new facilities within the Oldtown area.”", "Human Development goal: “Provide wrap-around supportive services for new and former Somerset residents in the areas of self-sufficiency and economic development, such as job training, placement services, education, and day care.”" ], "grocery_demand_quotes": [ "Key Initiative – Oldtown Redevelopment: “The plan proposes a new town center … accommodating a much-needed grocery store along with its parking and service access areas.”", "Design vision table – Vision for the Future: “A shopping center with a market, easily accessible by pedestrians.”" ], "health_demand_quotes": [ "Need statement: “There is still a great need to have better educational attainment, economic prosperity and health and human services to help shore up the base for existing and future residents of Oldtown.”", "Human Development recommendation: “Improve health and balance throughout all phases of the life-cycle and the whole person… Access to all types of health care programs including but not limited to those provided by non-profit organizations, faith-based institutions, and government agencies.”" ], "persona_label": "Transforming & Rebuilding", "persona_quotes": [ ] }, "geometry": { "type": "Polygon", "coordinates": [ [ [ -76.606464978682098, 39.294712491936458 ], [ -76.606464978682098, 39.299060981394305 ], [ -76.599981354828927, 39.299060981394305 ], [ -76.599981354828927, 39.294712491936458 ], [ -76.606464978682098, 39.294712491936458 ] ] ] } },
{ "type": "Feature", "properties": { "OBJECTID": "operation_reachout", "pdf_path": "Operation ReachOut.pdf", "area_name": "Operation ReachOut Southwest (OROSW)", "plan_year": "2002", "area_geographic_summary": "The OROSW plan area is in Southwest Baltimore and is bounded by W. Mulberry Street on the north, the B&O Railroad tracks on the south, Carey Street on the east, and the Gwynns Falls River/N. Franklintown Road on the west. It encompasses historic row-house neighborhoods such as Boyd-Booth, Carrollton Ridge, Franklin Square, Mill Hill, Mount Clare / New Southwest, Penrose-Fayette Street Outreach, Shipley Hill, and Union Square. Key landmarks inside the boundary include the West Baltimore MARC Station, Bon Secours Hospital, Westside Shopping Center, Franklin Square and Union Square parks, and stretches of the Gwynns Falls Greenway.", "geographic_addresses": [ "W Mulberry St & S Carey St, Baltimore, MD", "W Mulberry St & N Franklintown Rd, Baltimore, MD", "S Carey St & Wilkens Ave, Baltimore, MD", "N Franklintown Rd & Wilkens Ave, Baltimore, MD", "W Baltimore St & S Fulton Ave, Baltimore, MD", "2100 W Baltimore St, Baltimore, MD" ], "childcare_demand_quotes": [ "\"Participate in the Success By 6 Southwestern Consortium to improve infant mortality, maternal health, and reduce the number of accidents for children 0-6.\"", "During earlier outreach, OROSW focused on residents by \"partnering with agencies to provide ... comprehensive services to young children and their parents.\"", "\"Through the Success By 6 Southwestern Consortium and the Bon Secours Family Support Center, over 50 parents receive intensive training and counseling to prepare children for school.\"" ], "grocery_demand_quotes": [ ], "health_demand_quotes": [ "\"Goal 3: Improve the Health Status of Residents\" was selected by residents as one of the eight primary goals of the plan.", "\"Conduct a family health assessment to identify chronic illnesses, including mental health.\"", "\"OROSW helped conceive and found the Recovery in the Community program ... linking [residents] to treatment programs, and helping them integrate back into the community.\"" ], "persona_label": "Stabilizing & Reinvesting", "persona_quotes": [ ] }, "geometry": { "type": "Polygon", "coordinates": [ [ [ -76.693926051426232, 39.271985854065164 ], [ -76.693926051426232, 39.304082617102935 ], [ -76.63837164483887, 39.304082617102935 ], [ -76.63837164483887, 39.271985854065164 ], [ -76.693926051426232, 39.271985854065164 ] ] ] } },
{ "type": "Feature", "properties": { "OBJECTID": "penlucyareamasterplan", "pdf_path": "PenLucyAreaMasterPlan.pdf", "area_name": "Pen Lucy", "plan_year": "2006", "area_geographic_summary": "Pen Lucy is a neighborhood in north Baltimore bounded by Argonne Drive to the south, East 43rd Street to the north, Greenmount Avenue to the west, and The Alameda to the east, with Old York Road running through the center and sites such as the 4000 block of Old York Road and Mullan Park highlighted for redevelopment.", "geographic_addresses": [ "Argonne Dr & Greenmount Ave, Baltimore, MD", "Argonne Dr & The Alameda, Baltimore, MD", "E 43rd St & Greenmount Ave, Baltimore, MD", "E 43rd St & The Alameda, Baltimore, MD", "Old York Rd & E 41st St, Baltimore, MD" ], "childcare_demand_quotes": [ ], "grocery_demand_quotes": [ ], "health_demand_quotes": [ ], "persona_label": "Stabilizing & Reinvesting", "persona_quotes": [ ] }, "geometry": { "type": "Polygon", "coordinates": [ [ [ -76.608140110983314, 39.304622145478191 ], [ -76.608140110983314, 39.343700399316752 ], [ -76.600010104756819, 39.343700399316752 ], [ -76.600010104756819, 39.304622145478191 ], [ -76.608140110983314, 39.304622145478191 ] ] ] } },
{ "type": "Feature", "properties": { "OBJECTID": "penn_n_area_master_plan_0", "pdf_path": "penn_n_area_master_plan_0.pdf", "area_name": "Penn North", "plan_year": "2006", "area_geographic_summary": "Penn North is a central-west Baltimore neighborhood situated directly south of Druid Hill Park. Its stated boundaries are Fulton Avenue on the west and north sides, McCulloh Street on the east, and North Avenue together with Cumberland Street on the south. The area centers on the intersection of Pennsylvania and North Avenues and lies roughly a half-mile west of the I-83 interchange.", "geographic_addresses": [ "Fulton Ave & North Ave, Baltimore, MD", "Fulton Ave & Druid Park Lake Dr, Baltimore, MD", "McCulloh St & North Ave, Baltimore, MD", "Pennsylvania Ave & North Ave, Baltimore, MD", "2600 Pennsylvania Ave, Baltimore, MD" ], "childcare_demand_quotes": [ ], "grocery_demand_quotes": [ "“Penn North residents often have to go outside of their neighborhood to fulfill basic daily needs like groceries.”", "The plan notes an “unmet retail demand” for more than 117,000 square feet of Food Stores within a one-mile radius of the Penn North Metro Station." ], "health_demand_quotes": [ ], "persona_label": "Transforming & Rebuilding", "persona_quotes": [ ] }, "geometry": { "type": "Polygon", "coordinates": [ [ [ -76.646503348204533, 39.309885287336002 ], [ -76.646503348204533, 39.315838280236242 ], [ -76.636969687713773, 39.315838280236242 ], [ -76.636969687713773, 39.309885287336002 ], [ -76.646503348204533, 39.309885287336002 ] ] ] } },
{ "type": "Feature", "properties": { "OBJECTID": "pimlico_inspire_plan_november_2017reduced", "pdf_path": "Pimlico INSPIRE Plan_November 2017reduced.pdf", "area_name": "Pimlico Elementary/Middle School INSPIRE Planning Area", "plan_year": "2017", "area_geographic_summary": "Quarter-mile area surrounding Pimlico Elementary/Middle School on Pimlico Road at the border of the Central Park Heights and Cylburn neighborhoods in Northwest Baltimore.  Key corridors and landmarks that frame the plan include Pimlico Road, Park Heights Avenue, Oakley Avenue, Woodland Avenue, and West Garrison Avenue, with nearby anchors such as Sinai Hospital, C.C. Jackson Recreation Center, Cylburn Arboretum, and the Pimlico Race Course.", "geographic_addresses": [ "Pimlico Rd & Oakley Ave, Baltimore, MD", "Pimlico Rd & Thorndale Ave, Baltimore, MD", "Pimlico Rd & Woodland Ave, Baltimore, MD", "Park Heights Ave & Oakley Ave, Baltimore, MD", "Park Heights Ave & West Garrison Ave, Baltimore, MD", "Park Heights Ave & Belvedere Ave, Baltimore, MD", "Oakley Ave & Laurel Ave, Baltimore, MD", "Oakley Ave & Queensberry Ave, Baltimore, MD", "Oakley Ave & Chalgrove Ave, Baltimore, MD" ], "childcare_demand_quotes": [ ], "grocery_demand_quotes": [ "\"Open an affordable grocery store or supermarket that is conveniently located to serve Pimlico Elementary/Middle School area in Central Park Heights.\"", "\"In the Pimlico INSPIRE area, 70% of residents live in a food desert—areas where residents lack both access and the economic resources to purchase healthy foods.\"", "\"While food retail is present, healthy options are scarce.\"" ], "health_demand_quotes": [ "\"Sinai should ... consider offering their other programs for Chronic Disease Prevention and Chronic Disease Self-Management directly at Pimlico Elementary/Middle School.\"" ], "persona_label": "Stabilizing & Reinvesting", "persona_quotes": [ ] }, "geometry": { "type": "Polygon", "coordinates": [ [ [ -76.676006390096575, 39.346543540873888 ], [ -76.676006390096575, 39.349031499283896 ], [ -76.665646776866936, 39.349031499283896 ], [ -76.665646776866936, 39.346543540873888 ], [ -76.676006390096575, 39.346543540873888 ] ] ] } },
{ "type": "Feature", "properties": { "OBJECTID": "reimagine_middle_branch_master_plan", "pdf_path": "reimagine_middle_branch_master_plan.pdf", "area_name": "Reimagine Middle Branch Plan Area", "plan_year": "2023", "area_geographic_summary": "Roughly a 1.5-mile-deep band around the 11-mile shoreline of the Middle Branch of the Patapsco River in South Baltimore.  The planning area stretches from the Maryland Cruise Terminal and Locust Point on the northeast, around Ridgely’s Cove and the Gwynns Falls, south to Masonville Cove and Fairfield Marine Terminals, and west to neighborhoods such as Lakeland and Mount Winans.  It contains 19 neighborhoods including Cherry Hill, Westport, Federal Hill, Brooklyn and Curtis Bay. Covers roughly 11 miles of shoreline along the Middle Branch of the Patapsco River in South Baltimore.  The plan area extends from Locust Point and the Baltimore Peninsula/Port Covington on the east, up to the Gwynns Falls and Ridgely’s Cove south of I-95, and down to the neighborhoods of Brooklyn and Curtis Bay on the south side of the river.  It includes 19 neighborhoods such as Cherry Hill, Westport, Lakeland, Mount Winans, Pigtown, Barre Circle, Sharp-Leadenhall, Riverside and others, and is generally bounded by the Patapsco River to the east and south, I-95 to the north, and Route 2 (Hanover–Potee Street corridor) to the west.", "geographic_addresses": [ "3301 Waterview Ave, Baltimore, MD", "3001 S Hanover St, Baltimore, MD", "Hanover St & Reedbird Ave, Baltimore, MD", "Hanover St & Wells St, Baltimore, MD", "Frankfurst Ave & Potee St, Baltimore, MD", "Russell St & Bush St, Baltimore, MD", "Seamon Ave & Waterview Ave, Baltimore, MD", "Clare St & Annapolis Rd, Baltimore, MD", "Sharp St & Stockholm St, Baltimore, MD", "Patapsco Ave & South Caton Ave, Baltimore, MD", "6th St & Pennington Ave, Baltimore, MD", "Hanover St & Waterview Ave, Baltimore, MD", "Hanover St & Potee St, Baltimore, MD", "Frankfurst Ave & Potee St, Baltimore, MD", "Patapsco Ave & South Caton Ave, Baltimore, MD", "Wenburn St & Annapolis Rd, Baltimore, MD", "Stockholm St & Warner St, Baltimore, MD", "Clare St & Kent St, Baltimore, MD" ], "childcare_demand_quotes": [ ], "grocery_demand_quotes": [ "Echoing the Cherry Hill Transformation Plan, a combination of mixed-income housing, healthcare, and a grocery store is recommended for the Hanover-Potee Corridor." ], "health_demand_quotes": [ "A combination of mixed-income housing, healthcare, and a grocery store is recommended, linking new medical services to existing neighborhoods along the Hanover-Potee Corridor.", "Project goals include Environmental Resilience and Health: ‘enhance public health and quality of life.’" ], "persona_label": "Stabilizing & Reinvesting", "persona_quotes": [ ] }, "geometry": { "type": "Polygon", "coordinates": [ [ [ -76.664409440320156, 39.242935129088799 ], [ -76.664409440320156, 39.275313708593792 ], [ -76.608864747271312, 39.275313708593792 ], [ -76.608864747271312, 39.242935129088799 ], [ -76.664409440320156, 39.242935129088799 ] ] ] } },
{ "type": "Feature", "properties": { "OBJECTID": "remington_neighborhood_plan", "pdf_path": "Remington Neighborhood Plan.pdf", "area_name": "Remington Neighborhood Plan", "plan_year": "2017", "area_geographic_summary": "Remington is located in north-central Baltimore on the east side of the Jones Falls River. The plan area is bounded by the Jones Falls to the west, Wyman Park Drive and the Johns Hopkins University Homewood campus to the north, Howard Street to the east, and West 21st Street to the south. Neighboring communities include Reservoir Hill, Hampden, Charles Village, and Old Goucher, and the area covers roughly 200 acres (0.33 sq. mi.).", "geographic_addresses": [ "Wyman Park Dr & Remington Ave, Baltimore, MD", "Howard St & W 21st St, Baltimore, MD", "Howard St & W 29th St, Baltimore, MD", "Sisson St & W 29th St, Baltimore, MD", "Remington Ave & W 29th St, Baltimore, MD", "W 28th St & Hampden Ave, Baltimore, MD", "Huntingdon Ave & W 25th St, Baltimore, MD", "Sisson St & W 27th St, Baltimore, MD" ], "childcare_demand_quotes": [ "“Seek to bring quality, affordable day-care services to the neighborhood.”", "Residents listed desired land uses such as “local schools, daycares, and other educational facilities” when describing what they want in a walkable Remington." ], "grocery_demand_quotes": [ "Among the preferred land uses, residents specifically called for a “full-service grocery store.”", "A 1980 study by Greater Homewood Community Corporation noted Remington’s “lack of a … supermarket,” highlighting the community’s long-standing need for fresh food options." ], "health_demand_quotes": [ "The same 1980 study detailed Remington’s “lack of a drug store,” indicating residents’ need for nearby pharmacy and health services." ], "persona_label": "Stabilizing & Reinvesting", "persona_quotes": [ ] }, "geometry": { "type": "Polygon", "coordinates": [ [ [ -76.626720547967906, 39.31311269724425 ], [ -76.626720547967906, 39.325745650253111 ], [ -76.619441954707455, 39.325745650253111 ], [ -76.619441954707455, 39.31311269724425 ], [ -76.626720547967906, 39.31311269724425 ] ] ] } },
{ "type": "Feature", "properties": { "OBJECTID": "sapbarclay_midway_oldgoucher_0", "pdf_path": "SAPBarclay-Midway-OldGoucher_0.pdf", "area_name": "Barclay–Midway–Old Goucher Small Area Plan", "plan_year": "2005", "area_geographic_summary": "Central-Baltimore plan covering the Barclay, East Baltimore-Midway, Old Goucher/Charles Village and Charles North neighborhoods. The area is roughly bounded by West/North Avenue on the south, East/25th Street on the north, Howard Street on the west and Homewood Avenue on the east, with major internal corridors including Greenmount Avenue, Calvert Street, Charles Street, St. Paul Street and Maryland Avenue. Key landmarks noted include Penn Station, Lovely Lane Methodist Church and the Baltimore City Public School System headquarters.", "geographic_addresses": [ "25th St & Howard St, Baltimore, MD", "25th St & Homewood Ave, Baltimore, MD", "North Ave & Howard St, Baltimore, MD", "North Ave & Homewood Ave, Baltimore, MD", "Greenmount Ave & North Ave, Baltimore, MD", "Calvert St & 22nd St, Baltimore, MD" ], "childcare_demand_quotes": [ ], "grocery_demand_quotes": [ "“Of those that did want more commercial and neighborhood services in the area, the top four responses were for a bank, family sit-down restaurant, neighborhood market and a dry cleaners. The largest response (45 people) wanted a neighborhood market.”" ], "health_demand_quotes": [ "“Many people also wanted a book store (23) and dentists/doctors offices (24).”", "“There is a strong desire to incorporate activities and programs that promote and teach about healthy lifestyles, including nutrition and exercise.”" ], "persona_label": "Transforming & Rebuilding", "persona_quotes": [ ] }, "geometry": { "type": "Polygon", "coordinates": [ [ [ -76.619722329368656, 39.310974934748842 ], [ -76.619722329368656, 39.318195172476095 ], [ -76.604576486404852, 39.318195172476095 ], [ -76.604576486404852, 39.310974934748842 ], [ -76.619722329368656, 39.310974934748842 ] ] ] } },
{ "type": "Feature", "properties": { "OBJECTID": "seton_hill_master_plan_january_2012", "pdf_path": "Seton Hill Master Plan January 2012.pdf", "area_name": "Seton Hill", "plan_year": "2012", "area_geographic_summary": "The Seton Hill Master Plan covers the historic Seton Hill neighborhood immediately northwest of downtown Baltimore.  The plan area is framed by Franklin Street (U.S. 40) to the south, Howard Street and the Centre Street Light-Rail stop to the east, Martin Luther King, Jr. Boulevard and the Orchard Mews apartments to the west, and Madison Street/Maryland General Hospital to the north.  Key internal corridors include Paca Street, Eutaw Street, Druid Hill Avenue/Centre Street, and St. Mary’s Park at the center of the neighborhood.", "geographic_addresses": [ "Franklin St & Howard St, Baltimore, MD", "Franklin St & Martin Luther King Jr Blvd, Baltimore, MD", "Howard St & Centre St, Baltimore, MD", "Madison Ave & Martin Luther King Jr Blvd, Baltimore, MD", "St Marys St & Paca St, Baltimore, MD", "801 McCulloh St, Baltimore, MD", "600 N Paca St, Baltimore, MD", "Eutaw St & Franklin St, Baltimore, MD" ], "childcare_demand_quotes": [ ], "grocery_demand_quotes": [ "Community planning survey results show that 47 % of respondents specifically requested a \"Grocery\" as a business they would like to see more of in the neighborhood.", "\"Residents of Seton Hill have indicated a desire to create a commercial center that provides residents with new types of shopping and dining opportunities within walking distance of their homes\" – Market Study, Existing Conditions section." ], "health_demand_quotes": [ ], "persona_label": "Stabilizing & Reinvesting", "persona_quotes": [ ] }, "geometry": { "type": "Polygon", "coordinates": [ [ [ -76.622917594678171, 39.294885494417947 ], [ -76.622917594678171, 39.299761415133197 ], [ -76.619782762890594, 39.299761415133197 ], [ -76.619782762890594, 39.294885494417947 ], [ -76.622917594678171, 39.294885494417947 ] ] ] } },
{ "type": "Feature", "properties": { "OBJECTID": "sharpleadenhall", "pdf_path": "SharpLeadenhall.pdf", "area_name": "Sharp-Leadenhall", "plan_year": "2004", "area_geographic_summary": "Sharp-Leadenhall is a compact, 45-acre neighborhood in South Baltimore, one block west of the Cross Street Market and just south of Baltimore’s downtown core. The community is framed by Hanover Street on the east, the light-rail line/Camden Yards stadium parking lots on the west, Cross and West Streets on the north, and Ostend and Hamburg Streets on the south. Key internal streets include Leadenhall, Race, Sharp and Cross Streets, while Solo Gibbs Park and the Hamburg Street Light Rail Station anchor the neighborhood’s open-space and transit assets.", "geographic_addresses": [ "837 Sharp St, Baltimore, MD", "823 Sharp St, Baltimore, MD", "37 W Cross St, Baltimore, MD", "180 W Ostend St, Baltimore, MD", "150 W Ostend St, Baltimore, MD", "Hanover St & Hamburg St, Baltimore, MD", "Hanover St & Ostend St, Baltimore, MD", "Hanover St & Henrietta St, Baltimore, MD", "Leadenhall St & West St, Baltimore, MD", "Hamburg St & Leadenhall St, Baltimore, MD", "Cross St & Race St, Baltimore, MD" ], "childcare_demand_quotes": [ ], "grocery_demand_quotes": [ "Encourage gameday vending opportunities and temporary events such as Farmer’s Markets on the surrounding parking lots.", "Explore the potential for entrepreneurial opportunities (e.g. vending) during ballgames and temporary events such as Farmer’s Markets on the Stadium parking lots." ], "health_demand_quotes": [ ], "persona_label": "Stabilizing & Reinvesting", "persona_quotes": [ ] }, "geometry": { "type": "Polygon", "coordinates": [ [ [ -76.618932921727605, 39.274695207958487 ], [ -76.618932921727605, 39.279756243005288 ], [ -76.615394082206961, 39.279756243005288 ], [ -76.615394082206961, 39.274695207958487 ], [ -76.618932921727605, 39.274695207958487 ] ] ] } },
{ "type": "Feature", "properties": { "OBJECTID": "sinclairtapreport101316", "pdf_path": "SinclairTAPReport101316.pdf", "area_name": "Sinclair Lane Redevelopment – Frankford Neighborhood", "plan_year": "2016", "area_geographic_summary": "The study area follows Sinclair Lane/Cedonia Avenue from Bowleys Lane on the west to Radecke Avenue on the east, and includes adjacent blocks of the Frankford and part of the Cedonia neighborhoods between Radecke Avenue and I-95. Key nodes within these boundaries include the intersections of Sinclair Lane with Moravia Road and Frankford Avenue, Parkside Shopping Center, Moravia Park Elementary School, and the future regional recreation facility on the current Vanguard Middle School site.", "geographic_addresses": [ "Sinclair Ln & Bowleys Ln, Baltimore, MD", "Sinclair Ln & Radecke Ave, Baltimore, MD", "Sinclair Ln & Moravia Rd, Baltimore, MD", "Sinclair Ln & Frankford Ave, Baltimore, MD", "Frankford Ave & Schaub Ave, Baltimore, MD", "Moravia Rd & Moravia Park Dr, Baltimore, MD", "Sinclair Ln & Aberdeen Ave, Baltimore, MD" ], "childcare_demand_quotes": [ ], "grocery_demand_quotes": [ ], "health_demand_quotes": [ "“In the first phase, new pad sites could be added at the Aberdeen Avenue intersection, such as an urgent care center.”", "The re-imagined shopping center would allow the owners “to reframe their value proposition to potential retailers, medical offices, and even a sit-down restaurant.”" ], "persona_label": "Stabilizing & Reinvesting", "persona_quotes": [ ] }, "geometry": { "type": "Polygon", "coordinates": [ [ [ -76.552153544757573, 39.315913761647387 ], [ -76.552153544757573, 39.323856956010651 ], [ -76.540578220291323, 39.323856956010651 ], [ -76.540578220291323, 39.315913761647387 ], [ -76.552153544757573, 39.315913761647387 ] ] ] } },
{ "type": "Feature", "properties": { "OBJECTID": "snapyorkroad", "pdf_path": "SNAPYorkRoad.pdf", "area_name": "York Road Partnership (York Road SNAP Cluster)", "plan_year": "2006", "area_geographic_summary": "The York Road Partnership SNAP area covers a north-south slice of North Baltimore anchored by the York Road/Greenmount Avenue corridor.  It stretches from the Baltimore City–Baltimore County line near Walker Avenue on the north to 39th Street on the south.  West–east limits run along St. Paul Street (below Greenway) and Charles Street (above Greenway) on the west, and along Northwood Drive above Tunbridge Road and The Alameda below Tunbridge Road on the east.  The cluster includes roughly twenty neighborhoods—15 of which abut York Road—including Homeland, Guilford, Pen Lucy, Wilson Park, Woodbourne-McCabe, Winston-Govans, and others, as well as major anchors such as Loyola University, the College of Notre Dame, and Johns Hopkins’ Evergreen House.", "geographic_addresses": [ "39th St & York Road, Baltimore, MD", "St Paul St & Greenway, Baltimore, MD", "Charles St & Greenway, Baltimore, MD", "Northwood Dr & Tunbridge Rd, Baltimore, MD", "The Alameda & Tunbridge Rd, Baltimore, MD", "Belvedere Ave & York Road, Baltimore, MD", "Woodbourne Ave & York Road, Baltimore, MD", "Northern Parkway & York Road, Baltimore, MD", "Cold Spring Lane & York Road, Baltimore, MD", "Walker Ave & York Road, Baltimore, MD" ], "childcare_demand_quotes": [ ], "grocery_demand_quotes": [ ], "health_demand_quotes": [ ], "persona_label": "Stabilizing & Reinvesting", "persona_quotes": [ ] }, "geometry": { "type": "Polygon", "coordinates": [ [ [ -76.621685538730418, 39.336288994800519 ], [ -76.621685538730418, 39.370485148099505 ], [ -76.596749041507366, 39.370485148099505 ], [ -76.596749041507366, 39.336288994800519 ], [ -76.621685538730418, 39.336288994800519 ] ] ] } },
{ "type": "Feature", "properties": { "OBJECTID": "south_baltimore_gateway_master_plan_8_1_16_final", "pdf_path": "South Baltimore Gateway Master Plan_8.1.16_Final.pdf", "area_name": "South Baltimore Gateway Master Plan Area", "plan_year": "2015", "area_geographic_summary": "The South Baltimore Gateway planning area covers a broad swath of South Baltimore bounded generally by I-95 to the north, the Middle Branch of the Patapsco River to the east, the city line near Annapolis Road/Patapsco Avenue to the south, and the CSX/MARC rail corridor and West Pratt Street to the west.  It includes the neighborhoods of Barre Circle, Carroll-Camden Industrial Area, Cherry Hill, Federal Hill & Federal Hill South, Lakeland, Mount Winans, Otterbein, Pigtown/Washington Village, Ridgely’s Delight, Riverside, South Baltimore, Sharp-Leadenhall, Saint Paul and Westport, as well as key landmarks such as the Horseshoe Casino, M&T Bank Stadium, Oriole Park at Camden Yards and large stretches of Middle Branch waterfront.", "geographic_addresses": [ "1525 Russell St, Baltimore, MD", "301 Russell St, Baltimore, MD", "Russell St & I-95, Baltimore, MD", "Hanover St & McComas St, Baltimore, MD", "Key Hwy & Light St, Baltimore, MD", "Washington Blvd & Martin Luther King Jr Blvd, Baltimore, MD", "Hamburg St & Ridgely St, Baltimore, MD", "Annapolis Rd & Clare St, Baltimore, MD", "Waterview Ave & Potee St, Baltimore, MD", "West Patapsco Ave & Hollins Ferry Rd, Baltimore, MD" ], "childcare_demand_quotes": [ "\"Young children will not be ready for school without access to good preschool programs.\" (Education SWOT analysis)", "Recommendation to \"create a plan to fund summer Head Start and other year-round learning programs\" shows a call for expanded early-childhood services.", "\"Ensure children are enrolled in early childhood, pre-K, Kindergarten and 1st grade, and once enrolled make sure they attend school regularly.\" (Education Strategy A.1)" ], "grocery_demand_quotes": [ "\"Many parts of the area lack access to healthy foods, making it difficult to maintain healthy lifestyles.\" (Health & Wellness Background)", "\"Over 2,000 residents in the SBG Area live in a food desert, meaning residents have little access to healthy food locally.\" (Map 24 discussion)", "Recommendation: \"Support an expansion of local grocers, farmers markets and community gardens\" to improve access to fresh food." ], "health_demand_quotes": [ "\"There are several significant health resources available within the SBG Area, but access is limited in certain neighborhoods, and particularly so for transit-dependent residents.\" (Health & Wellness Background)", "The plan calls to \"develop a comprehensive strategy to prevent overdose deaths and expand access to behavioral health services,\" indicating a recognized need for more health care options.", "\"Substance abuse and homelessness are also major problems in some neighborhoods\"—highlighting resident concern about access to adequate health and support services." ], "persona_label": "Stabilizing & Reinvesting", "persona_quotes": [ ] }, "geometry": { "type": "Polygon", "coordinates": [ [ [ -76.633577736798173, 39.253528094502954 ], [ -76.633577736798173, 39.285271473498341 ], [ -76.612773815455256, 39.285271473498341 ], [ -76.612773815455256, 39.253528094502954 ], [ -76.633577736798173, 39.253528094502954 ] ] ] } },
{ "type": "Feature", "properties": { "OBJECTID": "southeasternneighborhoodsdevelopment_send", "pdf_path": "SoutheasternNeighborhoodsDevelopment(SEND).pdf", "area_name": "Southeastern Neighborhoods Development (SEND) Cluster", "plan_year": "2005", "area_geographic_summary": "The SEND plan area lies in far-southeast Baltimore City.  It is bounded on the north by Lombard Street, on the west by the railroad corridor that runs south from Lombard Street to Haven Street and then down Haven Street to O’Donnell Street, on the south by O’Donnell Street, Ponca Street, Holabird Avenue and Broening Highway until the City/County line, and on the east directly by the Baltimore City / Baltimore County line.  Neighborhoods included are Bayview, Eastwood, Graceland Park, Greektown, O’Donnell Heights, Southeastern (Medford/Broening Manor) and St. Helena, and the area contains major landmarks such as Johns Hopkins Bayview Medical Center, Holabird Business Park and portions of the Port of Baltimore.", "geographic_addresses": [ "Lombard St & Haven St, Baltimore, MD", "Haven St & O'Donnell St, Baltimore, MD", "O'Donnell St & Ponca St, Baltimore, MD", "Ponca St & Holabird Ave, Baltimore, MD", "Holabird Ave & Broening Hwy, Baltimore, MD", "Eastern Ave & Kane St, Baltimore, MD", "Dundalk Ave & Holabird Ave, Baltimore, MD", "Boston St & Dundalk Ave, Baltimore, MD", "Ralls Ave & Riverview Ave, Baltimore, MD", "4940 Eastern Avenue, Baltimore, MD" ], "childcare_demand_quotes": [ ], "grocery_demand_quotes": [ "“The residents have expressed a desire for a full service supermarket, as well as such services as flower shops, dry cleaners and other services that would help to stimulate more pedestrian traffic.”", "“Currently, residents must travel further into the City for a supermarket or travel into Baltimore County.”", "Commercial Recommendation C lists as a priority to “Provide large scale supermarket.”" ], "health_demand_quotes": [ "Public Safety Recommendation C calls to “Increase the availability of drug treatment facilities and counseling” within the neighborhoods." ], "persona_label": "Stabilizing & Reinvesting", "persona_quotes": [ ] }, "geometry": { "type": "Polygon", "coordinates": [ [ [ -76.562747935095175, 39.271706556562265 ], [ -76.562747935095175, 39.291584994314043 ], [ -76.531161319711785, 39.291584994314043 ], [ -76.531161319711785, 39.271706556562265 ], [ -76.562747935095175, 39.271706556562265 ] ] ] } },
{ "type": "Feature", "properties": { "OBJECTID": "southwestpartnership_combined110515", "pdf_path": "SouthwestPartnership_combined110515.pdf", "area_name": "Southwest Partnership (Barre Circle, Franklin Square, Hollins Roundhouse, Mount Clare, Pigtown/Washington Village, Poppleton & Union Square)", "plan_year": "2015", "area_geographic_summary": "The plan covers seven historic neighborhoods immediately southwest of Downtown Baltimore: Barre Circle, Franklin Square, Hollins Roundhouse, Mount Clare, Pigtown/Washington Village, Poppleton and Union Square.  Key corridors include W. Baltimore Street (east–west spine linking the University of Maryland BioPark to Bon Secours Hospital) and Carey Street (north–south spine connecting W. Baltimore Street to Washington Boulevard).  The area is bordered by Carroll Park and the B&O Railroad corridor on the south, Martin Luther King Jr. Boulevard on the east, Fulton Avenue/Harlem Park on the north, and Washington Boulevard/Pigtown on the west.", "geographic_addresses": [ "203 Amity St, Baltimore, MD", "1524 Hollins St, Baltimore, MD", "1500 Washington Blvd, Baltimore, MD", "W Baltimore St & Carey St, Baltimore, MD", "Monroe St & Wilkens Ave, Baltimore, MD", "Stricker St & W Lombard St, Baltimore, MD" ], "childcare_demand_quotes": [ "\"Lack of adequate supports such as child care providers\" was listed as a key issue in the Education & Workforce Development section.", "\"Increase the number of quality day care providers and other supports that minimize barriers to employment.\" (Implementation Action 6.2)", "\"Develop constituency to push for child care, time-out-of-school programs, and strong public and charter schools.\" (Strategy for building the community voice)" ], "grocery_demand_quotes": [ "\"Increasing walkability, commercial activity, and density and maintaining and restoring the historic character of the Market will restore them to a major economic, nutritional, and social asset.\" (Hollins Market section)", "\"Tie into existing fresh food programs in the city.\" (Hollins Market Implementation Action)" ], "health_demand_quotes": [ "\"Increase access to health care resources.\" (Education & Workforce Development, Action 6.5)" ], "persona_label": "Stabilizing & Reinvesting", "persona_quotes": [ ] }, "geometry": { "type": "Polygon", "coordinates": [ [ [ -76.646586580503083, 39.278965871445358 ], [ -76.646586580503083, 39.291275241082211 ], [ -76.63306774414751, 39.291275241082211 ], [ -76.63306774414751, 39.278965871445358 ], [ -76.646586580503083, 39.278965871445358 ] ] ] } },
{ "type": "Feature", "properties": { "OBJECTID": "stonyrun1217", "pdf_path": "StonyRun1217.pdf", "area_name": "Upper Stony Run (Roland Park / North Baltimore)", "plan_year": "2017", "area_geographic_summary": "The plan covers the Upper Stony Run stream-valley corridor in north Baltimore City.  The core focus area runs roughly two miles from the southern edge of the Gilman School campus southward to Overhill Road, including adjoining parkland such as Linkwood Park, Alpine Meadow, Oakdale Meadow, and the Wilmslow/Meadow Lane residential edge.  For context and future planning, recommendations also reference the segment north to Northern Parkway and south to University Parkway where the corridor meets Wyman Park and Johns Hopkins University. The plan focuses on the southern reach of Baltimore’s Stony Run stream corridor, extending roughly from Northern Parkway south to Wyman Park Drive. Key reference points include Linkwood Park and Linkwood Road, Meadow Lane (between Cold Spring Lane and Overhill Road), the Overhill Road Gateway, University Parkway, Wyndhurst Avenue, Cold Spring Lane, and adjacent North-Baltimore neighborhoods such as Roland Park, Guilford, Keswick, Hampden, Wyman Park and Tuscany-Canterbury.", "geographic_addresses": [ "Northern Pkwy & Roland Ave, Baltimore, MD", "Deepdene Rd & St Johns Rd, Baltimore, MD", "Colorado Ave & Meadow Ln, Baltimore, MD", "Wyndhurst Ave & Wilmslow Rd, Baltimore, MD", "Gladstone Ave & Wilmslow Rd, Baltimore, MD", "Cold Spring Ln & Linkwood Rd, Baltimore, MD", "Overhill Rd & Linkwood Rd, Baltimore, MD", "University Pkwy & Linkwood Rd, Baltimore, MD", "Sisson St & W 29th St, Baltimore, MD", "Northern Pkwy & Linkwood Rd, Baltimore, MD", "Wyndhurst Ave & Linkwood Rd, Baltimore, MD", "Cold Spring Ln & Linkwood Rd, Baltimore, MD", "Overhill Rd & Linkwood Rd, Baltimore, MD", "Overhill Rd & University Pkwy, Baltimore, MD", "36th St & Wyman Park Dr, Baltimore, MD" ], "childcare_demand_quotes": [ ], "grocery_demand_quotes": [ ], "health_demand_quotes": [ ], "persona_label": "Established & Evolving", "persona_quotes": [ ] }, "geometry": { "type": "Polygon", "coordinates": [ [ [ -76.634828111452435, 39.320885571334934 ], [ -76.634828111452435, 39.362093354278329 ], [ -76.623482283495122, 39.362093354278329 ], [ -76.623482283495122, 39.320885571334934 ], [ -76.634828111452435, 39.320885571334934 ] ] ] } },
{ "type": "Feature", "properties": { "OBJECTID": "uli_baltimore_york_road_tap_report_final_1_23_14", "pdf_path": "ULI Baltimore York Road TAP Report - Final 1.23.14.pdf", "area_name": "York Road Corridor", "plan_year": "2013", "area_geographic_summary": "The plan covers the York Road commercial corridor stretching roughly four miles from 39th Street in Baltimore City north to Towsontown Boulevard in Towson, Baltimore County. Key reference points include the neighborhoods of Pen Lucy, Guilford, Govans, Lake Walker, Homeland, Rodgers Forge, Anneslie, Stoneleigh and the Towson Urban Core. The study area incorporates four main commercial nodes at Cold Spring Lane, Woodbourne Avenue, Belvedere Avenue/Northern Parkway, and the City-County line near Walker Avenue, as well as institutional anchors such as Loyola University Maryland, Notre Dame of Maryland University, Towson University, and St. Joseph’s Hospital.", "geographic_addresses": [ "39th St & York Rd, Baltimore, MD", "Cold Spring Lane & York Rd, Baltimore, MD", "Woodbourne Ave & York Rd, Baltimore, MD", "Belvedere Ave & York Rd, Baltimore, MD", "Northern Pkwy & York Rd, Baltimore, MD", "Harwood Ave & York Rd, Baltimore, MD", "Tunbridge Rd & York Rd, Baltimore, MD", "Radnor Ave & York Rd, Baltimore, MD", "Gittings Ave & York Rd, Baltimore, MD", "Register Ave & York Rd, Towson, MD", "Stevenson Lane & York Rd, Towson, MD", "Burke Ave & York Rd, Towson, MD", "Dumbarton Rd & York Rd, Towson, MD", "Towsontown Blvd & York Rd, Towson, MD", "5315 York Rd, Baltimore, MD", "5104 York Rd, Baltimore, MD" ], "childcare_demand_quotes": [ ], "grocery_demand_quotes": [ "The lack of amenities, in particular convenient fresh food, for many of the neighborhoods that fall within the “food desert” portion of York Road, are of pressing concern.", "Meet the Demand for Basic Services — Address the “food desert” needs of the southern study area as well as dine-in restaurants…", "Gaps in commercial services (Grocery, food, medical, student amenities)." ], "health_demand_quotes": [ "Meet the Demand for Basic Services — community centers, social and medical services; central, visible public spaces and recreational opportunities for all ages.", "Gaps in commercial services (Grocery, food, medical, student amenities)." ], "persona_label": "Stabilizing & Reinvesting", "persona_quotes": [ ] }, "geometry": { "type": "Polygon", "coordinates": [ [ [ -76.609966632262783, 39.336288994800519 ], [ -76.609966632262783, 39.395256228463438 ], [ -76.603868797702631, 39.395256228463438 ], [ -76.603868797702631, 39.336288994800519 ], [ -76.609966632262783, 39.336288994800519 ] ] ] } },
{ "type": "Feature", "properties": { "OBJECTID": "westportmtwinanslakelandmp", "pdf_path": "WestportMtWinansLakelandMP.pdf", "area_name": "Westport, Mount Winans, and Lakeland Master Plan Area", "plan_year": "2005", "area_geographic_summary": "The plan covers the Southwest Baltimore neighborhoods of Westport, Mount Winans, and Lakeland.  The area is framed by the Middle Branch of the Patapsco River to the east, I-295/Russell Street to the north and east, Hollins Ferry Road and active CSX rail lines to the west, and West Patapsco Avenue to the south.  Key corridors and gateways include Annapolis Road, Waterview Avenue, Kent Street (serving the Westport Light-Rail Station), Hollins Ferry Road, and West Patapsco Avenue.  Notable landmarks inside the plan boundary are Mount Auburn Cemetery, Middle Branch Park, the Westport waterfront parcels (former Carr-Lowrey Glass plant, Constellation/BGE power station, Kloman Ballfield), and industrial/commercial strips along Russell Street and Patapsco Avenue.", "geographic_addresses": [ "2310 Annapolis Road, Baltimore, MD", "2312 Annapolis Road, Baltimore, MD", "2314 Annapolis Road, Baltimore, MD", "2201 Russell Street, Baltimore, MD", "Annapolis Road & Waterview Avenue, Baltimore, MD", "Waterview Avenue & Hollins Ferry Road, Baltimore, MD", "Annapolis Road & Kent Street, Baltimore, MD", "West Patapsco Avenue & Hollins Ferry Road, Baltimore, MD", "Annapolis Road & Hollins Ferry Road, Baltimore, MD" ], "childcare_demand_quotes": [ ], "grocery_demand_quotes": [ "“Only a handful of other retail businesses (small groceries and liquor stores) are located within the boundaries of Westport, Mount Winans, and Lakeland.”" ], "health_demand_quotes": [ ], "persona_label": "Stabilizing & Reinvesting", "persona_quotes": [ ] }, "geometry": { "type": "Polygon", "coordinates": [ [ [ -76.646896794739575, 39.251456716680664 ], [ -76.646896794739575, 39.264492462046626 ], [ -76.633965613615644, 39.264492462046626 ], [ -76.633965613615644, 39.251456716680664 ], [ -76.646896794739575, 39.251456716680664 ] ] ] } },
{ "type": "Feature", "properties": { "OBJECTID": "west_baltimore_marc_station_master_plan", "pdf_path": "west_baltimore_marc_station_master_plan.pdf", "area_name": "West Baltimore MARC Station Area", "plan_year": "2008", "area_geographic_summary": "Plan covers roughly a half-mile radius surrounding the West Baltimore MARC rail station at Franklin St & Pulaski St.  It stretches north to Edmondson Avenue and Franklin/Mulberry streets, south to Frederick Avenue and the railroad embankment, and west toward Gwynns Falls/Warwick Avenue.  Included neighborhoods are Harlem Park, Lafayette Square, Midtown Edmondson, Rosemont, Evergreen Lawn, Bridgeview-Greenlawn, Mosher, Station West (Penrose), Franklin Square, Boyd-Booth and Shipley Hill.  Key landmarks and edges are the US-40 ‘Highway to Somewhere’ trench, the Pennsylvania Railroad tracks, the Gwynns Falls greenway and major corridors such as Fulton, Monroe and Pulaski Streets.", "geographic_addresses": [ "Franklin St & Pulaski St, Baltimore, MD", "2100 W Franklin St, Baltimore, MD", "Edmondson Ave & Warwick Ave, Baltimore, MD", "Edmondson Ave & Fulton Ave, Baltimore, MD", "Franklin St & Monroe St, Baltimore, MD", "Mulberry St & Fulton Ave, Baltimore, MD", "Saratoga St & Payson St, Baltimore, MD", "Frederick Ave & Pulaski St, Baltimore, MD" ], "childcare_demand_quotes": [ "Station vision: the area \"Will become a community activity center with retail and office uses (such as dry cleaner, bank, child care, café, civic space/library) for residents and commuters.\"", "Workshop wish-list for Edmondson Avenue retail called for uses such as \"Child care\" alongside other neighborhood services.", "Public-service amenities requested by residents include \"Youth and adult day care facilities\" in the list of desired community benefits." ], "grocery_demand_quotes": [ "Residents’ business services list identifies the need for a \"Supermarket/farmers’ market\" to serve local households.", "In the Highway-to-Somewhere land-use discussion the community specifically seeks a new \"Grocery store\" once the trench is redeveloped." ], "health_demand_quotes": [ "Desired main-street services on Edmondson Avenue include a neighborhood \"Pharmacy.\"", "Public-services list notes a demand for \"Medical clinics/dental facilities\" as part of community benefits." ], "persona_label": "Transforming & Rebuilding", "persona_quotes": [ ] }, "geometry": { "type": "Polygon", "coordinates": [ [ [ -76.65632836364972, 39.285766780043843 ], [ -76.65632836364972, 39.295214484117544 ], [ -76.645462734925331, 39.295214484117544 ], [ -76.645462734925331, 39.285766780043843 ], [ -76.65632836364972, 39.285766780043843 ] ] ] } },
{ "type": "Feature", "properties": { "OBJECTID": "yorkrdcorridorvision_action", "pdf_path": "YorkRdCorridorVision&Action.pdf", "area_name": "York Road Corridor Action Plan", "plan_year": "2014", "area_geographic_summary": "The plan covers the two-mile commercial stretch of York Road in north-central Baltimore City, running from 39th Street up to Northern Parkway.  It includes the retail nodes and adjacent blocks at Cold Spring Lane, Woodbourne Avenue, Glenwood Avenue, Belvedere Avenue, Bellona Avenue and Northern Parkway, touching more than twenty neighborhoods such as Govans, Pen Lucy, Guilford, Homeland, Radnor–Winston and Richnor Springs.", "geographic_addresses": [ "York Rd & 39th St, Baltimore, MD", "York Rd & Cold Spring Ln, Baltimore, MD", "York Rd & Woodbourne Ave, Baltimore, MD", "York Rd & Glenwood Ave, Baltimore, MD", "York Rd & Belvedere Ave, Baltimore, MD", "York Rd & Bellona Ave, Baltimore, MD", "York Rd & Northern Parkway, Baltimore, MD", "4601 York Road, Baltimore, MD", "4501 York Road, Baltimore, MD", "5104 York Road, Baltimore, MD", "5220 York Road, Baltimore, MD", "5711 York Road, Baltimore, MD", "5835 York Road, Baltimore, MD", "5700 York Road, Baltimore, MD", "529 E Belvedere Avenue, Baltimore, MD" ], "childcare_demand_quotes": [ ], "grocery_demand_quotes": [ "Meet the large underserved demand for basic services – Grocery market (address the food desert of the lower study area).", "Despite the fact that there is ample demand indicated by the residential community, a supermarket is lacking within the 1-mile market area ring.", "In the Southern Zone 1 desired uses included: A good food store and restaurants." ], "health_demand_quotes": [ "Meet the large underserved demand for basic services — community centers, social and medical services.", "In the Central Zone 2 desired uses included: health care facilities.", "The Glenwood Medical Village concept focuses on broadening the types of medical and commercial services offered along York Road, with a focus on improving the health of the surrounding residents." ], "persona_label": "Stabilizing & Reinvesting", "persona_quotes": [ ] }, "geometry": { "type": "Polygon", "coordinates": [ [ [ -76.610203588665513, 39.343642186999155 ], [ -76.610203588665513, 39.365015034268147 ], [ -76.608292011827388, 39.365015034268147 ], [ -76.608292011827388, 39.343642186999155 ], [ -76.610203588665513, 39.343642186999155 ] ] ] } }
]
}
