{
"type": "FeatureCollection",
"name": "brni_areas",
"crs": { "type": "name", "properties": { "name": "urn:ogc:def:crs:OGC:1.3:CRS84" } },
"features": [
{ "type": "Feature", "properties": { "OBJECTID_1": 1, "BRNI_Name": "Belair-Edison Neighborhoods Inc.", "Map_Number": 10, "BRNI_Short_Name": "BENI", "XCoord": -76.5686308, "YCoord": 39.32233099, "Induction_Date": 2017.0, "Shape__Length": 12399.058255302733, "Shape__Area": 5298065.5 }, "geometry": { "type": "Polygon", "coordinates": [ [ [ -76.568253584888211, 39.329464395304363 ], [ -76.567552898966596, 39.328213636479262 ], [ -76.566924078267718, 39.328429046538197 ], [ -76.565953897760863, 39.327727224227978 ], [ -76.563214036144302, 39.329916052715625 ], [ -76.561165877296517, 39.328498533512445 ], [ -76.560779601724334, 39.328206687756634 ], [ -76.561210793060724, 39.327831455709493 ], [ -76.560303494623753, 39.327164371543297 ], [ -76.560842483794232, 39.32576069449572 ], [ -76.562198939873241, 39.324940711699618 ], [ -76.561309607741975, 39.324016482277798 ], [ -76.559881286440216, 39.32351614245777 ], [ -76.559171617365763, 39.323085291411346 ], [ -76.557563633007192, 39.322571046365546 ], [ -76.556674300875912, 39.322056797538956 ], [ -76.555677170910542, 39.321097782870858 ], [ -76.554733939862217, 39.319548042971739 ], [ -76.553835624578099, 39.318644591314488 ], [ -76.559297381505544, 39.315266968696264 ], [ -76.561758765384042, 39.314189709078356 ], [ -76.563537429646587, 39.313640647795033 ], [ -76.570149030137699, 39.313376540832877 ], [ -76.570634120391134, 39.313487743885823 ], [ -76.57208040799857, 39.314426012608223 ], [ -76.572574481404828, 39.31456501431181 ], [ -76.573131436880985, 39.314314811046522 ], [ -76.573490762994624, 39.314287010628483 ], [ -76.582132556027858, 39.314245309980713 ], [ -76.574586707641259, 39.320833704059268 ], [ -76.577075040978272, 39.322682234803921 ], [ -76.57641927082085, 39.323307666476389 ], [ -76.578934553616392, 39.324947660746751 ], [ -76.575143663117402, 39.328574969104366 ], [ -76.57950947539824, 39.33139607886676 ], [ -76.577658945912944, 39.33281353933306 ], [ -76.575458073466862, 39.33495357226068 ], [ -76.574955016907751, 39.335710905883595 ], [ -76.574757387545233, 39.337017113405516 ], [ -76.572574481404828, 39.335238441833681 ], [ -76.572251087902544, 39.333577844326591 ], [ -76.5717839639548, 39.332876073691814 ], [ -76.570535305709882, 39.33195194914105 ], [ -76.568253584888211, 39.329464395304363 ] ] ] } },
{ "type": "Feature", "properties": { "OBJECTID_1": 2, "BRNI_Name": "Central Baltimore Parternship", "Map_Number": 2, "BRNI_Short_Name": "CBP", "XCoord": -76.61515547, "YCoord": 39.31699487, "Induction_Date": 2014.0, "Shape__Length": 21613.059093135351, "Shape__Area": 9189355.4466922451 }, "geometry": { "type": "Polygon", "coordinates": [ [ [ -76.62637458377074, 39.325586970129699 ], [ -76.625368470652532, 39.326233222588115 ], [ -76.625000161386041, 39.325746796562321 ], [ -76.623374210721792, 39.326525076579664 ], [ -76.623203530817804, 39.326483383226865 ], [ -76.622179451393905, 39.325434092330632 ], [ -76.621245203498418, 39.324982405972079 ], [ -76.621155371970005, 39.324482073061965 ], [ -76.620059427323383, 39.323120037561857 ], [ -76.617526178222178, 39.323189529811117 ], [ -76.618119066309688, 39.332466125210445 ], [ -76.618074150545482, 39.332570349628483 ], [ -76.616268536824407, 39.331437769290616 ], [ -76.61504682803799, 39.33253560817306 ], [ -76.613959866544221, 39.332653729051046 ], [ -76.612989686037366, 39.331945000789901 ], [ -76.611983572919158, 39.331458614493222 ], [ -76.610734914674225, 39.331062554581045 ], [ -76.609450323817939, 39.33092358565915 ], [ -76.609440520503256, 39.323473782273389 ], [ -76.60450866628716, 39.322025834774408 ], [ -76.603617366845427, 39.321612129784938 ], [ -76.600626460242935, 39.31966440391718 ], [ -76.602004735501879, 39.318163706342787 ], [ -76.595427622232833, 39.316656956597434 ], [ -76.597835107194271, 39.314314811046522 ], [ -76.595301858093052, 39.312799672159301 ], [ -76.594996430896444, 39.312139394948744 ], [ -76.609459306970777, 39.311402657232875 ], [ -76.609243711302582, 39.309296656644392 ], [ -76.608462177005407, 39.305897729930585 ], [ -76.610384571713411, 39.305897729930585 ], [ -76.612082387600395, 39.30630088324115 ], [ -76.612064421294718, 39.305897729930585 ], [ -76.61154339842993, 39.305501525276554 ], [ -76.611273903844705, 39.304952395819434 ], [ -76.611399667984472, 39.302950469669724 ], [ -76.611291870150382, 39.301198737318273 ], [ -76.616547014562471, 39.300983243405639 ], [ -76.61646616618691, 39.29962075040752 ], [ -76.617445329846603, 39.299599895716796 ], [ -76.620158242004635, 39.301122271812304 ], [ -76.620966725760354, 39.305939435553164 ], [ -76.623122682442244, 39.307677147736051 ], [ -76.623562856931443, 39.307343510343784 ], [ -76.62675187619007, 39.31001256494536 ], [ -76.627443578958847, 39.31031143711752 ], [ -76.627470528417362, 39.310506050868987 ], [ -76.622817255245636, 39.310797970481332 ], [ -76.625251689665589, 39.312299252108197 ], [ -76.627551376792937, 39.314676215475842 ], [ -76.628871900260606, 39.316365061428939 ], [ -76.629716316627665, 39.318324905625595 ], [ -76.627524427334407, 39.320395886990859 ], [ -76.626733909884393, 39.320882350231059 ], [ -76.627757989308293, 39.321931709414855 ], [ -76.627281882207711, 39.322195784081131 ], [ -76.626922556094058, 39.323453599728602 ], [ -76.626060173421308, 39.323898346809735 ], [ -76.625970341892895, 39.324301396409247 ], [ -76.626464415299168, 39.324982405972079 ], [ -76.62637458377074, 39.325586970129699 ] ] ] } },
{ "type": "Feature", "properties": { "OBJECTID_1": 3, "BRNI_Name": "CHAI - Northwest Baltimore City/County", "Map_Number": 14, "BRNI_Short_Name": "CHAI", "XCoord": -76.68723801, "YCoord": 39.35710153, "Induction_Date": 2019.0, "Shape__Length": 34332.323255320385, "Shape__Area": 35234198.638666756 }, "geometry": { "type": "Polygon", "coordinates": [ [ [ -76.69681055454393, 39.345659737451989 ], [ -76.705003983147492, 39.352451773211079 ], [ -76.711202818545345, 39.354428525681151 ], [ -76.717750895569466, 39.356358221249835 ], [ -76.718750805820633, 39.355988351160903 ], [ -76.721146618073277, 39.351812769209054 ], [ -76.723561444067215, 39.35344480484391 ], [ -76.724264975851639, 39.353547724744793 ], [ -76.725881197761382, 39.352739064495267 ], [ -76.728257995374392, 39.355267934532556 ], [ -76.729455901500714, 39.356649952263361 ], [ -76.730235490945319, 39.357958433570865 ], [ -76.730958037369362, 39.359105172864027 ], [ -76.731452410812935, 39.359560922818495 ], [ -76.732289043278058, 39.359781445474439 ], [ -76.733620050085094, 39.359707938231367 ], [ -76.733639064724699, 39.362133648913222 ], [ -76.733353848723695, 39.36244236976011 ], [ -76.73280243136125, 39.362956900778137 ], [ -76.732517216258543, 39.363471428700251 ], [ -76.732479186979305, 39.364059456267583 ], [ -76.732745388340717, 39.364412270153792 ], [ -76.732897503661022, 39.364676878877965 ], [ -76.731927770515213, 39.36530899728146 ], [ -76.730178447924771, 39.366999517064237 ], [ -76.729512944521275, 39.367396415765072 ], [ -76.727820664951366, 39.367955010295212 ], [ -76.727241239016692, 39.368275368407403 ], [ -76.728308197724047, 39.369013388262573 ], [ -76.739122625560725, 39.374249914874738 ], [ -76.738290746081773, 39.375811609378282 ], [ -76.73698350779884, 39.376638375413826 ], [ -76.733655991679626, 39.377281408200112 ], [ -76.731279194066587, 39.377189546636941 ], [ -76.728545877575201, 39.377832575040685 ], [ -76.726763279589989, 39.378383737529539 ], [ -76.724861841679257, 39.376638375413826 ], [ -76.72284156384292, 39.374433644922007 ], [ -76.717731449738494, 39.369013388262573 ], [ -76.714285093693704, 39.371126419678973 ], [ -76.7112936696616, 39.371957030741726 ], [ -76.708177219904897, 39.371959650853896 ], [ -76.705201274743459, 39.371962075829074 ], [ -76.702872524421707, 39.371963920254544 ], [ -76.700092273651663, 39.371966063288035 ], [ -76.697430700212109, 39.371968052850811 ], [ -76.692442406643352, 39.371971618786034 ], [ -76.685473926151133, 39.371976246515551 ], [ -76.682292200314279, 39.371978221494878 ], [ -76.680316952328198, 39.371979404815796 ], [ -76.678167772536824, 39.371980654108199 ], [ -76.675911462359608, 39.371981924233737 ], [ -76.673175657534856, 39.37198340477363 ], [ -76.671807810818052, 39.371984122127202 ], [ -76.66620043338979, 39.371986894320052 ], [ -76.661072691644534, 39.371989194990029 ], [ -76.659895259021852, 39.371989692206938 ], [ -76.657787885027162, 39.371990551920007 ], [ -76.655830792891308, 39.371991316495183 ], [ -76.652953665106054, 39.371992382456 ], [ -76.652832107776746, 39.37199242551111 ], [ -76.65280665311488, 39.371923740100698 ], [ -76.652658677231372, 39.371590262681195 ], [ -76.652481833986229, 39.371162381536706 ], [ -76.652293892954077, 39.370693451624241 ], [ -76.652141694988742, 39.370313301054637 ], [ -76.651822166937137, 39.369605710936881 ], [ -76.65168830807832, 39.369339934049762 ], [ -76.651523897516697, 39.369024820571568 ], [ -76.65133849602185, 39.368691475840272 ], [ -76.651192739875427, 39.368422612710063 ], [ -76.651125547688792, 39.368306000259224 ], [ -76.651027342963616, 39.368135565098285 ], [ -76.650968523075449, 39.368017074303552 ], [ -76.650942162911761, 39.367963975300448 ], [ -76.650879179332236, 39.36783709769454 ], [ -76.650747945350687, 39.367554903488376 ], [ -76.650599506834823, 39.367195557876428 ], [ -76.650501772826871, 39.366913516642981 ], [ -76.65049829275344, 39.366903473658077 ], [ -76.650442634036764, 39.36675388850194 ], [ -76.650352486301372, 39.36642447348023 ], [ -76.650299597989019, 39.366231209175275 ], [ -76.650181694107971, 39.365636161133537 ], [ -76.650115037317263, 39.365019201210806 ], [ -76.650050624518144, 39.364308468947463 ], [ -76.650007900643217, 39.363728124164993 ], [ -76.649984109661247, 39.363161998430286 ], [ -76.649994376506612, 39.362624452891339 ], [ -76.650016975424222, 39.362352694510008 ], [ -76.650035171698619, 39.362133887833295 ], [ -76.650119878338316, 39.36161331033626 ], [ -76.650167352504468, 39.361265693472731 ], [ -76.650212061656163, 39.360970583318355 ], [ -76.650244437837316, 39.360616271265748 ], [ -76.650422910626389, 39.360570465668403 ], [ -76.650538274071806, 39.360540859053522 ], [ -76.650569876803502, 39.360532748087635 ], [ -76.650742446762848, 39.360479933716661 ], [ -76.65090466813011, 39.360435201807192 ], [ -76.651061249874033, 39.360398888538192 ], [ -76.651146570961401, 39.360379101434638 ], [ -76.651439150452788, 39.360302579764749 ], [ -76.65147539118631, 39.360293476949032 ], [ -76.651732117118087, 39.360215868902735 ], [ -76.651977246697882, 39.36011824855693 ], [ -76.652244987771681, 39.359979181817948 ], [ -76.652496313031975, 39.359822599439596 ], [ -76.652729347694788, 39.359649967519843 ], [ -76.652857140230466, 39.35954173696723 ], [ -76.653152212546786, 39.359218952965364 ], [ -76.653686004963348, 39.358416452533476 ], [ -76.653692195253953, 39.358409047700754 ], [ -76.653830414535165, 39.358243683780486 ], [ -76.654059435525269, 39.35800907721439 ], [ -76.654258111425079, 39.357846855311429 ], [ -76.654478376536105, 39.357692032384598 ], [ -76.654716048302404, 39.357553926282485 ], [ -76.654872283296626, 39.357476754167926 ], [ -76.655095286472644, 39.357381067184363 ], [ -76.655489708866128, 39.357209639196228 ], [ -76.655822615527271, 39.357063489535669 ], [ -76.655985533987192, 39.356991472098244 ], [ -76.656328695815617, 39.356844238424614 ], [ -76.656371712541329, 39.356825781839021 ], [ -76.65649314949637, 39.356768529023846 ], [ -76.656692884509894, 39.356682449324154 ], [ -76.656935771894737, 39.356577482221333 ], [ -76.657187566973931, 39.356465993442249 ], [ -76.657459381009232, 39.356356214572095 ], [ -76.657691087063725, 39.356256059817611 ], [ -76.658034203976385, 39.3561238834113 ], [ -76.658282403099506, 39.356015536954885 ], [ -76.658789957523226, 39.355812841076393 ], [ -76.659184580241032, 39.355651861574174 ], [ -76.659229248968529, 39.3556336047183 ], [ -76.659501314532108, 39.355522406165335 ], [ -76.659927947816726, 39.355353151195054 ], [ -76.660238410968816, 39.355237324051835 ], [ -76.660600812913984, 39.355127298055507 ], [ -76.660967376753888, 39.355059697701769 ], [ -76.66123424915682, 39.355031857911968 ], [ -76.661549441040535, 39.355010897488029 ], [ -76.661865847446549, 39.355011644189304 ], [ -76.662180940515597, 39.35503408759611 ], [ -76.66221647517331, 39.35489696813837 ], [ -76.661749918960808, 39.354781782751409 ], [ -76.661539869491207, 39.354705239668739 ], [ -76.661351816169613, 39.354609015428679 ], [ -76.661180688904622, 39.354495504968739 ], [ -76.660793235641123, 39.354173686780847 ], [ -76.660535069709923, 39.35390976830962 ], [ -76.660355686029149, 39.353698717002672 ], [ -76.66014324075266, 39.35336477329286 ], [ -76.659953980095352, 39.352943191886482 ], [ -76.659809882238932, 39.352555883087163 ], [ -76.6597744392094, 39.352366260569596 ], [ -76.659744704973491, 39.352125453407979 ], [ -76.659703527099197, 39.351819009139021 ], [ -76.65962232209246, 39.351217394108801 ], [ -76.659610888335507, 39.35104353432547 ], [ -76.659606706677863, 39.350980086087432 ], [ -76.659585742694091, 39.35085933081416 ], [ -76.659579873102004, 39.350825549420186 ], [ -76.659556672313187, 39.35067801864092 ], [ -76.659530466659703, 39.3505040713789 ], [ -76.659482104059748, 39.350219986456338 ], [ -76.659424292979651, 39.349956648371233 ], [ -76.659319170328473, 39.349418246812199 ], [ -76.659270469961953, 39.349064805629943 ], [ -76.659245260540146, 39.348847175778722 ], [ -76.659209546219401, 39.34856261799662 ], [ -76.659167506860726, 39.348230935214687 ], [ -76.659117982739104, 39.347851657854996 ], [ -76.659121823036955, 39.347723371030931 ], [ -76.659148791360096, 39.347549703316687 ], [ -76.65924720449442, 39.347193541333638 ], [ -76.65934124912151, 39.346849917331809 ], [ -76.65942734096339, 39.34652565335459 ], [ -76.659436723866548, 39.346496356177155 ], [ -76.65951912992081, 39.346167323570754 ], [ -76.659538383512313, 39.346071767678879 ], [ -76.659565383276487, 39.345937802615367 ], [ -76.659574381700693, 39.34575492363328 ], [ -76.659545703883552, 39.345596424654872 ], [ -76.659482688863008, 39.345412716695506 ], [ -76.659343931490952, 39.345073088215322 ], [ -76.659212460354169, 39.344836456813781 ], [ -76.659036814563308, 39.34459162287164 ], [ -76.658844814942668, 39.344379274876594 ], [ -76.658601944625829, 39.344173933812918 ], [ -76.658585449760594, 39.344159988130485 ], [ -76.658385593474492, 39.344001042306608 ], [ -76.657989558605081, 39.343685731842989 ], [ -76.65755553398229, 39.343333648333015 ], [ -76.657436493732419, 39.343225992745047 ], [ -76.65728875500416, 39.34300681631548 ], [ -76.657194061793419, 39.342806366962371 ], [ -76.657149702086386, 39.342634950456265 ], [ -76.657160973248253, 39.342498783457437 ], [ -76.65717746272361, 39.342441569617989 ], [ -76.657250101395803, 39.34218949997598 ], [ -76.657359843184167, 39.342016474340141 ], [ -76.65752822160438, 39.341802346941478 ], [ -76.65774713385261, 39.341573916981872 ], [ -76.657957945991924, 39.341374359041168 ], [ -76.658059605637675, 39.341224007800562 ], [ -76.65814677815284, 39.341055490751572 ], [ -76.658158453556595, 39.341017182523409 ], [ -76.658201425366514, 39.340876197085933 ], [ -76.658227012979069, 39.340782705696469 ], [ -76.658247680518812, 39.340778826227336 ], [ -76.658415346575012, 39.340766764717408 ], [ -76.658240037652376, 39.340638212694444 ], [ -76.658193143797916, 39.340512462361851 ], [ -76.658085373811588, 39.340268640117081 ], [ -76.657987638905311, 39.340148664606765 ], [ -76.657922589200652, 39.33985749970536 ], [ -76.657813681048864, 39.339289686794807 ], [ -76.657747149123978, 39.339068151108172 ], [ -76.657735444974136, 39.339048225263483 ], [ -76.65768471082184, 39.338961844437847 ], [ -76.657610330316302, 39.338873381985692 ], [ -76.657363657430864, 39.338641615207614 ], [ -76.657136775329448, 39.338437876103306 ], [ -76.65694457718115, 39.338261287420281 ], [ -76.656889098127536, 39.338207904564143 ], [ -76.656872577211118, 39.338192008158146 ], [ -76.656742449055699, 39.338060233900059 ], [ -76.656635577384662, 39.337916241067255 ], [ -76.656594959160785, 39.33784696910574 ], [ -76.656569253868923, 39.337789802177412 ], [ -76.656511419432618, 39.337661180760165 ], [ -76.656454925282716, 39.337468571263344 ], [ -76.656429932354882, 39.33732298060356 ], [ -76.65638891797397, 39.336969292049986 ], [ -76.656356189653209, 39.336693455520525 ], [ -76.656344178279539, 39.336489910143193 ], [ -76.656330611922129, 39.336406944527198 ], [ -76.656322195606222, 39.336355470931203 ], [ -76.656300110524953, 39.336191456910221 ], [ -76.656285729395563, 39.336013807854322 ], [ -76.656264567782429, 39.335839467662574 ], [ -76.656246604171685, 39.3356708222965 ], [ -76.656228505813672, 39.335504097645085 ], [ -76.656190134276301, 39.335352231618003 ], [ -76.656124568938665, 39.335206198825077 ], [ -76.656080791339917, 39.335098587693665 ], [ -76.656002501366274, 39.33494395337609 ], [ -76.655990989455901, 39.334916745488194 ], [ -76.65594067122359, 39.334757965548846 ], [ -76.655908672334846, 39.334542934897527 ], [ -76.655904478100808, 39.334335281787503 ], [ -76.655921178680231, 39.334056364481839 ], [ -76.655922440813214, 39.334030477090764 ], [ -76.655924426089996, 39.333989767901734 ], [ -76.655940911073756, 39.333651631278073 ], [ -76.655938981492525, 39.333569309865247 ], [ -76.655936961181467, 39.333483042473524 ], [ -76.655901201944957, 39.333335752318789 ], [ -76.655838161771584, 39.333194023909996 ], [ -76.65574917825279, 39.33306088115534 ], [ -76.655636154020371, 39.332939167328973 ], [ -76.655594730007678, 39.332902591717172 ], [ -76.655437903023682, 39.33270540965173 ], [ -76.655365078400237, 39.332599630408552 ], [ -76.655073242713897, 39.332105963336154 ], [ -76.654870414800826, 39.331752512427876 ], [ -76.654733156716986, 39.331514112035485 ], [ -76.654618889216209, 39.331314011889596 ], [ -76.654607072776983, 39.331293318814225 ], [ -76.654390620116004, 39.330929907361408 ], [ -76.654068379152235, 39.330370033570169 ], [ -76.653998969025182, 39.330243447621307 ], [ -76.654010231203884, 39.330236221854392 ], [ -76.654152078780513, 39.330145220485925 ], [ -76.654455082322471, 39.329915060462206 ], [ -76.654731848769927, 39.3297214811451 ], [ -76.655026852814288, 39.329504653385015 ], [ -76.65507294626984, 39.32946662788887 ], [ -76.655198502898799, 39.329341883770901 ], [ -76.655300706923612, 39.329205008524049 ], [ -76.655351368312367, 39.329080836507003 ], [ -76.655470562174159, 39.328804051631877 ], [ -76.655618744670164, 39.328453766537187 ], [ -76.655776699938144, 39.328082179732725 ], [ -76.655915812144741, 39.327745502271817 ], [ -76.656082932025242, 39.327352929781931 ], [ -76.656264090777029, 39.326934552625545 ], [ -76.656489732305033, 39.326535086455067 ], [ -76.656547635013297, 39.326435351063886 ], [ -76.656712346510531, 39.326179594284696 ], [ -76.656803081744116, 39.326067094582854 ], [ -76.65694107375154, 39.325932119717955 ], [ -76.657126809419694, 39.325755896929437 ], [ -76.657218549868091, 39.325668854815916 ], [ -76.657341856217244, 39.325556464781393 ], [ -76.65737559963425, 39.325524238155047 ], [ -76.657408645958611, 39.32549267583763 ], [ -76.657459788844378, 39.325443830656397 ], [ -76.657580308619529, 39.325390452606676 ], [ -76.657708104748465, 39.325273124850149 ], [ -76.657842109134336, 39.325141945401633 ], [ -76.658074877895814, 39.32492362676939 ], [ -76.658097243251433, 39.324899369719212 ], [ -76.65817777631834, 39.324837020715833 ], [ -76.65827544744424, 39.324791963705529 ], [ -76.658687016879867, 39.324602749517986 ], [ -76.658941672194942, 39.32447979167469 ], [ -76.659208820380655, 39.32435359880656 ], [ -76.659442975242612, 39.324259169428579 ], [ -76.659691242637692, 39.324146897348569 ], [ -76.660304924927402, 39.323864248707046 ], [ -76.660464474705009, 39.323796441604884 ], [ -76.660967215057127, 39.32359486491147 ], [ -76.661160291757767, 39.323517725482994 ], [ -76.661466142060874, 39.323400354974432 ], [ -76.661827232465754, 39.323284294890293 ], [ -76.662251103430862, 39.323132626782858 ], [ -76.662642688944672, 39.322993655305815 ], [ -76.662918521144249, 39.322881659859405 ], [ -76.663152428969511, 39.322745796290235 ], [ -76.663332785525725, 39.322615712172343 ], [ -76.663482673922474, 39.322464762561907 ], [ -76.663582626769184, 39.322358191590588 ], [ -76.663698230963092, 39.322183395526892 ], [ -76.66382187328216, 39.321934413405515 ], [ -76.664214699369396, 39.322044937804499 ], [ -76.664677276045168, 39.322189346925555 ], [ -76.664691000506082, 39.322306000212741 ], [ -76.664191999840483, 39.327306999536994 ], [ -76.664952999548589, 39.330034000136187 ], [ -76.664990002951768, 39.330165720732005 ], [ -76.66538000024417, 39.331553999976578 ], [ -76.665693000238605, 39.333007000307916 ], [ -76.665758044553385, 39.3330473425072 ], [ -76.666685510168463, 39.332615116052821 ], [ -76.666675678107694, 39.332627339474563 ], [ -76.666634722117251, 39.332702636594753 ], [ -76.666620741636493, 39.332784031434237 ], [ -76.666634714930737, 39.332865540130392 ], [ -76.666673912918156, 39.332958908006944 ], [ -76.666691153385088, 39.332999910317412 ], [ -76.667045847785133, 39.333478550462956 ], [ -76.667093915737667, 39.333532508071961 ], [ -76.667111442767165, 39.333546279390553 ], [ -76.667205135254676, 39.333619898229315 ], [ -76.667372830056962, 39.333724988059686 ], [ -76.66740674595053, 39.333741180083962 ], [ -76.667555319213676, 39.333812723300305 ], [ -76.667805055354236, 39.333892944693318 ], [ -76.667848951530601, 39.333907044588742 ], [ -76.668303269095659, 39.334053706817599 ], [ -76.668765738871897, 39.334206374005063 ], [ -76.668975232284382, 39.334285593722456 ], [ -76.669195815399021, 39.334369007229753 ], [ -76.669661583788994, 39.334520754495671 ], [ -76.670061124782976, 39.334618830269413 ], [ -76.670138294557461, 39.334634196654243 ], [ -76.670295709039635, 39.334665558909961 ], [ -76.670635842647229, 39.334728646068626 ], [ -76.671052773228482, 39.334820189674417 ], [ -76.671085614736953, 39.334829452835095 ], [ -76.671389134810198, 39.334915061974186 ], [ -76.671578946134787, 39.335000156852907 ], [ -76.671801256709728, 39.335095327674104 ], [ -76.672079057118069, 39.335227749518388 ], [ -76.672455550036801, 39.335364963850452 ], [ -76.672789856273155, 39.335556393815438 ], [ -76.673025121452824, 39.335742321155699 ], [ -76.673209492580042, 39.335898234911042 ], [ -76.673338885015241, 39.336027295902859 ], [ -76.673479479442051, 39.336174000930008 ], [ -76.673602685179887, 39.336303468560722 ], [ -76.673887743077429, 39.336618848454684 ], [ -76.673891684884907, 39.336623778675154 ], [ -76.674026500449472, 39.336792396730125 ], [ -76.674196057459341, 39.336967833695802 ], [ -76.674413459639581, 39.337208313737001 ], [ -76.674613703099567, 39.337426933070098 ], [ -76.674843239722662, 39.337665207000526 ], [ -76.674898378314779, 39.337722443508497 ], [ -76.674967587219228, 39.337794286963252 ], [ -76.675220450395287, 39.338022981477565 ], [ -76.675549955136461, 39.338276444572827 ], [ -76.675907431618924, 39.338545134015206 ], [ -76.676228758996047, 39.338778830481793 ], [ -76.676554370438765, 39.339006625528441 ], [ -76.676592953080217, 39.339031869809141 ], [ -76.676709536437798, 39.339108149375704 ], [ -76.676957889172826, 39.339250443838033 ], [ -76.677191705369921, 39.339365942458173 ], [ -76.677501053712746, 39.339502675536572 ], [ -76.677817705358805, 39.339624976818754 ], [ -76.678122274664318, 39.339745450674343 ], [ -76.678129932802122, 39.339748480512284 ], [ -76.678402448421636, 39.339835478004616 ], [ -76.678803524636436, 39.339963036614066 ], [ -76.680372025343345, 39.340472077921902 ], [ -76.680879549224343, 39.340634927922238 ], [ -76.681366663382121, 39.340787755814517 ], [ -76.681808884233533, 39.340927003870974 ], [ -76.682179344965135, 39.341040013229502 ], [ -76.682561441574606, 39.341157912010893 ], [ -76.68293440052102, 39.341274200180443 ], [ -76.682995414095117, 39.34129322430995 ], [ -76.683176166808366, 39.341355555861647 ], [ -76.683647211004015, 39.34147846735771 ], [ -76.684172812581792, 39.341610535299495 ], [ -76.684899017844003, 39.341749919274889 ], [ -76.685068221815968, 39.341670707321022 ], [ -76.685388628419943, 39.341743990383058 ], [ -76.686191493213556, 39.34190457535923 ], [ -76.686881229570162, 39.342055138419511 ], [ -76.687059926938062, 39.342113085519792 ], [ -76.687541349370193, 39.342260521139451 ], [ -76.688418588381111, 39.342522680784931 ], [ -76.688682563717222, 39.342601101171432 ], [ -76.688955307508834, 39.34265865460263 ], [ -76.689098524117966, 39.342679984159076 ], [ -76.68936123282954, 39.342713741701587 ], [ -76.689500466308701, 39.342723864584407 ], [ -76.689637256370261, 39.342733809615396 ], [ -76.690006819684882, 39.342741398822859 ], [ -76.690376056012767, 39.342727038796689 ], [ -76.690893674262611, 39.342723746480658 ], [ -76.691685287657293, 39.342723330338565 ], [ -76.691793032490779, 39.342725916810977 ], [ -76.692035914485729, 39.342731746968134 ], [ -76.692380922352044, 39.342761389613891 ], [ -76.692571346327668, 39.342791124645835 ], [ -76.692881334270979, 39.342857351583902 ], [ -76.69318269748922, 39.342944311860109 ], [ -76.693473104854263, 39.343051341934888 ], [ -76.693656511190881, 39.343130210519938 ], [ -76.69391842489344, 39.343263737732038 ], [ -76.694163802408241, 39.343415031490103 ], [ -76.694330206331472, 39.343550606886829 ], [ -76.694685843064249, 39.343837784707979 ], [ -76.694900583536295, 39.344015270769866 ], [ -76.695168324610094, 39.34423865538723 ], [ -76.695481058703209, 39.344504453453084 ], [ -76.695758319224069, 39.344735954865421 ], [ -76.696301870039548, 39.345191397015974 ], [ -76.696471094672773, 39.345332534920324 ], [ -76.696717521419842, 39.345537699599646 ], [ -76.696856718966373, 39.345651673387387 ], [ -76.69681055454393, 39.345659737451989 ] ] ] } },
{ "type": "Feature", "properties": { "OBJECTID_1": 4, "BRNI_Name": "City Life Community Builders - Broadway East", "Map_Number": 9, "BRNI_Short_Name": "City Life", "XCoord": -76.58973717000001, "YCoord": 39.30825159, "Induction_Date": 2017.0, "Shape__Length": 5163.2311893758833, "Shape__Area": 1599421.6290525349 }, "geometry": { "type": "Polygon", "coordinates": [ [ [ -76.595041346660651, 39.312118543987978 ], [ -76.586013278055248, 39.31251471118005 ], [ -76.583124318559413, 39.312662610243315 ], [ -76.582620101376946, 39.302428457319294 ], [ -76.585357507897854, 39.302304002120174 ], [ -76.586444469391637, 39.302436076620978 ], [ -76.587764992859292, 39.302943518437509 ], [ -76.59165469803952, 39.305717005278886 ], [ -76.592337417655457, 39.306022846723771 ], [ -76.593684890581642, 39.306321735935427 ], [ -76.594655071088496, 39.306370392197898 ], [ -76.595041346660651, 39.312118543987978 ] ] ] } },
{ "type": "Feature", "properties": { "OBJECTID_1": 5, "BRNI_Name": "Diversified Housing Development - Lochearn", "Map_Number": 11, "BRNI_Short_Name": "Diversified", "XCoord": -76.72757506000001, "YCoord": 39.33295683, "Induction_Date": 2018.0, "Shape__Length": 18543.860479855084, "Shape__Area": 6740491.0475946553 }, "geometry": { "type": "Polygon", "coordinates": [ [ [ -76.736867363717451, 39.349813876940452 ], [ -76.736588885979373, 39.347861861965519 ], [ -76.734819204869666, 39.346312715189754 ], [ -76.733804108598605, 39.345895898535325 ], [ -76.732115275864459, 39.345423503321726 ], [ -76.731468488859889, 39.345458238372665 ], [ -76.730911533383747, 39.345736118158676 ], [ -76.729375414247897, 39.346187670454455 ], [ -76.728126756002965, 39.345701383245832 ], [ -76.727138609190433, 39.344305025453885 ], [ -76.726869114605208, 39.344263342702916 ], [ -76.726401990657465, 39.343256001994817 ], [ -76.72653673795007, 39.342318120008649 ], [ -76.711247411814355, 39.336419595971883 ], [ -76.711229445508678, 39.327219962133519 ], [ -76.711391142259814, 39.327268603863722 ], [ -76.711849283054718, 39.326754389575726 ], [ -76.712316407002461, 39.325607817076403 ], [ -76.712720648880321, 39.325093590577147 ], [ -76.713178789675212, 39.324919864554062 ], [ -76.714957453937785, 39.324899017402295 ], [ -76.716448657309414, 39.325906622629695 ], [ -76.717472736733313, 39.32627491609005 ], [ -76.718209355266282, 39.326323558477554 ], [ -76.719404114594155, 39.325878826818126 ], [ -76.720302429878288, 39.324676647396771 ], [ -76.720733621214663, 39.324336141955641 ], [ -76.721856515319814, 39.323745465319583 ], [ -76.723203988245984, 39.32343275213978 ], [ -76.72642894011598, 39.323835804422338 ], [ -76.727138609190433, 39.324468174874482 ], [ -76.728297435906953, 39.327136576231624 ], [ -76.726168428683579, 39.327657736487325 ], [ -76.726482839033025, 39.332320210764188 ], [ -76.725072484036957, 39.333987786289804 ], [ -76.725108416648311, 39.334522791677259 ], [ -76.728746593549005, 39.334092008439605 ], [ -76.728854391383095, 39.334620064944239 ], [ -76.730642038798493, 39.336773938322054 ], [ -76.733157321594035, 39.338212132951924 ], [ -76.730938482842262, 39.34008799452571 ], [ -76.732789012327544, 39.341345488360005 ], [ -76.735358194040117, 39.342151384115802 ], [ -76.739050269857856, 39.34227643607273 ], [ -76.740451641701085, 39.342040226632946 ], [ -76.742993873955143, 39.343124004550312 ], [ -76.743802357710848, 39.343249054767107 ], [ -76.74500610019156, 39.343971562750056 ], [ -76.745428308375111, 39.349140055869654 ], [ -76.74314658755344, 39.348389814455615 ], [ -76.741296058068158, 39.350960052495189 ], [ -76.740541473229499, 39.351230963970153 ], [ -76.739670107403896, 39.351758891006121 ], [ -76.737684830626009, 39.351355999681253 ], [ -76.736705666966301, 39.350320975110861 ], [ -76.736867363717451, 39.349813876940452 ] ] ] } },
{ "type": "Feature", "properties": { "OBJECTID_1": 6, "BRNI_Name": "Druid Heights CDC", "Map_Number": 12, "BRNI_Short_Name": "Druid Heights", "XCoord": -76.63707544, "YCoord": 39.30829157, "Induction_Date": 2018.0, "Shape__Length": 5138.0197995095677, "Shape__Area": 977491.70030594501 }, "geometry": { "type": "Polygon", "coordinates": [ [ [ -76.64162444511939, 39.309320974709927 ], [ -76.642552060753147, 39.308667124621259 ], [ -76.643623428391905, 39.309550157831097 ], [ -76.643653150949703, 39.309610714701805 ], [ -76.643692410022581, 39.310017143259614 ], [ -76.646365957106553, 39.309901706676655 ], [ -76.646543519902238, 39.31289228770278 ], [ -76.646220713898146, 39.313179821504349 ], [ -76.646249185102775, 39.313247418576253 ], [ -76.643572811918901, 39.315745717701944 ], [ -76.643500672710019, 39.315946617850734 ], [ -76.641047362889296, 39.314528116336511 ], [ -76.636962929006614, 39.310287637208688 ], [ -76.635699096419913, 39.310339239115152 ], [ -76.635744012184119, 39.310221080548935 ], [ -76.634728915913058, 39.3094773720522 ], [ -76.634845696899987, 39.309352261434967 ], [ -76.634648067537483, 39.309324459045207 ], [ -76.633794668017572, 39.308643297045592 ], [ -76.634603151773277, 39.308045537175616 ], [ -76.632662790759582, 39.30648160638512 ], [ -76.634522303397716, 39.305126171430075 ], [ -76.637432844918266, 39.307475575335076 ], [ -76.638474890647842, 39.306683181648992 ], [ -76.64162444511939, 39.309320974709927 ] ] ] } },
{ "type": "Feature", "properties": { "OBJECTID_1": 7, "BRNI_Name": "Dundalk Renaissance", "Map_Number": 4, "BRNI_Short_Name": "Dundalk", "XCoord": -76.50700913, "YCoord": 39.26871697, "Induction_Date": 2014.0, "Shape__Length": 68013.825365611556, "Shape__Area": 47800091.099722743 }, "geometry": { "type": "Polygon", "coordinates": [ [ [ -76.471612826622646, 39.275751968560883 ], [ -76.466366665363367, 39.271224812441481 ], [ -76.464399354891157, 39.270494598577088 ], [ -76.461488813370607, 39.267761444860533 ], [ -76.459260991465996, 39.264798669289881 ], [ -76.458308777264818, 39.263150310348884 ], [ -76.457769788094353, 39.261341939494464 ], [ -76.457491310356275, 39.258740585752513 ], [ -76.457518259814805, 39.255137481828335 ], [ -76.456521129849421, 39.252320254214823 ], [ -76.455982140678955, 39.25136724048749 ], [ -76.455973157526117, 39.250386388016892 ], [ -76.457221815771035, 39.252334166728055 ], [ -76.458856749588136, 39.255346160852376 ], [ -76.459665233343856, 39.258198045266504 ], [ -76.461147453562646, 39.258038064578031 ], [ -76.460940841047304, 39.257161642154379 ], [ -76.461120504104116, 39.257029482266852 ], [ -76.461084571492748, 39.256493884382515 ], [ -76.46180322372004, 39.256493884382515 ], [ -76.476939836257458, 39.260987215122981 ], [ -76.476436779698361, 39.261328028768617 ], [ -76.475879824222204, 39.261481046601133 ], [ -76.475457616038668, 39.261042858280348 ], [ -76.474747946964214, 39.260611622655482 ], [ -76.47415505887669, 39.260528157389416 ], [ -76.471478079330012, 39.261181965980526 ], [ -76.468684318796406, 39.261098501393548 ], [ -76.468360925294121, 39.261202832111749 ], [ -76.468001599180468, 39.261550600050946 ], [ -76.468486689433902, 39.261661885427102 ], [ -76.469106526979942, 39.262100069878294 ], [ -76.469906027582809, 39.261877500340631 ], [ -76.4709480733124, 39.26212093573622 ], [ -76.471900287513549, 39.262100069878294 ], [ -76.4726728386579, 39.261940098094527 ], [ -76.473454372955075, 39.26205138285232 ], [ -76.473831665374419, 39.262531296346474 ], [ -76.473589120247695, 39.263706722764347 ], [ -76.473705901234624, 39.263741498393657 ], [ -76.474676081741478, 39.263080758486382 ], [ -76.474864727951143, 39.262739953362555 ], [ -76.476113386196076, 39.262732998138688 ], [ -76.476337965017109, 39.262899923320909 ], [ -76.476463729156876, 39.263484158328197 ], [ -76.476787122659161, 39.264040568093499 ], [ -76.476724240589277, 39.264179669844687 ], [ -76.475691178012539, 39.264569153279361 ], [ -76.475457616038668, 39.264937769536544 ], [ -76.475520498108565, 39.265097734478914 ], [ -76.47604152097334, 39.265257699056214 ], [ -76.476409830239831, 39.265236834132054 ], [ -76.47719136453702, 39.264624793593349 ], [ -76.477829168388752, 39.264610883518991 ], [ -76.478206460808067, 39.264729119063034 ], [ -76.478682567908649, 39.266092290929251 ], [ -76.478574770074559, 39.266669544493887 ], [ -76.478736466825694, 39.266989466108519 ], [ -76.47845798908763, 39.267907493938139 ], [ -76.477999848292725, 39.268359548677886 ], [ -76.478233410266597, 39.268811600501678 ], [ -76.479059860327993, 39.269597468269694 ], [ -76.479014944563787, 39.270077330095333 ], [ -76.479329354913219, 39.2706406419587 ], [ -76.479086809786509, 39.271398671763848 ], [ -76.478826298354107, 39.271739434784372 ], [ -76.478233410266597, 39.271850703983205 ], [ -76.477954932528519, 39.272386184531364 ], [ -76.476787122659161, 39.272678263105583 ], [ -76.475969655750603, 39.272587857962705 ], [ -76.475691178012539, 39.272810393489188 ], [ -76.474981508938086, 39.272886889913188 ], [ -76.474559300754549, 39.273067699310658 ], [ -76.476499661768244, 39.273366729213357 ], [ -76.477856117847267, 39.273297187489398 ], [ -76.478610702685927, 39.272719988516798 ], [ -76.479464102205853, 39.272372275997455 ], [ -76.479634782109827, 39.271662937107692 ], [ -76.479778512555285, 39.271628165408863 ], [ -76.480685810992242, 39.272497452703192 ], [ -76.480056990293363, 39.273742253330049 ], [ -76.48007495659904, 39.273860473468773 ], [ -76.480470215324047, 39.274020418044856 ], [ -76.481395480066695, 39.272560040972209 ], [ -76.482105149141148, 39.272059333254788 ], [ -76.482698037228673, 39.272108013328769 ], [ -76.483147194870725, 39.273255462421893 ], [ -76.483470588373024, 39.273491904142539 ], [ -76.483623301971321, 39.273338912532054 ], [ -76.483614318818468, 39.272490498447638 ], [ -76.483964661779268, 39.272142784789487 ], [ -76.484988741203168, 39.272156693368935 ], [ -76.485680443971944, 39.272017607450159 ], [ -76.487486057693033, 39.272212327659155 ], [ -76.487279445177677, 39.272017607450159 ], [ -76.483542453595746, 39.271273493095229 ], [ -76.482787868757072, 39.270870138086302 ], [ -76.481647008346243, 39.271259584340463 ], [ -76.481242766468398, 39.270564143082488 ], [ -76.480667844686565, 39.270188601933413 ], [ -76.480506147935415, 39.26963919551541 ], [ -76.480991238188835, 39.268505596509044 ], [ -76.480766659367816, 39.268401276660704 ], [ -76.480371400642795, 39.267830992078302 ], [ -76.480595979463843, 39.26749021005179 ], [ -76.480182754433145, 39.266982511306338 ], [ -76.480434282712693, 39.266822550665694 ], [ -76.48034445118428, 39.266648679990027 ], [ -76.480533097393931, 39.266314847083606 ], [ -76.48056004685246, 39.26575845537262 ], [ -76.480218687044498, 39.264958634549735 ], [ -76.479841394625169, 39.26468738889379 ], [ -76.479526984275736, 39.263212906966125 ], [ -76.47894307934105, 39.262879057694875 ], [ -76.478538837463205, 39.2623991465817 ], [ -76.478781382589901, 39.262197443828804 ], [ -76.479419186441632, 39.262190488551113 ], [ -76.479059860327993, 39.261759259986306 ], [ -76.478305275489319, 39.2615227786793 ], [ -76.478206460808067, 39.261369760937882 ], [ -76.478799348895592, 39.260896794898059 ], [ -76.479113759245038, 39.260222117230249 ], [ -76.479167658162083, 39.259846520663388 ], [ -76.478898163576844, 39.259450055437377 ], [ -76.478996978258095, 39.258817097534525 ], [ -76.479230540231967, 39.2585388724724 ], [ -76.479931226153582, 39.25823977929911 ], [ -76.480901406660436, 39.258253690637787 ], [ -76.481467345289431, 39.258427582138381 ], [ -76.482051250224103, 39.258740585752513 ], [ -76.482662104617305, 39.259429188784416 ], [ -76.482940582355383, 39.259547433069038 ], [ -76.484485684644056, 39.259610032903673 ], [ -76.484683314006574, 39.259721321360566 ], [ -76.485042640120213, 39.260764642051839 ], [ -76.484683314006574, 39.261279341206404 ], [ -76.484943825438961, 39.262809505563219 ], [ -76.48524026948273, 39.262746908585726 ], [ -76.485357050469659, 39.261021992101512 ], [ -76.485626545054899, 39.260896794898059 ], [ -76.486219433142409, 39.261091546006817 ], [ -76.486327230976514, 39.261028947495149 ], [ -76.486210449989571, 39.260430781120057 ], [ -76.485644511360576, 39.259589166298341 ], [ -76.485222303177054, 39.258580606302111 ], [ -76.484692297159413, 39.258462360386744 ], [ -76.484018560696327, 39.258657118258725 ], [ -76.483380756844596, 39.258170222564303 ], [ -76.483003464425281, 39.257356403639811 ], [ -76.482302778503666, 39.257210332576456 ], [ -76.481440395830901, 39.256792985004211 ], [ -76.480056990293363, 39.256591266120374 ], [ -76.479823428319492, 39.256375634947567 ], [ -76.47969766417971, 39.25582612025061 ], [ -76.479877327236537, 39.255652222297471 ], [ -76.48061394576952, 39.255540927381112 ], [ -76.481368530608179, 39.2548383741441 ], [ -76.48158412627636, 39.254887066179649 ], [ -76.481772772486039, 39.255200085600762 ], [ -76.482356677420711, 39.255568751126766 ], [ -76.482644138311628, 39.255617442655087 ], [ -76.482778885604233, 39.255262689317291 ], [ -76.482518374171846, 39.254831418136263 ], [ -76.482509391019008, 39.254421012452291 ], [ -76.481934469237174, 39.253572369350806 ], [ -76.481988368154219, 39.25320369332772 ], [ -76.482239896433768, 39.252890664994005 ], [ -76.482724986687188, 39.252716759760332 ], [ -76.483596352512791, 39.252042003370427 ], [ -76.484270088975876, 39.251958527901799 ], [ -76.485419932539557, 39.252257647871104 ], [ -76.486066719544112, 39.252619372641078 ], [ -76.486875203299832, 39.253440202697504 ], [ -76.488420305588505, 39.253558457083251 ], [ -76.489992357335723, 39.253975823909393 ], [ -76.491267965039171, 39.254831418136263 ], [ -76.491241015580641, 39.255638310442585 ], [ -76.49176203844543, 39.256292164638104 ], [ -76.493028662996039, 39.256681691898692 ], [ -76.49442105168643, 39.259352677670449 ], [ -76.496729721966616, 39.26065335525125 ], [ -76.498409571547924, 39.261168055222932 ], [ -76.498598217757589, 39.261710572723608 ], [ -76.498625167216105, 39.26253825159035 ], [ -76.499289920526351, 39.261988785197801 ], [ -76.499065341705332, 39.261620153431743 ], [ -76.499253987914983, 39.261488001949225 ], [ -76.499236021609306, 39.261300207308629 ], [ -76.498912628107036, 39.260152562462288 ], [ -76.498220925338259, 39.2597700100049 ], [ -76.497071081774592, 39.259742187926555 ], [ -76.496226665407505, 39.25917183288729 ], [ -76.496361412700125, 39.258865786806865 ], [ -76.495427164804653, 39.258949254052219 ], [ -76.495193602830767, 39.258914476045398 ], [ -76.495166653372252, 39.258789275078001 ], [ -76.495265468053503, 39.258337158611901 ], [ -76.495166653372252, 39.257099040133447 ], [ -76.495211569136458, 39.256911233735252 ], [ -76.495741575154085, 39.256438237614447 ], [ -76.495822423529646, 39.255791340694493 ], [ -76.495750558306923, 39.255638310442585 ], [ -76.495328350123387, 39.255499191741926 ], [ -76.495247501747812, 39.25517921768283 ], [ -76.495624794167156, 39.254539265183872 ], [ -76.496073951809208, 39.254720121916982 ], [ -76.496675823049571, 39.254427968500849 ], [ -76.49593022136375, 39.253892350742902 ], [ -76.495319366970548, 39.253621062265545 ], [ -76.492444758061367, 39.252751540841572 ], [ -76.490252868768124, 39.252410685501516 ], [ -76.489192856732856, 39.251902877534171 ], [ -76.488573019186816, 39.251339415074568 ], [ -76.488276575143047, 39.250803773723831 ], [ -76.488537086575448, 39.250462908915807 ], [ -76.488725732785113, 39.250497691114987 ], [ -76.488959294758985, 39.250838555753937 ], [ -76.489543199693657, 39.250699427530002 ], [ -76.489561165999334, 39.250198563638264 ], [ -76.489327604025476, 39.249662913573204 ], [ -76.489650997527747, 39.249530739551176 ], [ -76.489920492112986, 39.249746391774551 ], [ -76.489920492112986, 39.250052477662649 ], [ -76.490432531824936, 39.250323779946577 ], [ -76.491285931344848, 39.250309867034474 ], [ -76.491968650960786, 39.249802043853578 ], [ -76.493118494524467, 39.248167245626206 ], [ -76.493926978280157, 39.24779854118492 ], [ -76.494178506559706, 39.24779854118492 ], [ -76.495849372988175, 39.248793343067071 ], [ -76.497142946997315, 39.249002040971895 ], [ -76.497690919320632, 39.24922465138583 ], [ -76.498562285146221, 39.25008030358623 ], [ -76.498750931355886, 39.250817686537943 ], [ -76.498939577565551, 39.251047247572281 ], [ -76.499712128709888, 39.250901163364659 ], [ -76.499325853137734, 39.249614217909858 ], [ -76.499388735207617, 39.24922465138583 ], [ -76.499712128709888, 39.249120302842286 ], [ -76.500296033644574, 39.249168998848596 ], [ -76.500969770107659, 39.248932475072635 ], [ -76.501499776125286, 39.249308130108872 ], [ -76.502353175645212, 39.250762035264927 ], [ -76.502451990326463, 39.251193331475598 ], [ -76.502326226186682, 39.251388109539938 ], [ -76.501733338099172, 39.251722013534376 ], [ -76.501553675042331, 39.251958527901799 ], [ -76.5018501190861, 39.252278516658549 ], [ -76.502272327269637, 39.252417641749503 ], [ -76.502550805007715, 39.2528628401856 ], [ -76.503017928955458, 39.254713165897421 ], [ -76.50319759201227, 39.254928802183208 ], [ -76.505128969873141, 39.255909591114914 ], [ -76.505317616082792, 39.255958282406532 ], [ -76.505811689489065, 39.25572178153049 ], [ -76.50432946927026, 39.253892350742902 ], [ -76.504095907296403, 39.253008920306534 ], [ -76.503826412711149, 39.252786321905553 ], [ -76.503368271916258, 39.251269851493959 ], [ -76.503377255069111, 39.250337692855922 ], [ -76.503637766501498, 39.250101173021669 ], [ -76.504257604047538, 39.250115085975182 ], [ -76.505173885637348, 39.250539429731226 ], [ -76.507024415122629, 39.252320254214823 ], [ -76.50772510104423, 39.253961911721873 ], [ -76.508488669035742, 39.254344495872644 ], [ -76.508785113079497, 39.254233198880456 ], [ -76.508632399481201, 39.253920175142767 ], [ -76.508084427157883, 39.253607150007646 ], [ -76.507940696712438, 39.252501116671581 ], [ -76.507689168432876, 39.252000265648533 ], [ -76.507428657000489, 39.25077594808733 ], [ -76.506656105856138, 39.250115085975182 ], [ -76.505443380222573, 39.249649000529992 ], [ -76.504437267104365, 39.248549861393151 ], [ -76.503907261086738, 39.248327248837242 ], [ -76.503970143156621, 39.248195072297833 ], [ -76.504724727995281, 39.247882021605534 ], [ -76.50473371114812, 39.247318526837979 ], [ -76.504859475287901, 39.247137651014448 ], [ -76.505335582388483, 39.247116780697091 ], [ -76.505811689489065, 39.246810681995782 ], [ -76.506916617288539, 39.246768941160276 ], [ -76.506072200921452, 39.245982817451953 ], [ -76.505784740030549, 39.245961946790956 ], [ -76.504805576370856, 39.246233264899523 ], [ -76.503512002361717, 39.247068083265795 ], [ -76.50225436096396, 39.247068083265795 ], [ -76.501643506570758, 39.24690807718202 ], [ -76.499721111862726, 39.247659406929735 ], [ -76.499397718360456, 39.247631580045571 ], [ -76.498176009574053, 39.246782854774871 ], [ -76.497124980691638, 39.246588063919347 ], [ -76.49595717082228, 39.245217555821007 ], [ -76.495669709931349, 39.245050588537381 ], [ -76.494232405476765, 39.244883620856271 ], [ -76.495292417512019, 39.244500985087946 ], [ -76.495822423529646, 39.244111390160967 ], [ -76.495975137127957, 39.243909634794718 ], [ -76.49595717082228, 39.24315826487755 ], [ -76.497044132316063, 39.242128596733693 ], [ -76.498876695495667, 39.242288613720952 ], [ -76.499523482500237, 39.242177297594544 ], [ -76.50050264615993, 39.241732031322407 ], [ -76.501248247845737, 39.241808561664072 ], [ -76.501553675042331, 39.241940750239394 ], [ -76.502964030038413, 39.243193050699553 ], [ -76.503215558317962, 39.24315826487755 ], [ -76.503664715960014, 39.242518202673779 ], [ -76.504724727995281, 39.241905963796356 ], [ -76.504985239427683, 39.241899006505676 ], [ -76.506898650982848, 39.242803448507765 ], [ -76.507293909707869, 39.242768662492558 ], [ -76.507428657000489, 39.242643432694955 ], [ -76.507518488528888, 39.242406886911709 ], [ -76.507078314039674, 39.242142511268817 ], [ -76.506413560729428, 39.24102238235934 ], [ -76.506413560729428, 39.240312726217169 ], [ -76.506287796589646, 39.24029185386901 ], [ -76.506054234615775, 39.240618853276629 ], [ -76.505829655794741, 39.240702342242805 ], [ -76.504679812231075, 39.240827575505776 ], [ -76.503323356152066, 39.240479704778842 ], [ -76.501895034850307, 39.240632768111219 ], [ -76.501580624500875, 39.24050057707111 ], [ -76.500996719566174, 39.239832660638399 ], [ -76.500601460841182, 39.239616977932016 ], [ -76.499936707530935, 39.239616977932016 ], [ -76.499020425941126, 39.239930065514244 ], [ -76.49867906613315, 39.239943980485471 ], [ -76.498580251451898, 39.239839618134013 ], [ -76.49885872918999, 39.2395126150941 ], [ -76.501050618483234, 39.238900349984434 ], [ -76.501374011985519, 39.238642918740368 ], [ -76.50171537179348, 39.238538554453392 ], [ -76.50225436096396, 39.238622045895397 ], [ -76.502550805007715, 39.23825329127687 ], [ -76.50311674363671, 39.238260248929116 ], [ -76.503323356152066, 39.237898450097028 ], [ -76.503934210545253, 39.237717549981305 ], [ -76.504284553506054, 39.237480987587695 ], [ -76.504015058920828, 39.237251382148742 ], [ -76.502721484911703, 39.23730008639555 ], [ -76.501374011985519, 39.237557522567037 ], [ -76.500861972273569, 39.237480987587695 ], [ -76.500646376605374, 39.237320959633834 ], [ -76.501356045679827, 39.235699786304885 ], [ -76.503305389846375, 39.234440394046615 ], [ -76.503718614877059, 39.233981162516088 ], [ -76.503754547488427, 39.233167062870635 ], [ -76.502865215357161, 39.232304246098892 ], [ -76.503404204527627, 39.231664084864114 ], [ -76.505173885637348, 39.231803250846731 ], [ -76.506368644965221, 39.23153187692499 ], [ -76.508650365786878, 39.230237617629541 ], [ -76.509207321263034, 39.2294791427557 ], [ -76.509845125114765, 39.229061630152657 ], [ -76.516932832706473, 39.232290329612404 ], [ -76.51705859684624, 39.232673031985037 ], [ -76.516735203343956, 39.233097481266213 ], [ -76.516834018025207, 39.233716755119914 ], [ -76.516582489745659, 39.234426477983796 ], [ -76.516582489745659, 39.235379721906575 ], [ -76.517013681082034, 39.236110301548031 ], [ -76.516825034872369, 39.237000902631046 ], [ -76.518172507798553, 39.236611266048293 ], [ -76.518226406715598, 39.236743464417124 ], [ -76.517507754488307, 39.236980029297548 ], [ -76.517561653405352, 39.23712614250168 ], [ -76.516834018025207, 39.237355748350502 ], [ -76.517175377833183, 39.239109077326688 ], [ -76.517031647387725, 39.239832660638399 ], [ -76.517211310444537, 39.24134937836164 ], [ -76.517669451239442, 39.241871177336073 ], [ -76.521190847153193, 39.240778873707853 ], [ -76.521559156419684, 39.241210231312934 ], [ -76.521747802629349, 39.242079895839026 ], [ -76.522044246673104, 39.242399929670718 ], [ -76.523571382656101, 39.242038152188115 ], [ -76.523822910935664, 39.242219041162649 ], [ -76.525574625739694, 39.241857262747118 ], [ -76.526176496980057, 39.241627671631022 ], [ -76.526706502997683, 39.241147615050956 ], [ -76.529931454867665, 39.240222279330311 ], [ -76.530039252701769, 39.257537253106101 ], [ -76.531422658239308, 39.257446828431263 ], [ -76.533210305654706, 39.259749143447181 ], [ -76.532554535497297, 39.259825654128441 ], [ -76.532797080624022, 39.262190488551113 ], [ -76.531225028876804, 39.262301772911385 ], [ -76.531359776169424, 39.26387364562769 ], [ -76.530116792582149, 39.264164100894909 ], [ -76.530105402842665, 39.271929631291407 ], [ -76.530103820011121, 39.272463225936917 ], [ -76.530406574719763, 39.272610370940477 ], [ -76.543431424093995, 39.272058374952415 ], [ -76.543645335421019, 39.27645582535385 ], [ -76.546093436809741, 39.276363831257669 ], [ -76.546327314092267, 39.281425532077392 ], [ -76.54050891431892, 39.281513839808689 ], [ -76.540908216361032, 39.28438378672886 ], [ -76.537143368920454, 39.284251329822112 ], [ -76.534975729648295, 39.284913609764807 ], [ -76.53360669446036, 39.286458905509193 ], [ -76.533321479357639, 39.287960016702598 ], [ -76.530045699910573, 39.288136673979658 ], [ -76.530039252701769, 39.294233082130226 ], [ -76.529932126807509, 39.296873453582904 ], [ -76.529796707575059, 39.298272134284403 ], [ -76.521568139572523, 39.300552253590169 ], [ -76.510716490940368, 39.304486675055266 ], [ -76.507383741236282, 39.304368506607275 ], [ -76.502856232204309, 39.300072600514319 ], [ -76.503925227392415, 39.291014186986978 ], [ -76.500709258675272, 39.288149732544888 ], [ -76.489740829056174, 39.282545630912132 ], [ -76.476149318807444, 39.278971565192954 ], [ -76.471612826622646, 39.275751968560883 ] ] ] } },
{ "type": "Feature", "properties": { "OBJECTID_1": 8, "BRNI_Name": "East Baltimore Development Inc. - Middle East", "Map_Number": 8, "BRNI_Short_Name": "EBDI", "XCoord": -76.59050715, "YCoord": 39.30169496, "Induction_Date": 2017.0, "Shape__Length": 3893.9275088167028, "Shape__Area": 852080.0 }, "geometry": { "type": "Polygon", "coordinates": [ [ [ -76.585123945923982, 39.298717041444149 ], [ -76.594089132459501, 39.298390313024491 ], [ -76.594655071088496, 39.306370392197898 ], [ -76.593684890581642, 39.306321735935427 ], [ -76.592337417655457, 39.306022846723771 ], [ -76.59165469803952, 39.305717005278886 ], [ -76.587764992859292, 39.302943518437509 ], [ -76.586444469391637, 39.302436076620978 ], [ -76.585348524745001, 39.302304002120174 ], [ -76.585123945923982, 39.298717041444149 ] ] ] } },
{ "type": "Feature", "properties": { "OBJECTID_1": 9, "BRNI_Name": "Greater Baybrook Alliance", "Map_Number": 6, "BRNI_Short_Name": "GBA", "XCoord": -76.60621019, "YCoord": 39.22186086, "Induction_Date": 2017.0, "Shape__Length": 18683.150494730635, "Shape__Area": 18245257.0 }, "geometry": { "type": "Polygon", "coordinates": [ [ [ -76.607114704079223, 39.242232955679832 ], [ -76.608210648725844, 39.240048342681668 ], [ -76.601203789509711, 39.240591023599151 ], [ -76.600386322601167, 39.240479704778842 ], [ -76.598688506714183, 39.24001355530018 ], [ -76.600467170976742, 39.236360784245278 ], [ -76.597412899010735, 39.235386679843799 ], [ -76.59770934305449, 39.234878748612864 ], [ -76.588303982029757, 39.231914583434097 ], [ -76.58855551030932, 39.231872833734535 ], [ -76.588546527156481, 39.23173366788992 ], [ -76.587360750981446, 39.231163085041473 ], [ -76.586067176972293, 39.216187105915928 ], [ -76.587540414038259, 39.215602476881827 ], [ -76.587432616204168, 39.214196563323569 ], [ -76.587711093942232, 39.214120002866132 ], [ -76.58812431897293, 39.214182643246602 ], [ -76.588483645086583, 39.214036482271901 ], [ -76.589094499479785, 39.213229111405909 ], [ -76.585977345443894, 39.210229229709611 ], [ -76.586103109583661, 39.209498380648647 ], [ -76.586875660728012, 39.207333630708071 ], [ -76.588187201042828, 39.206888143342184 ], [ -76.593702856887319, 39.206595790722673 ], [ -76.604994680008701, 39.206992554697088 ], [ -76.608084884586077, 39.206936868660456 ], [ -76.61019592550376, 39.206686280949228 ], [ -76.614894114439693, 39.206595790722673 ], [ -76.618891617454025, 39.206185102844586 ], [ -76.623850317822374, 39.205147931242038 ], [ -76.624245576547381, 39.205342837141345 ], [ -76.624245576547381, 39.206748927960852 ], [ -76.624847447787744, 39.208231557592121 ], [ -76.624667784730917, 39.209428775579497 ], [ -76.624775582565022, 39.212734940175295 ], [ -76.625260672818428, 39.215873912395907 ], [ -76.624730666800815, 39.221886983881035 ], [ -76.624820498329228, 39.225853658793767 ], [ -76.624012014573509, 39.229493059799687 ], [ -76.622646575341648, 39.231678001474791 ], [ -76.617831605418772, 39.237105269205436 ], [ -76.614049698072634, 39.241015424981029 ], [ -76.614067664378311, 39.240876277269884 ], [ -76.610124060281024, 39.240591023599151 ], [ -76.610366605407734, 39.24011095992487 ], [ -76.608659806367911, 39.240312726217169 ], [ -76.608390311782671, 39.240820618108145 ], [ -76.609297610219627, 39.241133700318493 ], [ -76.609144896621331, 39.241258932811377 ], [ -76.609540155346352, 39.241391122422435 ], [ -76.609342525983834, 39.241752903242052 ], [ -76.608758621049162, 39.241558098417187 ], [ -76.608605907450865, 39.241676372839663 ], [ -76.608399294935523, 39.241606799674116 ], [ -76.60812980035027, 39.242149468535338 ], [ -76.607869288917882, 39.242065981291482 ], [ -76.607914204682089, 39.242490373749817 ], [ -76.607114704079223, 39.242232955679832 ] ] ] } },
{ "type": "Feature", "properties": { "OBJECTID_1": 10, "BRNI_Name": "Neighborhood Housing Services - Greater Rosemont", "Map_Number": 15, "BRNI_Short_Name": "NHS", "XCoord": -76.65899791, "YCoord": 39.30709042, "Induction_Date": 2019.0, "Shape__Length": 15632.697037141093, "Shape__Area": 10459546.155669356 }, "geometry": { "type": "Polygon", "coordinates": [ [ [ -76.654583081470676, 39.321918611285447 ], [ -76.650744249681608, 39.320216541039642 ], [ -76.650579968477388, 39.320146687241255 ], [ -76.650543077363622, 39.320131001469356 ], [ -76.65010021691171, 39.319935317156087 ], [ -76.649693643905692, 39.319771584299467 ], [ -76.64927841383529, 39.319595070785809 ], [ -76.648909037370231, 39.319437962181304 ], [ -76.648698381537798, 39.319345953663451 ], [ -76.648392480929033, 39.319192153212946 ], [ -76.648236897213408, 39.319103548299367 ], [ -76.648018549107178, 39.318963384598447 ], [ -76.647794944059925, 39.318800576551283 ], [ -76.647654393650569, 39.318690265940532 ], [ -76.647447791016688, 39.318480855436846 ], [ -76.647156534743701, 39.318197263061549 ], [ -76.646780711069866, 39.317830396245085 ], [ -76.646438614643358, 39.317499618451599 ], [ -76.646220932188768, 39.317295005310633 ], [ -76.646061177595271, 39.317167891138652 ], [ -76.645982199512119, 39.317105050145656 ], [ -76.645908814339933, 39.317052582414988 ], [ -76.645678996544163, 39.316909176671821 ], [ -76.645432683883158, 39.316783397561537 ], [ -76.64509715863295, 39.316644298797222 ], [ -76.644920195911865, 39.31658873733069 ], [ -76.644763398572294, 39.316552891939629 ], [ -76.644601593125003, 39.316505236590729 ], [ -76.644409520740851, 39.316433910574069 ], [ -76.644237702671404, 39.316362642863901 ], [ -76.644040662603715, 39.316271648462894 ], [ -76.643498474532521, 39.315938733837214 ], [ -76.643572811918901, 39.315745717701944 ], [ -76.643811819480035, 39.315528212774765 ], [ -76.644114782597811, 39.315245555021647 ], [ -76.644302419999406, 39.315072743487846 ], [ -76.644323988549388, 39.315052214492603 ], [ -76.644535196845723, 39.314851196404646 ], [ -76.644540445701935, 39.314846200013619 ], [ -76.644557119331907, 39.31483091198622 ], [ -76.644741454526539, 39.314661868450585 ], [ -76.644787212910472, 39.314619905313492 ], [ -76.645067586992113, 39.314359080409396 ], [ -76.64525870536545, 39.314179204672911 ], [ -76.645329595916095, 39.314112483521733 ], [ -76.645427123311549, 39.314020693879058 ], [ -76.645575441453147, 39.313891502614723 ], [ -76.645577111421261, 39.313889889485999 ], [ -76.645779843214584, 39.313694160609245 ], [ -76.645820402149667, 39.313655002674849 ], [ -76.645922978975321, 39.313558708716705 ], [ -76.646026104671634, 39.313460296903699 ], [ -76.646249185102775, 39.313247418576253 ], [ -76.646220713898146, 39.313179821504349 ], [ -76.646263801590763, 39.313139073766848 ], [ -76.64633275627196, 39.313075797546048 ], [ -76.646476967316104, 39.312943460943792 ], [ -76.64654132172474, 39.312884404040126 ], [ -76.646525078387782, 39.312548576420625 ], [ -76.646489352388926, 39.311993884999353 ], [ -76.646462773934616, 39.311549278387076 ], [ -76.646428891278717, 39.311010514299788 ], [ -76.646423822085566, 39.310929937902763 ], [ -76.646383966531374, 39.310269718809259 ], [ -76.646377546272021, 39.310163275220525 ], [ -76.646363758929056, 39.309893824067132 ], [ -76.646389999616829, 39.309892208761092 ], [ -76.646503408328158, 39.309885228330991 ], [ -76.646981544722976, 39.30985913251196 ], [ -76.647292683408153, 39.309843429837329 ], [ -76.647341164585725, 39.30984070244255 ], [ -76.647474143993875, 39.309833308449676 ], [ -76.647656912526628, 39.309823148137454 ], [ -76.648154581888974, 39.309795766443138 ], [ -76.648151865383554, 39.309743035365429 ], [ -76.648140102843229, 39.309519238185139 ], [ -76.648133928722274, 39.309414248213294 ], [ -76.648121103474978, 39.309196054954867 ], [ -76.648110006586251, 39.309006000649219 ], [ -76.648097069049541, 39.308784435051521 ], [ -76.648084554619331, 39.308574443709574 ], [ -76.648060334242643, 39.308171176993127 ], [ -76.648042062509759, 39.307854426012405 ], [ -76.648033366817813, 39.307718066167482 ], [ -76.648005342075891, 39.307229280876079 ], [ -76.647982879702198, 39.306826042552579 ], [ -76.647976985855621, 39.306727302226264 ], [ -76.647969559483172, 39.306602863012031 ], [ -76.647955297829725, 39.306399268283485 ], [ -76.647949713003598, 39.306295521317367 ], [ -76.647932857015618, 39.305982215764807 ], [ -76.647907859596202, 39.305557043415028 ], [ -76.647894264492692, 39.305327748512596 ], [ -76.647888337408446, 39.305227795207216 ], [ -76.647873375069082, 39.304931021389493 ], [ -76.647867117404815, 39.304805416071126 ], [ -76.647861158879522, 39.304685796780099 ], [ -76.647846777750146, 39.304449601463972 ], [ -76.647840273947466, 39.30430600028339 ], [ -76.647832801760941, 39.304141035258759 ], [ -76.647817754979926, 39.303901833822728 ], [ -76.647798865206141, 39.303601547518845 ], [ -76.647787395516602, 39.303393385470585 ], [ -76.647768729423305, 39.303054717216497 ], [ -76.647764706767461, 39.302999501556812 ], [ -76.647750251077909, 39.302801038878627 ], [ -76.647742895672351, 39.302700060130178 ], [ -76.647736691008689, 39.302595652176031 ], [ -76.647729696725889, 39.302477946966235 ], [ -76.647724845823362, 39.302388978187452 ], [ -76.647711680114554, 39.302165539811874 ], [ -76.647707642187356, 39.302106000427635 ], [ -76.647699472908172, 39.301985565998329 ], [ -76.647672728265533, 39.301538023492618 ], [ -76.647654496058522, 39.301228779897578 ], [ -76.647647257433974, 39.301106001332144 ], [ -76.647634970277508, 39.300897589952264 ], [ -76.647614362026573, 39.300571174793909 ], [ -76.647593761860477, 39.300141458043569 ], [ -76.647587592231091, 39.300023234294201 ], [ -76.647576823227467, 39.299816914190508 ], [ -76.647559109348393, 39.29949171816537 ], [ -76.647538466063168, 39.299120904860423 ], [ -76.647534600612488, 39.299055153700955 ], [ -76.647525705494544, 39.298906000306289 ], [ -76.647515497937974, 39.298734829329732 ], [ -76.647497958332039, 39.298406028001224 ], [ -76.64749341465334, 39.298322375567047 ], [ -76.647467408425882, 39.297876336242005 ], [ -76.647464080167737, 39.297806000629713 ], [ -76.647452177490223, 39.297554397837821 ], [ -76.647438025431242, 39.297335130398046 ], [ -76.647431624934853, 39.297231785018951 ], [ -76.647431119183352, 39.297223653498307 ], [ -76.64741513276455, 39.296966446137063 ], [ -76.647400693244663, 39.296707542969358 ], [ -76.647386115384236, 39.296446777826603 ], [ -76.647382664056906, 39.29638504025894 ], [ -76.647362963104413, 39.29605601794632 ], [ -76.647356020923894, 39.295920887157749 ], [ -76.647348138207278, 39.295767449553594 ], [ -76.647331105251183, 39.295491541600313 ], [ -76.647322993464158, 39.295321183305219 ], [ -76.647314869100725, 39.295150576409021 ], [ -76.647294168323327, 39.294781864654155 ], [ -76.647286955749919, 39.294628560814083 ], [ -76.647280139333546, 39.294483663085096 ], [ -76.647264807786584, 39.294193555968555 ], [ -76.647262074213188, 39.294141960928641 ], [ -76.647254779893061, 39.294009522477936 ], [ -76.647245364650573, 39.293838587720771 ], [ -76.647238868034435, 39.293718531864378 ], [ -76.647229628861737, 39.293547816780475 ], [ -76.647227364208916, 39.293506000187314 ], [ -76.647225922412872, 39.293479382410055 ], [ -76.647211511639085, 39.293218566311516 ], [ -76.647204910818374, 39.293099128138763 ], [ -76.647195585407403, 39.292930472879931 ], [ -76.647555931108911, 39.292920825274059 ], [ -76.647933413971089, 39.292906482131343 ], [ -76.648234508593063, 39.292887610997731 ], [ -76.648530437003856, 39.292864745105852 ], [ -76.648726020902458, 39.292852726083744 ], [ -76.648938359279427, 39.292847339492162 ], [ -76.649530725445771, 39.292824919225538 ], [ -76.649800155352295, 39.292814305243994 ], [ -76.650333726783288, 39.292793278195774 ], [ -76.650746791913875, 39.292782744855451 ], [ -76.651301890572327, 39.292768583833251 ], [ -76.651735207322673, 39.292757469976806 ], [ -76.651916150478769, 39.292759305369195 ], [ -76.652128428668618, 39.292774402165094 ], [ -76.6524027921227, 39.292813220694775 ], [ -76.652670753283743, 39.292873282447935 ], [ -76.652909654843654, 39.292930938679149 ], [ -76.653316613226934, 39.293033393570788 ], [ -76.653722268154723, 39.293132038503309 ], [ -76.653859885564685, 39.293165817877828 ], [ -76.654066406451861, 39.293216509851241 ], [ -76.65441503273216, 39.293295143343073 ], [ -76.654448803996971, 39.293301615137054 ], [ -76.654745082750708, 39.293346051435861 ], [ -76.65504558987449, 39.293369296759771 ], [ -76.655347698694428, 39.293371148126155 ], [ -76.655575262617134, 39.293363926197962 ], [ -76.65611468926717, 39.293344461470966 ], [ -76.656258031640434, 39.2933339601936 ], [ -76.656265908967157, 39.293467316218646 ], [ -76.656957491361666, 39.293440464833544 ], [ -76.657642871787473, 39.29341215904234 ], [ -76.657800798309367, 39.29340551345404 ], [ -76.65820448053681, 39.293388596017934 ], [ -76.658830401473949, 39.293362621273076 ], [ -76.659168238987689, 39.293350506396251 ], [ -76.659326757499358, 39.293344822289399 ], [ -76.659628867217606, 39.293330365912951 ], [ -76.66002986258404, 39.293314738089677 ], [ -76.660442842374664, 39.293297787956305 ], [ -76.660646597349086, 39.293276200011363 ], [ -76.660989073762948, 39.293259515442529 ], [ -76.661330573708085, 39.293251083125696 ], [ -76.661426841665516, 39.293246104658664 ], [ -76.661458219818385, 39.293244711438646 ], [ -76.661884445267873, 39.293225791035582 ], [ -76.662453246827695, 39.293206515370052 ], [ -76.662647393421821, 39.293506000187314 ], [ -76.662675718201058, 39.293549695255578 ], [ -76.662777565594709, 39.293705423586943 ], [ -76.662816089845677, 39.29376757160837 ], [ -76.662974621832063, 39.29400600053399 ], [ -76.663012456176872, 39.294062902223253 ], [ -76.663162743425602, 39.29430714348122 ], [ -76.663216994482241, 39.294385684675895 ], [ -76.663294228935428, 39.294451614022869 ], [ -76.663320898119579, 39.294468134933922 ], [ -76.663980869697568, 39.29444343003874 ], [ -76.66491743704313, 39.294419277825114 ], [ -76.664904146468473, 39.294370153026954 ], [ -76.665372549617189, 39.294348462521789 ], [ -76.665427944229194, 39.294344643045591 ], [ -76.665654332257205, 39.294329035609778 ], [ -76.665758075096093, 39.294324915107069 ], [ -76.666148718277185, 39.294309399434461 ], [ -76.666662873521631, 39.294296015964818 ], [ -76.667834839895804, 39.294237297882027 ], [ -76.668616189140025, 39.294213717059911 ], [ -76.669245119433384, 39.294205419033524 ], [ -76.669744331203077, 39.294195994765701 ], [ -76.670176916724785, 39.294187826741549 ], [ -76.670309877268295, 39.294178798741264 ], [ -76.670491000087466, 39.294406000048077 ], [ -76.670590999646578, 39.296306000075724 ], [ -76.670582022781929, 39.296350887035643 ], [ -76.670490999189127, 39.296805999891994 ], [ -76.669991000495273, 39.298906000306289 ], [ -76.66982948250886, 39.299632828746368 ], [ -76.669838498899367, 39.29963604662408 ], [ -76.670152675686836, 39.299747773413955 ], [ -76.670359758021078, 39.299790109730509 ], [ -76.671003449431169, 39.29994942854983 ], [ -76.671464604972158, 39.3001048465119 ], [ -76.671555590835709, 39.300142138596499 ], [ -76.671671718747433, 39.300210790987933 ], [ -76.671768664932898, 39.300295515171648 ], [ -76.671842727434807, 39.300393126613557 ], [ -76.672027715704644, 39.300675513472598 ], [ -76.672062632321428, 39.300740852279382 ], [ -76.672144680846216, 39.300849973991525 ], [ -76.672249730733867, 39.300946414734447 ], [ -76.672423272670329, 39.301063180602341 ], [ -76.672665189874664, 39.301241946548451 ], [ -76.672982349967199, 39.301513129929454 ], [ -76.67328231361023, 39.301819331055235 ], [ -76.67357413222858, 39.302136902494929 ], [ -76.673826020732577, 39.302425024775317 ], [ -76.673875368784394, 39.302490010214413 ], [ -76.67393880421649, 39.302573552704132 ], [ -76.673758478202998, 39.302809981656942 ], [ -76.67365324775399, 39.302974719037906 ], [ -76.673611022444064, 39.303069296707008 ], [ -76.673554668431322, 39.303207116326291 ], [ -76.67352618734526, 39.303342313684318 ], [ -76.673504544235115, 39.303504582144619 ], [ -76.673503770785643, 39.303672311755562 ], [ -76.673523981082923, 39.303821163741468 ], [ -76.673582335643758, 39.304005288219145 ], [ -76.673693789621083, 39.30433427386572 ], [ -76.673779519441894, 39.304606688117055 ], [ -76.673873405067184, 39.304920959070259 ], [ -76.673952580779698, 39.305151992363683 ], [ -76.674040575253343, 39.305426347623133 ], [ -76.674084179477248, 39.305565125310913 ], [ -76.674121299661422, 39.305719718237384 ], [ -76.674137709186709, 39.305899830504345 ], [ -76.674125879272736, 39.306080177944068 ], [ -76.674117577941189, 39.306199690588301 ], [ -76.674086510605406, 39.306284980972322 ], [ -76.674074639368939, 39.30631757373812 ], [ -76.674051659565649, 39.306380662835508 ], [ -76.673979009215344, 39.30653867379143 ], [ -76.67385751297148, 39.30675221756794 ], [ -76.673553628182233, 39.307165866550577 ], [ -76.673421053015971, 39.307329574692339 ], [ -76.673155290930737, 39.307597251456556 ], [ -76.67298475565552, 39.307769407230296 ], [ -76.672808569078853, 39.307944061370186 ], [ -76.672678934996824, 39.30813559628232 ], [ -76.672549738394366, 39.308392084216742 ], [ -76.672471142993501, 39.308669024932819 ], [ -76.67242547623772, 39.308871238915984 ], [ -76.673097272339803, 39.3088557125661 ], [ -76.674101071397843, 39.308834115517421 ], [ -76.674138169124134, 39.309409861695876 ], [ -76.674171052853424, 39.309919459052466 ], [ -76.674203398491869, 39.310434950187755 ], [ -76.674231441200078, 39.310965762543141 ], [ -76.674245902279523, 39.311027585252148 ], [ -76.674302622804873, 39.31204476003326 ], [ -76.674328034347639, 39.312558529218812 ], [ -76.674359318177409, 39.313100537566896 ], [ -76.674371946693654, 39.31330711389721 ], [ -76.674392838812224, 39.313648869150732 ], [ -76.674422565861605, 39.314138889119924 ], [ -76.674192730997859, 39.314146623908748 ], [ -76.67266760544446, 39.314201862049337 ], [ -76.671932155619658, 39.314231611312479 ], [ -76.671257588214942, 39.314258891884414 ], [ -76.671012644586426, 39.314273829751421 ], [ -76.669627784676436, 39.314312738525764 ], [ -76.667891188518638, 39.314375629982543 ], [ -76.667713847606819, 39.314392108660797 ], [ -76.667030307829023, 39.314411429923489 ], [ -76.666706310658881, 39.314419136186785 ], [ -76.66637799798211, 39.314430136792751 ], [ -76.666104265145336, 39.314439795334451 ], [ -76.666016410808879, 39.314453059581332 ], [ -76.665597094302242, 39.314473434460474 ], [ -76.665190559923786, 39.31449036487124 ], [ -76.664853160787914, 39.314506079708238 ], [ -76.66449999801543, 39.314526722845095 ], [ -76.664375956844367, 39.314524550249395 ], [ -76.66353151442614, 39.314547136623162 ], [ -76.663465508914015, 39.314540172642623 ], [ -76.663157373296841, 39.314559322892507 ], [ -76.662576143545081, 39.314595623144854 ], [ -76.66227368977205, 39.314641707688551 ], [ -76.661936385857601, 39.314685012175367 ], [ -76.661748543640115, 39.314711677489868 ], [ -76.661557848373292, 39.314745584062457 ], [ -76.661202956343885, 39.3148208253752 ], [ -76.660962149457248, 39.314876181829376 ], [ -76.660813588770509, 39.314912082984847 ], [ -76.660497697997471, 39.314988315888726 ], [ -76.660252202803363, 39.315054655343054 ], [ -76.659957080181385, 39.315139595773708 ], [ -76.659877153477311, 39.31516662857095 ], [ -76.659891000109099, 39.315706000053623 ], [ -76.662091000291042, 39.318306000341188 ], [ -76.664491000489534, 39.320605999913674 ], [ -76.664661582477152, 39.32205595111008 ], [ -76.664677276045168, 39.322189346925555 ], [ -76.664214699369396, 39.322044937804499 ], [ -76.66382187328216, 39.321934413405515 ], [ -76.663698230963092, 39.322183395526892 ], [ -76.663582626769184, 39.322358191590588 ], [ -76.663482673922474, 39.322464762561907 ], [ -76.663332785525725, 39.322615712172343 ], [ -76.663152428969511, 39.322745796290235 ], [ -76.662918521144249, 39.322881659859405 ], [ -76.662642688944672, 39.322993655305815 ], [ -76.662251103430862, 39.323132626782858 ], [ -76.661827232465754, 39.323284294890293 ], [ -76.661466142060874, 39.323400354974432 ], [ -76.661160291757767, 39.323517725482994 ], [ -76.660967215057127, 39.32359486491147 ], [ -76.660464474705009, 39.323796441604884 ], [ -76.660304924927402, 39.323864248707046 ], [ -76.659691242637692, 39.324146897348569 ], [ -76.659442975242612, 39.324259169428579 ], [ -76.659208820380655, 39.32435359880656 ], [ -76.658941672194942, 39.32447979167469 ], [ -76.658687016879867, 39.324602749517986 ], [ -76.65827544744424, 39.324791963705529 ], [ -76.65817777631834, 39.324837020715833 ], [ -76.658097243251433, 39.324899369719212 ], [ -76.658074877895814, 39.32492362676939 ], [ -76.657842109134336, 39.325141945401633 ], [ -76.657708104748465, 39.325273124850149 ], [ -76.657580308619529, 39.325390452606676 ], [ -76.65743465757599, 39.325195996306363 ], [ -76.657248085576313, 39.324958256652515 ], [ -76.656998917171009, 39.324658150349912 ], [ -76.656829981795312, 39.324438623149263 ], [ -76.656735355958219, 39.3243156566785 ], [ -76.656426984982417, 39.323899609470459 ], [ -76.656136666550594, 39.323510000764244 ], [ -76.655927780399253, 39.323220561552695 ], [ -76.655812133086215, 39.323035568944981 ], [ -76.654583081470676, 39.321918611285447 ] ] ] } },
{ "type": "Feature", "properties": { "OBJECTID_1": 11, "BRNI_Name": "Westport CEDC - Harbor West Collaborative", "Map_Number": 17, "BRNI_Short_Name": "HWC", "XCoord": -76.6419633, "YCoord": 39.25977308, "Induction_Date": 2020.0, "Shape__Length": 14312.689442469802, "Shape__Area": 5304259.7991427546 }, "geometry": { "type": "Polygon", "coordinates": [ [ [ -76.645248731370842, 39.269767008696235 ], [ -76.64523465656697, 39.269765963430963 ], [ -76.645220524270911, 39.269766149116798 ], [ -76.645206399161381, 39.26976538342344 ], [ -76.645194153327438, 39.269760205082932 ], [ -76.645185502551257, 39.269751502882926 ], [ -76.645178243265448, 39.26974209131992 ], [ -76.645172489556046, 39.269732032984386 ], [ -76.645168629495274, 39.269721470443884 ], [ -76.645166448385766, 39.269710606075193 ], [ -76.645164968860485, 39.269699498296092 ], [ -76.645166328011513, 39.269688689560276 ], [ -76.64517048092307, 39.269678315481173 ], [ -76.645175533946556, 39.269668063800374 ], [ -76.645181037924303, 39.269657869145256 ], [ -76.645186544596996, 39.269647667534151 ], [ -76.645191572467624, 39.269637380380743 ], [ -76.645195871804589, 39.26962690336687 ], [ -76.645201243729971, 39.269616764342103 ], [ -76.64520764602301, 39.269606950092999 ], [ -76.645215091260084, 39.269597630310543 ], [ -76.645224094175873, 39.269589155503944 ], [ -76.645234633210777, 39.269581746827967 ], [ -76.645242356925593, 39.269572700355823 ], [ -76.64524858764041, 39.269562769264148 ], [ -76.645255255834755, 39.269553051675722 ], [ -76.645262276168694, 39.26954351907689 ], [ -76.645271301542365, 39.269535124241017 ], [ -76.645280873990018, 39.26952705418168 ], [ -76.645287940138047, 39.269517599470312 ], [ -76.645294681994244, 39.269507964634734 ], [ -76.645301205559861, 39.269498211570443 ], [ -76.645307620429293, 39.269488398000206 ], [ -76.64531403619705, 39.269478583733168 ], [ -76.645320559762652, 39.269468829969313 ], [ -76.645287709271017, 39.269458605380642 ], [ -76.645284230994235, 39.269463385247398 ], [ -76.645280730259586, 39.269468156768319 ], [ -76.645277211558621, 39.269472922725292 ], [ -76.645273677586289, 39.269477682422824 ], [ -76.645270133732495, 39.269482437947339 ], [ -76.645266579997227, 39.269487190689667 ], [ -76.645263022668701, 39.269491942040794 ], [ -76.64525946444185, 39.269496692696123 ], [ -76.645255908909974, 39.269501443351132 ], [ -76.645252358767948, 39.269506197483111 ], [ -76.645248817609115, 39.269510954396523 ], [ -76.645245289925001, 39.269515716873343 ], [ -76.645241779308847, 39.269520484913421 ], [ -76.645238287557348, 39.269525260603203 ], [ -76.645234820060352, 39.269530043942652 ], [ -76.645231378614483, 39.269534837713607 ], [ -76.645227968609689, 39.269539643306963 ], [ -76.64522459094421, 39.269544460027255 ], [ -76.645221251007982, 39.269549290656329 ], [ -76.645217952394262, 39.269554136585079 ], [ -76.645214696899686, 39.269558999204428 ], [ -76.645211492609064, 39.269563879905199 ], [ -76.645208455405069, 39.269568823196579 ], [ -76.645205624813613, 39.269573842292132 ], [ -76.645202964902069, 39.269578924673723 ], [ -76.645200438839481, 39.26958405573675 ], [ -76.645198007998331, 39.269589223658436 ], [ -76.645195638242612, 39.26959441105253 ], [ -76.645193290944775, 39.26959960679163 ], [ -76.64519092837557, 39.269604796271302 ], [ -76.64518851550072, 39.269609964886918 ], [ -76.645186043337063, 39.26961510985678 ], [ -76.645183617885806, 39.269620270126211 ], [ -76.645181240943543, 39.26962544569524 ], [ -76.645178896340653, 39.269630632391191 ], [ -76.645176565212509, 39.269635823954857 ], [ -76.645174232287701, 39.269641013431851 ], [ -76.64517187870166, 39.269646196649369 ], [ -76.645169491877951, 39.269651366652859 ], [ -76.645167052053637, 39.269656518574195 ], [ -76.645164541262417, 39.269661646849677 ], [ -76.64516194602956, 39.269666745220334 ], [ -76.64515924749044, 39.269671807427009 ], [ -76.645156372881544, 39.269676810519748 ], [ -76.645153266507293, 39.269681736416835 ], [ -76.645149975080088, 39.269686599722746 ], [ -76.645146551600547, 39.269691413651174 ], [ -76.645143041882719, 39.269696194197465 ], [ -76.645139495333979, 39.269700955270764 ], [ -76.64513595956501, 39.269705711475545 ], [ -76.645132384270198, 39.269710446816418 ], [ -76.645128724533734, 39.269715145297944 ], [ -76.645124985745511, 39.269719808311024 ], [ -76.64512117329545, 39.269724435160299 ], [ -76.645117292573417, 39.269729023063867 ], [ -76.645113350765953, 39.269733580367195 ], [ -76.645109344279774, 39.269738122370271 ], [ -76.645105197656434, 39.26974258856869 ], [ -76.645100834539093, 39.269746903853552 ], [ -76.645096176774345, 39.269751005634163 ], [ -76.645091191124521, 39.269754913383252 ], [ -76.645085935081795, 39.269758626405334 ], [ -76.645080473324867, 39.269762126618673 ], [ -76.645074762734595, 39.269765302055504 ], [ -76.645068318220765, 39.269767635299075 ], [ -76.645061666196085, 39.269769522061964 ], [ -76.645054996205104, 39.269771411606648 ], [ -76.645048278603412, 39.269773210742429 ], [ -76.645041496323003, 39.269774776206141 ], [ -76.645034630499296, 39.26977596542995 ], [ -76.645027679335612, 39.269776735295927 ], [ -76.645020668883149, 39.269777249930804 ], [ -76.645013618006487, 39.269777584443425 ], [ -76.645006541078658, 39.269777813247288 ], [ -76.644999454269396, 39.269778007974018 ], [ -76.644992371053377, 39.26977824303696 ], [ -76.644985309396944, 39.26977859006778 ], [ -76.644978277384894, 39.269779102616248 ], [ -76.644971261542523, 39.26977973547806 ], [ -76.644964251090045, 39.26978043232144 ], [ -76.64495724423081, 39.269781141682955 ], [ -76.644950231083385, 39.269781809317344 ], [ -76.644943207156189, 39.269782382370188 ], [ -76.644936172449192, 39.269782898395889 ], [ -76.64492912965737, 39.269783418594329 ], [ -76.644922083272292, 39.269783907497441 ], [ -76.644915034192252, 39.26978433380976 ], [ -76.644907982417266, 39.269784664149661 ], [ -76.644900928845658, 39.269784864439991 ], [ -76.644893877070672, 39.26978490268985 ], [ -76.644886822600768, 39.269784785853879 ], [ -76.644879768130835, 39.269784551486374 ], [ -76.644872711864267, 39.269784238532765 ], [ -76.644865654699402, 39.269783883852021 ], [ -76.644858596636212, 39.269783525694002 ], [ -76.644851538573036, 39.269783201613158 ], [ -76.64484447871321, 39.269782949859362 ], [ -76.644837418853385, 39.269782808682557 ], [ -76.644830358095263, 39.269782772518987 ], [ -76.644823296438815, 39.269782810073437 ], [ -76.644816233884043, 39.269782903959502 ], [ -76.644809168634325, 39.26978303540001 ], [ -76.644802105181256, 39.269783189790481 ], [ -76.644795040829862, 39.269783350440022 ], [ -76.64478797737678, 39.269783498571364 ], [ -76.6447809130254, 39.269783616102849 ], [ -76.64477384418241, 39.269783675911746 ], [ -76.644766770847866, 39.269783701643505 ], [ -76.644759695716701, 39.269783721811599 ], [ -76.644752623280468, 39.269783765625121 ], [ -76.644745556234113, 39.269783862988454 ], [ -76.644738498170938, 39.269784041719753 ], [ -76.644731452684155, 39.269784333114288 ], [ -76.644724423367066, 39.26978476499027 ], [ -76.644717414711224, 39.269785365165724 ], [ -76.644710421326735, 39.269786111386225 ], [ -76.64470344231529, 39.269786964010876 ], [ -76.644696469592049, 39.269787884094406 ], [ -76.644689499563768, 39.269788831300602 ], [ -76.644682527738837, 39.269789766684056 ], [ -76.644675547829081, 39.269790651994967 ], [ -76.644668556241228, 39.269791444810679 ], [ -76.644661546687061, 39.269792108272227 ], [ -76.644654522759851, 39.269792655593285 ], [ -76.644647491646126, 39.269793155623496 ], [ -76.644640455142508, 39.269793615317525 ], [ -76.644633413248997, 39.269794040238899 ], [ -76.644626366863918, 39.269794435255832 ], [ -76.644619316885553, 39.269794806627409 ], [ -76.644612266008892, 39.269795158526286 ], [ -76.644605211538959, 39.269795497907026 ], [ -76.644598157069055, 39.269795828942343 ], [ -76.644591101700797, 39.269796158586729 ], [ -76.64458404812919, 39.269796491012976 ], [ -76.644576996354203, 39.269796831784575 ], [ -76.644569946375867, 39.269797187856192 ], [ -76.644562896397503, 39.269797554359549 ], [ -76.644555848215774, 39.269797922949294 ], [ -76.644548798237437, 39.269798285279919 ], [ -76.644544993872202, 39.269798474442979 ], [ -76.644541747360776, 39.269798636483372 ], [ -76.644534695585804, 39.269798968214083 ], [ -76.644527642014182, 39.269799275604022 ], [ -76.644520586645939, 39.269799550307667 ], [ -76.644513530379385, 39.269799786065995 ], [ -76.644506471417884, 39.269799966883589 ], [ -76.644499408863112, 39.269800077460516 ], [ -76.644492343613408, 39.269800138660315 ], [ -76.644485275668771, 39.269800169955687 ], [ -76.644478208622417, 39.26980019360105 ], [ -76.644471141576076, 39.269800229069091 ], [ -76.644464077224669, 39.269800297918898 ], [ -76.644457015568236, 39.269800420318496 ], [ -76.644449960199978, 39.269800617826917 ], [ -76.644442909323317, 39.269800902266908 ], [ -76.644435860243291, 39.269801246515804 ], [ -76.644428816553145, 39.269801641532702 ], [ -76.644421774659648, 39.269802075494908 ], [ -76.644414734562758, 39.269802542838825 ], [ -76.644407696262491, 39.269803033132675 ], [ -76.644400658860562, 39.269803537335605 ], [ -76.644393623255269, 39.269804047797543 ], [ -76.644386586751637, 39.269804554086747 ], [ -76.644379551146343, 39.269805049248795 ], [ -76.644372511947751, 39.269805523547213 ], [ -76.644365469155929, 39.269805977677493 ], [ -76.644358423669161, 39.269806417203327 ], [ -76.644351376385771, 39.269806849774575 ], [ -76.644344329102353, 39.269807280259535 ], [ -76.644337280920652, 39.269807712830783 ], [ -76.644330235433856, 39.269808155138413 ], [ -76.644323190845398, 39.269808612050532 ], [ -76.644316150748523, 39.269809089130739 ], [ -76.644309116041541, 39.269809592638097 ], [ -76.644302086724437, 39.269810128136292 ], [ -76.644295063695552, 39.269810700493444 ], [ -76.644288047853181, 39.269811315968617 ], [ -76.644281041892285, 39.269811981516384 ], [ -76.64427404581285, 39.269812700613919 ], [ -76.644267062309837, 39.269813487170318 ], [ -76.644260091383217, 39.269814347444637 ], [ -76.644253132134722, 39.269815268918727 ], [ -76.644246182767674, 39.269816244638058 ], [ -76.644239240587154, 39.269817262084544 ], [ -76.644232305593178, 39.26981831360812 ], [ -76.644225374192445, 39.269819388081622 ], [ -76.644218444588333, 39.269820477855056 ], [ -76.64421151588256, 39.269821571105737 ], [ -76.644204585380137, 39.269822658792805 ], [ -76.644197652182768, 39.269823731179841 ], [ -76.64419071359552, 39.269824779226106 ], [ -76.64418376961838, 39.269825793195203 ], [ -76.644176814861439, 39.269826763350778 ], [ -76.644169858307876, 39.269827725856345 ], [ -76.644162902652624, 39.269828716180037 ], [ -76.644155947895712, 39.269829723890005 ], [ -76.64414899224046, 39.269830735772629 ], [ -76.644142034788587, 39.269831740005294 ], [ -76.644135072845145, 39.269832724765273 ], [ -76.644128107308418, 39.269833677534479 ], [ -76.644121135483502, 39.269834587185642 ], [ -76.644114157370353, 39.269835440505169 ], [ -76.644107170274097, 39.26983622636584 ], [ -76.644100173296351, 39.269836931554117 ], [ -76.644093166437116, 39.269837544942732 ], [ -76.644086147001502, 39.269838055404428 ], [ -76.644079116786088, 39.26983847198013 ], [ -76.644072075790888, 39.269838807187924 ], [ -76.644065027609173, 39.269839072850544 ], [ -76.644057973139226, 39.269839279399783 ], [ -76.644050911482793, 39.269839437267336 ], [ -76.644043845334764, 39.269839555494194 ], [ -76.644036774695167, 39.26983964590292 ], [ -76.644029702258933, 39.269839717534481 ], [ -76.64402262892439, 39.269839781516055 ], [ -76.644015554691521, 39.269839848279432 ], [ -76.644008481356977, 39.269839928256395 ], [ -76.644001410717379, 39.269840031183264 ], [ -76.643994342772714, 39.269840168187329 ], [ -76.643987279319632, 39.269840349700232 ], [ -76.643980221256456, 39.269840584762967 ], [ -76.643973170379795, 39.269840885198185 ], [ -76.643966124893026, 39.269841247528632 ], [ -76.643959082999515, 39.269841657149783 ], [ -76.643952044699262, 39.26984210641168 ], [ -76.643945009093954, 39.269842593227999 ], [ -76.643937977081904, 39.269843109948724 ], [ -76.643930945968179, 39.26984365309665 ], [ -76.643923916651076, 39.269844216412658 ], [ -76.643916889130608, 39.269844795724062 ], [ -76.643909862508451, 39.269845385467207 ], [ -76.643902836784605, 39.26984598007855 ], [ -76.643895811959098, 39.269846575385287 ], [ -76.643888786235266, 39.26984716443301 ], [ -76.643881760511434, 39.269847743744386 ], [ -76.643874733889277, 39.26984830984216 ], [ -76.64386770726712, 39.269848878721739 ], [ -76.643860682441598, 39.269849451774029 ], [ -76.643853656717752, 39.269850029694467 ], [ -76.643846631892231, 39.269850611092167 ], [ -76.643839608863345, 39.269851196662586 ], [ -76.643832584936135, 39.269851785014751 ], [ -76.643825561907249, 39.269852375453304 ], [ -76.64381853977666, 39.269852969369111 ], [ -76.643811516747775, 39.269853563980391 ], [ -76.6438044946172, 39.269854159982529 ], [ -76.643797470690004, 39.269854756680182 ], [ -76.643790448559415, 39.269855353377778 ], [ -76.643783427327165, 39.269855950075367 ], [ -76.643776403399954, 39.269856545382027 ], [ -76.643769381269379, 39.269857140688728 ], [ -76.643762358240494, 39.269857732518112 ], [ -76.643754165605102, 39.269857922376431 ], [ -76.64374006205513, 39.269858572623797 ], [ -76.643725958505172, 39.269859238866523 ], [ -76.643711852260267, 39.269859853645819 ], [ -76.643697738828834, 39.269860339766595 ], [ -76.643683610126061, 39.269860598474601 ], [ -76.643669478728313, 39.269860803632852 ], [ -76.643655361703637, 39.269861185435815 ], [ -76.6436412599503, 39.269861872542094 ], [ -76.643627152807071, 39.269862731424894 ], [ -76.643613095071203, 39.269863897697341 ], [ -76.643599151421341, 39.269865545917774 ], [ -76.643585397316045, 39.269868027289164 ], [ -76.64357172136414, 39.269870868208969 ], [ -76.643557949292529, 39.269873312025837 ], [ -76.643543974201648, 39.269874897655392 ], [ -76.64352993353377, 39.269876223186024 ], [ -76.643525731214865, 39.269876796238044 ], [ -76.643516026714849, 39.269878119682318 ], [ -76.643502285185946, 39.269880779088865 ], [ -76.643488511317699, 39.269883179787385 ], [ -76.643474319732846, 39.269884657621724 ], [ -76.643460411117303, 39.269883901665992 ], [ -76.643447956874198, 39.269878703166121 ], [ -76.643445203537851, 39.269877740661251 ], [ -76.643435048083575, 39.269874188294764 ], [ -76.643421399081134, 39.26987120202574 ], [ -76.643407521906624, 39.269869126798177 ], [ -76.643393430034763, 39.269868624682118 ], [ -76.643379274382525, 39.269868343719672 ], [ -76.643365275037127, 39.269866915957472 ], [ -76.643351336777172, 39.269865057710696 ], [ -76.643337466789205, 39.269862974137538 ], [ -76.643323634530461, 39.269860727133171 ], [ -76.643309734898068, 39.269858717973186 ], [ -76.643295864011748, 39.269856626749906 ], [ -76.643282210517754, 39.269853867197362 ], [ -76.643268761839636, 39.269850469219982 ], [ -76.643255165837829, 39.269847480168146 ], [ -76.643241478207827, 39.269844753301506 ], [ -76.643227568693973, 39.269842580014448 ], [ -76.643214278119345, 39.269839117359489 ], [ -76.643201942453857, 39.269833639980057 ], [ -76.643188572827498, 39.26983009247953 ], [ -76.643174730687278, 39.269827643097557 ], [ -76.643160661273285, 39.269826574187839 ], [ -76.643146325059675, 39.269826451788276 ], [ -76.643132450580111, 39.269827965091849 ], [ -76.643119722350846, 39.269832557161358 ], [ -76.643107297752167, 39.269838180585772 ], [ -76.64309392902409, 39.269841351150959 ], [ -76.643079912610716, 39.269843187839356 ], [ -76.643065694974723, 39.269844052981448 ], [ -76.64305161837423, 39.269843925713786 ], [ -76.643037616333885, 39.269842774740951 ], [ -76.64302363405649, 39.269840912320802 ], [ -76.643009706576322, 39.269838727906411 ], [ -76.642995864436116, 39.269836507328407 ], [ -76.642982113025738, 39.269833950847108 ], [ -76.642968476599734, 39.269831045248772 ], [ -76.642955026124966, 39.269827702906454 ], [ -76.642941833466708, 39.269823704752682 ], [ -76.642928531213997, 39.269820023029403 ], [ -76.642914865143567, 39.269817194625688 ], [ -76.642901004138736, 39.269814760543206 ], [ -76.64288704701417, 39.269813053903647 ], [ -76.642873018922685, 39.269812440514812 ], [ -76.642858837219293, 39.269813026085544 ], [ -76.64284477768679, 39.269814522698589 ], [ -76.642831130480985, 39.269817150116715 ], [ -76.642817731210215, 39.269820783158515 ], [ -76.642804127123554, 39.269823747175252 ], [ -76.642790288576606, 39.269826002526223 ], [ -76.642776340435191, 39.269827821133283 ], [ -76.642762331208317, 39.269829172396555 ], [ -76.642748247421309, 39.269830089002262 ], [ -76.642734131294915, 39.269830740640771 ], [ -76.64272001516855, 39.269831251797982 ], [ -76.642705878380923, 39.269831303956877 ], [ -76.642691786509076, 39.269830651622968 ], [ -76.642679957493399, 39.269829717630927 ], [ -76.642677721586665, 39.269829540986088 ], [ -76.642663692596855, 39.269828220322758 ], [ -76.642649708522853, 39.26982661869674 ], [ -76.642635645397064, 39.269825625591224 ], [ -76.642621527474063, 39.269825069229597 ], [ -76.642607400567897, 39.269824932225553 ], [ -76.642593258390391, 39.269825346714995 ], [ -76.642579141365687, 39.269825488587173 ], [ -76.642565104291052, 39.269824478790817 ], [ -76.642551124708604, 39.269822735292529 ], [ -76.642537164889106, 39.269821034912169 ], [ -76.642523220340948, 39.269819266377517 ], [ -76.642509238961864, 39.269817668228562 ], [ -76.642495233328276, 39.269816121543023 ], [ -76.642481189965423, 39.269814985174271 ], [ -76.642467072940747, 39.269814830088407 ], [ -76.642452917288495, 39.269815170859978 ], [ -76.642438849671152, 39.269814611020998 ], [ -76.642424899733086, 39.269812868217883 ], [ -76.642410959676511, 39.269810966156214 ], [ -76.642396973805859, 39.269809285248265 ], [ -76.642382975358785, 39.269807636331045 ], [ -76.642368958945411, 39.269806435285084 ], [ -76.642354868870171, 39.269806540298383 ], [ -76.642340824609036, 39.269808008398002 ], [ -76.6423268998238, 39.26980984230547 ], [ -76.6423130055813, 39.269811852857728 ], [ -76.642299107745544, 39.26981385506452 ], [ -76.642285173078861, 39.269815666021884 ], [ -76.64227118810652, 39.269817223139242 ], [ -76.642257181574607, 39.269818671765954 ], [ -76.642243175042694, 39.269820134997168 ], [ -76.642229110120297, 39.269821410456331 ], [ -76.642215091011977, 39.269822842392145 ], [ -76.642201274024586, 39.269824955870909 ], [ -76.642187814566697, 39.269828260658983 ], [ -76.642174448533581, 39.269831909000139 ], [ -76.642160915413825, 39.269835103906431 ], [ -76.64214734546313, 39.269838274471759 ], [ -76.642133674002821, 39.269841051411198 ], [ -76.642119821981154, 39.269843054312616 ], [ -76.64210582982227, 39.269844679583613 ], [ -76.642091757713359, 39.269846014851105 ], [ -76.642077646078548, 39.269846978051923 ], [ -76.642063538935346, 39.269847487122625 ], [ -76.642049459639878, 39.269847462781811 ], [ -76.642035365971381, 39.269846927979373 ], [ -76.642021267811316, 39.269846014851105 ], [ -76.64200717773609, 39.269844860401086 ], [ -76.641993110118747, 39.269843599546888 ], [ -76.64197908562052, 39.269842265670164 ], [ -76.641965138377429, 39.269840401859128 ], [ -76.64195121628714, 39.269838397566751 ], [ -76.641937251077749, 39.269836813327316 ], [ -76.641923194240178, 39.269836046243796 ], [ -76.641909085300327, 39.269835733290407 ], [ -76.641894946716064, 39.269835702690528 ], [ -76.641880794657084, 39.269835831349141 ], [ -76.641866649784632, 39.269835991998562 ], [ -76.641852519285194, 39.269836098402699 ], [ -76.641838389684096, 39.269836261833923 ], [ -76.641824262777945, 39.26983652123748 ], [ -76.641810142159997, 39.269836901649704 ], [ -76.641796034118457, 39.269837436452214 ], [ -76.641781942246581, 39.269838215358327 ], [ -76.641767860256181, 39.269839126400363 ], [ -76.641753774672523, 39.26984001518791 ], [ -76.641739678309094, 39.269840735676034 ], [ -76.641725570267567, 39.269841333764681 ], [ -76.641711457734445, 39.269841860917218 ], [ -76.641697340709754, 39.269842318524525 ], [ -76.641683220091807, 39.269842714236653 ], [ -76.641669098575548, 39.269843011890018 ], [ -76.641654972567693, 39.2698432135711 ], [ -76.641640843864906, 39.269843380479521 ], [ -76.641626717857065, 39.269843569642418 ], [ -76.641612575679545, 39.26984366144206 ], [ -76.641598465841383, 39.269844044636045 ], [ -76.641584420681909, 39.269845443885167 ], [ -76.641570926189715, 39.269848574809288 ], [ -76.641557758684272, 39.269852617470526 ], [ -76.641544412414106, 39.269856238687794 ], [ -76.641530830785314, 39.269859545560735 ], [ -76.641517038950767, 39.269861759183478 ], [ -76.641502933604173, 39.269862609720867 ], [ -76.641488645001274, 39.26986285591078 ], [ -76.641474500128794, 39.269862150027301 ], [ -76.641460827770175, 39.269860028204199 ], [ -76.641447695299036, 39.269855965375307 ], [ -76.641434720033075, 39.26985124812601 ], [ -76.641421482459052, 39.269847436354659 ], [ -76.641407663675025, 39.269845522471208 ], [ -76.641393473886794, 39.269844859705621 ], [ -76.641379281403644, 39.269844705315293 ], [ -76.641365168870522, 39.269844853446564 ], [ -76.641351049150884, 39.269845313835646 ], [ -76.641336924041354, 39.26984586463356 ], [ -76.641322800728446, 39.269846287468226 ], [ -76.641308676517255, 39.269846564953546 ], [ -76.641294551407711, 39.269846800016246 ], [ -76.64128042539987, 39.269847024647206 ], [ -76.641266300290354, 39.269847269446245 ], [ -76.641252176977446, 39.269847619953943 ], [ -76.641238053664551, 39.269847995497912 ], [ -76.641223929453346, 39.269848183269914 ], [ -76.641209806140452, 39.269848068520389 ], [ -76.641195682827558, 39.269847784776019 ], [ -76.641181559514649, 39.269847432181933 ], [ -76.641167434405119, 39.269847110883191 ], [ -76.641153299414128, 39.269846779848166 ], [ -76.641139149151783, 39.269846357708865 ], [ -76.641125042906864, 39.269846510012847 ], [ -76.641110988764254, 39.269847460695473 ], [ -76.641096936418265, 39.269848682604319 ], [ -76.641082910123416, 39.269850156962121 ], [ -76.641068938625807, 39.269851877509858 ], [ -76.641055051569822, 39.269853847029275 ], [ -76.641041362143213, 39.269856593368232 ], [ -76.641027789497585, 39.269859807050601 ], [ -76.641014149478309, 39.269862654229748 ], [ -76.641000269608853, 39.269864384513497 ], [ -76.640986170550477, 39.269865102219626 ], [ -76.640971986152138, 39.269865291382459 ], [ -76.640957843076308, 39.269865348409482 ], [ -76.640943704492045, 39.269865025024487 ], [ -76.640929565009472, 39.269864561853666 ], [ -76.640915445289821, 39.269864373386298 ], [ -76.640901367791017, 39.269864865070595 ], [ -76.64088733790291, 39.269866100888144 ], [ -76.640873336760876, 39.269867719204122 ], [ -76.64085934370371, 39.269869331260935 ], [ -76.640845365917897, 39.269871022599247 ], [ -76.640831400708493, 39.269872875977683 ], [ -76.640817435499073, 39.269874671633588 ], [ -76.640803453221693, 39.269876189108892 ], [ -76.640789437706616, 39.269877205163588 ], [ -76.640775362902744, 39.269877205163588 ], [ -76.640761238691525, 39.269876410262448 ], [ -76.640747101005587, 39.269875568070674 ], [ -76.640732976794382, 39.269875226603936 ], [ -76.640718848989891, 39.269875065954665 ], [ -76.640704719388793, 39.269875004754923 ], [ -76.640690590686006, 39.269875012404867 ], [ -76.64067646288153, 39.269875177226872 ], [ -76.640662334178757, 39.269875397685006 ], [ -76.640648207272591, 39.269875491571007 ], [ -76.640634083061386, 39.269875329530798 ], [ -76.640619962443424, 39.269875008927606 ], [ -76.64060584002884, 39.26987461808384 ], [ -76.640591718512582, 39.26987423558549 ], [ -76.640577594301377, 39.26987394766855 ], [ -76.640563469191846, 39.269873783541996 ], [ -76.640549340489045, 39.269873692437805 ], [ -76.640535210887947, 39.269873669487929 ], [ -76.64052108218516, 39.269873706346857 ], [ -76.640506951685751, 39.269873773110199 ], [ -76.640492813999799, 39.26987382248727 ], [ -76.640478679008794, 39.269873957404869 ], [ -76.640464560187482, 39.269874296089768 ], [ -76.640450474603824, 39.269874982500461 ], [ -76.640436438427514, 39.269876221795101 ], [ -76.640422419319194, 39.269877675288789 ], [ -76.640408377752976, 39.269878914583387 ], [ -76.640394283186168, 39.269879774856889 ], [ -76.640380149991799, 39.26988046265847 ], [ -76.640366023085647, 39.269880740839056 ], [ -76.640351908755903, 39.269880443185798 ], [ -76.640337631831088, 39.269879904210889 ], [ -76.640323484263675, 39.269878696211642 ], [ -76.640309850532617, 39.269876207886092 ], [ -76.640296897724525, 39.269872162444358 ], [ -76.640284350056632, 39.269867109293031 ], [ -76.640271949712471, 39.269861645129382 ], [ -76.640259440672139, 39.269856368041829 ], [ -76.640246575898942, 39.269851840650901 ], [ -76.640233373359223, 39.269847934298149 ], [ -76.640219957020449, 39.269844427830023 ], [ -76.640206416714165, 39.269841229446897 ], [ -76.640192817119086, 39.269838270299076 ], [ -76.640179043250839, 39.269835715904129 ], [ -76.640165124753821, 39.269833750556927 ], [ -76.640151116425287, 39.269832530038741 ], [ -76.640137012875314, 39.269831936122763 ], [ -76.640122867104537, 39.269831586310396 ], [ -76.640108738401764, 39.269831089062258 ], [ -76.640094660902946, 39.269830147420237 ], [ -76.640080589692332, 39.269828919251992 ], [ -76.640066617296384, 39.269827250167189 ], [ -76.640052835343297, 39.269824939875555 ], [ -76.640039194425711, 39.269822029408644 ], [ -76.640025728679603, 39.269818623084312 ], [ -76.640012514461787, 39.269814760543206 ], [ -76.639999689214463, 39.269810105186394 ], [ -76.63998696547678, 39.269805248843539 ], [ -76.639973960566437, 39.269801036489234 ], [ -76.639960331326932, 39.269798239380059 ], [ -76.639946346354591, 39.269796258731851 ], [ -76.63993258057117, 39.269793790571526 ], [ -76.639919427438784, 39.269789944024417 ], [ -76.639906604886406, 39.269785353343039 ], [ -76.63989393953922, 39.269780411457873 ], [ -76.639876838311153, 39.269773819958864 ], [ -76.639873523527754, 39.269772869970652 ], [ -76.639870215930884, 39.269771894946189 ], [ -76.639866916418839, 39.269770904621737 ], [ -76.639863618703444, 39.269769906647277 ], [ -76.63986032008971, 39.269768909368217 ], [ -76.639857018781044, 39.269767920434603 ], [ -76.639853712082484, 39.269766949582795 ], [ -76.639850393705828, 39.269766003767224 ], [ -76.639847064549386, 39.269765092724235 ], [ -76.639843720121576, 39.269764222017557 ], [ -76.639840356829154, 39.269763402774302 ], [ -76.63983697107885, 39.26976264403546 ], [ -76.63983354849762, 39.269761975705471 ], [ -76.639830092678721, 39.269761392916124 ], [ -76.639826609910358, 39.269760876890203 ], [ -76.639823107379073, 39.269760408155143 ], [ -76.639819595864637, 39.269759965151735 ], [ -76.639816085248498, 39.269759529102934 ], [ -76.639812579123941, 39.269759079840505 ], [ -76.639809090965699, 39.269758597891752 ], [ -76.639805625265325, 39.269758063088638 ], [ -76.639802193700945, 39.269757455958406 ], [ -76.639798803459058, 39.269756756332995 ], [ -76.639795462624519, 39.269755945435115 ], [ -76.639792192756886, 39.269754979451243 ], [ -76.639789002839308, 39.269753845167841 ], [ -76.639785874905499, 39.269752578748324 ], [ -76.639782790090791, 39.269751219138207 ], [ -76.639779730428955, 39.269749801805432 ], [ -76.639776679750241, 39.269748366390857 ], [ -76.639773617393431, 39.269746950448905 ], [ -76.639770527188858, 39.269745590143216 ], [ -76.639767390271899, 39.26974432511448 ], [ -76.63976418867621, 39.269743190830852 ], [ -76.639760881977651, 39.269742254751314 ], [ -76.639757466582935, 39.26974152313489 ], [ -76.639753981119654, 39.269740919481791 ], [ -76.639750471401825, 39.269740367292229 ], [ -76.639746979650326, 39.269739792152691 ], [ -76.639743548984242, 39.26973911547703 ], [ -76.639740221624436, 39.269738264242676 ], [ -76.639737039791711, 39.269737164036144 ], [ -76.639733960366897, 39.269735883011897 ], [ -76.63973094382419, 39.269734492105997 ], [ -76.639727980282061, 39.26973300661853 ], [ -76.639725063452332, 39.269731444631162 ], [ -76.639722183453529, 39.269729824921157 ], [ -76.639719333997448, 39.269728162788496 ], [ -76.639716506100925, 39.269726477010401 ], [ -76.639713690780837, 39.269724784973143 ], [ -76.639710879952304, 39.26972310336771 ], [ -76.639708074513678, 39.269721436366687 ], [ -76.639705308600924, 39.269719731811186 ], [ -76.63970257772246, 39.269717991787566 ], [ -76.639699872895122, 39.269716226032116 ], [ -76.639697184237491, 39.269714442890255 ], [ -76.63969450186805, 39.269712652793856 ], [ -76.639691815007026, 39.269710867565557 ], [ -76.639689115569595, 39.269709094159971 ], [ -76.639686394572607, 39.269707343704219 ], [ -76.639683640337935, 39.269705625239332 ], [ -76.639680850170677, 39.26970394293793 ], [ -76.639678038443847, 39.269702282891046 ], [ -76.639675209648999, 39.269700638144045 ], [ -76.639672368277772, 39.26969900800156 ], [ -76.639669517025055, 39.269697386899885 ], [ -76.639666659484121, 39.269695772752762 ], [ -76.639663798349957, 39.269694160691898 ], [ -76.639660938114105, 39.269692547935584 ], [ -76.639658083268117, 39.269690930311086 ], [ -76.639655235608672, 39.269689305731944 ], [ -76.639652400525634, 39.269687667939188 ], [ -76.639649579815625, 39.269686015541872 ], [ -76.63964677797027, 39.269684344367285 ], [ -76.639643996786162, 39.269682653719933 ], [ -76.639641228178448, 39.269680949163494 ], [ -76.639638473943776, 39.26967923139344 ], [ -76.639635728692269, 39.26967750319146 ], [ -76.63963298972898, 39.269675768730409 ], [ -76.639630257053881, 39.269674029401109 ], [ -76.639627525277092, 39.269672288680887 ], [ -76.639624790805371, 39.269670549351495 ], [ -76.639622053638703, 39.269668812803879 ], [ -76.639619310183818, 39.269667083906235 ], [ -76.639616555949161, 39.269665365440318 ], [ -76.639613776561688, 39.269663668533468 ], [ -76.63961097291967, 39.269661991794727 ], [ -76.639608154904636, 39.269660328269524 ], [ -76.63960533060137, 39.269658668917025 ], [ -76.639602511688011, 39.269657006087208 ], [ -76.639599707147696, 39.269655332825572 ], [ -76.639596923268641, 39.269653640091178 ], [ -76.639594173525538, 39.269651919538589 ], [ -76.639591463308321, 39.269650164213303 ], [ -76.639588806091709, 39.26964836646524 ], [ -76.639586205468973, 39.269646517949027 ], [ -76.639583652456935, 39.269644628400968 ], [ -76.639581137174147, 39.26964270477567 ], [ -76.639578656027325, 39.269640749854823 ], [ -76.639576209016496, 39.269638767811287 ], [ -76.639573790751754, 39.269636760731288 ], [ -76.639571399436463, 39.269634734178553 ], [ -76.639569030579068, 39.269632688848553 ], [ -76.639566682382892, 39.269630631695726 ], [ -76.639564351254748, 39.269628563415544 ], [ -76.639562034499633, 39.269626488180791 ], [ -76.639559731219251, 39.269624409468712 ], [ -76.639557452193358, 39.269622314761158 ], [ -76.639555198320309, 39.269620201971698 ], [ -76.639552967803468, 39.269618073882178 ], [ -76.639550758846184, 39.269615931188071 ], [ -76.639548565160254, 39.269613776671179 ], [ -76.639546388542314, 39.269611613113327 ], [ -76.63954422270416, 39.269609441905381 ], [ -76.639542066747495, 39.269607265133743 ], [ -76.639539917977331, 39.269605084189351 ], [ -76.639537772800423, 39.26960290254943 ], [ -76.63953562762353, 39.269600720909374 ], [ -76.639533484243273, 39.269598538573845 ], [ -76.639531348947827, 39.26959634858828 ], [ -76.639529229822074, 39.269594149561676 ], [ -76.639527132255893, 39.26959193801688 ], [ -76.639525064334109, 39.269589711171967 ], [ -76.63952303324325, 39.269587464854297 ], [ -76.639521044373211, 39.269585197672924 ], [ -76.639519109402102, 39.269582904064187 ], [ -76.639517266957441, 39.269580558991748 ], [ -76.639515505361175, 39.269578170801047 ], [ -76.639513790477295, 39.269575758269404 ], [ -76.639512091763081, 39.26957333669673 ], [ -76.639510376879201, 39.269570926251212 ], [ -76.63950861618126, 39.269568542928404 ], [ -76.639506777329871, 39.26956620481004 ], [ -76.639504828884014, 39.269563927891561 ], [ -76.639502742097605, 39.269561731645808 ], [ -76.639500507987492, 39.26955961676817 ], [ -76.639498158893034, 39.269557570044995 ], [ -76.639495722661977, 39.269555572003632 ], [ -76.639493231633693, 39.269553606648572 ], [ -76.639490715452595, 39.269551654507097 ], [ -76.639488203763051, 39.269549701670115 ], [ -76.639485728006136, 39.269547727969439 ], [ -76.639483319622855, 39.269545717409613 ], [ -76.639481007359308, 39.269543652604206 ], [ -76.639478820859907, 39.26954151616691 ], [ -76.639476843667978, 39.269539260111316 ], [ -76.63947511261442, 39.26953686287829 ], [ -76.639473541460987, 39.269534375931542 ], [ -76.63947204217277, 39.269531847952841 ], [ -76.639470528511538, 39.269529330405838 ], [ -76.639468914238961, 39.269526874754263 ], [ -76.639467110421876, 39.269524530375406 ], [ -76.639465030821981, 39.269522348037498 ], [ -76.639462745507899, 39.269520286013275 ], [ -76.639460399108373, 39.269518259457172 ], [ -76.639457997013309, 39.269516264891969 ], [ -76.639455544612574, 39.269514300231222 ], [ -76.639453048194412, 39.269512360606861 ], [ -76.639450514046999, 39.269510443236967 ], [ -76.63944794935685, 39.269508545339797 ], [ -76.639445356818953, 39.269506662742643 ], [ -76.639442746314728, 39.269504794749921 ], [ -76.639440120539149, 39.269502935798073 ], [ -76.639437487577055, 39.269501083800748 ], [ -76.63943485281834, 39.269499235280648 ], [ -76.639432222551179, 39.269497386760499 ], [ -76.639429601267167, 39.269495536153904 ], [ -76.639426996152849, 39.26949367928821 ], [ -76.639424373072231, 39.269491841199766 ], [ -76.639421704177522, 39.269490041361294 ], [ -76.639419000248509, 39.269488268645539 ], [ -76.639416272963302, 39.269486515402448 ], [ -76.63941353669496, 39.26948477050486 ], [ -76.639410802223225, 39.269483024911722 ], [ -76.63940808122625, 39.269481269582151 ], [ -76.639405386280387, 39.269479494779823 ], [ -76.63940272816545, 39.269477690072861 ], [ -76.639400121254511, 39.269475848506673 ], [ -76.639397575428973, 39.269473956867657 ], [ -76.639395143689512, 39.269471978992101 ], [ -76.639392828731019, 39.269469910011821 ], [ -76.639390595519217, 39.269467777745035 ], [ -76.639388411714776, 39.269465611400854 ], [ -76.639386238690108, 39.269463434624754 ], [ -76.639384044105853, 39.269461275930418 ], [ -76.639381801012604, 39.269459154095181 ], [ -76.639379534563147, 39.269457046864481 ], [ -76.639377253740633, 39.269454947283712 ], [ -76.639374965731591, 39.269452851180112 ], [ -76.639372681315834, 39.269450753685611 ], [ -76.639370404984902, 39.269448650627368 ], [ -76.639368149315217, 39.269446536441734 ], [ -76.639365918798362, 39.269444408346992 ], [ -76.6393637224175, 39.269442259388462 ], [ -76.639361567359131, 39.269440087479808 ], [ -76.639359463504746, 39.269437887057428 ], [ -76.639357404566113, 39.26943566020762 ], [ -76.639355374373579, 39.269433416666828 ], [ -76.639353370232172, 39.269431157825935 ], [ -76.639351389446972, 39.269428885771333 ], [ -76.639349427526383, 39.269426602589334 ], [ -76.639347482673784, 39.269424311061755 ], [ -76.639345549499296, 39.269422011188688 ], [ -76.639343626206283, 39.269419707142738 ], [ -76.63934170920146, 39.269417398228597 ], [ -76.639339793993273, 39.269415088618857 ], [ -76.639337878785085, 39.26941277970451 ], [ -76.63933595998364, 39.269410472876494 ], [ -76.63933403309737, 39.269408170221105 ], [ -76.639332093634664, 39.269405873824745 ], [ -76.639330150578701, 39.269403581601068 ], [ -76.639328222794092, 39.269401279640917 ], [ -76.639326309382554, 39.269398969335235 ], [ -76.639324405852463, 39.269396654856713 ], [ -76.639322504119008, 39.269394338291761 ], [ -76.639320599690592, 39.269392023813097 ], [ -76.639318687177365, 39.269389712811638 ], [ -76.639316762986027, 39.269387410851031 ], [ -76.639314817235118, 39.269385119322223 ], [ -76.639312848128014, 39.269382841006966 ], [ -76.639310847579864, 39.269380580773557 ], [ -76.639308812895763, 39.269378340708236 ], [ -76.639306744973979, 39.26937611107477 ], [ -76.639304675255573, 39.269373853622916 ], [ -76.639302600147246, 39.269371577393699 ], [ -76.639300509767594, 39.269369296296183 ], [ -76.63929839693003, 39.269367027021353 ], [ -76.639296251753137, 39.269364784173831 ], [ -76.639294067948697, 39.269362583053621 ], [ -76.639291835635206, 39.269360438960817 ], [ -76.639289546727866, 39.269358366499944 ], [ -76.639287193141826, 39.269356380971082 ], [ -76.63928476679223, 39.269354499065251 ], [ -76.639282125745297, 39.269352729127881 ], [ -76.639277944985963, 39.269351158786556 ], [ -76.639273373459488, 39.269350241479124 ], [ -76.639270311102692, 39.269350493234477 ], [ -76.63927005867609, 39.269352185976203 ], [ -76.639270500647214, 39.269354277909997 ], [ -76.639271179773559, 39.269356554835298 ], [ -76.639272070902308, 39.269358991715457 ], [ -76.63927314438908, 39.269361559341476 ], [ -76.639274375979326, 39.269364230590369 ], [ -76.639275734232058, 39.269366975557581 ], [ -76.639277194892713, 39.269369769206669 ], [ -76.639278727418585, 39.269372582328415 ], [ -76.639280306656843, 39.26937538640906 ], [ -76.639281904759741, 39.269378155021379 ], [ -76.639283493879475, 39.269380859651548 ], [ -76.639285044371661, 39.269383473176894 ], [ -76.639286544558175, 39.269385976124504 ], [ -76.639288088762157, 39.269388436649201 ], [ -76.639289695848205, 39.269390874223781 ], [ -76.639291355934844, 39.269393293716362 ], [ -76.639293060937248, 39.269395695822517 ], [ -76.639294801872268, 39.269398084714851 ], [ -76.639296573350009, 39.269400463175295 ], [ -76.639298362794065, 39.269402835376546 ], [ -76.639300165712839, 39.269405203404958 ], [ -76.639301972224871, 39.269407570042418 ], [ -76.639303772448699, 39.269409938766138 ], [ -76.639305560994416, 39.269412312358007 ], [ -76.639307327980589, 39.269414694990715 ], [ -76.63930906442404, 39.269417088750629 ], [ -76.639310767629823, 39.269419494333214 ], [ -76.639312489700217, 39.269421898524762 ], [ -76.639314235126818, 39.269424298543534 ], [ -76.639315985943313, 39.269426699257693 ], [ -76.639317725980007, 39.269429104144479 ], [ -76.639319436372304, 39.269431518072146 ], [ -76.639321100052214, 39.269433945213365 ], [ -76.639322700850059, 39.269436389740882 ], [ -76.639324219002887, 39.26943885513203 ], [ -76.63932564013767, 39.269441346254915 ], [ -76.639327089120215, 39.26944408982822 ], [ -76.639328740223718, 39.269447477393442 ], [ -76.639329960135868, 39.26945081419025 ], [ -76.639330074221903, 39.269453331044602 ], [ -76.639328441983025, 39.269454303291695 ], [ -76.639325843156925, 39.269454482719247 ], [ -76.639322878716484, 39.269454445164683 ], [ -76.639319610645472, 39.269454211491542 ], [ -76.63931610452093, 39.269453803259005 ], [ -76.639312422326569, 39.269453242721681 ], [ -76.639308626944498, 39.26945255143869 ], [ -76.639304783951715, 39.269451749578224 ], [ -76.639300954433651, 39.2694508586994 ], [ -76.639297203967345, 39.269449900361352 ], [ -76.63929359543485, 39.2694488954278 ], [ -76.639290191718231, 39.269447866153229 ], [ -76.639286985630989, 39.269446784719456 ], [ -76.639283854103908, 39.269445566280886 ], [ -76.639280779170704, 39.269444228919355 ], [ -76.639277752746494, 39.269442797671275 ], [ -76.639274761356603, 39.269441292704798 ], [ -76.639271796916162, 39.269439738360958 ], [ -76.639268846848765, 39.269438154807972 ], [ -76.639265899476314, 39.269436565691251 ], [ -76.639262945815673, 39.269434993265406 ], [ -76.639259974188704, 39.269433460480563 ], [ -76.639256974713973, 39.269431988200346 ], [ -76.639253934815045, 39.269430600765709 ], [ -76.639250845508798, 39.269429319735849 ], [ -76.63924769332047, 39.269428166669854 ], [ -76.639244451300584, 39.269427139481337 ], [ -76.639241028719368, 39.269426137329269 ], [ -76.639237459712746, 39.269425179686309 ], [ -76.639233797281335, 39.269424308975395 ], [ -76.639230095324052, 39.269423568314735 ], [ -76.639226405044852, 39.269422998736239 ], [ -76.639222781240989, 39.26942264266274 ], [ -76.63921927331981, 39.269422543212549 ], [ -76.639215936078529, 39.26942274211298 ], [ -76.639212822517749, 39.269423281091399 ], [ -76.639209957790314, 39.269424361830069 ], [ -76.639207294285498, 39.269426256947654 ], [ -76.639204796969011, 39.26942875293922 ], [ -76.639202429908238, 39.269431617522322 ], [ -76.639200162560456, 39.269434622587397 ], [ -76.639197957196444, 39.269437536547677 ], [ -76.639195784171775, 39.269440129902605 ], [ -76.639193607553835, 39.269442172456465 ], [ -76.639191394104969, 39.269443434013354 ], [ -76.639189109689198, 39.269443683681985 ], [ -76.639186766882943, 39.269443067508149 ], [ -76.639184421381742, 39.269442073006246 ], [ -76.639182074083905, 39.269440743294702 ], [ -76.639179725887743, 39.269439118709812 ], [ -76.639177377691595, 39.269437236806148 ], [ -76.639175030393758, 39.269435138615719 ], [ -76.639172685790868, 39.269432862388499 ], [ -76.639170343882924, 39.269430447765401 ], [ -76.639168005568237, 39.2694279336921 ], [ -76.639165671745118, 39.26942535980946 ], [ -76.639163344210232, 39.269422765758463 ], [ -76.639161022963521, 39.269420190484702 ], [ -76.639158709801691, 39.269417674324622 ], [ -76.639156404724673, 39.269415254137414 ], [ -76.639154110427427, 39.269412970954981 ], [ -76.639151823316695, 39.269410844945519 ], [ -76.639149536205977, 39.269408750927049 ], [ -76.639147248196963, 39.269406654126648 ], [ -76.639144968272774, 39.269404551067083 ], [ -76.639142702721628, 39.269402438966516 ], [ -76.639140457831743, 39.269400315043086 ], [ -76.639138239891295, 39.269398175124195 ], [ -76.63913605518853, 39.269396017818735 ], [ -76.639133910011623, 39.269393838258651 ], [ -76.63913181064882, 39.269391635053005 ], [ -76.639129765184904, 39.26938940402902 ], [ -76.639127823925577, 39.269387115977558 ], [ -76.639125987769148, 39.269384771593984 ], [ -76.639124225274557, 39.269382386178485 ], [ -76.639122505000785, 39.269379978508226 ], [ -76.639120796405109, 39.269377564578832 ], [ -76.639119066249876, 39.269375163167524 ], [ -76.639117283094038, 39.2693727916608 ], [ -76.639115415496548, 39.269370466054127 ], [ -76.63911343021978, 39.269368205820264 ], [ -76.639111320975502, 39.269366013741092 ], [ -76.639109113814825, 39.269363877298389 ], [ -76.639106832094029, 39.269361783278477 ], [ -76.639104499169221, 39.269359718467697 ], [ -76.639102139294963, 39.269357666870505 ], [ -76.639099775827447, 39.269355618055116 ], [ -76.639097432122895, 39.269353555330461 ], [ -76.639095131537431, 39.269351466873928 ], [ -76.639092895630696, 39.269349342253541 ], [ -76.639090685775116, 39.269347200246685 ], [ -76.63908848939424, 39.269345051285185 ], [ -76.639086301098189, 39.269342896064494 ], [ -76.639084120887006, 39.269340735975526 ], [ -76.639081948760648, 39.269338571713824 ], [ -76.639079779329222, 39.269336403974705 ], [ -76.639077615287718, 39.26933423414917 ], [ -76.639075453042821, 39.269332062932634 ], [ -76.639073290797953, 39.269329891020561 ], [ -76.639071129451352, 39.26932771980394 ], [ -76.639068963613212, 39.269325549978142 ], [ -76.639066795080126, 39.269323382238625 ], [ -76.639064619360497, 39.269321220062686 ], [ -76.639062396928495, 39.269319078750449 ], [ -76.639060131377349, 39.269316959692716 ], [ -76.639057838876738, 39.269314851762282 ], [ -76.639055539189613, 39.269312748699953 ], [ -76.639053249383949, 39.269310639378446 ], [ -76.639050990121021, 39.269308516147703 ], [ -76.639048779367087, 39.269306369966891 ], [ -76.639046635088505, 39.269304191794902 ], [ -76.639044577048196, 39.269301973286375 ], [ -76.639042622314136, 39.269299704704828 ], [ -76.639040789750965, 39.269297378400267 ], [ -76.639039068578867, 39.269294999936328 ], [ -76.639037439933261, 39.269292579049413 ], [ -76.63903588764444, 39.269290121303172 ], [ -76.639034400034348, 39.269287634347613 ], [ -76.639032961831575, 39.269285123051013 ], [ -76.639031558663106, 39.269282595758732 ], [ -76.63903017615587, 39.269280057339117 ], [ -76.639028800835192, 39.269277514746598 ], [ -76.639027418327956, 39.269274974935854 ], [ -76.639026015159487, 39.269272443470491 ], [ -76.639024576058404, 39.26926992730511 ], [ -76.639023089346594, 39.26926743200336 ], [ -76.639021537956097, 39.269264965910764 ], [ -76.63901991649702, 39.26926252902728 ], [ -76.639018256410367, 39.269260106748305 ], [ -76.639016563984384, 39.2692576955966 ], [ -76.639014840117341, 39.269255296267609 ], [ -76.639013087504225, 39.269252908065816 ], [ -76.639011307043347, 39.269250533077653 ], [ -76.639009497836355, 39.269248169912203 ], [ -76.639007665273169, 39.269245819960375 ], [ -76.639005806658844, 39.269243481831246 ], [ -76.639003926484975, 39.269241157611177 ], [ -76.63900202385318, 39.269238847300208 ], [ -76.63900009696691, 39.269236552984658 ], [ -76.638998041621534, 39.269234328214857 ], [ -76.638995856918754, 39.269232172295304 ], [ -76.638993593164244, 39.269230058103183 ], [ -76.638991303358594, 39.269227957820142 ], [ -76.638988133203938, 39.269224974305416 ], [ -76.63897328854388, 39.269211769643142 ], [ -76.638970585513192, 39.269208100405926 ], [ -76.638968842781537, 39.269205712898 ], [ -76.638967104541464, 39.269203321217269 ], [ -76.63896537079296, 39.269200928840952 ], [ -76.638963639739401, 39.269198535073649 ], [ -76.638961907787547, 39.269196140610852 ], [ -76.638960174937367, 39.269193747538814 ], [ -76.638958437595605, 39.269191356553108 ], [ -76.638956693965625, 39.269188967653719 ], [ -76.638954943149159, 39.26918658292697 ], [ -76.638953182451189, 39.269184203068335 ], [ -76.638951410075137, 39.269181828773313 ], [ -76.638949623326027, 39.269179460041883 ], [ -76.638947821305578, 39.269177100351328 ], [ -76.638946002217125, 39.269174748310704 ], [ -76.638944162467411, 39.26917240600644 ], [ -76.638942307446371, 39.269170069961277 ], [ -76.638940452425288, 39.269167733220506 ], [ -76.638938597404234, 39.269165395784242 ], [ -76.63893674238318, 39.269163059043322 ], [ -76.638934886463801, 39.269160722302317 ], [ -76.6389330287478, 39.269158385561298 ], [ -76.638931170133475, 39.269156048820136 ], [ -76.638929309722513, 39.269153713469841 ], [ -76.638927444819984, 39.269151378119467 ], [ -76.63892557901913, 39.269149046246319 ], [ -76.638923709625033, 39.2691467143731 ], [ -76.638921834841042, 39.269144384586149 ], [ -76.638919958260402, 39.269142056885492 ], [ -76.638918075391572, 39.269139731271167 ], [ -76.63891618803116, 39.269137409134068 ], [ -76.638914294382545, 39.26913508908325 ], [ -76.638912394445711, 39.2691327725096 ], [ -76.638910489118985, 39.269130460108705 ], [ -76.638908575707447, 39.269128151184972 ], [ -76.638906656007677, 39.269125845043007 ], [ -76.638904729121407, 39.269123544464676 ], [ -76.638902792353633, 39.269121247363522 ], [ -76.638900848399373, 39.269118956521474 ], [ -76.638898895461935, 39.269116669852082 ], [ -76.63889693264305, 39.269114388050802 ], [ -76.638894960841, 39.26911211250863 ], [ -76.638892977360854, 39.26910984253 ], [ -76.638890983999232, 39.269107578115012 ], [ -76.638888979857839, 39.269105321349976 ], [ -76.638886963140024, 39.269103070148574 ], [ -76.638884923066016, 39.26910083146533 ], [ -76.638882841669513, 39.269098616427662 ], [ -76.638880721645421, 39.269096422253689 ], [ -76.638878567485392, 39.269094246857016 ], [ -76.638876381884288, 39.269092086760423 ], [ -76.638874172927004, 39.269089941268398 ], [ -76.638871942410148, 39.269087806208177 ], [ -76.638869694825317, 39.269085681579782 ], [ -76.638867433765739, 39.269083563210529 ], [ -76.638865166417958, 39.269081449709354 ], [ -76.638862894578608, 39.269079337599045 ], [ -76.638860623637584, 39.269077226184159 ], [ -76.638858358086424, 39.269075112682785 ], [ -76.638856101518442, 39.269072993617741 ], [ -76.638853858425165, 39.269070866902489 ], [ -76.638851633298202, 39.269068731841728 ], [ -76.638849431527461, 39.269066584262589 ], [ -76.638847256706157, 39.269064424165137 ], [ -76.63884511242756, 39.269062246681102 ], [ -76.638843003183268, 39.269060050419625 ], [ -76.638840934363174, 39.26905783259879 ], [ -76.638838909560533, 39.269055592523209 ], [ -76.638836935063523, 39.269053325324634 ], [ -76.638835026143553, 39.269051024743924 ], [ -76.63883318100396, 39.269048689390075 ], [ -76.638831391559918, 39.269046325522389 ], [ -76.638829653319846, 39.269043935227117 ], [ -76.638827954605631, 39.26904152406793 ], [ -76.63882629002741, 39.269039094826752 ], [ -76.63882465419529, 39.269036651676274 ], [ -76.638823036329455, 39.269034198093841 ], [ -76.638821429243421, 39.269031738947604 ], [ -76.638819827547266, 39.269029277714914 ], [ -76.638818222257854, 39.269026817873076 ], [ -76.638816607086966, 39.269024363594774 ], [ -76.638814973051467, 39.269021919748361 ], [ -76.638813312964828, 39.269019488420092 ], [ -76.638811620538817, 39.26901707517375 ], [ -76.638809887688637, 39.269014683486539 ], [ -76.638808105431124, 39.269012316140348 ], [ -76.638806269274681, 39.269009978698904 ], [ -76.638804369337862, 39.269007673943982 ], [ -76.638802399332448, 39.269005406048386 ], [ -76.638800359258425, 39.269003175012102 ], [ -76.638798293133277, 39.269000957189469 ], [ -76.638796212635086, 39.268998747712317 ], [ -76.638794115967201, 39.26899654588513 ], [ -76.638792005824612, 39.268994351012495 ], [ -76.638789881308952, 39.268992163789882 ], [ -76.638787744216884, 39.268989984912707 ], [ -76.638785593650113, 39.268987810903674 ], [ -76.638783433201837, 39.268985643153712 ], [ -76.638781260177183, 39.268983482358294 ], [ -76.638779077271025, 39.268981326431025 ], [ -76.63877688448342, 39.268979175371932 ], [ -76.638774682712651, 39.268977029180981 ], [ -76.63877247285707, 39.268974887858214 ], [ -76.638770254018311, 39.268972750708109 ], [ -76.638768027993038, 39.268970617035265 ], [ -76.638765796577871, 39.268968487535119 ], [ -76.638763557976162, 39.268966360816705 ], [ -76.638761314882913, 39.268964236184686 ], [ -76.638759067298096, 39.2689621143344 ], [ -76.638756815221655, 39.268959995265881 ], [ -76.638754560450295, 39.26895787689277 ], [ -76.638752302085678, 39.268955759910547 ], [ -76.638750042822736, 39.26895364431914 ], [ -76.638747780864847, 39.268951530118578 ], [ -76.638745518906958, 39.268949415222515 ], [ -76.638743257847395, 39.268947300326403 ], [ -76.638740995889506, 39.268945185430219 ], [ -76.638738735728239, 39.268943069838507 ], [ -76.638736477363622, 39.268940953551301 ], [ -76.638734222592262, 39.268938835873087 ], [ -76.638731970515849, 39.268936716108392 ], [ -76.638729721134368, 39.268934594952739 ], [ -76.638727477142794, 39.268932470319712 ], [ -76.638725237642788, 39.268930343600253 ], [ -76.638723004430986, 39.268928214098892 ], [ -76.638720777507402, 39.268926080424677 ], [ -76.638718557770332, 39.268923943273094 ], [ -76.638716346118102, 39.26892180264413 ], [ -76.638714142550725, 39.268919656451416 ], [ -76.638711947966485, 39.268917506085913 ], [ -76.638709735415929, 39.268915336942825 ], [ -76.638707584849143, 39.268913071130662 ], [ -76.638705964288363, 39.268910650925974 ], [ -76.638705267195718, 39.268908035992155 ], [ -76.638705229466467, 39.268905277793202 ], [ -76.63870538487501, 39.26890246743455 ], [ -76.638705273483907, 39.268899694630697 ], [ -76.638704484763096, 39.268897042141496 ], [ -76.638703452598818, 39.268894429293539 ], [ -76.638702411451419, 39.268891814359066 ], [ -76.638701359524219, 39.268889197338126 ], [ -76.638700295020612, 39.26888657892615 ], [ -76.638699217042259, 39.268883961905019 ], [ -76.63869812199593, 39.268881345579253 ], [ -76.638697011678232, 39.268878731339775 ], [ -76.638695883394249, 39.268876120577502 ], [ -76.638694734449004, 39.268873514683342 ], [ -76.638693564842512, 39.268870912961873 ], [ -76.638692370981488, 39.268868318890412 ], [ -76.638691153764285, 39.268865731773431 ], [ -76.638689909597602, 39.268863153697353 ], [ -76.638688640278119, 39.268860583966756 ], [ -76.638687340415899, 39.268858025363379 ], [ -76.638686010010971, 39.268855478582807 ], [ -76.638684648164983, 39.26885294432045 ], [ -76.638683253081368, 39.2688504232718 ], [ -76.638681824760056, 39.268847916132273 ], [ -76.638680358709507, 39.26884542568375 ], [ -76.638678855828033, 39.268842950535252 ], [ -76.638677317912268, 39.268840487209559 ], [ -76.638675745860525, 39.268838036402101 ], [ -76.638674145062694, 39.268835595330984 ], [ -76.638672516417088, 39.268833164691721 ], [ -76.638670861720342, 39.268830743788861 ], [ -76.638669184565686, 39.26882833123144 ], [ -76.638667484953174, 39.268825924933097 ], [ -76.638665768272674, 39.268823525589305 ], [ -76.638664035422494, 39.268821132504584 ], [ -76.638662288199257, 39.268818743592533 ], [ -76.638660531094558, 39.268816358157764 ], [ -76.638658764108399, 39.268813976895657 ], [ -76.638656990834022, 39.26881159702436 ], [ -76.638655212169766, 39.268809218543929 ], [ -76.638653432607185, 39.268806840758899 ], [ -76.638651654841254, 39.268804462278311 ], [ -76.638649878871917, 39.268802082406694 ], [ -76.6386481082925, 39.268799701144097 ], [ -76.638646345797909, 39.268797315708682 ], [ -76.638644594083104, 39.268794926795813 ], [ -76.638642853148085, 39.268792533710126 ], [ -76.638641127484433, 39.268790135060662 ], [ -76.638639420685394, 39.268787729456434 ], [ -76.638637731852654, 39.268785315506634 ], [ -76.638636066376108, 39.268782894602111 ], [ -76.638634422459148, 39.268780464656501 ], [ -76.638632791118596, 39.268778029147065 ], [ -76.638631171456126, 39.268775590160274 ], [ -76.638629558980185, 39.268773147000609 ], [ -76.638627956385733, 39.268770701059012 ], [ -76.638626360079485, 39.268768251640061 ], [ -76.638624770959723, 39.268765799439123 ], [ -76.638623188128207, 39.268763345151683 ], [ -76.63862161068657, 39.26876088738689 ], [ -76.638620038634812, 39.268758428231102 ], [ -76.638618471074651, 39.268755967684292 ], [ -76.638616906209421, 39.268753505050967 ], [ -76.638615344039138, 39.268751041722126 ], [ -76.638613785462113, 39.268748577002263 ], [ -76.638612227783426, 39.268746112282308 ], [ -76.638610670104725, 39.268743646866838 ], [ -76.638609113324335, 39.268741180755761 ], [ -76.638607555645635, 39.268738716035585 ], [ -76.638605997068595, 39.268736251315282 ], [ -76.638604436694962, 39.268733787290373 ], [ -76.638602873626354, 39.268731324656265 ], [ -76.638601307862814, 39.268728863413024 ], [ -76.63859973760772, 39.26872640286517 ], [ -76.638598161962705, 39.268723945099076 ], [ -76.638596582724432, 39.268721489419271 ], [ -76.63859499719797, 39.268719036521276 ], [ -76.638593404484951, 39.26871658570952 ], [ -76.638591805483756, 39.268714138375046 ], [ -76.638590197499383, 39.268711694517762 ], [ -76.638588580531888, 39.268709254137718 ], [ -76.638586955479525, 39.268706817234957 ], [ -76.638585320545715, 39.268704384504808 ], [ -76.638583673035484, 39.268701957338322 ], [ -76.638582015643777, 39.268699533649084 ], [ -76.638580346573974, 39.268697115523445 ], [ -76.638578663131142, 39.268694702961426 ], [ -76.638576966213563, 39.268692296658493 ], [ -76.63857525402463, 39.268689895919231 ], [ -76.63857352925929, 39.268687501439004 ], [ -76.638571791917528, 39.268685111131489 ], [ -76.63857123945364, 39.268684358640151 ], [ -76.638570042897683, 39.268682727083075 ], [ -76.638568283098039, 39.268680346511843 ], [ -76.638566513416919, 39.268677970113394 ], [ -76.638564736549284, 39.268675597192129 ], [ -76.638562951596811, 39.268673228443575 ], [ -76.638561159457822, 39.268670861085852 ], [ -76.63855936103063, 39.268668497205368 ], [ -76.63855755811187, 39.26866613541123 ], [ -76.638555752498135, 39.268663774312444 ], [ -76.638553942392846, 39.268661415299995 ], [ -76.638552130490922, 39.268659056982891 ], [ -76.638550317690672, 39.268656699361188 ], [ -76.638548504890437, 39.268654341739449 ], [ -76.638546692090188, 39.268651983422117 ], [ -76.638544880188263, 39.26864962510475 ], [ -76.638543071879582, 39.268647264700874 ], [ -76.638541267164186, 39.268644903601441 ], [ -76.638539466940358, 39.268642541111035 ], [ -76.638537672106409, 39.268640175143226 ], [ -76.638535882662367, 39.26863780778438 ], [ -76.63853410040484, 39.268635436948188 ], [ -76.638532327130463, 39.268633062634528 ], [ -76.63853056283925, 39.268630684843515 ], [ -76.638528807531188, 39.268628302184197 ], [ -76.638527063901236, 39.26862591535194 ], [ -76.638525331051042, 39.268623522955963 ], [ -76.638523611675581, 39.26862112569161 ], [ -76.638521906673176, 39.268618722863486 ], [ -76.63852021604383, 39.268616313776086 ], [ -76.638518537092537, 39.268613899124915 ], [ -76.638516868022748, 39.268611480300855 ], [ -76.638515209732731, 39.268609057999377 ], [ -76.638513558629242, 39.26860663152506 ], [ -76.638511916508904, 39.268604201573339 ], [ -76.638510282473391, 39.268601768144208 ], [ -76.63850865562442, 39.268599331933139 ], [ -76.63850703686029, 39.268596892940124 ], [ -76.638505423486023, 39.268594450469649 ], [ -76.638503815501679, 39.268592006608245 ], [ -76.638502215602159, 39.26858955857395 ], [ -76.638500619295897, 39.268587109844091 ], [ -76.638499028379528, 39.268584658332244 ], [ -76.638497441056415, 39.268582205429453 ], [ -76.638495858224886, 39.268579750440168 ], [ -76.638494278088288, 39.268577294755303 ], [ -76.638492702443287, 39.26857483698398 ], [ -76.638491128594922, 39.268572378517092 ], [ -76.638489556543163, 39.268569918659225 ], [ -76.638487986288055, 39.268567458801208 ], [ -76.638486416931244, 39.26856499824769 ], [ -76.638484849371068, 39.268562536998616 ], [ -76.638483280912595, 39.268560075749441 ], [ -76.638481712454109, 39.268557614500182 ], [ -76.638480143995622, 39.268555154641795 ], [ -76.638478574638825, 39.268552694087845 ], [ -76.638477002587067, 39.268550234924703 ], [ -76.638475429637012, 39.268547775066047 ], [ -76.638473853992011, 39.268545317293693 ], [ -76.638472275652049, 39.268542860912149 ], [ -76.638470694617155, 39.268540405921478 ], [ -76.638469109090664, 39.268537951626186 ], [ -76.63846751907262, 39.268535499417197 ], [ -76.638465925461304, 39.268533049989976 ], [ -76.638445138445618, 39.268498400530895 ], [ -76.638425477018984, 39.26846410713302 ], [ -76.638283139860548, 39.268323820463792 ], [ -76.63825548612283, 39.268319318010668 ], [ -76.6382357115085, 39.268314133304109 ], [ -76.638211206365852, 39.268307128559719 ], [ -76.638183965853187, 39.268295537903931 ], [ -76.638174759019847, 39.268291891569227 ], [ -76.638114562912648, 39.268271614522888 ], [ -76.638076761805493, 39.26826010870829 ], [ -76.638025154490734, 39.268247591681764 ], [ -76.637969251432281, 39.26823408500227 ], [ -76.63791653739311, 39.268218321526625 ], [ -76.637868706595796, 39.268201718617362 ], [ -76.637825981822573, 39.268181266286895 ], [ -76.63777967456798, 39.268151068348907 ], [ -76.637723915239988, 39.268111484348196 ], [ -76.637662706731476, 39.268062559474458 ], [ -76.637583679240976, 39.267991474801839 ], [ -76.63754277175957, 39.267956220015556 ], [ -76.637511056738461, 39.267934085965059 ], [ -76.637474798038653, 39.267913168981863 ], [ -76.637421145260006, 39.267881714907134 ], [ -76.637351205126919, 39.267841186303698 ], [ -76.637289303119005, 39.267804509896848 ], [ -76.637253795410771, 39.267779736480954 ], [ -76.6372127019781, 39.267744796637324 ], [ -76.637168355745786, 39.267687620413348 ], [ -76.637147518424456, 39.267651521169249 ], [ -76.637127123972562, 39.267601129219557 ], [ -76.637115204227044, 39.26754441119617 ], [ -76.637107241560386, 39.267506036979483 ], [ -76.637104905940646, 39.267490975770002 ], [ -76.637098800989961, 39.267477427216186 ], [ -76.637085960471296, 39.267456279894269 ], [ -76.637074169184871, 39.26743667582673 ], [ -76.637053006673426, 39.26739695093633 ], [ -76.637040858755825, 39.267372329685685 ], [ -76.637032495440522, 39.267343308145648 ], [ -76.63703014005786, 39.267322504348904 ], [ -76.637026895343055, 39.267291872758527 ], [ -76.637022257341243, 39.267275385079053 ], [ -76.637011136198026, 39.267249040392208 ], [ -76.637000246820136, 39.267231789068049 ], [ -76.636989967398364, 39.267216113692591 ], [ -76.636983638767163, 39.267199450734807 ], [ -76.636982145767178, 39.267181174263463 ], [ -76.636979394227453, 39.267159827249813 ], [ -76.636973889351395, 39.267140863635177 ], [ -76.636963763541502, 39.267120809504576 ], [ -76.636947179743061, 39.267092066747487 ], [ -76.636927123057703, 39.267064761534648 ], [ -76.636908108418083, 39.267049340667413 ], [ -76.636902405912664, 39.267039121289613 ], [ -76.636898513512534, 39.267024233849753 ], [ -76.636897157954763, 39.267007346901771 ], [ -76.636892493901811, 39.266975939713134 ], [ -76.636883456850043, 39.266928071177482 ], [ -76.636858650771799, 39.266830228784805 ], [ -76.636837613126161, 39.266753829375929 ], [ -76.636817422591832, 39.266700352313457 ], [ -76.636814066485954, 39.266682614015913 ], [ -76.63681337747812, 39.266663991754541 ], [ -76.636811871003388, 39.266622293338607 ], [ -76.636808204080381, 39.266592792299392 ], [ -76.636798892144157, 39.266561983041605 ], [ -76.636776501635708, 39.266496611648037 ], [ -76.636754545911842, 39.266416052174598 ], [ -76.636736927254177, 39.266377662039325 ], [ -76.636725795331174, 39.266359765784721 ], [ -76.636712525417806, 39.26634516474104 ], [ -76.636697614282397, 39.266326284364403 ], [ -76.636688904217408, 39.266309210162213 ], [ -76.636685454686699, 39.266293245257849 ], [ -76.636684354250491, 39.266267356441531 ], [ -76.636683720938208, 39.266249558222498 ], [ -76.636678943697518, 39.266234123961617 ], [ -76.636664891351543, 39.266213258632689 ], [ -76.636651773253448, 39.266191206794765 ], [ -76.636641481255225, 39.26617256632013 ], [ -76.636631757890598, 39.266146310241268 ], [ -76.6366119859712, 39.266101515895869 ], [ -76.636589229848411, 39.266055059997555 ], [ -76.636550654393488, 39.26597851021328 ], [ -76.636513278189454, 39.265936709152413 ], [ -76.636346071172355, 39.26583832150132 ], [ -76.636288598757105, 39.265809562221989 ], [ -76.636235750868948, 39.265782522187479 ], [ -76.636168501190156, 39.265743555141903 ], [ -76.636129128929568, 39.265724753193844 ], [ -76.636042680456526, 39.265675200014506 ], [ -76.63597299813992, 39.265626489043072 ], [ -76.635879878777587, 39.265577747436033 ], [ -76.635846896233602, 39.265567038911122 ], [ -76.63577770978705, 39.265547482304214 ], [ -76.635745718983145, 39.265541172082386 ], [ -76.635714498933766, 39.26553791786327 ], [ -76.63553578449789, 39.265543849040853 ], [ -76.635362457258751, 39.265567622430815 ], [ -76.634941157271967, 39.265625408245832 ], [ -76.634854246166555, 39.265638459879739 ], [ -76.634780857401097, 39.26564935061306 ], [ -76.634680211953295, 39.265665689839501 ], [ -76.634604014155968, 39.265676682110559 ], [ -76.634572055691407, 39.26568173278207 ], [ -76.634538594345386, 39.265692619335688 ], [ -76.634319587774073, 39.26578628271352 ], [ -76.634192593840666, 39.265845759088144 ], [ -76.6340907284807, 39.265904673455651 ], [ -76.634016243770603, 39.265938115434416 ], [ -76.633931697929327, 39.265984193759124 ], [ -76.633769432544611, 39.266066026474462 ], [ -76.633730672036734, 39.266091411831034 ], [ -76.633685263995758, 39.2661218665964 ], [ -76.633628627013721, 39.266151655070573 ], [ -76.633596380189957, 39.266159708826919 ], [ -76.633573055433601, 39.266159646928436 ], [ -76.63355266008341, 39.266164097358732 ], [ -76.6335368021237, 39.266172245700034 ], [ -76.633524746732576, 39.266188128564366 ], [ -76.633517783890809, 39.266224592302336 ], [ -76.633501580079724, 39.266242151975462 ], [ -76.633433155404532, 39.266288242618998 ], [ -76.633384331968827, 39.266315036951525 ], [ -76.633315184149836, 39.266342183885527 ], [ -76.63329035651202, 39.266342229787639 ], [ -76.633272084779136, 39.266350068616731 ], [ -76.633258149214129, 39.266364812234066 ], [ -76.633230683224312, 39.266385471654054 ], [ -76.633208140900592, 39.266389176508788 ], [ -76.633191481643635, 39.266389100005313 ], [ -76.633170849138196, 39.266384642634485 ], [ -76.633154007523245, 39.266375510204824 ], [ -76.633128030940171, 39.266359425691846 ], [ -76.633117421836673, 39.266357841373747 ], [ -76.633094127623039, 39.266359547401954 ], [ -76.633087193527359, 39.266369907367142 ], [ -76.633076899732529, 39.266392824333536 ], [ -76.633033309881668, 39.266433289789823 ], [ -76.633004729980911, 39.266450206086539 ], [ -76.632974429806382, 39.266463748579561 ], [ -76.632948804464576, 39.266474743507388 ], [ -76.632933680428465, 39.266486531982089 ], [ -76.632932959979584, 39.266504961641331 ], [ -76.63291207235261, 39.26652366253478 ], [ -76.632910572166097, 39.266525004820416 ], [ -76.632819878255006, 39.266546861122102 ], [ -76.632733845701935, 39.26656216804048 ], [ -76.632619958188513, 39.266602217499546 ], [ -76.63255871105244, 39.266621835710211 ], [ -76.632507668778004, 39.266641120083293 ], [ -76.632459433738845, 39.266659319496796 ], [ -76.632414509889799, 39.266681259214593 ], [ -76.632377739150257, 39.266710323453232 ], [ -76.632362158769979, 39.266739061498477 ], [ -76.63232847104851, 39.26677717602481 ], [ -76.632286197229533, 39.266809142470009 ], [ -76.632247331618771, 39.266833571270077 ], [ -76.632205859995366, 39.266856608403124 ], [ -76.632166683567519, 39.266876830220362 ], [ -76.632134835595735, 39.266894060071984 ], [ -76.632098402622759, 39.26691725505934 ], [ -76.63206559165701, 39.266942938468809 ], [ -76.632037828324854, 39.266973236381077 ], [ -76.63201768001133, 39.26700752007627 ], [ -76.631986609082304, 39.267051125963519 ], [ -76.631959615606306, 39.267088400181237 ], [ -76.631954576955891, 39.267095632469065 ], [ -76.631918866228403, 39.267147032530822 ], [ -76.631901270926932, 39.267174024050846 ], [ -76.6318766786477, 39.267207917484676 ], [ -76.631862611928668, 39.267232860799254 ], [ -76.631855138843818, 39.267259937829998 ], [ -76.631852653205442, 39.267289672268696 ], [ -76.631852927191602, 39.267310281341693 ], [ -76.631863131154915, 39.267356685638177 ], [ -76.631868714184407, 39.26742366973361 ], [ -76.631868883067668, 39.267480835045291 ], [ -76.631869025001492, 39.267528594013854 ], [ -76.631869171426871, 39.267579161275258 ], [ -76.631869368157922, 39.26764606796047 ], [ -76.631869837078511, 39.26768647914173 ], [ -76.631869959249386, 39.267738419152465 ], [ -76.631870208981027, 39.26778515421033 ], [ -76.631863742907612, 39.267818728126912 ], [ -76.631855190946126, 39.267878908680231 ], [ -76.631847270500259, 39.267918037974269 ], [ -76.631847363026736, 39.267958048407714 ], [ -76.631847504062222, 39.2679697093618 ], [ -76.631849013231914, 39.267992543044116 ], [ -76.631851194341422, 39.268004655352577 ], [ -76.631856006616403, 39.268056630596426 ], [ -76.63185671718378, 39.26809732876977 ], [ -76.631856830371504, 39.268136318848072 ], [ -76.631856915711467, 39.268164757257139 ], [ -76.631851841128437, 39.268198410275289 ], [ -76.631842985536352, 39.26822798783553 ], [ -76.631828522660271, 39.268263839891723 ], [ -76.631819753306473, 39.2682874023279 ], [ -76.631813312385887, 39.268308267734845 ], [ -76.631800326340155, 39.268367912358585 ], [ -76.631789745982729, 39.268407727109171 ], [ -76.631772039290155, 39.268457561410948 ], [ -76.631746131877364, 39.268534407537409 ], [ -76.63174463797904, 39.268539789044226 ], [ -76.63174345310118, 39.268545196282801 ], [ -76.631743088385178, 39.26855066750376 ], [ -76.631742985977226, 39.268556156110883 ], [ -76.631742993163755, 39.268561655844998 ], [ -76.63174296621429, 39.268567153492299 ], [ -76.631742762296739, 39.268572644184509 ], [ -76.631742355359904, 39.268578125835312 ], [ -76.63174195920287, 39.268583616526669 ], [ -76.631741560350889, 39.26858911208582 ], [ -76.631741127362929, 39.268594606949115 ], [ -76.631740628797928, 39.268600095552806 ], [ -76.631740036808168, 39.268605573028644 ], [ -76.631739319952558, 39.26861103381291 ], [ -76.631738446790095, 39.268616473037355 ], [ -76.631737388574706, 39.268621885138288 ], [ -76.631736039305139, 39.268627256206415 ], [ -76.631734378320175, 39.268632585546314 ], [ -76.631732500841238, 39.268637885676355 ], [ -76.63173050478467, 39.268643169810254 ], [ -76.631728485371923, 39.268648451857452 ], [ -76.631726536926067, 39.268653744336156 ], [ -76.631724755566879, 39.268659061155695 ], [ -76.631723239210672, 39.268664414138925 ], [ -76.631722136079503, 39.268669829713481 ], [ -76.631721414732311, 39.268675301620135 ], [ -76.631720882031345, 39.268680801344942 ], [ -76.631720348432083, 39.268686300373801 ], [ -76.631719623491634, 39.268691767410935 ], [ -76.631718519462154, 39.268697172551413 ], [ -76.631716942020518, 39.268702504667843 ], [ -76.631715173237737, 39.268707804792591 ], [ -76.631713267012685, 39.26871308266211 ], [ -76.63171124939656, 39.268718343144613 ], [ -76.631709147338796, 39.268723589022017 ], [ -76.631706984195588, 39.268728825858069 ], [ -76.631704789611348, 39.268734056434496 ], [ -76.631702586043971, 39.26873928701054 ], [ -76.63170039954457, 39.268744518977144 ], [ -76.63169825706261, 39.268749759288895 ], [ -76.631696181954311, 39.268755009336743 ], [ -76.631694151761749, 39.268760269816099 ], [ -76.631692143128788, 39.26876553446786 ], [ -76.631690144377274, 39.268770802596549 ], [ -76.631688144727462, 39.268776070029361 ], [ -76.631686132501216, 39.268781333984514 ], [ -76.631684096020479, 39.268786593070999 ], [ -76.631682024505423, 39.268791842420612 ], [ -76.631679908074616, 39.268797079946978 ], [ -76.631677733253312, 39.26880230286821 ], [ -76.631675508126349, 39.268807513270772 ], [ -76.631673255151625, 39.268812716718323 ], [ -76.631670976125747, 39.268817915297276 ], [ -76.631668672845365, 39.268823106225724 ], [ -76.631666344412139, 39.268828292285583 ], [ -76.631663991724423, 39.26883347069495 ], [ -76.631661615680486, 39.268838643540249 ], [ -76.631659215382044, 39.268843808735113 ], [ -76.631656793524044, 39.268848968365866 ], [ -76.631654349208148, 39.268854119650705 ], [ -76.631651885129315, 39.26885926467606 ], [ -76.631649368948217, 39.268864393705364 ], [ -76.631646741376017, 39.268869490047607 ], [ -76.631644033853732, 39.268874562743811 ], [ -76.631641285907293, 39.268879623616812 ], [ -76.631638534367582, 39.268884683098499 ], [ -76.631635814268904, 39.268889751620819 ], [ -76.631633166933753, 39.268894843093008 ], [ -76.631630625599811, 39.268899964469604 ], [ -76.6316281381648, 39.268905103927871 ], [ -76.631625655221342, 39.268910244776698 ], [ -76.631623182159359, 39.268915389797883 ], [ -76.631620723470448, 39.268920538991473 ], [ -76.631618279154551, 39.268925693052886 ], [ -76.631615856398227, 39.268930852677663 ], [ -76.631613455201474, 39.268936019256621 ], [ -76.631611080055876, 39.26894119209436 ], [ -76.631608735452986, 39.268946371886322 ], [ -76.631606423189439, 39.268951560023424 ], [ -76.631604148655128, 39.268956757896603 ], [ -76.63160191274838, 39.268961965505795 ], [ -76.631599716367518, 39.268967182155649 ], [ -76.631597528969806, 39.268972404368775 ], [ -76.631595351453555, 39.268977632145194 ], [ -76.631593194598551, 39.26898286757131 ], [ -76.631591062896391, 39.268988109256128 ], [ -76.631588968025142, 39.268993359286121 ], [ -76.631586917171347, 39.268998621138536 ], [ -76.631584917521536, 39.269003891336105 ], [ -76.631582978957155, 39.269009174746998 ], [ -76.63158111046134, 39.269014469284834 ], [ -76.631579318322352, 39.269019778426909 ], [ -76.631577611523326, 39.269025102173295 ], [ -76.631575998149074, 39.269030441219385 ], [ -76.63157446023331, 39.26903579417425 ], [ -76.631572980708029, 39.269041158256094 ], [ -76.631571555081663, 39.269046531378443 ], [ -76.631570177066024, 39.269051914236883 ], [ -76.631568842169528, 39.269057304744933 ], [ -76.631567545002241, 39.269062702902609 ], [ -76.631566281072651, 39.269068106623585 ], [ -76.631565044092497, 39.269073515907806 ], [ -76.631563827773604, 39.269078927973446 ], [ -76.631562630319337, 39.269084344211393 ], [ -76.631561444543152, 39.269089761144436 ], [ -76.63156026595351, 39.269095180163383 ], [ -76.631559088262165, 39.269100599181954 ], [ -76.631557906977562, 39.269106016113696 ], [ -76.631556716709824, 39.269111432349597 ], [ -76.631555512068999, 39.269116845107781 ], [ -76.631554290360228, 39.269122252997299 ], [ -76.631553100092475, 39.26912766714554 ], [ -76.631551954740488, 39.269133088943427 ], [ -76.631550847117751, 39.269138518390925 ], [ -76.631549864360835, 39.269143435980354 ], [ -76.631549761952883, 39.269143949924405 ], [ -76.63154868936445, 39.269149384239249 ], [ -76.631547619470922, 39.269154819249181 ], [ -76.631546540594286, 39.269160250781361 ], [ -76.63154544015805, 39.269165678835854 ], [ -76.631544310077416, 39.269171100630814 ], [ -76.631543135979342, 39.26917651338438 ], [ -76.631541907982353, 39.269181915705644 ], [ -76.631540616204973, 39.269187305508225 ], [ -76.631539248070794, 39.269192680705785 ], [ -76.631537809868021, 39.269198121971442 ], [ -76.631536256680903, 39.269203851851856 ], [ -76.631534288472125, 39.26920947045852 ], [ -76.631531588136369, 39.269214509052667 ], [ -76.631528219454054, 39.26921807744808 ], [ -76.631527824195331, 39.269218494722942 ], [ -76.631521910585803, 39.269220703497695 ], [ -76.631514378212145, 39.269221436510492 ], [ -76.631506774871582, 39.269221516488116 ], [ -76.631499741961221, 39.269221517183588 ], [ -76.631492693779521, 39.269221430946779 ], [ -76.631485636614627, 39.269221263341414 ], [ -76.631478570466612, 39.269221019235651 ], [ -76.631471500725326, 39.269220704193167 ], [ -76.631464433678985, 39.269220324473075 ], [ -76.631457372022552, 39.269219885639025 ], [ -76.631450322044188, 39.26921939325473 ], [ -76.631443285540584, 39.269218851492901 ], [ -76.631436260715063, 39.269218282608215 ], [ -76.631429218821538, 39.269217738064555 ], [ -76.631422163453294, 39.269217208820969 ], [ -76.631415099101901, 39.269216680272791 ], [ -76.631408032953885, 39.269216136424589 ], [ -76.631400972195735, 39.269215564758049 ], [ -76.631393920420763, 39.26921494858216 ], [ -76.63138688481547, 39.269214273987835 ], [ -76.631379872566356, 39.269213525674886 ], [ -76.631372889063329, 39.269212689734232 ], [ -76.63136593879797, 39.269211750865772 ], [ -76.631359030753444, 39.26921069446486 ], [ -76.63135216852298, 39.269209505231402 ], [ -76.631345357496514, 39.269208169951774 ], [ -76.63133859318242, 39.269206699057712 ], [ -76.631331863902616, 39.26920511689034 ], [ -76.631325166962171, 39.269203433186021 ], [ -76.631318498767826, 39.269201658376652 ], [ -76.631311855726295, 39.26919980358953 ], [ -76.631305236040959, 39.269197878561073 ], [ -76.631298636118572, 39.269195894418601 ], [ -76.631292054162486, 39.26919386159399 ], [ -76.631285484782808, 39.2691917891282 ], [ -76.63127892708124, 39.269189688148536 ], [ -76.631272376566187, 39.26918757047784 ], [ -76.631265830542716, 39.269185445852486 ], [ -76.631259287214192, 39.269183324008949 ], [ -76.631252742089018, 39.269181215378957 ], [ -76.63124619247229, 39.269179131090006 ], [ -76.631239637465669, 39.269177081573943 ], [ -76.631233099527037, 39.269175004239464 ], [ -76.6312265921311, 39.26917286918183 ], [ -76.631220108091384, 39.269170686832965 ], [ -76.631213642017983, 39.269168471797506 ], [ -76.631207184927703, 39.269166238680015 ], [ -76.631200730532399, 39.269164000694254 ], [ -76.631194273442119, 39.269161769663029 ], [ -76.631187803775447, 39.269159560190936 ], [ -76.631181317939109, 39.269157385491695 ], [ -76.631174806949929, 39.26915525947453 ], [ -76.631168262723065, 39.269153194657669 ], [ -76.63116169244509, 39.269151182000108 ], [ -76.631155114082276, 39.269149176992549 ], [ -76.631148525837972, 39.269147181025907 ], [ -76.631141928610518, 39.269145199663825 ], [ -76.631135320603292, 39.269143239165494 ], [ -76.631129825608696, 39.26914163196016 ], [ -76.631128700917969, 39.269141302312697 ], [ -76.631122068656225, 39.269139395364562 ], [ -76.631115422021438, 39.269137522493864 ], [ -76.631108761911918, 39.269135687177858 ], [ -76.631102084734408, 39.269133896371201 ], [ -76.631095390488909, 39.269132154246627 ], [ -76.631088678277123, 39.269130463586002 ], [ -76.63108194720067, 39.269128832734744 ], [ -76.631075164021993, 39.269127338193471 ], [ -76.631068318859519, 39.269126008475894 ], [ -76.631061423391401, 39.269124810200083 ], [ -76.631054491990668, 39.269123711374867 ], [ -76.631047539030348, 39.26912267722728 ], [ -76.631040577985218, 39.269121673679919 ], [ -76.63103362232998, 39.269120668741664 ], [ -76.631026684641043, 39.269119635984964 ], [ -76.63101974515547, 39.269118607401033 ], [ -76.631012803873276, 39.26911759063988 ], [ -76.631005859896121, 39.26911658222425 ], [ -76.630998914122344, 39.269115582154058 ], [ -76.630991966551932, 39.269114589038509 ], [ -76.630985017184898, 39.269113603572968 ], [ -76.630978067817864, 39.269112621584661 ], [ -76.63097111575587, 39.269111645160059 ], [ -76.630964163693903, 39.269110670126388 ], [ -76.630957210733598, 39.269109697179061 ], [ -76.630950257773307, 39.269108724231728 ], [ -76.630943304813002, 39.269107750588901 ], [ -76.630936352751007, 39.269106776250595 ], [ -76.630929400689027, 39.269105798434964 ], [ -76.630922450423682, 39.2691048164466 ], [ -76.630915501056634, 39.269103829590037 ], [ -76.630908552587925, 39.269102835778789 ], [ -76.63090160771246, 39.269101835708454 ], [ -76.63089466463363, 39.269100824510723 ], [ -76.630887725148042, 39.26909979662198 ], [ -76.63088078745912, 39.269098754128592 ], [ -76.63087385336344, 39.269097701898758 ], [ -76.630866921064381, 39.269096640627872 ], [ -76.630859989663662, 39.269095571706956 ], [ -76.630853058262929, 39.269094500699651 ], [ -76.630846128658817, 39.269093427605981 ], [ -76.630839198156409, 39.269092356598648 ], [ -76.630832267654, 39.269091289068605 ], [ -76.630825334456617, 39.269090227102211 ], [ -76.630818400360937, 39.269089174872185 ], [ -76.63081146446865, 39.269088133074106 ], [ -76.630804524983077, 39.269087105185129 ], [ -76.630797581904247, 39.269086093291769 ], [ -76.630790635232131, 39.269085100175744 ], [ -76.630783684068476, 39.269084128619006 ], [ -76.630776727514913, 39.26908318070781 ], [ -76.630769766469797, 39.269082258528677 ], [ -76.630762798238123, 39.269081365558733 ], [ -76.63075582371826, 39.2690805080573 ], [ -76.630748837520301, 39.269079697847026 ], [ -76.630741841440866, 39.269078930059806 ], [ -76.630734836378281, 39.269078200522827 ], [ -76.630727823230856, 39.269077504367935 ], [ -76.630720805591849, 39.269076834640479 ], [ -76.630713781664639, 39.269076187167691 ], [ -76.630706754144185, 39.269075557081408 ], [ -76.630699724827082, 39.269074937426986 ], [ -76.630692693713343, 39.269074325422636 ], [ -76.630685663497928, 39.269073715504689 ], [ -76.630678633282528, 39.269073100718501 ], [ -76.63067160576206, 39.269072475500394 ], [ -76.630664583631471, 39.269071837763995 ], [ -76.630657564195857, 39.269071179859296 ], [ -76.630650552845069, 39.269070496222561 ], [ -76.63064354868078, 39.269069783376537 ], [ -76.630636553499684, 39.269069035757568 ], [ -76.630629567301696, 39.269068247106404 ], [ -76.630622593680144, 39.269067412554953 ], [ -76.630615630838378, 39.269066526539447 ], [ -76.63060868416629, 39.269065584887194 ], [ -76.630601750070625, 39.269064582729911 ], [ -76.630594833941245, 39.269063515199441 ], [ -76.630587928591652, 39.269062400377692 ], [ -76.630581033123534, 39.26906124730565 ], [ -76.630574146638565, 39.26906005737424 ], [ -76.630567269136762, 39.269058833365278 ], [ -76.630560399719769, 39.269057575974188 ], [ -76.630553537489305, 39.269056289373836 ], [ -76.630546683343695, 39.269054974955019 ], [ -76.630539834587964, 39.269053635499681 ], [ -76.63053299212045, 39.269052273094111 ], [ -76.630526154144505, 39.269050889824726 ], [ -76.630519320660142, 39.269049489168793 ], [ -76.630512491667346, 39.2690480725173 ], [ -76.630505666267808, 39.269046642652022 ], [ -76.630498843563259, 39.269045200268437 ], [ -76.630492021756965, 39.269043750234793 ], [ -76.630485202645659, 39.269042293941972 ], [ -76.63047838533096, 39.269040834171818 ], [ -76.630471567117965, 39.269039370924325 ], [ -76.630464748006631, 39.269037909763163 ], [ -76.630457930691946, 39.269036451383862 ], [ -76.630451109784005, 39.26903499787268 ], [ -76.630444287079413, 39.269033552011592 ], [ -76.6304374625782, 39.269032116582352 ], [ -76.630430635382027, 39.269030692975896 ], [ -76.630423802795974, 39.269029284669529 ], [ -76.630416966616664, 39.269027893749609 ], [ -76.630410125945787, 39.269026522302561 ], [ -76.630403280783312, 39.269025164069241 ], [ -76.630396434722542, 39.269023810008626 ], [ -76.630389587763446, 39.269022460816238 ], [ -76.630382739007715, 39.269021115101125 ], [ -76.630375889353672, 39.269019772167781 ], [ -76.630369037902994, 39.269018432016281 ], [ -76.63036218555402, 39.269017093255705 ], [ -76.630355334103342, 39.269015757972362 ], [ -76.630348481754368, 39.269014421993525 ], [ -76.630341628507054, 39.269013088101076 ], [ -76.630334776158065, 39.269011754208599 ], [ -76.630327922910766, 39.269010419620621 ], [ -76.630321070561777, 39.269009085032621 ], [ -76.630314219111114, 39.269007749053657 ], [ -76.630307366762111, 39.269006412379248 ], [ -76.630300515311447, 39.269005072922972 ], [ -76.630293664759094, 39.269003732075724 ], [ -76.630286816003363, 39.269002387751144 ], [ -76.630279967247645, 39.269001040644703 ], [ -76.63027312028855, 39.268999689365465 ], [ -76.63026627512609, 39.268998334608931 ], [ -76.630259429963616, 39.268996974984127 ], [ -76.630252588394413, 39.268995610491089 ], [ -76.630245748621846, 39.268994240434303 ], [ -76.63023890884925, 39.268992864118395 ], [ -76.630232073568251, 39.268991481543317 ], [ -76.630225239185592, 39.268990092709025 ], [ -76.630218408396161, 39.268988695529231 ], [ -76.63021157940338, 39.268987291394794 ], [ -76.630204753105531, 39.268985878914769 ], [ -76.63019793129925, 39.268984455307375 ], [ -76.630191112187944, 39.268983020572598 ], [ -76.630184298466503, 39.268981574710395 ], [ -76.630177487440037, 39.268980119807175 ], [ -76.630170678210177, 39.268978655863002 ], [ -76.630163873471886, 39.268977184268643 ], [ -76.630157069631935, 39.26897570571974 ], [ -76.630150269385226, 39.268974220911616 ], [ -76.630143470036842, 39.26897273053973 ], [ -76.630136672485094, 39.268971235299659 ], [ -76.630129875831656, 39.268969737277672 ], [ -76.63012308097484, 39.26896823647386 ], [ -76.630116285219714, 39.268966732888138 ], [ -76.630109491261209, 39.26896522791148 ], [ -76.630102697302732, 39.268963722934735 ], [ -76.630095903344241, 39.268962219348921 ], [ -76.6300891075891, 39.26896071645853 ], [ -76.630082311833988, 39.268959215654526 ], [ -76.630075515180536, 39.268957718327748 ], [ -76.630068716730491, 39.268956224478259 ], [ -76.630061918280418, 39.268954735496933 ], [ -76.630055115338763, 39.268953252079307 ], [ -76.630048311498797, 39.268951774920751 ], [ -76.630041504963884, 39.268950306107719 ], [ -76.63003469663235, 39.26894884424928 ], [ -76.630027883809234, 39.268947392822696 ], [ -76.63002106739286, 39.268945949741642 ], [ -76.63001424828154, 39.268944517787865 ], [ -76.630007417492138, 39.268943112261603 ], [ -76.630000571431353, 39.268941743594787 ], [ -76.629993712794132, 39.268940407614529 ], [ -76.629986839783896, 39.268939099452695 ], [ -76.6299799568922, 39.268937817718381 ], [ -76.629973064119028, 39.268936556847855 ], [ -76.629966165057624, 39.26893531266839 ], [ -76.629959259708045, 39.268934083093519 ], [ -76.629952350765194, 39.268932863255138 ], [ -76.629945439127411, 39.268931649675842 ], [ -76.629938525692964, 39.268930438878407 ], [ -76.629931614055181, 39.268929227385485 ], [ -76.629924704214019, 39.268928008937912 ], [ -76.629917799762751, 39.268926784231162 ], [ -76.629910900701361, 39.268925544919739 ], [ -76.629904007928189, 39.268924290308092 ], [ -76.629897125036479, 39.268923015528124 ], [ -76.629890252924568, 39.26892171710243 ], [ -76.629883392490726, 39.268920390858256 ], [ -76.629876547328266, 39.268919033318355 ], [ -76.629869716538849, 39.268917641005359 ], [ -76.629862903715733, 39.268916209746479 ], [ -76.629856109757228, 39.268914735369016 ], [ -76.629849336460012, 39.268913215091104 ], [ -76.629842585620636, 39.268911644739937 ], [ -76.629835857239158, 39.268910020838206 ], [ -76.629829155807144, 39.268908338517754 ], [ -76.629822481324581, 39.268906596387559 ], [ -76.629815834689779, 39.268904787493064 ], [ -76.629809218597728, 39.268902913920627 ], [ -76.629802620471963, 39.268900997925009 ], [ -76.629796038515877, 39.268899046460788 ], [ -76.629789471831145, 39.268897062309904 ], [ -76.62978291862116, 39.268895046167671 ], [ -76.629776379784204, 39.268893000120599 ], [ -76.629769853523655, 39.268890924864074 ], [ -76.629763339839528, 39.268888821789027 ], [ -76.629756837833511, 39.268886692286351 ], [ -76.629750346607267, 39.268884539833408 ], [ -76.629743866160808, 39.268882363734733 ], [ -76.629737395595811, 39.268880166076684 ], [ -76.629730934013963, 39.268877948945672 ], [ -76.62972448051697, 39.268875713037076 ], [ -76.629718034206491, 39.268873460437362 ], [ -76.629711594184229, 39.268871191841939 ], [ -76.629705161348468, 39.268868909337243 ], [ -76.629698733902615, 39.268866615009586 ], [ -76.629692311846654, 39.268864308859065 ], [ -76.629685893383936, 39.268861994362886 ], [ -76.629679478514504, 39.268859670825634 ], [ -76.629673066340004, 39.268857339638252 ], [ -76.629669594351427, 39.268856075288966 ], [ -76.629666656860451, 39.268855005668897 ], [ -76.629660249177519, 39.268852666831265 ], [ -76.629653841494601, 39.268850326602646 ], [ -76.629647433811684, 39.268847984983005 ], [ -76.629641026128766, 39.268845644058707 ], [ -76.629634616649213, 39.268843306611707 ], [ -76.629628206271349, 39.26884097194646 ], [ -76.629621792300227, 39.268838642844827 ], [ -76.629615375634145, 39.268836321393174 ], [ -76.629608954476495, 39.268834007591543 ], [ -76.629602529725574, 39.268831704221739 ], [ -76.629596098686449, 39.268829411283804 ], [ -76.629589661359148, 39.268827131559597 ], [ -76.629583218641912, 39.26882486574452 ], [ -76.629576767839865, 39.268822615925018 ], [ -76.629570309851289, 39.268820383492027 ], [ -76.629563841981238, 39.268818170531858 ], [ -76.629557366026361, 39.268815976349067 ], [ -76.629550879291685, 39.268813805116515 ], [ -76.629544381777237, 39.268811656138659 ], [ -76.629537873483002, 39.26880953219738 ], [ -76.629531351714036, 39.268807435379038 ], [ -76.629524817368647, 39.268805364988197 ], [ -76.62951827044688, 39.268803324502201 ], [ -76.629511707355405, 39.268801316007377 ], [ -76.629505115517858, 39.268799351326635 ], [ -76.629498496730847, 39.268797431850871 ], [ -76.629491850096045, 39.26879555618919 ], [ -76.629485179206753, 39.268793724341549 ], [ -76.629478484062929, 39.26879193769895 ], [ -76.629471767359561, 39.268790193479454 ], [ -76.629465028198297, 39.268788493074091 ], [ -76.629458271969042, 39.268786835787324 ], [ -76.629451496875177, 39.268785220923753 ], [ -76.629444703814997, 39.268783648483357 ], [ -76.629437897280084, 39.268782119161536 ], [ -76.629431076372128, 39.268780630176558 ], [ -76.629424244684401, 39.268779185005656 ], [ -76.629417401318562, 39.268777779476082 ], [ -76.629410548071263, 39.268776415674246 ], [ -76.629403688535746, 39.268775092209168 ], [ -76.629396821813728, 39.268773809776377 ], [ -76.6293899506001, 39.268772567680394 ], [ -76.629383075793243, 39.268771365921175 ], [ -76.629376199189736, 39.268770203803342 ], [ -76.629369299230049, 39.268769139745658 ], [ -76.629362364236059, 39.268768205739534 ], [ -76.629355396902696, 39.268767386484626 ], [ -76.629348402619897, 39.268766671549159 ], [ -76.629341384980904, 39.268766047719261 ], [ -76.62933434668065, 39.268765502476612 ], [ -76.629327293109043, 39.268765022607404 ], [ -76.629320227859338, 39.268764596288889 ], [ -76.62931315362647, 39.268764210307161 ], [ -76.629306075800343, 39.268763852839413 ], [ -76.629298997075907, 39.268763510671782 ], [ -76.629291921944741, 39.268763170590624 ], [ -76.629284853101751, 39.268762820772935 ], [ -76.629277796835211, 39.268762449395894 ], [ -76.62927075224674, 39.268762054373134 ], [ -76.629263706759971, 39.268761684387052 ], [ -76.629256657679946, 39.268761342914928 ], [ -76.62924960680327, 39.268761027870376 ], [ -76.629242553231677, 39.268760736471542 ], [ -76.629235497863434, 39.268760463850185 ], [ -76.629228441596851, 39.268760207919918 ], [ -76.629221383533675, 39.2687599652035 ], [ -76.629214324572175, 39.268759732223515 ], [ -76.629207264712349, 39.2687595055027 ], [ -76.629200203954213, 39.268759282259204 ], [ -76.629193144094415, 39.268759059015714 ], [ -76.629186085132901, 39.268758832990365 ], [ -76.629179025273089, 39.268758600010379 ], [ -76.629171967209899, 39.268758357989384 ], [ -76.629162637307374, 39.268758017908148 ], [ -76.62907254886079, 39.26874738776101 ], [ -76.6289399844743, 39.268718199183766 ], [ -76.628811134621515, 39.268688979994032 ], [ -76.62865695587098, 39.268654348694049 ], [ -76.62830148532656, 39.268570594650711 ], [ -76.628160644761351, 39.268535851322405 ], [ -76.628158083664474, 39.268535244877057 ], [ -76.627910919400577, 39.268476706881266 ], [ -76.627598994689521, 39.268412886772033 ], [ -76.627378308268618, 39.268373672211915 ], [ -76.627164880235227, 39.268341017272746 ], [ -76.627059343460687, 39.268326056389945 ], [ -76.626798022646227, 39.26829467204724 ], [ -76.626532539937031, 39.268270221501545 ], [ -76.626127281166276, 39.268188515153206 ], [ -76.625909779273059, 39.268144662386788 ], [ -76.625824011722997, 39.268118707489407 ], [ -76.625725967796257, 39.268088696605659 ], [ -76.6256144168009, 39.268055101258788 ], [ -76.625528640267689, 39.268030384264556 ], [ -76.625463781904173, 39.268012046113014 ], [ -76.625440784134597, 39.268005542076949 ], [ -76.625313440756543, 39.267970531407897 ], [ -76.625215922344239, 39.267944931136036 ], [ -76.625227348016338, 39.267943632692202 ], [ -76.625255616201713, 39.267933243749901 ], [ -76.625267905154786, 39.267928415095824 ], [ -76.625282826171656, 39.267924283998781 ], [ -76.625293417308853, 39.267920979120973 ], [ -76.625312894580858, 39.267914924350713 ], [ -76.625325696471947, 39.267910978248146 ], [ -76.625335387497245, 39.267905993111533 ], [ -76.625340383926869, 39.26790083410684 ], [ -76.625347928876934, 39.267894741083893 ], [ -76.625356383820389, 39.267890306759398 ], [ -76.625368090665162, 39.26788733987901 ], [ -76.625389645740412, 39.26788677446087 ], [ -76.625437891559372, 39.267895859401591 ], [ -76.625476914375326, 39.267904979114711 ], [ -76.625522301755041, 39.267914321377347 ], [ -76.625556656924772, 39.267919904618367 ], [ -76.625588860629392, 39.267925391188442 ], [ -76.625608628955547, 39.267925636689682 ], [ -76.625619981864091, 39.267918822465532 ], [ -76.625641564787102, 39.26791083011279 ], [ -76.625663817853336, 39.267903323198006 ], [ -76.625680127665618, 39.267892173404185 ], [ -76.625687616021835, 39.267878112365565 ], [ -76.625714569073622, 39.267835093275572 ], [ -76.625741611058601, 39.267807683335974 ], [ -76.625757891226499, 39.267788711550942 ], [ -76.625761425198831, 39.267777542265691 ], [ -76.625767628964198, 39.267757943156305 ], [ -76.625767093568285, 39.267713982322135 ], [ -76.625762164512324, 39.267677627157447 ], [ -76.62573795850868, 39.267643554518585 ], [ -76.625692045614485, 39.267614758424408 ], [ -76.625638046086138, 39.26759319525037 ], [ -76.625584495715444, 39.267571730827129 ], [ -76.625517520921107, 39.267544495348631 ], [ -76.625450975521474, 39.267518906744193 ], [ -76.625398705250063, 39.267499320081036 ], [ -76.625316667505047, 39.2674758095405 ], [ -76.625307074396119, 39.267459209237224 ], [ -76.625305257104301, 39.267441535811052 ], [ -76.625305101695773, 39.267432747084108 ], [ -76.625305189730668, 39.267421337107479 ], [ -76.625308369766756, 39.267410554448311 ], [ -76.6253184758137, 39.267402333921474 ], [ -76.625326571431046, 39.267394254575294 ], [ -76.62533614926862, 39.267384434451131 ], [ -76.62534528513504, 39.26737523538597 ], [ -76.625356339802934, 39.267364842882017 ], [ -76.625360969719907, 39.267354062300619 ], [ -76.625364677067083, 39.267345024582092 ], [ -76.625369563902225, 39.26733652933423 ], [ -76.625374931336054, 39.267331528160824 ], [ -76.625380128089986, 39.267325871847824 ], [ -76.625395029343906, 39.267321863814679 ], [ -76.625405318647168, 39.267321678122322 ], [ -76.625421588933605, 39.267321311606011 ], [ -76.625429575854795, 39.267321230235247 ], [ -76.625436818970925, 39.267320731578316 ], [ -76.625444739416778, 39.267316617136863 ], [ -76.625452387673121, 39.267312775322154 ], [ -76.625461798424027, 39.267307918806246 ], [ -76.625469920990838, 39.267304743258116 ], [ -76.62547811182958, 39.267303247982404 ], [ -76.625484212288683, 39.267302485739535 ], [ -76.625490940670176, 39.267301443914896 ], [ -76.625497791222514, 39.267300315851024 ], [ -76.625504839404243, 39.267298427630685 ], [ -76.625511607311594, 39.26729519296655 ], [ -76.625519503502929, 39.267288738242797 ], [ -76.625520572498118, 39.267279601758055 ], [ -76.625520279647347, 39.267270716339468 ], [ -76.625518074283306, 39.267263101557049 ], [ -76.625516470790529, 39.267254236305249 ], [ -76.625516604639515, 39.267246255699831 ], [ -76.625521945123879, 39.267238175640166 ], [ -76.62552764313773, 39.267231296669735 ], [ -76.625537697980704, 39.267226379641663 ], [ -76.625547467159407, 39.267226253760171 ], [ -76.625556464685303, 39.267226159175195 ], [ -76.625566450358008, 39.267223870357618 ], [ -76.625574084241293, 39.267221619791222 ], [ -76.625581162965716, 39.267221545375072 ], [ -76.625587665870057, 39.267222870955898 ], [ -76.625590274577647, 39.26722367284188 ], [ -76.625594028637224, 39.267223852275144 ], [ -76.625600003332181, 39.267222082979451 ], [ -76.625607719860469, 39.267217627052581 ], [ -76.625614803076473, 39.267213369336638 ], [ -76.62562289959213, 39.267207632338682 ], [ -76.625629890281672, 39.267204903282909 ], [ -76.62563721963609, 39.267204789919994 ], [ -76.625642415491683, 39.267205997965327 ], [ -76.625647844010956, 39.267208099004456 ], [ -76.625653100951993, 39.267209891946742 ], [ -76.625659776332867, 39.267211330195217 ], [ -76.625666606223987, 39.267212117476291 ], [ -76.625673047144574, 39.2672123059508 ], [ -76.625679119755873, 39.267212295518661 ], [ -76.625686116733647, 39.267212235012089 ], [ -76.625692333075406, 39.267212156423042 ], [ -76.625699087508011, 39.267211200836293 ], [ -76.625705113406951, 39.267208619222011 ], [ -76.625708832432224, 39.267203829464812 ], [ -76.625710333517063, 39.267197159134454 ], [ -76.625710021801652, 39.26719058825681 ], [ -76.625707686181912, 39.267185383993329 ], [ -76.625704380381677, 39.267181419071818 ], [ -76.625699918449655, 39.267176372681213 ], [ -76.625695958675891, 39.26717110025983 ], [ -76.625692366313061, 39.267164996045807 ], [ -76.625690096270347, 39.267159487160825 ], [ -76.625690527461671, 39.267154702268598 ], [ -76.625694696542908, 39.267150466108667 ], [ -76.625700580508024, 39.267146591597374 ], [ -76.625702047456883, 39.267141577196305 ], [ -76.625706862426796, 39.267138231943811 ], [ -76.625713651893719, 39.267135890266971 ], [ -76.625720729719859, 39.267134739945156 ], [ -76.625727242505661, 39.267133978395933 ], [ -76.625733068978576, 39.267131490668369 ], [ -76.625735472870275, 39.26712653955483 ], [ -76.62573732160314, 39.267120801854276 ], [ -76.625741471819751, 39.267117399571546 ], [ -76.625748342135054, 39.267116075379647 ], [ -76.625755275332409, 39.267116005136273 ], [ -76.625763014318565, 39.267115982880938 ], [ -76.625769991533403, 39.267116985066089 ], [ -76.625776261774078, 39.267118773142371 ], [ -76.625782518540035, 39.267120673886176 ], [ -76.625789291837279, 39.267121549494085 ], [ -76.625796846668806, 39.267121471600426 ], [ -76.62580371788242, 39.267121186454077 ], [ -76.62581331458459, 39.267120467328922 ], [ -76.625822064175466, 39.267120335883419 ], [ -76.625830554153211, 39.267121897928988 ], [ -76.625836615086442, 39.26712511034583 ], [ -76.625841497430002, 39.267129644867673 ], [ -76.625844629855393, 39.267134440193814 ], [ -76.625846091414374, 39.267140545801432 ], [ -76.625847121782002, 39.267146953941754 ], [ -76.625848203353598, 39.267153382250349 ], [ -76.625850115866839, 39.267159727796418 ], [ -76.625851918785614, 39.26716687175113 ], [ -76.625853018323525, 39.267172733938516 ], [ -76.625854214879482, 39.267177395034352 ], [ -76.625857963549166, 39.267181862786948 ], [ -76.625864906627996, 39.267182167406411 ], [ -76.62587063698119, 39.267179121906999 ], [ -76.625878114557622, 39.267177190563729 ], [ -76.625883959895162, 39.267180487130886 ], [ -76.625886995302508, 39.26718484569318 ], [ -76.625891146417445, 39.267189493574151 ], [ -76.625897942172571, 39.26719219759331 ], [ -76.625905944365115, 39.267192300524108 ], [ -76.6259140013549, 39.267192213589318 ], [ -76.62592145737176, 39.267190807332476 ], [ -76.625928103108237, 39.267187046881794 ], [ -76.625932471615457, 39.267181898951812 ], [ -76.625936417914502, 39.267176292005715 ], [ -76.625940688505352, 39.267170201701738 ], [ -76.625944114679854, 39.267164123915848 ], [ -76.625949088651581, 39.267157192777255 ], [ -76.625955156771326, 39.267151911313157 ], [ -76.625958591928978, 39.267150886177745 ], [ -76.625968044002406, 39.26715074082275 ], [ -76.625975809039716, 39.267150571125946 ], [ -76.625983438431419, 39.26714833238033 ], [ -76.625991724491612, 39.267143771431478 ], [ -76.626000302504252, 39.267140597266845 ], [ -76.626008149288253, 39.267140199453031 ], [ -76.626015107638452, 39.26714012573229 ], [ -76.626022657080085, 39.267140487381219 ], [ -76.626029247121011, 39.267142027171005 ], [ -76.626037139719116, 39.267140365672461 ], [ -76.626043463858721, 39.267135880530255 ], [ -76.626050586600599, 39.267130178995409 ], [ -76.62605750542491, 39.267124761910893 ], [ -76.626064960543459, 39.267120206524382 ], [ -76.626072554900858, 39.267116150491397 ], [ -76.626080326226386, 39.267113341451925 ], [ -76.626088132586219, 39.267109213088744 ], [ -76.626094072246872, 39.267103323076888 ], [ -76.626099068676481, 39.267097433760014 ], [ -76.626104519653623, 39.267092001372475 ], [ -76.626110640773973, 39.267088631775792 ], [ -76.626117557801649, 39.267088357757018 ], [ -76.626125340805274, 39.267088042009448 ], [ -76.626131446654256, 39.267083374648358 ], [ -76.626134092192771, 39.267077516626387 ], [ -76.626137340500847, 39.267071646085249 ], [ -76.626141367648259, 39.267065420849164 ], [ -76.626146705437677, 39.267057862378302 ], [ -76.626151716240344, 39.267052181701494 ], [ -76.626157416949113, 39.267046077477112 ], [ -76.626161469249368, 39.267040406536069 ], [ -76.626164297145891, 39.267033917710378 ], [ -76.62616541824336, 39.267030989045075 ], [ -76.626171880723518, 39.267020707766882 ], [ -76.626178366559856, 39.267014919287661 ], [ -76.626184471510527, 39.267013914319136 ], [ -76.626191034602002, 39.267013844075663 ], [ -76.626198109733195, 39.267013800955901 ], [ -76.626206837764485, 39.267013598571232 ], [ -76.626212924748842, 39.267010238012077 ], [ -76.626218312843918, 39.267004226282893 ], [ -76.626225126565359, 39.267000897715391 ], [ -76.626232764940212, 39.267000543020501 ], [ -76.626236339336728, 39.267000503378149 ], [ -76.626246569351196, 39.266999541529231 ], [ -76.626253042611125, 39.266997071879373 ], [ -76.626259456582247, 39.266993182059039 ], [ -76.626264313772992, 39.26698772671255 ], [ -76.626266227184544, 39.266981661429483 ], [ -76.626266116691767, 39.266976452977588 ], [ -76.62626531808948, 39.266971252871109 ], [ -76.626264694658673, 39.266966254453564 ], [ -76.62626431736625, 39.266960841529276 ], [ -76.626263880785032, 39.266954388861201 ], [ -76.626263714596689, 39.266947927846779 ], [ -76.626266012487193, 39.266941233845735 ], [ -76.626270376502859, 39.266934934877057 ], [ -76.626276061041963, 39.266927996065533 ], [ -76.62628114999805, 39.266922825861123 ], [ -76.626287203744752, 39.266916851680435 ], [ -76.626289875334393, 39.266910366320666 ], [ -76.626293974347035, 39.266904727360796 ], [ -76.626300291300126, 39.266900881350601 ], [ -76.626305373968009, 39.266895617949686 ], [ -76.62630739966896, 39.266889761998463 ], [ -76.626308259356705, 39.266884125818848 ], [ -76.626309296910847, 39.266878278212424 ], [ -76.626312873103984, 39.266871988279384 ], [ -76.626318821747802, 39.266866487021687 ], [ -76.626324194571509, 39.266860177614099 ], [ -76.626328284601016, 39.266854090064577 ], [ -76.626330375878993, 39.266847397445503 ], [ -76.62632973358356, 39.266841350232816 ], [ -76.626328754419887, 39.266835325970476 ], [ -76.626328652011949, 39.266829493660573 ], [ -76.626329950975858, 39.266823634226398 ], [ -76.626334837811001, 39.266817131470972 ], [ -76.626340374128091, 39.26681091664453 ], [ -76.626347142035442, 39.266805230383802 ], [ -76.626352726861569, 39.266800415561676 ], [ -76.626354158776124, 39.266793523334151 ], [ -76.626357672087209, 39.266787650682794 ], [ -76.626363366507803, 39.26678212855402 ], [ -76.626370154178076, 39.26677747716866 ], [ -76.626376975984343, 39.266771208786487 ], [ -76.62638078484116, 39.266764288736788 ], [ -76.626382827610115, 39.266758015485074 ], [ -76.626385595319505, 39.266751526633243 ], [ -76.626389181394103, 39.266745903656641 ], [ -76.626395954691361, 39.26674413226246 ], [ -76.626400853204601, 39.266744139912738 ], [ -76.626406444318945, 39.26674422893452 ], [ -76.626412781933254, 39.266740633289317 ], [ -76.626415944003057, 39.26673499570667 ], [ -76.62641793107646, 39.266728712020132 ], [ -76.62642156655842, 39.26671847451302 ], [ -76.626423621005472, 39.266711781881 ], [ -76.626426813618011, 39.266703827642147 ], [ -76.626429983772624, 39.266696710068622 ], [ -76.626433559067451, 39.266690000047454 ], [ -76.626438304867108, 39.266684117650648 ], [ -76.626443296805149, 39.266678436943543 ], [ -76.626448134232945, 39.266671300589337 ], [ -76.626451846071703, 39.266664590565732 ], [ -76.626456734703467, 39.266657871500215 ], [ -76.626463021113835, 39.266651346473978 ], [ -76.626470305552488, 39.266644393029182 ], [ -76.626474799823839, 39.266637954937174 ], [ -76.62647929499353, 39.266631459814811 ], [ -76.626484650749248, 39.266625052322908 ], [ -76.626492136410505, 39.266620985133486 ], [ -76.626498494686089, 39.266620038580022 ], [ -76.626506054009212, 39.266617949346475 ], [ -76.626511793345557, 39.266612561432723 ], [ -76.626515341690919, 39.266606713803625 ], [ -76.626522470721028, 39.266603156403015 ], [ -76.626529837804668, 39.266601279987114 ], [ -76.626537102480356, 39.266598664271584 ], [ -76.626543391585685, 39.266594326537351 ], [ -76.626550104695781, 39.266589702958896 ], [ -76.626557792477996, 39.266587437766987 ], [ -76.626564812811949, 39.266585614902915 ], [ -76.626572125996674, 39.266583699539446 ], [ -76.626579054702461, 39.266580605330134 ], [ -76.626585781287289, 39.266575679910574 ], [ -76.626592434210295, 39.266569740474473 ], [ -76.626597124314387, 39.266564060453533 ], [ -76.626598247208491, 39.266558007652534 ], [ -76.626598159173611, 39.266552588437349 ], [ -76.626598775417889, 39.266545498667796 ], [ -76.626601676077939, 39.266536713305925 ], [ -76.626607062376394, 39.266530522796529 ], [ -76.626614293814427, 39.266526845073166 ], [ -76.626622258277735, 39.266522090043587 ], [ -76.626629019896868, 39.266515363314092 ], [ -76.626635451834318, 39.266509252783592 ], [ -76.626642766815678, 39.266502505188278 ], [ -76.62664934877175, 39.266496807079335 ], [ -76.626656773347591, 39.266490505288779 ], [ -76.626664167380696, 39.266484848212457 ], [ -76.626671625194177, 39.266479109763935 ], [ -76.626679100075663, 39.266473521539758 ], [ -76.626685452961325, 39.266466995800812 ], [ -76.626690315541978, 39.266460482580051 ], [ -76.626695903961362, 39.26645423712057 ], [ -76.626704158580509, 39.266448899269207 ], [ -76.626711681971003, 39.266443461962965 ], [ -76.626723500206879, 39.26642187547754 ], [ -76.626732737582955, 39.266400103290721 ], [ -76.626742623542654, 39.266374782030695 ], [ -76.6267482685559, 39.266369204925972 ], [ -76.626756397410901, 39.266368162391913 ], [ -76.626764414874813, 39.266368077542595 ], [ -76.626773118651599, 39.266367985042898 ], [ -76.626780722890487, 39.266367901584516 ], [ -76.626789568601083, 39.266364915166086 ], [ -76.62679479050783, 39.266358065320397 ], [ -76.626796132590869, 39.266351798987202 ], [ -76.626796011318305, 39.266345341394612 ], [ -76.626795962809268, 39.266339088970049 ], [ -76.62679688627739, 39.266332200870046 ], [ -76.626800119314098, 39.26632591575639 ], [ -76.626805718513253, 39.266319602127247 ], [ -76.626812337300279, 39.266312899720312 ], [ -76.626817693055997, 39.266306590958379 ], [ -76.626821575574652, 39.266299878813435 ], [ -76.626823564444692, 39.266292983059188 ], [ -76.626825158056022, 39.266285462756841 ], [ -76.626826102185376, 39.266276490276276 ], [ -76.626829287611372, 39.266269161926651 ], [ -76.626834709842427, 39.266262230004095 ], [ -76.62683961644052, 39.266254047594359 ], [ -76.626842563812957, 39.266246511987106 ], [ -76.626842517998867, 39.266239846434026 ], [ -76.626842526982017, 39.26623338604918 ], [ -76.626842872833407, 39.266225460271102 ], [ -76.62684343697542, 39.266214828348815 ], [ -76.626844583225704, 39.266207726721817 ], [ -76.626846581078908, 39.266199787726492 ], [ -76.626848399269036, 39.266191224182002 ], [ -76.626848432506705, 39.266184137853351 ], [ -76.626848278894798, 39.266175374006309 ], [ -76.626848160317181, 39.26616870705552 ], [ -76.626848033654724, 39.266161414860008 ], [ -76.626847891720914, 39.266153507851932 ], [ -76.62684777044835, 39.266146423605903 ], [ -76.626850742973602, 39.266138474171342 ], [ -76.626857246776282, 39.26613069373964 ], [ -76.62686324752238, 39.266123336164213 ], [ -76.626869015604811, 39.266116117685804 ], [ -76.626892241546486, 39.266054565504568 ], [ -76.626890062233599, 39.266047499331279 ], [ -76.626893076081387, 39.266040589642479 ], [ -76.626899195405088, 39.266033440008997 ], [ -76.626899791886444, 39.266025513512808 ], [ -76.626899320270923, 39.26601905728117 ], [ -76.626896403441194, 39.266013046162414 ], [ -76.626890591341308, 39.266006034928679 ], [ -76.626885231094008, 39.265998376888476 ], [ -76.626884325592201, 39.265991093021157 ], [ -76.626884189048269, 39.265983594246613 ], [ -76.626882823609037, 39.265977355004054 ], [ -76.626876927067528, 39.265968245472472 ], [ -76.626873908728172, 39.265959944795007 ], [ -76.626873585334664, 39.265953697899967 ], [ -76.626875543661981, 39.265947213146582 ], [ -76.626875625408658, 39.265940336135948 ], [ -76.626875157386408, 39.265932839442435 ], [ -76.626873359857512, 39.26592660367281 ], [ -76.626868619447762, 39.265919361527466 ], [ -76.626863922157142, 39.265913158444697 ], [ -76.626861201160153, 39.265906102689534 ], [ -76.626859539276879, 39.265898409863887 ], [ -76.626859820449567, 39.265891945274653 ], [ -76.626859755770866, 39.26588340047082 ], [ -76.626856947637279, 39.26587738725398 ], [ -76.626851322386969, 39.265870360010368 ], [ -76.626846661927289, 39.265862698477868 ], [ -76.626844581429097, 39.265854592525535 ], [ -76.626842841392374, 39.265847723156192 ], [ -76.62684234731897, 39.265839610942706 ], [ -76.626842173045802, 39.265829809378992 ], [ -76.626842017637259, 39.265821067047888 ], [ -76.62684359507891, 39.265813952862132 ], [ -76.626848613966388, 39.265807242060994 ], [ -76.626852039242578, 39.265800735038297 ], [ -76.626854884207077, 39.265792994212156 ], [ -76.626858264567488, 39.265786080325299 ], [ -76.626859627311774, 39.265778770702639 ], [ -76.626859903094555, 39.265771473598122 ], [ -76.626861343093964, 39.26576437262171 ], [ -76.626863601458595, 39.26575392771695 ], [ -76.62687421325704, 39.265713843693987 ], [ -76.626877278308783, 39.265704595725055 ], [ -76.626883510820235, 39.265694757976775 ], [ -76.626890575171615, 39.265685956511945 ], [ -76.626897590115675, 39.265679117727771 ], [ -76.626904908690307, 39.265672993909973 ], [ -76.626911039692118, 39.265666936859034 ], [ -76.626911853565758, 39.265659431094861 ], [ -76.626911729598262, 39.26565281973442 ], [ -76.626913279192124, 39.265646199332004 ], [ -76.626918112128351, 39.265640693109646 ], [ -76.626918583743873, 39.265630851874974 ], [ -76.626925722655429, 39.265624603559601 ], [ -76.626932535478559, 39.265619316416071 ], [ -76.626939482150647, 39.265612029727386 ], [ -76.626945413726474, 39.265605019844514 ], [ -76.626951790866656, 39.26559590539604 ], [ -76.626957162792053, 39.265586466846152 ], [ -76.626959354681361, 39.26557749844909 ], [ -76.626959172323339, 39.265568319316124 ], [ -76.626958965710841, 39.265557328419035 ], [ -76.626958370127809, 39.265547640876953 ], [ -76.626956383952717, 39.265538488864308 ], [ -76.626952732301092, 39.265528936245595 ], [ -76.626948025128996, 39.265517362517727 ], [ -76.626946229396736, 39.265506217908317 ], [ -76.626946019190967, 39.265495111549335 ], [ -76.626945817070037, 39.26548402466242 ], [ -76.626948352115761, 39.265472748599109 ], [ -76.626952866150063, 39.265463230050713 ], [ -76.626959102254759, 39.265455425201665 ], [ -76.626968560616405, 39.26544884442383 ], [ -76.626977982147096, 39.26544497607793 ], [ -76.626990074369147, 39.265442427086803 ], [ -76.627000008837854, 39.265439947645177 ], [ -76.62700942228372, 39.265433906570514 ], [ -76.62701559550635, 39.265426521797608 ], [ -76.627022026545475, 39.265415941916316 ], [ -76.62702536917665, 39.265407009663214 ], [ -76.627029751158602, 39.265397702536674 ], [ -76.627034293938991, 39.265390161273338 ], [ -76.627040633349949, 39.265382065698816 ], [ -76.627046264888449, 39.265374431237333 ], [ -76.627049627282588, 39.26536489946114 ], [ -76.627052973507006, 39.265355393416982 ], [ -76.627056569463079, 39.265345723929897 ], [ -76.62706345504975, 39.265329489648813 ], [ -76.627069147673694, 39.265319404251095 ], [ -76.627074003966115, 39.265312149524057 ], [ -76.627081278523306, 39.265304163828993 ], [ -76.627088889948709, 39.265298718783512 ], [ -76.627096696308513, 39.265293329377364 ], [ -76.627103484877125, 39.265287908673379 ], [ -76.62711056809313, 39.265281600514697 ], [ -76.627116675738748, 39.265275217241722 ], [ -76.627121931781474, 39.265267724650066 ], [ -76.627125314836846, 39.265261187670909 ], [ -76.62712609098125, 39.265254658341632 ], [ -76.627133897341068, 39.265241715829347 ], [ -76.627142477150343, 39.265232086665449 ], [ -76.627149304346489, 39.265223957688733 ], [ -76.627160529694294, 39.265213776992631 ], [ -76.627169342167235, 39.265207000061707 ], [ -76.627170909727397, 39.265205795459359 ], [ -76.627180485768335, 39.26519944208593 ], [ -76.627192465700958, 39.265193014293629 ], [ -76.627203099058974, 39.265188469213946 ], [ -76.627217349034311, 39.265183833023777 ], [ -76.627227747033743, 39.265181208909375 ], [ -76.627234553568641, 39.265176247225575 ], [ -76.627237181140856, 39.265170416168623 ], [ -76.627236866730499, 39.265162287184758 ], [ -76.627233245621582, 39.265156320504502 ], [ -76.62722900737009, 39.265147661549165 ], [ -76.627228878012687, 39.265140841490933 ], [ -76.627232489240129, 39.265131553802981 ], [ -76.627244800651084, 39.265122406604526 ], [ -76.627554091501736, 39.265065662232736 ], [ -76.62756269556553, 39.265052725945047 ], [ -76.627565981602842, 39.265045152651645 ], [ -76.627569481439167, 39.265034412052408 ], [ -76.627572041637748, 39.265024449020125 ], [ -76.627572896833883, 39.265022096144676 ], [ -76.627578293912123, 39.265016151708437 ], [ -76.627583869755085, 39.265012361930118 ], [ -76.627589977400703, 39.265009418574863 ], [ -76.627598126916951, 39.265006468264524 ], [ -76.627606837880279, 39.265004102173954 ], [ -76.627615654844789, 39.265001293745343 ], [ -76.627626501103521, 39.264999162038116 ], [ -76.627635212965146, 39.264997594381242 ], [ -76.627641829955536, 39.264993725314916 ], [ -76.627647804650493, 39.264988568182325 ], [ -76.627655522975402, 39.264982261387686 ], [ -76.627662645717294, 39.264977872086405 ], [ -76.627673230566288, 39.264974567069608 ], [ -76.627674260933915, 39.264927534549777 ], [ -76.627691145667995, 39.264894152597392 ], [ -76.627704400310009, 39.264897707998308 ], [ -76.627710458548293, 39.264888521821291 ], [ -76.627700116244426, 39.264880639707663 ], [ -76.627724606115706, 39.264846560144939 ], [ -76.62774215200983, 39.264827103489232 ], [ -76.627748073704183, 39.264827872018543 ], [ -76.627754936832957, 39.264828003468352 ], [ -76.627761712825148, 39.264826906662307 ], [ -76.627766802679545, 39.264822212026026 ], [ -76.627768824787253, 39.264816376071131 ], [ -76.627768760108538, 39.264810453178001 ], [ -76.627768646022503, 39.264804476730717 ], [ -76.627771527817927, 39.264798007867547 ], [ -76.627778390946702, 39.264791770605989 ], [ -76.627787298641081, 39.264786441669479 ], [ -76.627796174894399, 39.264784831582226 ], [ -76.627803471909445, 39.264784747426503 ], [ -76.627808650697048, 39.264784686222328 ], [ -76.627848339164629, 39.264742714746824 ], [ -76.627840843621897, 39.264736159635632 ], [ -76.627840778044884, 39.264732634133168 ], [ -76.627840669348728, 39.264726992216019 ], [ -76.627841041251259, 39.264716003273541 ], [ -76.627841158930565, 39.2647090405952 ], [ -76.627841964719366, 39.264702379068936 ], [ -76.627847064455224, 39.264694110234707 ], [ -76.627851322469681, 39.264687873659419 ], [ -76.627856000895676, 39.264681299764518 ], [ -76.627860901205551, 39.264676203117709 ], [ -76.627867484059962, 39.264671580803693 ], [ -76.627872344843951, 39.264666797828106 ], [ -76.627874807126162, 39.264661827761856 ], [ -76.627874676870434, 39.264657080256306 ], [ -76.627877337680317, 39.264650938266122 ], [ -76.627882097853004, 39.264646245009082 ], [ -76.627888075242907, 39.264643191748966 ], [ -76.627891883201386, 39.264637888534807 ], [ -76.627896072943884, 39.264630977316024 ], [ -76.627900442349414, 39.26462350134755 ], [ -76.627904889010082, 39.264615984343592 ], [ -76.62790971386147, 39.264607186220772 ], [ -76.627913543379506, 39.264599587841083 ], [ -76.627917407931875, 39.264591926865236 ], [ -76.627922063001662, 39.264583331131092 ], [ -76.627926905819379, 39.26457567780399 ], [ -76.627932355898196, 39.264570347460072 ], [ -76.627938765377749, 39.264564544172885 ], [ -76.627943035968613, 39.26455694717955 ], [ -76.627947974906036, 39.264547954308107 ], [ -76.627952648840449, 39.264539713275845 ], [ -76.627958384583565, 39.264530240504044 ], [ -76.627963081874185, 39.264521974431517 ], [ -76.627968513088391, 39.264512096873538 ], [ -76.627973518501136, 39.264503341163461 ], [ -76.627979562366377, 39.264492868946093 ], [ -76.627986115576377, 39.264480434011837 ], [ -76.627989882212376, 39.264473488002245 ], [ -76.627993661424767, 39.264468657023301 ], [ -76.627973481670224, 39.264462320275157 ], [ -76.627999311827907, 39.264416957320847 ], [ -76.628026232540336, 39.264425633058565 ], [ -76.628030354909171, 39.26442000989536 ], [ -76.628034728806298, 39.264414389513725 ], [ -76.628041441018098, 39.264408700276547 ], [ -76.6280468946902, 39.264403298282858 ], [ -76.628053666190795, 39.264396825905131 ], [ -76.628060682931476, 39.264390286062728 ], [ -76.628066347707673, 39.264382465793126 ], [ -76.628071036913454, 39.264375199841027 ], [ -76.628075212282894, 39.264367610477763 ], [ -76.6280772999676, 39.264360841811076 ], [ -76.628077958432712, 39.264353897180627 ], [ -76.628080126067488, 39.264347432448936 ], [ -76.628085211430317, 39.264341929602089 ], [ -76.628090540236585, 39.264335297252231 ], [ -76.62809571453262, 39.264327967308603 ], [ -76.628100383975465, 39.264320574073103 ], [ -76.628104694990512, 39.264313287944873 ], [ -76.628108091520602, 39.264306244547768 ], [ -76.628110920315436, 39.264298802624509 ], [ -76.628116208697506, 39.264291213948489 ], [ -76.628121873473688, 39.264284352076523 ], [ -76.628127185211952, 39.264278396449569 ], [ -76.628134610686104, 39.264271474067243 ], [ -76.628140907876244, 39.264265450974989 ], [ -76.628148561522465, 39.264259182368193 ], [ -76.628156786497215, 39.264252657814112 ], [ -76.628165116574834, 39.264246992906607 ], [ -76.628173646976776, 39.264241281399585 ], [ -76.628182194446708, 39.264235858527783 ], [ -76.62819027209774, 39.264230412703782 ], [ -76.628198135949731, 39.264225297940996 ], [ -76.628205513813157, 39.264220721500749 ], [ -76.628215509367323, 39.264213736517 ], [ -76.628248739846327, 39.264193022207245 ], [ -76.628130114618102, 39.26415139117654 ], [ -76.628133028752885, 39.264145943259422 ], [ -76.628136842999595, 39.26414736626964 ], [ -76.628147758428611, 39.264128009573056 ], [ -76.628144495747478, 39.264126672110059 ], [ -76.628147965939434, 39.264121543429496 ], [ -76.628150827971922, 39.2641227522235 ], [ -76.628162462053155, 39.264102283401535 ], [ -76.628160457013465, 39.264101620581577 ], [ -76.628163513082043, 39.264095970963076 ], [ -76.628166519743303, 39.264097117857212 ], [ -76.628177869058618, 39.264078031004289 ], [ -76.62817510314585, 39.264076685889755 ], [ -76.6281784736248, 39.264071100951533 ], [ -76.628181973461139, 39.264072418941325 ], [ -76.628193948003883, 39.264053443363181 ], [ -76.62818999811158, 39.264052140674238 ], [ -76.628193400929874, 39.26404661137483 ], [ -76.628253282626716, 39.26406824588647 ], [ -76.62826234572961, 39.264054497755318 ], [ -76.628325252952337, 39.264076647636728 ], [ -76.628333831863273, 39.264061173253317 ], [ -76.628400653944013, 39.264084998613853 ], [ -76.628448933000655, 39.264018278403213 ], [ -76.628509389619268, 39.263937108900535 ], [ -76.628504143458002, 39.263933077721724 ], [ -76.62849954228713, 39.263929189817844 ], [ -76.628495631920686, 39.263924355323823 ], [ -76.628491475415871, 39.263916888321624 ], [ -76.628488131886385, 39.263909922781863 ], [ -76.628485632773263, 39.263903765425027 ], [ -76.628481266960989, 39.26388554651713 ], [ -76.628478789407424, 39.263872872914831 ], [ -76.628477141897207, 39.263854452996213 ], [ -76.628434356038525, 39.26392473020401 ], [ -76.628396939410308, 39.263909348985521 ], [ -76.628394248057717, 39.263913937269777 ], [ -76.628374978296577, 39.263905977149314 ], [ -76.628380403222579, 39.263897955127526 ], [ -76.628333225500484, 39.263879448972069 ], [ -76.628443018492803, 39.263705671844548 ], [ -76.628490751373747, 39.263724736542507 ], [ -76.628496715288918, 39.263715461881603 ], [ -76.628508917105435, 39.263720308213742 ], [ -76.628513555107247, 39.263712170715557 ], [ -76.628515455942377, 39.263706482812424 ], [ -76.628516357850927, 39.263701024428059 ], [ -76.628517653221579, 39.263694983899036 ], [ -76.628520075079578, 39.263690609122911 ], [ -76.628529670883452, 39.263682545345659 ], [ -76.628465307491638, 39.263658582136713 ], [ -76.628516682142745, 39.263577698769247 ], [ -76.628594723283044, 39.263608174101229 ], [ -76.6286031126495, 39.26360133094127 ], [ -76.628607851262615, 39.263598142010423 ], [ -76.628613074965997, 39.263594786851598 ], [ -76.628617816274073, 39.263591079067048 ], [ -76.628621736521978, 39.26358696788423 ], [ -76.628628701160366, 39.263581512272609 ], [ -76.628634405462407, 39.263578175891872 ], [ -76.628637093221755, 39.263576846764529 ], [ -76.628641880343892, 39.263575165707046 ], [ -76.628646260529209, 39.263573828233497 ], [ -76.628651011718773, 39.263572226464547 ], [ -76.628656127624296, 39.263569735828547 ], [ -76.628659552002162, 39.263566731902998 ], [ -76.628664755044298, 39.263563200777611 ], [ -76.628670780044899, 39.263560686493769 ], [ -76.628677383560543, 39.263558823906671 ], [ -76.628683192067186, 39.26355694740927 ], [ -76.62868952429163, 39.263553599203625 ], [ -76.628695255543121, 39.263551178813913 ], [ -76.628702087230877, 39.263549045671532 ], [ -76.62870820296132, 39.263547210904704 ], [ -76.628714515422828, 39.263545501330398 ], [ -76.628721525875292, 39.263543491989424 ], [ -76.628728643227291, 39.26354147221565 ], [ -76.628734281054008, 39.263540020677084 ], [ -76.628741075012499, 39.263538216512657 ], [ -76.628747130555837, 39.263536390787273 ], [ -76.628759007182225, 39.263532466694606 ], [ -76.628769996273078, 39.263528832631302 ], [ -76.628778276045054, 39.263526000496149 ], [ -76.628795918058927, 39.263517785077745 ], [ -76.628865482696199, 39.263564052782442 ], [ -76.628892107862924, 39.263539348114605 ], [ -76.628816749092039, 39.263487909935805 ], [ -76.628820064773748, 39.263474624208342 ], [ -76.628821803013835, 39.263469673532001 ], [ -76.628824144023469, 39.263464528110987 ], [ -76.62882590741637, 39.263459434853274 ], [ -76.628825874178702, 39.26345438054404 ], [ -76.628823027417553, 39.263449572446888 ], [ -76.628822651921766, 39.263443794800949 ], [ -76.628825878670284, 39.263438615993337 ], [ -76.628830018107109, 39.26343454027284 ], [ -76.628832085130583, 39.263429701571646 ], [ -76.62883293673346, 39.263424218822685 ], [ -76.628835603831547, 39.263419312655756 ], [ -76.628838604204589, 39.263414396751244 ], [ -76.628841017977763, 39.26340921724595 ], [ -76.628842777777407, 39.263404420969408 ], [ -76.62884480886828, 39.263398315731841 ], [ -76.628847199285218, 39.263391058719378 ], [ -76.628849675940472, 39.263384723960392 ], [ -76.628853995040345, 39.263376660843477 ], [ -76.628857277484386, 39.263370189066478 ], [ -76.62886260269741, 39.263363624785221 ], [ -76.628869897017523, 39.263356846979882 ], [ -76.628877595579496, 39.26335014428966 ], [ -76.628881502352684, 39.263345354964258 ], [ -76.628884995900819, 39.263340409842847 ], [ -76.628888113054842, 39.263335294319646 ], [ -76.628890819678801, 39.263330317203746 ], [ -76.628893723932123, 39.263324681433375 ], [ -76.6288962562829, 39.263318569233682 ], [ -76.628898313424912, 39.263312936244432 ], [ -76.628899910629471, 39.2633080384159 ], [ -76.628901231152938, 39.263302696847326 ], [ -76.628903078089166, 39.263293187045896 ], [ -76.628903254158956, 39.263287855908963 ], [ -76.628903187683619, 39.263281848033571 ], [ -76.628903114920092, 39.263276200435513 ], [ -76.628902778950177, 39.263270282280892 ], [ -76.628901759362321, 39.263265762115147 ], [ -76.628899194672186, 39.263260576339199 ], [ -76.628894522534409, 39.263256325338055 ], [ -76.628889410222115, 39.263253514057347 ], [ -76.628885003087319, 39.263249393117469 ], [ -76.628883098658932, 39.263243977819592 ], [ -76.628883041166745, 39.263238725967902 ], [ -76.628882996250994, 39.263233114533271 ], [ -76.628884048178179, 39.26322714838426 ], [ -76.628886499680604, 39.26322171152362 ], [ -76.628888265768424, 39.263216390813987 ], [ -76.628889883634272, 39.263211421340365 ], [ -76.628892349509727, 39.263207277445964 ], [ -76.628901834820809, 39.263196806425967 ], [ -76.628906101818401, 39.263191204029759 ], [ -76.628909897200501, 39.26318604120037 ], [ -76.62891429804705, 39.263180029143165 ], [ -76.628917815849732, 39.2631751918154 ], [ -76.628920545829871, 39.263169909355767 ], [ -76.628921772928535, 39.263164800775257 ], [ -76.628925617717968, 39.263160928130162 ], [ -76.628931014796194, 39.263156846133853 ], [ -76.628934343952622, 39.263152321092193 ], [ -76.62893733085096, 39.263147264674281 ], [ -76.628939444586806, 39.263141574638766 ], [ -76.628939726657805, 39.263136106473134 ], [ -76.628940860331696, 39.263130053376038 ], [ -76.62894318517165, 39.263124558779836 ], [ -76.628947189861208, 39.263119261014971 ], [ -76.628951184669262, 39.263115068428775 ], [ -76.628955254037493, 39.263110201189235 ], [ -76.628957972339535, 39.263105718571197 ], [ -76.628961067934014, 39.263100056353068 ], [ -76.628962523204763, 39.263094380224075 ], [ -76.628963785337746, 39.263088151852656 ], [ -76.628966689591053, 39.263082524409022 ], [ -76.628971130861828, 39.263076808634032 ], [ -76.628975591895525, 39.263072042937623 ], [ -76.628980510171701, 39.263066948955874 ], [ -76.628982858367863, 39.263062266721114 ], [ -76.628984486115158, 39.263056320032064 ], [ -76.628987098416005, 39.263051097378103 ], [ -76.628990423080879, 39.263046083379557 ], [ -76.628992172100723, 39.263041083986536 ], [ -76.628992230491207, 39.263036199353898 ], [ -76.628992718276422, 39.263030046093384 ], [ -76.628993366860072, 39.263024883252122 ], [ -76.628995282966557, 39.263020379067569 ], [ -76.628998153083899, 39.263015305947633 ], [ -76.629000751909999, 39.26301131157836 ], [ -76.629003686706042, 39.263006678026201 ], [ -76.629005967528556, 39.263001979094923 ], [ -76.629008466641665, 39.262997001259883 ], [ -76.629011765255399, 39.262992184785126 ], [ -76.629016403257197, 39.262987946287005 ], [ -76.629019855482838, 39.262983781513803 ], [ -76.629021882082128, 39.262978988685745 ], [ -76.629022147085138, 39.262974259149729 ], [ -76.629022670802939, 39.262968678992344 ], [ -76.62902489143832, 39.262962138321207 ], [ -76.629027124650122, 39.262956579723983 ], [ -76.629029901342662, 39.26295093835936 ], [ -76.629031807567699, 39.262945606500864 ], [ -76.629033519756632, 39.26293975091513 ], [ -76.629035114266259, 39.262933275620185 ], [ -76.62903683184507, 39.262926362146715 ], [ -76.629038164046648, 39.262920098984317 ], [ -76.629039682199476, 39.262913522837124 ], [ -76.629040668549649, 39.262907847388547 ], [ -76.629041303658553, 39.262902603162381 ], [ -76.629041375523798, 39.26289761766953 ], [ -76.629041318929922, 39.262892365096356 ], [ -76.62904167106953, 39.262887649464879 ], [ -76.629042766115845, 39.262882941483859 ], [ -76.629043905179628, 39.262879271915331 ], [ -76.629044634611645, 39.262873555428236 ], [ -76.62904477474882, 39.262865587538911 ], [ -76.629046811229571, 39.262857810221512 ], [ -76.629051492350513, 39.262850703385674 ], [ -76.629055350614649, 39.262843563859647 ], [ -76.62905889985835, 39.262834975561844 ], [ -76.629063008752453, 39.262823916075064 ], [ -76.629066956848135, 39.262813874134636 ], [ -76.629069643709158, 39.262805975790691 ], [ -76.629073354649591, 39.262798079532402 ], [ -76.629078122008792, 39.262791319060462 ], [ -76.629083577477516, 39.262785469026007 ], [ -76.629090810712199, 39.262780761733595 ], [ -76.62909894585539, 39.262777627016114 ], [ -76.629107423256741, 39.262777354371536 ], [ -76.629115257464321, 39.262777352284942 ], [ -76.629120571897545, 39.262775583572534 ], [ -76.629124040292865, 39.262772860603832 ], [ -76.629127569773601, 39.262770617545279 ], [ -76.629134262222493, 39.262767164973759 ], [ -76.629141960784452, 39.26276529471486 ], [ -76.629151516164143, 39.262764974079182 ], [ -76.629160821812164, 39.262764910786643 ], [ -76.629169981034806, 39.262764848189676 ], [ -76.629177261880173, 39.262764501124131 ], [ -76.629181172246618, 39.262761113931404 ], [ -76.629181587268278, 39.262755917685269 ], [ -76.629181697761069, 39.262748949943592 ], [ -76.629181979832055, 39.262742180425114 ], [ -76.629186588189455, 39.262728223377124 ], [ -76.629186884633498, 39.262724902257268 ], [ -76.629188416261073, 39.262712966394609 ], [ -76.629190271282127, 39.262697221151761 ], [ -76.629192208049886, 39.26268474068997 ], [ -76.629194550856155, 39.262672324214066 ], [ -76.629197021223163, 39.262660540662019 ], [ -76.629198690292966, 39.262643226306842 ], [ -76.629200866910907, 39.262615409542022 ], [ -76.629202964477088, 39.262600500296799 ], [ -76.62920552647229, 39.262584599926875 ], [ -76.629205456403696, 39.262578555128435 ], [ -76.629202830628117, 39.262572915124501 ], [ -76.629199780847728, 39.262568326056936 ], [ -76.629197031104638, 39.262563935908958 ], [ -76.629196599015003, 39.262558158190018 ], [ -76.629197852164822, 39.262552840212116 ], [ -76.629201520884422, 39.262547682204392 ], [ -76.629205646846529, 39.262542854570341 ], [ -76.629209676688887, 39.26253854092846 ], [ -76.629214907578785, 39.262534543749922 ], [ -76.629221229921768, 39.262531208014884 ], [ -76.62922585894043, 39.262527164931306 ], [ -76.629230532874857, 39.262523077333903 ], [ -76.629237442716018, 39.262520453119897 ], [ -76.629244975987987, 39.262519318023863 ], [ -76.629251955897757, 39.26251756391094 ], [ -76.629256186064424, 39.262513773997526 ], [ -76.629255960587287, 39.262511496154438 ], [ -76.62925570995732, 39.262508949143225 ], [ -76.62925492213482, 39.262503594994314 ], [ -76.629258356394132, 39.262499246573753 ], [ -76.629260872575259, 39.262495615934519 ], [ -76.629262913547578, 39.262491487994872 ], [ -76.629269168516899, 39.262490706224959 ], [ -76.629273466057214, 39.262488935418766 ], [ -76.629277293778642, 39.262485806252414 ], [ -76.629282749247366, 39.262481170578965 ], [ -76.629289392288896, 39.262477827886123 ], [ -76.629297965809968, 39.262475586904692 ], [ -76.629306941776278, 39.262473833486219 ], [ -76.629320533286545, 39.262468107924235 ], [ -76.629334361952019, 39.26245887413306 ], [ -76.629344081723374, 39.26245084916355 ], [ -76.629353536491749, 39.262443345141534 ], [ -76.629357930151798, 39.262439858473144 ], [ -76.629372748760744, 39.262427995592112 ], [ -76.629391537024901, 39.262413072396548 ], [ -76.629399089161495, 39.262406119922346 ], [ -76.62940483927764, 39.262400051460652 ], [ -76.629410069269227, 39.262393464831746 ], [ -76.629415795130839, 39.262387165454406 ], [ -76.629423221503288, 39.26238189754141 ], [ -76.629431467139284, 39.262378862961803 ], [ -76.629438673424502, 39.262377045552533 ], [ -76.629443521632084, 39.262373911512483 ], [ -76.62944598301597, 39.262369095690396 ], [ -76.62944608183065, 39.262364325077215 ], [ -76.62944598301597, 39.262358887454113 ], [ -76.629448173108614, 39.262354848533718 ], [ -76.629453345608013, 39.262350487584499 ], [ -76.629461383733187, 39.262345785827129 ], [ -76.629469830591802, 39.262342544674681 ], [ -76.629478495741054, 39.262340263348385 ], [ -76.629485528651415, 39.262337270498548 ], [ -76.629489975312055, 39.262332581955299 ], [ -76.629491850096045, 39.262327258396084 ], [ -76.629493465266933, 39.262320152897537 ], [ -76.629496405452855, 39.262313844471763 ], [ -76.629501977702574, 39.262309222001953 ], [ -76.629509190275982, 39.26230576593008 ], [ -76.629514922425813, 39.262302533122082 ], [ -76.629519670920402, 39.262297307629851 ], [ -76.629524449957714, 39.262292339482151 ], [ -76.629531151389727, 39.26228942800693 ], [ -76.629537433308514, 39.262290285591455 ], [ -76.629544473405389, 39.262292866691418 ], [ -76.629551492841031, 39.26229502699762 ], [ -76.629553090045604, 39.262294947707574 ], [ -76.629555474174367, 39.262294828076968 ], [ -76.629556218877724, 39.262290995028835 ], [ -76.629557491790507, 39.262285272234017 ], [ -76.629559457304325, 39.262279383903376 ], [ -76.629563703640684, 39.262272324304767 ], [ -76.629568773732146, 39.262268699913513 ], [ -76.629575715014354, 39.262267093246017 ], [ -76.629582674262849, 39.262264790355971 ], [ -76.629587831490909, 39.262261215346719 ], [ -76.6295935735222, 39.262253798940861 ], [ -76.629595822903653, 39.262247051631398 ], [ -76.629596070838687, 39.2622402020788 ], [ -76.629592266473452, 39.26223424349606 ], [ -76.629591470566112, 39.262227225624585 ], [ -76.629591376243013, 39.26222011733379 ], [ -76.629591295394633, 39.262213261518767 ], [ -76.629591223529417, 39.262205491084217 ], [ -76.629591132799575, 39.262197724822002 ], [ -76.629591048357923, 39.262190181823335 ], [ -76.629590629743007, 39.262183102740991 ], [ -76.629589307422918, 39.262176028526554 ], [ -76.629587265552274, 39.26216851334668 ], [ -76.629584748472851, 39.262161053808263 ], [ -76.629581678929512, 39.262153528889392 ], [ -76.629577847614826, 39.262146197326565 ], [ -76.62957296437294, 39.262139219786867 ], [ -76.629567390326599, 39.262133310578108 ], [ -76.629561523429487, 39.26212795431389 ], [ -76.629552000389168, 39.262122222463944 ], [ -76.629544772544392, 39.262119055722671 ], [ -76.62953644606003, 39.262116871067597 ], [ -76.62952958203293, 39.262116613722036 ], [ -76.629521834961935, 39.262116668668789 ], [ -76.62951430618152, 39.26211662832813 ], [ -76.629506478262144, 39.262115469577601 ], [ -76.629498669207379, 39.262112152601851 ], [ -76.629491973165244, 39.262108178351411 ], [ -76.629485388514212, 39.262103726272599 ], [ -76.629479203613485, 39.262099237330439 ], [ -76.629472538114086, 39.262095391752091 ], [ -76.629464777568344, 39.262092187451096 ], [ -76.629456983784934, 39.26209134238362 ], [ -76.629450099096601, 39.262091452277161 ], [ -76.629442881133286, 39.262091887678196 ], [ -76.62943484660137, 39.262091942624963 ], [ -76.629427837945542, 39.262090330389199 ], [ -76.629420722390165, 39.262086741460543 ], [ -76.629416782379323, 39.262081762864966 ], [ -76.629413494545389, 39.2620755712666 ], [ -76.629410048607966, 39.262070100235711 ], [ -76.629405274960547, 39.26206501104982 ], [ -76.629401222660306, 39.262059211032856 ], [ -76.629398881650658, 39.262053116806577 ], [ -76.629397424583274, 39.262046586482924 ], [ -76.629394361328167, 39.262041422178186 ], [ -76.629388523177127, 39.26203619597095 ], [ -76.629382408344995, 39.262032934633808 ], [ -76.62937513648275, 39.262028861613736 ], [ -76.629368842885881, 39.262024792071031 ], [ -76.62936240915181, 39.262020378936569 ], [ -76.629354950440003, 39.262015133252923 ], [ -76.629348249906315, 39.262010499634975 ], [ -76.629342212329291, 39.26200551964294 ], [ -76.629335226131317, 39.261999287001565 ], [ -76.629328151000138, 39.261993548185742 ], [ -76.629321657977272, 39.261987001859389 ], [ -76.629316839414088, 39.261981822248551 ], [ -76.62931166871131, 39.261977234533369 ], [ -76.629306438719723, 39.261972957024213 ], [ -76.629300340955581, 39.261969283234855 ], [ -76.629293765287699, 39.261966014243797 ], [ -76.629287185128234, 39.261963360796692 ], [ -76.629280878954944, 39.261962377317161 ], [ -76.629274541340607, 39.26196138549129 ], [ -76.62926843728826, 39.261958919837156 ], [ -76.629263436367069, 39.261955614677987 ], [ -76.629259337354441, 39.261951263441368 ], [ -76.629256416033115, 39.261946325872472 ], [ -76.629254159465134, 39.261940921602381 ], [ -76.629251672030122, 39.261935071496957 ], [ -76.629248234177538, 39.261928750516965 ], [ -76.629244111808674, 39.261921923190208 ], [ -76.629239841217839, 39.261915449887866 ], [ -76.629235092723235, 39.26190770863257 ], [ -76.629231223679312, 39.261901403647322 ], [ -76.629227798403122, 39.261895778194997 ], [ -76.629224754910936, 39.261890170826057 ], [ -76.629222899889896, 39.26188347912408 ], [ -76.629223174774367, 39.261876973128189 ], [ -76.629224352465684, 39.261869923922035 ], [ -76.62922596583995, 39.261862027558294 ], [ -76.62922734385559, 39.26185565301585 ], [ -76.629227949320082, 39.261847180055128 ], [ -76.629228886262922, 39.261840464700981 ], [ -76.629232282793012, 39.261835179358584 ], [ -76.629238491049946, 39.2618313247239 ], [ -76.62924532722927, 39.261829246476097 ], [ -76.629251209397736, 39.261826213959203 ], [ -76.629254900575233, 39.26182152538177 ], [ -76.629258640261767, 39.261814110320422 ], [ -76.629262393423019, 39.261806251509128 ], [ -76.629266186110158, 39.261797658215478 ], [ -76.629270415378528, 39.261787611954873 ], [ -76.629274289812344, 39.261778116554041 ], [ -76.629278396909811, 39.261767564638866 ], [ -76.629282733976012, 39.261755456816751 ], [ -76.62928745282619, 39.261743128508826 ], [ -76.629290102856274, 39.261735254387915 ], [ -76.629292470815372, 39.261728251768133 ], [ -76.629295985024768, 39.261718821043843 ], [ -76.629298554206471, 39.261711182705682 ], [ -76.62930158602056, 39.261702557405847 ], [ -76.629304327678796, 39.261694354293375 ], [ -76.629307277746193, 39.261685262288978 ], [ -76.629310008624657, 39.261677042481665 ], [ -76.629312302921903, 39.261668451258757 ], [ -76.629315288921902, 39.261660602168604 ], [ -76.629319045676425, 39.261652212648336 ], [ -76.629323612711318, 39.261642522479875 ], [ -76.629330624062121, 39.261628319689635 ], [ -76.629335284521801, 39.261617577175777 ], [ -76.629339748250473, 39.261607575403495 ], [ -76.629343814923743, 39.261598585631262 ], [ -76.629347776494157, 39.261590649591589 ], [ -76.629352306698124, 39.261583349268875 ], [ -76.629358172696939, 39.261574530594928 ], [ -76.629364576786585, 39.261565070637502 ], [ -76.629369879541727, 39.261557151982373 ], [ -76.629375357468334, 39.261548315221198 ], [ -76.629379050442452, 39.261541889180641 ], [ -76.629382729941852, 39.261535113285788 ], [ -76.62938880075653, 39.261519815007034 ], [ -76.629392568290854, 39.26151166751594 ], [ -76.629396441826358, 39.261502924646187 ], [ -76.629399547302299, 39.26149473263888 ], [ -76.629402005991224, 39.261486547585989 ], [ -76.629405029720473, 39.261477524412619 ], [ -76.629408141484618, 39.26146814512412 ], [ -76.629411035856464, 39.261459699938008 ], [ -76.629413557427469, 39.261452729285338 ], [ -76.629416813820356, 39.2614447334131 ], [ -76.629419807006897, 39.261437604176919 ], [ -76.629422372595343, 39.261430641172915 ], [ -76.629423713780071, 39.261423779020902 ], [ -76.629423869188614, 39.261417857927682 ], [ -76.62942388895155, 39.261411954222339 ], [ -76.629424620180188, 39.2614038686214 ], [ -76.629426202113407, 39.261397023159596 ], [ -76.629429415387179, 39.261387756537161 ], [ -76.629432151655536, 39.261381183723834 ], [ -76.629434734311985, 39.261375725158395 ], [ -76.629438203605602, 39.261368573658018 ], [ -76.629443540496709, 39.261359071940646 ], [ -76.629447544287927, 39.261351846711747 ], [ -76.629452626955796, 39.261343052352387 ], [ -76.629455754889634, 39.261337186895268 ], [ -76.629459141538248, 39.261331016792766 ], [ -76.629462582984104, 39.261324683238648 ], [ -76.6294668383036, 39.26131658441237 ], [ -76.629470366886025, 39.261309739637596 ], [ -76.629473573871593, 39.26130310213204 ], [ -76.629477042266913, 39.261295387239549 ], [ -76.62948041544081, 39.261287951951992 ], [ -76.629483910785567, 39.261277983518447 ], [ -76.629485887079198, 39.261271051102263 ], [ -76.629489662698333, 39.261263263174861 ], [ -76.629494234224808, 39.261253739186024 ], [ -76.62949717620738, 39.261247510651046 ], [ -76.629500342768765, 39.261240379308148 ], [ -76.629503423091847, 39.261233456625725 ], [ -76.629507637987174, 39.261227759479475 ], [ -76.629512376600289, 39.261221745167717 ], [ -76.62951733979223, 39.26121556392642 ], [ -76.629522287712831, 39.261209459889251 ], [ -76.629526189096111, 39.261203715444481 ], [ -76.62952980212016, 39.261197477167521 ], [ -76.629532074857835, 39.261191035792976 ], [ -76.62953488927964, 39.261185031911161 ], [ -76.629538920020309, 39.261179432136252 ], [ -76.629544642288664, 39.261173728030215 ], [ -76.629549853415639, 39.261169465078318 ], [ -76.629555618803124, 39.261165656312528 ], [ -76.629564575006512, 39.261159594003281 ], [ -76.629568789901825, 39.261155903478354 ], [ -76.629573003000488, 39.261151318491272 ], [ -76.629577960802564, 39.261145991364636 ], [ -76.629582320326634, 39.261141054434567 ], [ -76.629586146251427, 39.261136020824303 ], [ -76.629590057516182, 39.261130407134736 ], [ -76.629593923865158, 39.261125079310972 ], [ -76.62959669337117, 39.261120149334822 ], [ -76.629597984250225, 39.261114420184562 ], [ -76.629600726806814, 39.261109956218441 ], [ -76.629604786293569, 39.261107663027886 ], [ -76.62960891854388, 39.261104878091501 ], [ -76.629611882085996, 39.261100093481474 ], [ -76.629615157343522, 39.261095063345969 ], [ -76.629618892538474, 39.261090652239581 ], [ -76.629621914471088, 39.261087573089611 ], [ -76.629626963901302, 39.261082334291558 ], [ -76.629631121304442, 39.261076123129811 ], [ -76.629635925494568, 39.261066468354223 ], [ -76.629640567089666, 39.261058117712977 ], [ -76.629650137740683, 39.261041962425885 ], [ -76.629655046135412, 39.261031209389003 ], [ -76.629659468541547, 39.261020172570412 ], [ -76.629664184696779, 39.26100861548656 ], [ -76.629672317145065, 39.260986391603922 ], [ -76.629676770093923, 39.260976864795303 ], [ -76.629681863541578, 39.260967463182567 ], [ -76.62968659945976, 39.260961331302198 ], [ -76.629689327643277, 39.260955733596084 ], [ -76.629693517385746, 39.260943234740132 ], [ -76.629700783858098, 39.260923926542091 ], [ -76.629702521199846, 39.260914437979729 ], [ -76.629706793587332, 39.260908598221711 ], [ -76.629715011375552, 39.260907794176873 ], [ -76.629728575038044, 39.260907658546458 ], [ -76.629734221847926, 39.260908478588732 ], [ -76.629747236639759, 39.260909771598577 ], [ -76.629756128164445, 39.260911885346182 ], [ -76.629759189622931, 39.260913256952023 ], [ -76.629762149571789, 39.260915323402749 ], [ -76.629766943880455, 39.260917713279696 ], [ -76.629771825325705, 39.260919379099022 ], [ -76.629774724189133, 39.260920368157485 ], [ -76.629778611199356, 39.260921330089879 ], [ -76.629785300054962, 39.260922806722093 ], [ -76.629788704669892, 39.260923247694691 ], [ -76.629792748885308, 39.260923233783913 ], [ -76.62980064238171, 39.260923176054071 ], [ -76.629804939023714, 39.260922808113193 ], [ -76.629808708354645, 39.260921232714182 ], [ -76.629811120331183, 39.260917761967519 ], [ -76.629813119981009, 39.260913712531021 ], [ -76.629813454154288, 39.260908673340111 ], [ -76.629813217897379, 39.260903730828964 ], [ -76.629810971210844, 39.260900497260813 ], [ -76.629806160732485, 39.260897201789327 ], [ -76.629798074996614, 39.26089203879102 ], [ -76.629790327027308, 39.260887880153106 ], [ -76.629783147691555, 39.260884408013688 ], [ -76.629777024774569, 39.260881396322127 ], [ -76.629769750217406, 39.260877964523772 ], [ -76.629762820613294, 39.260874622450039 ], [ -76.629758072118705, 39.26087230143014 ], [ -76.629754162650585, 39.260868955878415 ], [ -76.629751029326883, 39.260864934956246 ], [ -76.629749793245054, 39.260861004454199 ], [ -76.629749719583202, 39.260856949450094 ], [ -76.629750036688478, 39.260852972346342 ], [ -76.629752578022419, 39.260849166345452 ], [ -76.629756026654803, 39.260845984244767 ], [ -76.629760420314867, 39.260843933789459 ], [ -76.629764124068785, 39.260842701290521 ], [ -76.629768370405131, 39.26083995042508 ], [ -76.629771556729438, 39.260837050018232 ], [ -76.629772898812476, 39.260835539302633 ], [ -76.629774845461682, 39.260832722360512 ], [ -76.629775262279978, 39.260828081013464 ], [ -76.629776287257727, 39.260823117630402 ], [ -76.629777952734258, 39.260818136858461 ], [ -76.62978042220297, 39.260812551660614 ], [ -76.629782906044738, 39.260806143636685 ], [ -76.629785333292631, 39.260799347499983 ], [ -76.629787782100095, 39.260790739476526 ], [ -76.629790296484586, 39.260784136698938 ], [ -76.629795097081455, 39.260773567941115 ], [ -76.62979766177159, 39.260768784699586 ], [ -76.62980033336126, 39.260763214104166 ], [ -76.629802184789057, 39.260758275060532 ], [ -76.629803648144645, 39.260753834720148 ], [ -76.629808307706028, 39.260744232065839 ], [ -76.629810365746337, 39.260739765989534 ], [ -76.629812647467176, 39.260734178003268 ], [ -76.629814265332982, 39.26072944414252 ], [ -76.629815727790287, 39.260723787296762 ], [ -76.629816959380534, 39.260718799562376 ], [ -76.629818317633223, 39.260713653243926 ], [ -76.629819698343837, 39.260708707241299 ], [ -76.629821153614586, 39.26070417369511 ], [ -76.629822757107362, 39.26069990375926 ], [ -76.629825092727103, 39.260695699899692 ], [ -76.629827744553836, 39.260691683140848 ], [ -76.629830535619419, 39.260687416681968 ], [ -76.629833616840855, 39.260683149527267 ], [ -76.629836592959379, 39.260679927077561 ], [ -76.62984038923976, 39.260676589863152 ], [ -76.629864444326444, 39.260649271022302 ], [ -76.629886459339104, 39.260622697097759 ], [ -76.629898503950443, 39.260605215308743 ], [ -76.629911652591261, 39.260585571069988 ], [ -76.629922956092486, 39.260564976712701 ], [ -76.629933249887316, 39.26054617476661 ], [ -76.629943264306092, 39.260526710657281 ], [ -76.629953561694208, 39.260506752705922 ], [ -76.629966735487841, 39.260475200713174 ], [ -76.629979814958389, 39.260452048108824 ], [ -76.629991511023391, 39.260431861301839 ], [ -76.630002615098618, 39.260414157586268 ], [ -76.630013984176841, 39.26039639961369 ], [ -76.630027246903708, 39.260378512265078 ], [ -76.630039207073409, 39.26036409012179 ], [ -76.630052914466319, 39.260348181593542 ], [ -76.630066534722644, 39.260330845105265 ], [ -76.630079265646856, 39.260313390369824 ], [ -76.630088593752774, 39.260296962952346 ], [ -76.630099214534368, 39.260281020327056 ], [ -76.630111023787094, 39.260265045007522 ], [ -76.630113986430914, 39.260261046308216 ], [ -76.630133360396655, 39.260236627737235 ], [ -76.630144641439983, 39.26022311394955 ], [ -76.630156845951433, 39.260207775042751 ], [ -76.630165298199941, 39.260192459781194 ], [ -76.630173158458675, 39.260176458010626 ], [ -76.630181668199356, 39.26015920146785 ], [ -76.630187629419581, 39.260144433592039 ], [ -76.630194405411771, 39.260127476127174 ], [ -76.630200169002634, 39.260111503554825 ], [ -76.630206446429852, 39.260097549460788 ], [ -76.630214085703003, 39.260081948304617 ], [ -76.630219671427454, 39.260065844263103 ], [ -76.630225133184382, 39.260048698981016 ], [ -76.630233227005078, 39.260020378999982 ], [ -76.630239905080899, 39.25999802404074 ], [ -76.630246775396202, 39.259976674143815 ], [ -76.630254195480447, 39.259958945273482 ], [ -76.630262970224138, 39.25994025932166 ], [ -76.630273341274105, 39.259920287987917 ], [ -76.630289369913712, 39.259881230739403 ], [ -76.630303168934788, 39.259847152223763 ], [ -76.630320668116539, 39.259810513366816 ], [ -76.630339716892138, 39.259780124718738 ], [ -76.630369692774849, 39.259736073327794 ], [ -76.630399068582946, 39.259700373408734 ], [ -76.630423730930758, 39.259670929969161 ], [ -76.630445842063168, 39.25964658353017 ], [ -76.630466996489787, 39.259625020686883 ], [ -76.63048353447418, 39.259608220987026 ], [ -76.630500016763008, 39.259591294692385 ], [ -76.630520453435722, 39.259578652309095 ], [ -76.630541553065115, 39.259568131362769 ], [ -76.630564019930375, 39.259565615544552 ], [ -76.630577810866612, 39.259565511211477 ], [ -76.630595768189153, 39.259563038517513 ], [ -76.630608871015866, 39.25956291610003 ], [ -76.630623803710833, 39.259559267224262 ], [ -76.630647040432294, 39.259553610284087 ], [ -76.630667400748209, 39.259550690348476 ], [ -76.630683999818018, 39.259548673937424 ], [ -76.630700437191095, 39.259548446491245 ], [ -76.630711819744064, 39.259548380413634 ], [ -76.630724006289213, 39.259550137383073 ], [ -76.630730625076225, 39.259553996316534 ], [ -76.630731633884281, 39.259559546141389 ], [ -76.630731267371644, 39.259565532773642 ], [ -76.630723885914961, 39.259568370633289 ], [ -76.630694133712751, 39.259572013248551 ], [ -76.630680051722365, 39.25957571637678 ], [ -76.630668683542453, 39.259581122915861 ], [ -76.630657545331232, 39.259587177014978 ], [ -76.630653044771648, 39.259593439779607 ], [ -76.630652644123032, 39.259599151665306 ], [ -76.630656776373343, 39.259606665729557 ], [ -76.630667803193461, 39.259609868057531 ], [ -76.630683148215141, 39.259610430064654 ], [ -76.630713351371611, 39.259609767202278 ], [ -76.630742568177922, 39.259607729230723 ], [ -76.630757109207437, 39.259607645764348 ], [ -76.630772235040169, 39.259607396060645 ], [ -76.630788506224917, 39.259605196025113 ], [ -76.630803163137102, 39.259605116036461 ], [ -76.63081931933749, 39.259605384520086 ], [ -76.630834890734619, 39.259608664054539 ], [ -76.630847487809845, 39.259614831526491 ], [ -76.630861297610707, 39.259622047196679 ], [ -76.630887399059603, 39.25963301189784 ], [ -76.630896793640844, 39.259635638306591 ], [ -76.63090649185267, 39.259638385045946 ], [ -76.630916706595755, 39.259639520188635 ], [ -76.630927891519349, 39.259636700416245 ], [ -76.630930104069904, 39.259630354189085 ], [ -76.630924724957978, 39.259622946547061 ], [ -76.63091063847601, 39.259613923829328 ], [ -76.630896869997656, 39.259604696617721 ], [ -76.630890576400773, 39.259596717923507 ], [ -76.630889897274415, 39.259585989009359 ], [ -76.630890489264175, 39.25957527470019 ], [ -76.630893790572856, 39.259563814755602 ], [ -76.6308972131541, 39.259553051058703 ], [ -76.630902808759984, 39.259545968927775 ], [ -76.630899838031354, 39.25953795336256 ], [ -76.630893420466961, 39.259527887302568 ], [ -76.630893320753955, 39.259517147248985 ], [ -76.630896307652279, 39.259507942282397 ], [ -76.630904997954332, 39.259504765685257 ], [ -76.630921070611393, 39.259501246875224 ], [ -76.630934413288301, 39.259495808334457 ], [ -76.630948806994127, 39.25948910457948 ], [ -76.630962442521806, 39.25948311654961 ], [ -76.630981528128345, 39.259476831517361 ], [ -76.630994238391295, 39.259476223602498 ], [ -76.631010061316701, 39.259470403200218 ], [ -76.631021793314318, 39.259460945741097 ], [ -76.631035869016486, 39.259449746610962 ], [ -76.631047514775844, 39.259440426868913 ], [ -76.631059127297533, 39.259430161866128 ], [ -76.631070056201267, 39.259418185100245 ], [ -76.631080661711508, 39.259405827167967 ], [ -76.631088164440783, 39.259394276077913 ], [ -76.631092832985303, 39.25937662009364 ], [ -76.631094853296375, 39.25936279940008 ], [ -76.631096049852331, 39.259348856285882 ], [ -76.631095901630317, 39.259332955873951 ], [ -76.631095378810812, 39.25931540768547 ], [ -76.631090706673035, 39.259300556165115 ], [ -76.631084441822239, 39.259286767452132 ], [ -76.63107447591247, 39.259273906609145 ], [ -76.631056695558058, 39.259249296416165 ], [ -76.63105321189137, 39.259236455737437 ], [ -76.631048952978617, 39.259222904196896 ], [ -76.631040816038777, 39.259210012737661 ], [ -76.631032911762588, 39.259201315487694 ], [ -76.631021701686151, 39.259192648145607 ], [ -76.631010514965908, 39.259186841630914 ], [ -76.630993099327512, 39.259181665986596 ], [ -76.630974810526652, 39.259181592257477 ], [ -76.630960577619291, 39.25918007315952 ], [ -76.630945887469437, 39.259177909975143 ], [ -76.630931783919479, 39.259177706176764 ], [ -76.630917401891779, 39.259177791034787 ], [ -76.630900403969989, 39.259177885630628 ], [ -76.63088126446452, 39.259178165940355 ], [ -76.630863864097478, 39.259178759251114 ], [ -76.630845891503583, 39.259178988785145 ], [ -76.630826664861559, 39.259179094509889 ], [ -76.630811909134707, 39.259179177976826 ], [ -76.630791774295929, 39.259179290657158 ], [ -76.63077806780133, 39.259179367864064 ], [ -76.630762415555807, 39.259179455504324 ], [ -76.630748507838589, 39.259178174287086 ], [ -76.630732090228449, 39.259176584937741 ], [ -76.630715350123126, 39.259175299547081 ], [ -76.630700397665223, 39.259175315544866 ], [ -76.630686497134519, 39.259174511480161 ], [ -76.630673562292756, 39.259170292226841 ], [ -76.630662181536408, 39.259165943599555 ], [ -76.630654928538803, 39.259161516373922 ], [ -76.630649305085129, 39.259154382036591 ], [ -76.63064640532339, 39.259146337213132 ], [ -76.630647560556838, 39.259137365209831 ], [ -76.630657009935305, 39.259131532954939 ], [ -76.630672458263263, 39.259127911183526 ], [ -76.630688677345717, 39.259126819852689 ], [ -76.630707766545498, 39.259126712041159 ], [ -76.630723341535898, 39.259126624400842 ], [ -76.63073924800463, 39.259126536760526 ], [ -76.630753265316329, 39.259126457466898 ], [ -76.630768330961956, 39.25912644146905 ], [ -76.630786843443332, 39.259127354041418 ], [ -76.630802032158158, 39.259130039591575 ], [ -76.630813523407269, 39.259133576504738 ], [ -76.630828621392254, 39.259135570669898 ], [ -76.630841947899484, 39.259135148466136 ], [ -76.630853740084234, 39.259129719634778 ], [ -76.630867416934436, 39.259125243717797 ], [ -76.630880765001237, 39.259126858108417 ], [ -76.630892204148054, 39.25913076575425 ], [ -76.630907742307542, 39.259131728406771 ], [ -76.630923896711295, 39.259131636593096 ], [ -76.630942087595784, 39.25913153504159 ], [ -76.630957264632514, 39.259131450183517 ], [ -76.63097293125108, 39.259131362543151 ], [ -76.63099060380766, 39.259129175012745 ], [ -76.631005622740901, 39.259126652223173 ], [ -76.631019616696378, 39.259124378443389 ], [ -76.63104146731736, 39.2591206147777 ], [ -76.631052978329407, 39.259115809861079 ], [ -76.63106056370367, 39.259107589056903 ], [ -76.63106275559295, 39.259094989015502 ], [ -76.631069625908253, 39.259083965107635 ], [ -76.631081492653152, 39.259074186943771 ], [ -76.631098265097833, 39.259065341522955 ], [ -76.631108655012397, 39.259055783848666 ], [ -76.631123652386052, 39.25904445110644 ], [ -76.631135501164664, 39.259036382621375 ], [ -76.631151740010054, 39.259030753461374 ], [ -76.631168754999848, 39.259030658865335 ], [ -76.631186452709258, 39.259030560791487 ], [ -76.631206051253827, 39.259026923712568 ], [ -76.631224114577563, 39.259018895567884 ], [ -76.631241180771312, 39.259011011403061 ], [ -76.631256707252703, 39.259005357200877 ], [ -76.631276150388715, 39.25900028657265 ], [ -76.63129296325755, 39.258995773782743 ], [ -76.631307333607154, 39.258993507649834 ], [ -76.631325944903224, 39.258990303902564 ], [ -76.631334739409851, 39.258988980948274 ], [ -76.631364659597011, 39.258983344828849 ], [ -76.631381017918329, 39.258979915024284 ], [ -76.631397307967703, 39.258978598329833 ], [ -76.631419141520695, 39.258975144875969 ], [ -76.631434561102523, 39.258973814965778 ], [ -76.631450208856478, 39.258973723847461 ], [ -76.631464939430487, 39.258973643858091 ], [ -76.631480420097787, 39.258973558304248 ], [ -76.631503009133922, 39.258972692332392 ], [ -76.631517739707959, 39.258972609560786 ], [ -76.63153734094746, 39.258972498271213 ], [ -76.631551843349399, 39.258970786498729 ], [ -76.631568584353033, 39.258967146634475 ], [ -76.631586582998068, 39.25896524845178 ], [ -76.631601408793514, 39.258964718435209 ], [ -76.631620335398225, 39.258964532720697 ], [ -76.631636538311, 39.258964444384617 ], [ -76.631659183941011, 39.258964314314952 ], [ -76.631681230394719, 39.258963249412872 ], [ -76.631702696536749, 39.258962468994703 ], [ -76.631724345935098, 39.258960919287418 ], [ -76.631743674985046, 39.258958597508588 ], [ -76.631761562238992, 39.258954016551108 ], [ -76.631778329293766, 39.258948774811422 ], [ -76.631795356859982, 39.258941764957669 ], [ -76.631811897539308, 39.258933746541082 ], [ -76.631829304194582, 39.25892498526531 ], [ -76.631841324551388, 39.258918504730588 ], [ -76.63185650428305, 39.258910203218306 ], [ -76.631873839073108, 39.258901567835977 ], [ -76.631891540375776, 39.258893214154647 ], [ -76.63190622962729, 39.258886177168534 ], [ -76.631918358680267, 39.258879592991647 ], [ -76.631933667769346, 39.258870286389467 ], [ -76.631938746843957, 39.258866917093158 ], [ -76.631943585170077, 39.258867390770035 ], [ -76.631951647549741, 39.258867531273303 ], [ -76.631960627109322, 39.25886642811394 ], [ -76.631970136674923, 39.258860492197897 ], [ -76.631977902610558, 39.258853720912754 ], [ -76.631990679348846, 39.258844288410593 ], [ -76.632005290446941, 39.258833872383804 ], [ -76.632020907658159, 39.25882273297173 ], [ -76.632037619017382, 39.258811286815387 ], [ -76.632055506271314, 39.258798990681051 ], [ -76.632075781247281, 39.258785455053875 ], [ -76.632114954081885, 39.25876081060688 ], [ -76.632134403506086, 39.258748461600959 ], [ -76.632194123506181, 39.258707330923748 ], [ -76.632195207772725, 39.258706436430586 ], [ -76.632202803028449, 39.258699376472137 ], [ -76.632205927369014, 39.258692113408706 ], [ -76.632205464736657, 39.258685761531538 ], [ -76.632202428430972, 39.258679648927362 ], [ -76.632184203410489, 39.258671064292741 ], [ -76.632165554385196, 39.25866897064892 ], [ -76.632148762177593, 39.258672249531571 ], [ -76.632140581220312, 39.258675943665068 ], [ -76.632137738950746, 39.258677743781256 ], [ -76.632121856736532, 39.258692868789588 ], [ -76.632115555054796, 39.258704067345064 ], [ -76.632108700010875, 39.258712979585482 ], [ -76.63209743154394, 39.258720390105957 ], [ -76.632087619246107, 39.258725348073362 ], [ -76.632073509407931, 39.258731058638688 ], [ -76.632060104747254, 39.258735599268121 ], [ -76.632044243194287, 39.25874205895289 ], [ -76.63202755968284, 39.258750284668849 ], [ -76.632013793001107, 39.258758554899821 ], [ -76.632002362837426, 39.258768260073687 ], [ -76.63198955555643, 39.258780910254274 ], [ -76.631974967814514, 39.258794449360195 ], [ -76.63196028754615, 39.2588091472687 ], [ -76.631939644260925, 39.258825168827116 ], [ -76.631919062061129, 39.258842763740851 ], [ -76.631900585512369, 39.258852965533613 ], [ -76.631865014922056, 39.258867797673084 ], [ -76.631841414382905, 39.258875828617306 ], [ -76.631822416811275, 39.258881491176659 ], [ -76.631801514811244, 39.258889478298983 ], [ -76.631784241106672, 39.258896974354734 ], [ -76.631765041414084, 39.258904919741688 ], [ -76.6317479734237, 39.258911505307239 ], [ -76.631730795838834, 39.258916973106842 ], [ -76.631711451517518, 39.258920294407112 ], [ -76.631692308418792, 39.258920420999097 ], [ -76.631672708077602, 39.258920532288755 ], [ -76.631647227364581, 39.258920674878581 ], [ -76.631630021033629, 39.258920722872283 ], [ -76.63160530927847, 39.258920911369081 ], [ -76.631586655761609, 39.258919384614337 ], [ -76.631557853078647, 39.258913066840186 ], [ -76.631535036768753, 39.25890886635127 ], [ -76.6315118234035, 39.258906148796882 ], [ -76.631485850413682, 39.258903050770833 ], [ -76.631462743049624, 39.25890021844873 ], [ -76.631439898891955, 39.258899375429486 ], [ -76.631415889619348, 39.25889950897708 ], [ -76.63138760077274, 39.258899027649228 ], [ -76.63136604569749, 39.258898732036052 ], [ -76.631351943045857, 39.258898857932508 ], [ -76.631334513932714, 39.258898956006533 ], [ -76.631318145729907, 39.25890025322677 ], [ -76.631300800160091, 39.25890380893167 ], [ -76.63127640640856, 39.258910921036559 ], [ -76.631247152771337, 39.258918065832034 ], [ -76.631226319043265, 39.258922964662887 ], [ -76.631202647537208, 39.258928301696294 ], [ -76.631178169344025, 39.258933759061165 ], [ -76.631157114630412, 39.25893857233703 ], [ -76.631132114516049, 39.25894380155745 ], [ -76.631109054762689, 39.258948291397196 ], [ -76.631085450630295, 39.258951989689471 ], [ -76.63106556911643, 39.258952509272788 ], [ -76.631044857559246, 39.258954401891287 ], [ -76.631023673488201, 39.258957435228048 ], [ -76.631004280657848, 39.258959672148578 ], [ -76.630984610248063, 39.258961425654959 ], [ -76.630966505601833, 39.258961796388348 ], [ -76.630948184461616, 39.258960956847609 ], [ -76.630930330445352, 39.258958465352201 ], [ -76.630909778788279, 39.25895824068639 ], [ -76.630892151147464, 39.258958290071099 ], [ -76.630872303769578, 39.258958489001223 ], [ -76.630853450826706, 39.258958597508588 ], [ -76.63083567316724, 39.258958694191385 ], [ -76.630818986960833, 39.258957769096796 ], [ -76.63080293855829, 39.258951741374624 ], [ -76.630787175819975, 39.258946624139938 ], [ -76.630771378047399, 39.258941991710245 ], [ -76.630753574336779, 39.258939360406615 ], [ -76.630737883463723, 39.258939448047158 ], [ -76.630720182161042, 39.258939607330412 ], [ -76.630701208843931, 39.258937120007616 ], [ -76.63068618092754, 39.258932075805674 ], [ -76.630665098366151, 39.258927152630868 ], [ -76.630647587506303, 39.258923864022229 ], [ -76.630632299078499, 39.258921723087887 ], [ -76.630614012972558, 39.258917854381707 ], [ -76.630598458643419, 39.25891387229904 ], [ -76.630578288770337, 39.25890785917985 ], [ -76.630561660954427, 39.258901316043136 ], [ -76.630546978889427, 39.258894183070467 ], [ -76.630533222987481, 39.258888711791272 ], [ -76.630517333586738, 39.258883547253895 ], [ -76.630506002237752, 39.258875618558001 ], [ -76.630493877676358, 39.258866974824691 ], [ -76.630477523846594, 39.258858723386659 ], [ -76.630462661220221, 39.25885236735121 ], [ -76.630449217932011, 39.258845729613022 ], [ -76.63043419001562, 39.258839211510676 ], [ -76.630427259513183, 39.258834022625003 ], [ -76.630420991967455, 39.258825066579597 ], [ -76.630419789123295, 39.258812564561566 ], [ -76.630390576808566, 39.258802849655915 ], [ -76.630390545367547, 39.258811637378329 ], [ -76.630385305494471, 39.258821711192304 ], [ -76.63038099807271, 39.25882895128877 ], [ -76.630376693345866, 39.258837560944258 ], [ -76.630370608158131, 39.25884580403801 ], [ -76.630363707300091, 39.258853359221078 ], [ -76.63035562336087, 39.258858095295182 ], [ -76.630345883826564, 39.258858654526158 ], [ -76.630325281863833, 39.258852310315227 ], [ -76.630310210828299, 39.258847859420733 ], [ -76.630298945056325, 39.258845213506739 ], [ -76.630286937275926, 39.258845065352276 ], [ -76.630276090118869, 39.258847447648613 ], [ -76.630265325606814, 39.258852305446325 ], [ -76.630251732299939, 39.258853684743599 ], [ -76.630238266553832, 39.258849584411891 ], [ -76.63022188487632, 39.258843926718868 ], [ -76.630207663647042, 39.258838275285441 ], [ -76.630189797952667, 39.258831451831071 ], [ -76.630173975925572, 39.258825606335101 ], [ -76.630159434896086, 39.258820209475623 ], [ -76.630144180604233, 39.25881461507629 ], [ -76.63012951021733, 39.258809070061382 ], [ -76.630116436136689, 39.258805744582453 ], [ -76.630087282212472, 39.258796325985095 ], [ -76.63004288747112, 39.258782016892852 ], [ -76.630015824824866, 39.258774584120957 ], [ -76.63000763129115, 39.258767716839976 ], [ -76.630000039628698, 39.25876219060153 ], [ -76.629989579645525, 39.258756002187724 ], [ -76.629977974310364, 39.25875340426407 ], [ -76.629967658955962, 39.258753248458213 ], [ -76.629957357974604, 39.258753899504136 ], [ -76.629948188870486, 39.258756042530322 ], [ -76.629938263384929, 39.258757158211594 ], [ -76.629927882453487, 39.258757204814252 ], [ -76.62991844205817, 39.258753414001944 ], [ -76.629907673952857, 39.258748707829916 ], [ -76.629898323389071, 39.258747859244316 ], [ -76.629888714110479, 39.258745635532726 ], [ -76.629879674363778, 39.258741395386743 ], [ -76.62987062024402, 39.258736034690003 ], [ -76.629861755668784, 39.258729211921199 ], [ -76.629854168497914, 39.258721901562659 ], [ -76.629846823872157, 39.258715703407468 ], [ -76.62983674477465, 39.258711498733327 ], [ -76.629826123993055, 39.258709855815127 ], [ -76.629816471595319, 39.258710037356856 ], [ -76.629806142766185, 39.258710246025572 ], [ -76.629795840886516, 39.258710416438369 ], [ -76.62978520842681, 39.258708985666615 ], [ -76.629773303054336, 39.258705637229411 ], [ -76.629763399128336, 39.258702525283226 ], [ -76.629753897647575, 39.258699241533023 ], [ -76.629743590378013, 39.258694421285085 ], [ -76.629732526726983, 39.258690053848085 ], [ -76.629721200767875, 39.258689422277293 ], [ -76.629710583579524, 39.258689668506449 ], [ -76.629701612104796, 39.258689865350611 ], [ -76.629691295852069, 39.258689495311351 ], [ -76.629681706336399, 39.258686889734008 ], [ -76.629671419728083, 39.258681910201446 ], [ -76.629661250799074, 39.258678135383022 ], [ -76.629656870613744, 39.25867791280298 ], [ -76.630988999416559, 39.258106999605886 ], [ -76.631973000504047, 39.257661000475764 ], [ -76.63221308334856, 39.257561331786199 ], [ -76.632364959717023, 39.257590876969886 ], [ -76.632621596715609, 39.257660363331119 ], [ -76.632757396833739, 39.257712234258747 ], [ -76.632775435902943, 39.257684201300805 ], [ -76.632937546777441, 39.257757461046573 ], [ -76.633074507518913, 39.257842905033009 ], [ -76.633233035912056, 39.25796674576501 ], [ -76.633370333521768, 39.258104967155226 ], [ -76.633428612624144, 39.258176446503739 ], [ -76.633488025400396, 39.258249316217643 ], [ -76.63359682934761, 39.258382005217776 ], [ -76.633679510286356, 39.2584828364202 ], [ -76.633695600011407, 39.258583799634636 ], [ -76.633765099071681, 39.258668757111117 ], [ -76.633857708190959, 39.258778517522231 ], [ -76.633976395402939, 39.258824473265911 ], [ -76.634030756054017, 39.258872110845289 ], [ -76.634190428002512, 39.258990614817719 ], [ -76.634274845384695, 39.259045838051108 ], [ -76.634578873006092, 39.259238027000954 ], [ -76.634988166110801, 39.259490243202364 ], [ -76.635038407088018, 39.259520739091414 ], [ -76.63513484931859, 39.259599390240162 ], [ -76.635193706037683, 39.259716339119208 ], [ -76.635232438697798, 39.259850481826568 ], [ -76.635270817421684, 39.260022585977985 ], [ -76.635352306296056, 39.260420782656169 ], [ -76.635389744483831, 39.26066690025543 ], [ -76.635502339321548, 39.260674719548476 ], [ -76.635607878791006, 39.260682050569699 ], [ -76.635778674577665, 39.260694087631862 ], [ -76.635806613081314, 39.260460067047305 ], [ -76.635888435230655, 39.259816645347854 ], [ -76.6359530654221, 39.259281348370337 ], [ -76.63601633646249, 39.258781110576045 ], [ -76.636034280310298, 39.258639231161887 ], [ -76.636066909816364, 39.25838696599142 ], [ -76.636147666563758, 39.257738608961866 ], [ -76.636212330891183, 39.257251451611559 ], [ -76.636307043864861, 39.256515067008756 ], [ -76.636353710445547, 39.256154477363161 ], [ -76.63640219252143, 39.255853896582899 ], [ -76.636478645440306, 39.255556867606323 ], [ -76.636563549709393, 39.255312893979585 ], [ -76.636676804808829, 39.25504953456322 ], [ -76.636863815186373, 39.254717936335723 ], [ -76.637099860103689, 39.254389613536155 ], [ -76.637161992978619, 39.254313916346042 ], [ -76.637230633249487, 39.254238913289718 ], [ -76.637374807462692, 39.254081370021225 ], [ -76.637865991887011, 39.253657549235633 ], [ -76.638181589809264, 39.253411855004778 ], [ -76.638733769841366, 39.253006043922305 ], [ -76.638941563641296, 39.25285699419193 ], [ -76.639238955407677, 39.252633261443812 ], [ -76.639759458147935, 39.25224272737988 ], [ -76.640405045003291, 39.251751977166364 ], [ -76.640946044603353, 39.251343369066447 ], [ -76.641656447601392, 39.250807352099869 ], [ -76.64215431728806, 39.250434081416046 ], [ -76.642361222654188, 39.250277380373952 ], [ -76.642494895561711, 39.250176140156455 ], [ -76.642668546194344, 39.250044621706792 ], [ -76.643265128154326, 39.249597698246198 ], [ -76.643778093131004, 39.249208501024086 ], [ -76.644174404681536, 39.248909708225817 ], [ -76.644366292911059, 39.248765035931093 ], [ -76.644416679415329, 39.248726387082364 ], [ -76.64724179564395, 39.249959880561583 ], [ -76.651534692571474, 39.251834017795019 ], [ -76.652534799553692, 39.252270594171961 ], [ -76.653395795227652, 39.252646433056995 ], [ -76.654242773589928, 39.253016143612825 ], [ -76.65509525233665, 39.253388245135405 ], [ -76.655542797502804, 39.253583591679451 ], [ -76.66012184647586, 39.25558211486787 ], [ -76.659839634441141, 39.255793774568389 ], [ -76.659690000267645, 39.255905999783018 ], [ -76.656490000002989, 39.257205999825828 ], [ -76.651990000079962, 39.258806000549072 ], [ -76.649689999440596, 39.260506000126767 ], [ -76.648562000209665, 39.261374000229345 ], [ -76.648513150722835, 39.261411489604619 ], [ -76.648390000680536, 39.261505999604722 ], [ -76.645848000191819, 39.263182999700433 ], [ -76.643878000163639, 39.264621000316339 ], [ -76.643850972551689, 39.264640922321099 ], [ -76.643903088312896, 39.264684649307313 ], [ -76.644063036942484, 39.264803250560888 ], [ -76.644238021573329, 39.264954038683342 ], [ -76.644457223079073, 39.265133731409144 ], [ -76.644854832695174, 39.265428567945932 ], [ -76.644993215469739, 39.265540650461446 ], [ -76.645091717537284, 39.265627418918136 ], [ -76.645167428447735, 39.265727056665725 ], [ -76.645217628102429, 39.265835992299891 ], [ -76.645230808184294, 39.265884369985478 ], [ -76.64524696168975, 39.265971894014584 ], [ -76.64530760695456, 39.266446549223517 ], [ -76.645370981301227, 39.266988569634563 ], [ -76.645407801448101, 39.26730747717837 ], [ -76.64540975528385, 39.267321976481931 ], [ -76.645438387286902, 39.267413078330705 ], [ -76.645500135682894, 39.267505733752351 ], [ -76.64554116713181, 39.267549168242795 ], [ -76.645845149837427, 39.267841898466727 ], [ -76.646063178143407, 39.268048864982525 ], [ -76.646273505192454, 39.268243113565113 ], [ -76.646387478944135, 39.268353500900197 ], [ -76.646526014432297, 39.268484580940381 ], [ -76.646754421873069, 39.268704687726746 ], [ -76.646840112168022, 39.268784163125467 ], [ -76.646847289707139, 39.268791418884049 ], [ -76.647080863359108, 39.269027538369564 ], [ -76.647230179528989, 39.269188190131274 ], [ -76.647354930369147, 39.269308740780396 ], [ -76.64749005495419, 39.269439315523783 ], [ -76.647506218341093, 39.269454934070033 ], [ -76.647650384469458, 39.269593493052803 ], [ -76.647797401850553, 39.269718151741792 ], [ -76.647852245795278, 39.269757218809055 ], [ -76.648011513501871, 39.269872652737725 ], [ -76.648107209232464, 39.2699495313895 ], [ -76.648279893277859, 39.270097711632019 ], [ -76.648409911838812, 39.270214713235539 ], [ -76.648335007615472, 39.270283922117535 ], [ -76.648328084299578, 39.270355341756577 ], [ -76.648327196764072, 39.270364495921939 ], [ -76.648093095801045, 39.270600254039714 ], [ -76.648061030436978, 39.270632533777238 ], [ -76.64800134097959, 39.270692622201992 ], [ -76.647965077788228, 39.270729126018317 ], [ -76.647959123754504, 39.270735119346448 ], [ -76.64780727433552, 39.270866302725366 ], [ -76.647796003173653, 39.270861961082616 ], [ -76.647783839086387, 39.270856433711359 ], [ -76.647772155597806, 39.270850307564231 ], [ -76.647760701179621, 39.27084390045799 ], [ -76.647749401271668, 39.270837300018279 ], [ -76.647738184907013, 39.270830594566235 ], [ -76.647726976627226, 39.270823871727458 ], [ -76.64771570636367, 39.270817219823144 ], [ -76.647704301352817, 39.270810727869936 ], [ -76.647692687932818, 39.270804482798134 ], [ -76.647680889459878, 39.270798454703844 ], [ -76.647668970612685, 39.270792565697505 ], [ -76.647656963730597, 39.270786779616131 ], [ -76.647644894864754, 39.270781064469432 ], [ -76.647632794557879, 39.270775384094421 ], [ -76.647620693352692, 39.270769704414391 ], [ -76.647608618198646, 39.270763991352602 ], [ -76.647596602333394, 39.270758210832412 ], [ -76.647584667316536, 39.270752333645255 ], [ -76.647572779910377, 39.270746399431204 ], [ -76.647560928436832, 39.270740421403772 ], [ -76.647549105709373, 39.270734407212814 ], [ -76.647537308134758, 39.270728362421842 ], [ -76.647525533916337, 39.270722290508076 ], [ -76.647513777664201, 39.270716199816754 ], [ -76.647502060039642, 39.270710065312066 ], [ -76.647490443026385, 39.270703812581395 ], [ -76.647478869132257, 39.270697511169175 ], [ -76.647467263797097, 39.270691245919451 ], [ -76.647455558748959, 39.270685098894532 ], [ -76.647443692004046, 39.270679142420633 ], [ -76.647431703986598, 39.270673328512139 ], [ -76.647419685426399, 39.270667551461742 ], [ -76.647407722561766, 39.270661707648216 ], [ -76.647395899834308, 39.270655692755049 ], [ -76.647384211854146, 39.270649507477636 ], [ -76.647372582264481, 39.270643247091698 ], [ -76.64736093291188, 39.270637015218426 ], [ -76.647349185642895, 39.270630912001742 ], [ -76.647337261405823, 39.270625040367399 ], [ -76.647325100911814, 39.270619477509769 ], [ -76.647312826331785, 39.270614050263333 ], [ -76.64730048797135, 39.270608699515392 ], [ -76.647288090322121, 39.270603424570417 ], [ -76.64727563428238, 39.270598224037606 ], [ -76.64726312703867, 39.270593097221528 ], [ -76.647250568591005, 39.270588043426727 ], [ -76.647237967922507, 39.27058306195778 ], [ -76.647225325033219, 39.270578152814736 ], [ -76.647212644414665, 39.270573313215813 ], [ -76.647199910795507, 39.270568576542388 ], [ -76.647187024462752, 39.270564091619583 ], [ -76.647174015959138, 39.270559808375474 ], [ -76.647160931997021, 39.270555649615751 ], [ -76.647147819288818, 39.270551536059685 ], [ -76.647134725445241, 39.27054738981743 ], [ -76.647121698076973, 39.270543128826553 ], [ -76.647108784794767, 39.270538676588068 ], [ -76.64709598290365, 39.27053403310191 ], [ -76.64708325557271, 39.270529260958099 ], [ -76.647070576750792, 39.270524403969688 ], [ -76.647057922183379, 39.270519505949643 ], [ -76.647045266717669, 39.270514611406483 ], [ -76.64703258430248, 39.270509764153239 ], [ -76.647019850683321, 39.270505007307577 ], [ -76.647007043402326, 39.270500384682585 ], [ -76.646994132815053, 39.270495942177583 ], [ -76.646981107243448, 39.270491706219616 ], [ -76.646967988247042, 39.270487638559196 ], [ -76.646954802775298, 39.270483690515171 ], [ -76.646941577777682, 39.270479812710875 ], [ -76.646928341101969, 39.27047595507436 ], [ -76.646915119697624, 39.270472068228898 ], [ -76.646901939615759, 39.270468102797807 ], [ -76.646888821517678, 39.27046402609524 ], [ -76.6468757168943, 39.270459918792803 ], [ -76.646862621254101, 39.270455793408544 ], [ -76.64684953908862, 39.270451642292528 ], [ -76.646836473991115, 39.270447458490331 ], [ -76.646823431351507, 39.270443235047409 ], [ -76.646810415661378, 39.270438965009397 ], [ -76.646797428717292, 39.270434642117273 ], [ -76.646784523519926, 39.270430169703936 ], [ -76.646771744985003, 39.270425454579616 ], [ -76.646759020349009, 39.270420641397124 ], [ -76.646746271458511, 39.270415884545407 ], [ -76.646733420160047, 39.270411334936327 ], [ -76.646720389198535, 39.270407145568164 ], [ -76.646707119285168, 39.270403436753085 ], [ -76.646693658030628, 39.270400121560471 ], [ -76.646680085385, 39.27039703238782 ], [ -76.646666481298325, 39.270394002327876 ], [ -76.646652924822391, 39.270390864473718 ], [ -76.646639496805506, 39.270387450527096 ], [ -76.646626219705595, 39.270383710415935 ], [ -76.646613036030502, 39.270379763061449 ], [ -76.646599896372834, 39.270375713476142 ], [ -76.64658675671518, 39.270371666672382 ], [ -76.646573565853558, 39.2703677255763 ], [ -76.646560289651958, 39.270363976423283 ], [ -76.646546960449783, 39.270360331587064 ], [ -76.646533590823395, 39.270356770204238 ], [ -76.646520182569475, 39.270353299229342 ], [ -76.646506733891357, 39.270349931875842 ], [ -76.646493243890731, 39.270346677184563 ], [ -76.646479643397342, 39.270343694412915 ], [ -76.646465958462286, 39.270340925838738 ], [ -76.646452267239042, 39.270338174650661 ], [ -76.64643865327092, 39.270335246818959 ], [ -76.646425196507963, 39.270331944141176 ], [ -76.646411972408657, 39.270328092755499 ], [ -76.646398896531394, 39.270323893646086 ], [ -76.646385841315364, 39.270319648636907 ], [ -76.646372679199814, 39.270315659552018 ], [ -76.646359295200398, 39.270312199702218 ], [ -76.64634573153792, 39.270309161293312 ], [ -76.646332051992786, 39.270306392717778 ], [ -76.646318309565558, 39.270303788267718 ], [ -76.64630455186699, 39.270301240148818 ], [ -76.646290784286947, 39.270298748361036 ], [ -76.646276861298347, 39.270296673841536 ], [ -76.646262946394614, 39.270294604190148 ], [ -76.646249248883151, 39.270292008085065 ], [ -76.646235928664126, 39.270288493293755 ], [ -76.646222840210427, 39.270284420057969 ], [ -76.646209890995607, 39.270280013007067 ], [ -76.646197005561177, 39.270275446003005 ], [ -76.646184112041894, 39.270270892907625 ], [ -76.646171132284366, 39.270266525496446 ], [ -76.646157973762087, 39.270262506504288 ], [ -76.646144703848691, 39.270258685714488 ], [ -76.646131495919064, 39.270254766170893 ], [ -76.646118529636269, 39.270250446744647 ], [ -76.646105911899795, 39.270245549400912 ], [ -76.646093530420231, 39.270240266083242 ], [ -76.646081262128405, 39.270234792907871 ], [ -76.646068991141618, 39.270229321818398 ], [ -76.646056593492375, 39.270224045453993 ], [ -76.646043960484548, 39.270219136981218 ], [ -76.64603111277934, 39.270214553977915 ], [ -76.646018159971263, 39.270210128145521 ], [ -76.646005217942957, 39.27020569257666 ], [ -76.645992401678797, 39.270201079668162 ], [ -76.645979825264817, 39.270196119035148 ], [ -76.645967633329789, 39.270190607606686 ], [ -76.645955746821954, 39.27018466152245 ], [ -76.645943974400154, 39.270178551311872 ], [ -76.645932128316502, 39.270172548199895 ], [ -76.645920116942847, 39.270166754417367 ], [ -76.64590807682309, 39.270160993320545 ], [ -76.645896165162426, 39.270155088265284 ], [ -76.645884530182855, 39.270148873734804 ], [ -76.645872992221342, 39.270142499945969 ], [ -76.645861572837447, 39.270135978025955 ], [ -76.645850434626254, 39.27012920087553 ], [ -76.64583973389459, 39.270122065568167 ], [ -76.64582972935726, 39.270114369032626 ], [ -76.645820404844599, 39.27010610709597 ], [ -76.645811297724279, 39.270097658777914 ], [ -76.645801939973964, 39.27008940866191 ], [ -76.645791924656848, 39.270081687086595 ], [ -76.64578148263999, 39.270074304889754 ], [ -76.645770809756087, 39.270067107681825 ], [ -76.645760025481096, 39.270059997404331 ], [ -76.645749247494322, 39.270052878085224 ], [ -76.645738599763263, 39.270045652361624 ], [ -76.645728067016563, 39.270038318842538 ], [ -76.645717439946736, 39.270031036785973 ], [ -76.645706845216282, 39.270023719956122 ], [ -76.645696434640456, 39.27001627377183 ], [ -76.645686358237924, 39.270008597392703 ], [ -76.645676774112161, 39.270000591369254 ], [ -76.6456682014894, 39.26999189059002 ], [ -76.645660398722839, 39.269982659876376 ], [ -76.645652681296241, 39.269973376307313 ], [ -76.645644365591636, 39.269964515571026 ], [ -76.645634879382243, 39.269956478247309 ], [ -76.645624538875012, 39.269949050832992 ], [ -76.645613706090998, 39.269941974620622 ], [ -76.645602683762476, 39.269935027065969 ], [ -76.645591771926718, 39.26992798632017 ], [ -76.645581273315983, 39.26992063122978 ], [ -76.645571244524163, 39.26991290685401 ], [ -76.645561480735338, 39.26990496688753 ], [ -76.645551809472977, 39.26989695042051 ], [ -76.645542058260574, 39.269888996543223 ], [ -76.645532125588474, 39.269881171323505 ], [ -76.645522345629971, 39.269873129122033 ], [ -76.64551262316364, 39.26986500068368 ], [ -76.645502759661838, 39.269857018984638 ], [ -76.645492558393457, 39.269849420478693 ], [ -76.645481820830867, 39.269842440228587 ], [ -76.645470324191862, 39.269836345288113 ], [ -76.64545791216959, 39.269831324125015 ], [ -76.645444872224928, 39.269827030404372 ], [ -76.645431536734534, 39.269823060764061 ], [ -76.64541824346496, 39.269819010451158 ], [ -76.645405323894536, 39.26981447679875 ], [ -76.645392919058793, 39.269809236566608 ], [ -76.645380783717627, 39.269803584626331 ], [ -76.645368683410723, 39.269797881917583 ], [ -76.645356386372811, 39.269792490075623 ], [ -76.645343721923922, 39.26978762816794 ], [ -76.64533075384449, 39.269783190485946 ], [ -76.645317524355306, 39.269779301515662 ], [ -76.645304058609184, 39.269776072529645 ], [ -76.645290362894372, 39.269773378346478 ], [ -76.645276528838991, 39.26977104162588 ], [ -76.645262650766171, 39.269768889200115 ], [ -76.645248731370842, 39.269767008696235 ] ] ] } },
{ "type": "Feature", "properties": { "OBJECTID_1": 12, "BRNI_Name": "Healthy Neighborhoods - Reservoir Hill", "Map_Number": 1, "BRNI_Short_Name": "Reservoir Hill", "XCoord": -76.63313921, "YCoord": 39.31361946, "Induction_Date": 2014.0, "Shape__Length": 5457.2528143613545, "Shape__Area": 1327790.0 }, "geometry": { "type": "Polygon", "coordinates": [ [ [ -76.62925817583276, 39.317164295301865 ], [ -76.628629355133882, 39.31594111627723 ], [ -76.625395420111062, 39.312417407165242 ], [ -76.624326424922955, 39.311632019806162 ], [ -76.623104716136552, 39.310964781141607 ], [ -76.636965720970508, 39.310290585612044 ], [ -76.641044072360415, 39.314509413663508 ], [ -76.643496473086074, 39.315934166335303 ], [ -76.642670023024678, 39.31564226815113 ], [ -76.640280504368917, 39.315656168092282 ], [ -76.639409138543314, 39.315906366560704 ], [ -76.638420991730797, 39.316434560389048 ], [ -76.636911822053463, 39.31699054958446 ], [ -76.633704836489159, 39.317066997753287 ], [ -76.632617874995375, 39.316983599746791 ], [ -76.632599908689684, 39.316858502550637 ], [ -76.631108705318056, 39.316789004011675 ], [ -76.630048693282802, 39.316865452400734 ], [ -76.62925817583276, 39.317164295301865 ] ] ] } },
{ "type": "Feature", "properties": { "OBJECTID_1": 13, "BRNI_Name": "Healthy Neighborhoods - Liberty Heights", "Map_Number": 13, "BRNI_Short_Name": "Liberty Heights", "XCoord": -76.68793632000001, "YCoord": 39.32796888, "Induction_Date": 2019.0, "Shape__Length": 25081.605399237898, "Shape__Area": 18551175.172431398 }, "geometry": { "type": "Polygon", "coordinates": [ [ [ -76.71123073279449, 39.327222207992456 ], [ -76.711232481814321, 39.336414364892654 ], [ -76.711089710769599, 39.336358998386665 ], [ -76.710983193034792, 39.336317146231515 ], [ -76.710701543345451, 39.336224886170243 ], [ -76.710306642149916, 39.336081173727877 ], [ -76.710176464587136, 39.336032456836804 ], [ -76.709906033957381, 39.335931252297485 ], [ -76.709561628860612, 39.336503755221806 ], [ -76.709455728268381, 39.336680793008817 ], [ -76.709424383353181, 39.336733193211906 ], [ -76.709256754127907, 39.33702588228325 ], [ -76.709070996001884, 39.337304238864583 ], [ -76.708946141855478, 39.337526796603818 ], [ -76.708840771269294, 39.337727119362498 ], [ -76.708708859958023, 39.338005348092231 ], [ -76.708469799396283, 39.338676193832242 ], [ -76.708377326820937, 39.339045683119899 ], [ -76.708280524365946, 39.339484619415543 ], [ -76.708133129692428, 39.34010350560682 ], [ -76.708125153551023, 39.34013699552397 ], [ -76.708084180492591, 39.34030903231686 ], [ -76.708065227836727, 39.340410739076333 ], [ -76.708041217665809, 39.340551205779896 ], [ -76.708023859519585, 39.340566169990403 ], [ -76.707841382040968, 39.341082935937187 ], [ -76.707633513680861, 39.341512990389333 ], [ -76.707472651464627, 39.341778250672803 ], [ -76.707302312920447, 39.342020333593283 ], [ -76.707051163729943, 39.342334248211543 ], [ -76.706827400579186, 39.342553151637183 ], [ -76.706572685077006, 39.342799143883234 ], [ -76.706279663614467, 39.343046096762713 ], [ -76.705966716620637, 39.343277870473663 ], [ -76.705950893695217, 39.34328881513138 ], [ -76.705771754356206, 39.343383008311129 ], [ -76.705396266652286, 39.343597307326142 ], [ -76.705324052883228, 39.343636106695982 ], [ -76.70500498836229, 39.34379152418547 ], [ -76.704999252619203, 39.343794316949371 ], [ -76.704660426060343, 39.343933631266708 ], [ -76.704431168813315, 39.3440128927597 ], [ -76.704350004230761, 39.344042282680626 ], [ -76.703986434475709, 39.344160925299363 ], [ -76.703943583040029, 39.344174909190826 ], [ -76.703527041429297, 39.344287093537439 ], [ -76.703102100570675, 39.344378375225148 ], [ -76.702986520631271, 39.344397122709289 ], [ -76.70267050050083, 39.344448379191832 ], [ -76.698642811398003, 39.345284705359347 ], [ -76.698028184080627, 39.345411083452731 ], [ -76.697869152630929, 39.345434469873851 ], [ -76.696856718966373, 39.345651673387387 ], [ -76.696717521419842, 39.345537699599646 ], [ -76.696471094672773, 39.345332534920324 ], [ -76.696301870039548, 39.345191397015974 ], [ -76.695758319224069, 39.344735954865421 ], [ -76.695481058703209, 39.344504453453084 ], [ -76.695168324610094, 39.34423865538723 ], [ -76.694900583536295, 39.344015270769866 ], [ -76.694685843064249, 39.343837784707979 ], [ -76.694330206331472, 39.343550606886829 ], [ -76.694163802408241, 39.343415031490103 ], [ -76.69391842489344, 39.343263737732038 ], [ -76.693656511190881, 39.343130210519938 ], [ -76.693473104854263, 39.343051341934888 ], [ -76.69318269748922, 39.342944311860109 ], [ -76.692881334270979, 39.342857351583902 ], [ -76.692571346327668, 39.342791124645835 ], [ -76.692380922352044, 39.342761389613891 ], [ -76.692035914485729, 39.342731746968134 ], [ -76.691793032490779, 39.342725916810977 ], [ -76.691685287657293, 39.342723330338565 ], [ -76.690893674262611, 39.342723746480658 ], [ -76.690376056012767, 39.342727038796689 ], [ -76.690006819684882, 39.342741398822859 ], [ -76.689637256370261, 39.342733809615396 ], [ -76.689500466308701, 39.342723864584407 ], [ -76.68936123282954, 39.342713741701587 ], [ -76.689098524117966, 39.342679984159076 ], [ -76.688955307508834, 39.34265865460263 ], [ -76.688682563717222, 39.342601101171432 ], [ -76.688418588381111, 39.342522680784931 ], [ -76.687541349370193, 39.342260521139451 ], [ -76.687059926938062, 39.342113085519792 ], [ -76.686881229570162, 39.342055138419511 ], [ -76.686191493213556, 39.34190457535923 ], [ -76.685388628419943, 39.341743990383058 ], [ -76.685068221815968, 39.341670707321022 ], [ -76.684899017844003, 39.341749919274889 ], [ -76.684172812581792, 39.341610535299495 ], [ -76.683647211004015, 39.34147846735771 ], [ -76.683176166808366, 39.341355555861647 ], [ -76.682995414095117, 39.34129322430995 ], [ -76.68293440052102, 39.341274200180443 ], [ -76.682561441574606, 39.341157912010893 ], [ -76.682179344965135, 39.341040013229502 ], [ -76.681808884233533, 39.340927003870974 ], [ -76.681366663382121, 39.340787755814517 ], [ -76.680879549224343, 39.340634927922238 ], [ -76.680372025343345, 39.340472077921902 ], [ -76.678803524636436, 39.339963036614066 ], [ -76.678402448421636, 39.339835478004616 ], [ -76.678129932802122, 39.339748480512284 ], [ -76.678122274664318, 39.339745450674343 ], [ -76.677817705358805, 39.339624976818754 ], [ -76.677501053712746, 39.339502675536572 ], [ -76.677191705369921, 39.339365942458173 ], [ -76.676957889172826, 39.339250443838033 ], [ -76.676709536437798, 39.339108149375704 ], [ -76.676592953080217, 39.339031869809141 ], [ -76.676554370438765, 39.339006625528441 ], [ -76.676228758996047, 39.338778830481793 ], [ -76.675907431618924, 39.338545134015206 ], [ -76.675549955136461, 39.338276444572827 ], [ -76.675220450395287, 39.338022981477565 ], [ -76.674967587219228, 39.337794286963252 ], [ -76.674898378314779, 39.337722443508497 ], [ -76.674843239722662, 39.337665207000526 ], [ -76.674613703099567, 39.337426933070098 ], [ -76.674413459639581, 39.337208313737001 ], [ -76.674196057459341, 39.336967833695802 ], [ -76.674026500449472, 39.336792396730125 ], [ -76.673891684884907, 39.336623778675154 ], [ -76.673887743077429, 39.336618848454684 ], [ -76.673602685179887, 39.336303468560722 ], [ -76.673479479442051, 39.336174000930008 ], [ -76.673338885015241, 39.336027295902859 ], [ -76.673209492580042, 39.335898234911042 ], [ -76.673025121452824, 39.335742321155699 ], [ -76.672789856273155, 39.335556393815438 ], [ -76.672455550036801, 39.335364963850452 ], [ -76.672079057118069, 39.335227749518388 ], [ -76.671801256709728, 39.335095327674104 ], [ -76.671578946134787, 39.335000156852907 ], [ -76.671389134810198, 39.334915061974186 ], [ -76.671085614736953, 39.334829452835095 ], [ -76.671052773228482, 39.334820189674417 ], [ -76.670635842647229, 39.334728646068626 ], [ -76.670295709039635, 39.334665558909961 ], [ -76.670138294557461, 39.334634196654243 ], [ -76.670061124782976, 39.334618830269413 ], [ -76.669661583788994, 39.334520754495671 ], [ -76.669195815399021, 39.334369007229753 ], [ -76.668975232284382, 39.334285593722456 ], [ -76.668765738871897, 39.334206374005063 ], [ -76.668303269095659, 39.334053706817599 ], [ -76.667848951530601, 39.333907044588742 ], [ -76.667805055354236, 39.333892944693318 ], [ -76.667555319213676, 39.333812723300305 ], [ -76.66740674595053, 39.333741180083962 ], [ -76.667372830056962, 39.333724988059686 ], [ -76.667205135254676, 39.333619898229315 ], [ -76.667111442767165, 39.333546279390553 ], [ -76.667093915737667, 39.333532508071961 ], [ -76.667045847785133, 39.333478550462956 ], [ -76.666691153385088, 39.332999910317412 ], [ -76.666673912918156, 39.332958908006944 ], [ -76.666634714930737, 39.332865540130392 ], [ -76.666620741636493, 39.332784031434237 ], [ -76.666634722117251, 39.332702636594753 ], [ -76.666675678107694, 39.332627339474563 ], [ -76.666685510168463, 39.332615116052821 ], [ -76.665758044553385, 39.3330473425072 ], [ -76.665693000238605, 39.333007000307916 ], [ -76.66538000024417, 39.331553999976578 ], [ -76.664990002951768, 39.330165720732005 ], [ -76.664952999548589, 39.330034000136187 ], [ -76.664191999840483, 39.327306999536994 ], [ -76.664691000506082, 39.322306000212741 ], [ -76.664677276045168, 39.322189346925555 ], [ -76.664661582477152, 39.32205595111008 ], [ -76.664491000489534, 39.320605999913674 ], [ -76.662091000291042, 39.318306000341188 ], [ -76.659891000109099, 39.315706000053623 ], [ -76.659877153477311, 39.31516662857095 ], [ -76.659957080181385, 39.315139595773708 ], [ -76.660252202803363, 39.315054655343054 ], [ -76.660497697997471, 39.314988315888726 ], [ -76.660813588770509, 39.314912082984847 ], [ -76.660962149457248, 39.314876181829376 ], [ -76.661202956343885, 39.3148208253752 ], [ -76.661557848373292, 39.314745584062457 ], [ -76.661748543640115, 39.314711677489868 ], [ -76.661936385857601, 39.314685012175367 ], [ -76.66227368977205, 39.314641707688551 ], [ -76.662576143545081, 39.314595623144854 ], [ -76.663157373296841, 39.314559322892507 ], [ -76.663465508914015, 39.314540172642623 ], [ -76.66353151442614, 39.314547136623162 ], [ -76.664375956844367, 39.314524550249395 ], [ -76.66449999801543, 39.314526722845095 ], [ -76.664853160787914, 39.314506079708238 ], [ -76.665190559923786, 39.31449036487124 ], [ -76.665597094302242, 39.314473434460474 ], [ -76.666016410808879, 39.314453059581332 ], [ -76.666104265145336, 39.314439795334451 ], [ -76.66637799798211, 39.314430136792751 ], [ -76.666706310658881, 39.314419136186785 ], [ -76.667030307829023, 39.314411429923489 ], [ -76.667713847606819, 39.314392108660797 ], [ -76.667891188518638, 39.314375629982543 ], [ -76.669627784676436, 39.314312738525764 ], [ -76.671012644586426, 39.314273829751421 ], [ -76.671257588214942, 39.314258891884414 ], [ -76.671932155619658, 39.314231611312479 ], [ -76.67266760544446, 39.314201862049337 ], [ -76.674192730997859, 39.314146623908748 ], [ -76.674422565861605, 39.314138889119924 ], [ -76.675802976416009, 39.314092843165774 ], [ -76.676502178320774, 39.314066126184436 ], [ -76.677584041875306, 39.31403195031249 ], [ -76.67780799546891, 39.314010889326667 ], [ -76.679103939233755, 39.313977592620056 ], [ -76.679457925761355, 39.313963109923833 ], [ -76.680043133253193, 39.313939509336016 ], [ -76.680109591516228, 39.313936830056846 ], [ -76.680407290506452, 39.313925408194741 ], [ -76.680777846459463, 39.313914708450611 ], [ -76.681115715414222, 39.313926294337797 ], [ -76.681131047859495, 39.313926819768547 ], [ -76.681428403693275, 39.313983085312799 ], [ -76.681639216730886, 39.313973435048197 ], [ -76.681783107076456, 39.31395818644588 ], [ -76.681920488229508, 39.313921647472888 ], [ -76.68196716289502, 39.313903601426411 ], [ -76.682136207865184, 39.313831580522361 ], [ -76.682289906915358, 39.313741148572468 ], [ -76.682334702305326, 39.313709075661258 ], [ -76.682472346664724, 39.313590850503601 ], [ -76.682584797772009, 39.313463038752843 ], [ -76.68259039607284, 39.313455599271492 ], [ -76.682676574152993, 39.313341081617253 ], [ -76.682738606416635, 39.313262643007754 ], [ -76.683313772540231, 39.31326365843308 ], [ -76.683807530637836, 39.313263098941377 ], [ -76.684246884965177, 39.313273659086008 ], [ -76.684418623982879, 39.31327523052768 ], [ -76.684616419533725, 39.313276383566908 ], [ -76.684756031203605, 39.313269768360279 ], [ -76.684921217011308, 39.313186556958215 ], [ -76.685096676850918, 39.313058587393812 ], [ -76.685256881500379, 39.312946324442358 ], [ -76.68543974345792, 39.312815420737245 ], [ -76.685514809378006, 39.312772648177898 ], [ -76.685547743412954, 39.312753883873384 ], [ -76.685669988851771, 39.312711237771218 ], [ -76.685767839640718, 39.312692814013147 ], [ -76.685932563714374, 39.312659429800917 ], [ -76.686211569661836, 39.312605125254287 ], [ -76.686724072904468, 39.312505903087178 ], [ -76.686983198236376, 39.312464257675209 ], [ -76.687177371779981, 39.312448593811737 ], [ -76.687282729789771, 39.312448895454288 ], [ -76.687545604689689, 39.312456796541767 ], [ -76.687726015144818, 39.312450148591267 ], [ -76.687897687687183, 39.312423234984514 ], [ -76.688182627007095, 39.312364183201964 ], [ -76.688437730581484, 39.312312753071154 ], [ -76.688649932414549, 39.312293584135602 ], [ -76.688860401397392, 39.312295964614655 ], [ -76.689173414866559, 39.312303238802087 ], [ -76.689180044433357, 39.312303338191398 ], [ -76.68939471843008, 39.312306556181582 ], [ -76.689395910494468, 39.312310332280909 ], [ -76.689537909886369, 39.312991332786027 ], [ -76.689596909437597, 39.31312833220116 ], [ -76.689788909058208, 39.313375332193722 ], [ -76.689905910132396, 39.313503332454651 ], [ -76.690005909691507, 39.313608332276694 ], [ -76.69012290986737, 39.313709332817304 ], [ -76.690204909883136, 39.313795331999764 ], [ -76.690292909746688, 39.313873332152816 ], [ -76.690432909488763, 39.313965332577986 ], [ -76.690507908933526, 39.313998332519681 ], [ -76.690608908317543, 39.314015332546781 ], [ -76.690755908630635, 39.31402533239725 ], [ -76.691175908755213, 39.314032332569703 ], [ -76.691205908892442, 39.314037333188956 ], [ -76.691239908329322, 39.314045332788922 ], [ -76.691276909037541, 39.314055332635107 ], [ -76.691350908657398, 39.314081332367458 ], [ -76.691407908558801, 39.314104332416761 ], [ -76.691613908423122, 39.314191332625313 ], [ -76.691730907700688, 39.314278332725735 ], [ -76.69187690818886, 39.3143793329942 ], [ -76.692087907177722, 39.314521332361217 ], [ -76.692384907278651, 39.314651332840711 ], [ -76.692449908474302, 39.314670332243672 ], [ -76.692543907287316, 39.314694332908729 ], [ -76.692630907325963, 39.314710332652545 ], [ -76.693000907221801, 39.314752332570727 ], [ -76.693282907254115, 39.314766333464533 ], [ -76.693761906929922, 39.314776333207661 ], [ -76.694175906308374, 39.314783332610006 ], [ -76.694730906152174, 39.31478433341816 ], [ -76.695154905576373, 39.314804332897843 ], [ -76.695482905639437, 39.314839333363551 ], [ -76.695865984107527, 39.314889515493967 ], [ -76.695891860079271, 39.314856675128731 ], [ -76.695920214502891, 39.314820212380567 ], [ -76.695926999478232, 39.314822027734344 ], [ -76.696021579501235, 39.314856868340101 ], [ -76.696096042651774, 39.314895981121531 ], [ -76.696256436845758, 39.31497856081721 ], [ -76.696259317742857, 39.314980477637413 ], [ -76.696419588867656, 39.31508709390387 ], [ -76.69655412325956, 39.315176090325522 ], [ -76.696631355017786, 39.315238993516267 ], [ -76.696699794066021, 39.315345119413706 ], [ -76.696773898788749, 39.315468558268712 ], [ -76.696806777128145, 39.315594817206232 ], [ -76.69683304476537, 39.315734666568076 ], [ -76.696826823932028, 39.315847083504487 ], [ -76.696805973135966, 39.316024334133168 ], [ -76.696791036847742, 39.316160512383902 ], [ -76.696770500462037, 39.31626424750467 ], [ -76.696732758643677, 39.316363610984894 ], [ -76.696697941739913, 39.316450009998476 ], [ -76.696683097978152, 39.316564567738411 ], [ -76.696682576955283, 39.316685654691661 ], [ -76.696699300890927, 39.316802457544242 ], [ -76.696741713948768, 39.316953920457259 ], [ -76.696792801138969, 39.317090272729175 ], [ -76.696849730073481, 39.317202855672896 ], [ -76.696938338096459, 39.317291733341399 ], [ -76.697047164501555, 39.317352554554454 ], [ -76.697161790430116, 39.317398257128268 ], [ -76.697310904479082, 39.317435398222592 ], [ -76.697454367226584, 39.317450903904344 ], [ -76.698148940112702, 39.31747647357291 ], [ -76.698427376528258, 39.317479352175482 ], [ -76.698533614887026, 39.317473136979117 ], [ -76.698665704963034, 39.317462664340674 ], [ -76.698780584216522, 39.317449985836859 ], [ -76.698840929444032, 39.317435004864322 ], [ -76.698984618566996, 39.317396452960992 ], [ -76.699128351707387, 39.317349252703771 ], [ -76.699329628229947, 39.317269767081676 ], [ -76.699510783388476, 39.317196714815026 ], [ -76.699511748179091, 39.317196062922193 ], [ -76.699519640777169, 39.317210828501651 ], [ -76.699481125509365, 39.317229261494731 ], [ -76.699443062094147, 39.317245294017873 ], [ -76.699390392072402, 39.317267466694666 ], [ -76.699328428979058, 39.31729339017545 ], [ -76.69928196182434, 39.317311459671949 ], [ -76.699230625800809, 39.317331576575882 ], [ -76.699169118153307, 39.317354069611142 ], [ -76.699144339922825, 39.317362757557113 ], [ -76.699157534377719, 39.317376862175507 ], [ -76.699622049617886, 39.317858167456137 ], [ -76.699662024648006, 39.317899998690649 ], [ -76.699741250666193, 39.317950978541063 ], [ -76.699738824316597, 39.317952933503442 ], [ -76.699743465911681, 39.317958859547979 ], [ -76.699738184716111, 39.317963116959255 ], [ -76.699734745066891, 39.31796648688843 ], [ -76.699924648917971, 39.318180027065189 ], [ -76.701160879869235, 39.317163158311317 ], [ -76.701131184260888, 39.317151067708075 ], [ -76.701838978551351, 39.317285240830998 ], [ -76.701877975316151, 39.317407241130041 ], [ -76.701916973877587, 39.317465242017924 ], [ -76.701983972028103, 39.317529242606319 ], [ -76.702495377529473, 39.317879229368728 ], [ -76.702566376776261, 39.317948230613041 ], [ -76.702620376304608, 39.317998231210325 ], [ -76.702680375680771, 39.318056231608232 ], [ -76.702761374074981, 39.318126232048336 ], [ -76.703095191627824, 39.318445455100651 ], [ -76.703261407803154, 39.318532135785262 ], [ -76.703497840792664, 39.318760160806349 ], [ -76.704021815521486, 39.319265500144276 ], [ -76.704107750158187, 39.319361741770557 ], [ -76.704281867016448, 39.31955766675398 ], [ -76.704402420927579, 39.319705038051055 ], [ -76.704545704012034, 39.319839761544984 ], [ -76.704704536934045, 39.319956422225438 ], [ -76.704850613779016, 39.320030542533672 ], [ -76.704903626058879, 39.320063657756556 ], [ -76.704958584089653, 39.320093879179986 ], [ -76.705029002126466, 39.320131939655262 ], [ -76.705072804878029, 39.320154110722164 ], [ -76.705126635523115, 39.320179650214669 ], [ -76.705182185543663, 39.320205639331711 ], [ -76.705239471109337, 39.320228067507287 ], [ -76.705241505793438, 39.320228881990538 ], [ -76.705475129751065, 39.320347423252706 ], [ -76.705526241195798, 39.320367811009163 ], [ -76.705859634743831, 39.320475807573906 ], [ -76.706046161827743, 39.320513324391435 ], [ -76.706320350110317, 39.320549294928746 ], [ -76.706597818142029, 39.320563462839893 ], [ -76.706995740371866, 39.320548196215341 ], [ -76.707117813334122, 39.320534545342802 ], [ -76.707381551515027, 39.320489248583293 ], [ -76.708003607899812, 39.320316684895559 ], [ -76.708352723761934, 39.320220666272697 ], [ -76.708612841732247, 39.320140421550306 ], [ -76.708858654929955, 39.320052099293939 ], [ -76.708965816756844, 39.32001165994869 ], [ -76.70909350598626, 39.319942065163744 ], [ -76.709202968398586, 39.319855754552442 ], [ -76.709381778055899, 39.319697946711891 ], [ -76.709535094423742, 39.319543345748272 ], [ -76.709586944283629, 39.319501311873466 ], [ -76.709701961877656, 39.319431986919987 ], [ -76.709832011879655, 39.319381200652764 ], [ -76.709851402015062, 39.319374565869481 ], [ -76.709976709810675, 39.319345567265486 ], [ -76.710107085002804, 39.319338111035655 ], [ -76.710236477438031, 39.319352541192174 ], [ -76.710371912840131, 39.319379185268787 ], [ -76.710502401219998, 39.319421306781877 ], [ -76.710633049499975, 39.319485782322623 ], [ -76.710714891412252, 39.319559214425944 ], [ -76.710781941665047, 39.319649930737647 ], [ -76.710840214479219, 39.319768588343663 ], [ -76.710871460579739, 39.319893175798782 ], [ -76.710933508114735, 39.320144705931959 ], [ -76.710965158457157, 39.320311324045704 ], [ -76.710903110023835, 39.320317587636453 ], [ -76.710885427585779, 39.320320118646805 ], [ -76.711004872975863, 39.320483644514525 ], [ -76.711032994735831, 39.320589892411363 ], [ -76.711105403439305, 39.32093103111626 ], [ -76.711221834981586, 39.320893472826029 ], [ -76.7112222652746, 39.321199354265772 ], [ -76.7112243978751, 39.322715961002075 ], [ -76.711225181206018, 39.323273818257405 ], [ -76.711225484836589, 39.323489773060111 ], [ -76.711227329077857, 39.324800988452139 ], [ -76.711229370948502, 39.326253266742249 ], [ -76.71123073279449, 39.327222207992456 ] ] ] } },
{ "type": "Feature", "properties": { "OBJECTID_1": 14, "BRNI_Name": "Southeast CDC", "Map_Number": 3, "BRNI_Short_Name": "SECDC", "XCoord": -76.57541005, "YCoord": 39.29435981, "Induction_Date": 2014.0, "Shape__Length": 22381.572610680698, "Shape__Area": 10948344.932109371 }, "geometry": { "type": "Polygon", "coordinates": [ [ [ -76.572817026531538, 39.302498638139646 ], [ -76.572646346627565, 39.299217558619091 ], [ -76.567229505464312, 39.299419154803594 ], [ -76.567058825560338, 39.297361456124769 ], [ -76.567939174538765, 39.297250227446142 ], [ -76.567786460940468, 39.296276968969991 ], [ -76.563079288851682, 39.297055576833309 ], [ -76.56272566973503, 39.291560465470106 ], [ -76.553738268760853, 39.29190442513179 ], [ -76.551960217149329, 39.292019099529028 ], [ -76.550923019627348, 39.29243956816314 ], [ -76.549540090196899, 39.294197866966584 ], [ -76.548601674118501, 39.295306336634901 ], [ -76.547317525233325, 39.295726786224115 ], [ -76.536994944777632, 39.296185454865103 ], [ -76.535315672813056, 39.295917898523022 ], [ -76.533784572564713, 39.29565034046324 ], [ -76.532549813952173, 39.29565034046324 ], [ -76.531315056237958, 39.296032565651984 ], [ -76.529932126807509, 39.296873453582904 ], [ -76.530039252701769, 39.294233082130226 ], [ -76.530045699910573, 39.288136673979658 ], [ -76.533321479357639, 39.287960016702598 ], [ -76.53360669446036, 39.286458905509193 ], [ -76.534975729648295, 39.284913609764807 ], [ -76.537143368920454, 39.284251329822112 ], [ -76.540908216361032, 39.28438378672886 ], [ -76.54050891431892, 39.281513839808689 ], [ -76.546327314092267, 39.281425532077392 ], [ -76.562085235616152, 39.280741938163118 ], [ -76.562288771401654, 39.284770638087728 ], [ -76.562755895349397, 39.284749778973669 ], [ -76.562818777419281, 39.285778821194278 ], [ -76.563744042161929, 39.285730150619081 ], [ -76.563726075856252, 39.285438126457606 ], [ -76.564193199803995, 39.285417267542336 ], [ -76.564211166109672, 39.285716244734239 ], [ -76.564561509070472, 39.285695385901803 ], [ -76.564525576459118, 39.284986181902596 ], [ -76.56475913843299, 39.284979228886662 ], [ -76.564804054197197, 39.28568843295627 ], [ -76.56551372327165, 39.285660621167267 ], [ -76.565504740118811, 39.284944463796649 ], [ -76.565693386328462, 39.284937510776572 ], [ -76.565702369481301, 39.285146101078524 ], [ -76.566115594512013, 39.285132195077715 ], [ -76.566124577664851, 39.285347737779908 ], [ -76.566564752154065, 39.285333831819138 ], [ -76.566591701612595, 39.285618903463046 ], [ -76.567085775018853, 39.285604997556113 ], [ -76.56702289294897, 39.284582905837546 ], [ -76.568891388739942, 39.284513375246824 ], [ -76.568954270809826, 39.285528515018655 ], [ -76.569187832783697, 39.285521562056552 ], [ -76.569178849630859, 39.285285160934706 ], [ -76.569457327368937, 39.285278207948451 ], [ -76.569484276827453, 39.285507656130299 ], [ -76.571020395963302, 39.28544507942798 ], [ -76.571065311727509, 39.286175137476192 ], [ -76.572924824365629, 39.286091702655838 ], [ -76.573176352645191, 39.290033889310067 ], [ -76.576041978401534, 39.289936554040004 ], [ -76.576185708846992, 39.292216944820659 ], [ -76.584701737740446, 39.291883233735341 ], [ -76.584558007294987, 39.289581974412094 ], [ -76.589022634257063, 39.289408160213242 ], [ -76.589310095147979, 39.294107944262912 ], [ -76.590603669157105, 39.294052327361207 ], [ -76.590765365908254, 39.296061459906333 ], [ -76.590756382755416, 39.296360391655249 ], [ -76.589462808746276, 39.296429910483688 ], [ -76.589579589733219, 39.298557153259104 ], [ -76.585123945923982, 39.298717041444149 ], [ -76.585348524745001, 39.302304002120174 ], [ -76.581081527145443, 39.302498638139646 ], [ -76.578287766611837, 39.302401320197561 ], [ -76.572817026531538, 39.302498638139646 ] ] ] } },
{ "type": "Feature", "properties": { "OBJECTID_1": 15, "BRNI_Name": "Southwest Partnership", "Map_Number": 5, "BRNI_Short_Name": "SWP", "XCoord": -76.6359486, "YCoord": 39.28608038, "Induction_Date": 2017.0, "Shape__Length": 11218.408798363556, "Shape__Area": 4320766.5 }, "geometry": { "type": "Polygon", "coordinates": [ [ [ -76.628054433352048, 39.287934198466075 ], [ -76.62804545019921, 39.287120725160079 ], [ -76.625548133709358, 39.282469145033886 ], [ -76.625206773901382, 39.282072807781695 ], [ -76.62451507113262, 39.281620841511689 ], [ -76.623320311804733, 39.281224499459611 ], [ -76.623904216739419, 39.279805993740055 ], [ -76.62653628052189, 39.280550017478809 ], [ -76.62801850074068, 39.277483476283628 ], [ -76.628575456216836, 39.277685135043399 ], [ -76.631818374392509, 39.280056320366043 ], [ -76.634549252856232, 39.277914608098435 ], [ -76.63283347066357, 39.276593389305248 ], [ -76.634189926742579, 39.275529442376879 ], [ -76.638079631922821, 39.27851262525548 ], [ -76.636750125302328, 39.279576526880412 ], [ -76.639525919530257, 39.281669514942422 ], [ -76.641385432168391, 39.280501343270188 ], [ -76.646407014606609, 39.279173219669246 ], [ -76.646433964065139, 39.279583480432663 ], [ -76.644286990536088, 39.280195390327286 ], [ -76.644421737828708, 39.282107574297051 ], [ -76.644843946012244, 39.282093667692969 ], [ -76.645158356361691, 39.28737102564525 ], [ -76.646847189095823, 39.286793942624762 ], [ -76.647197532056637, 39.292919123368648 ], [ -76.627722056696925, 39.293579581912965 ], [ -76.627452562111685, 39.290360656727188 ], [ -76.628054433352048, 39.287934198466075 ] ] ] } },
{ "type": "Feature", "properties": { "OBJECTID_1": 16, "BRNI_Name": "Rebuild Metro - Johnston Square/Oliver", "Map_Number": 7, "BRNI_Short_Name": "Rebuild Metro", "XCoord": -76.60154132, "YCoord": 39.30592369, "Induction_Date": 2017.0, "Shape__Length": 6904.6863081897736, "Shape__Area": 2067284.0 }, "geometry": { "type": "Polygon", "coordinates": [ [ [ -76.610824746202638, 39.301219591532671 ], [ -76.611291870150382, 39.301205688723762 ], [ -76.611390684831633, 39.303103396603859 ], [ -76.611291870150382, 39.30507056328161 ], [ -76.61154339842993, 39.305501525276554 ], [ -76.612064421294718, 39.305897729930585 ], [ -76.612082387600395, 39.306293932341674 ], [ -76.610393554866263, 39.305897729930585 ], [ -76.608453193852569, 39.305862975226113 ], [ -76.603692122846724, 39.306050650425206 ], [ -76.604096364724583, 39.311694573104759 ], [ -76.594996430896444, 39.312125494308923 ], [ -76.594367610197565, 39.301866069097549 ], [ -76.610824746202638, 39.301219591532671 ] ] ] } },
{ "type": "Feature", "properties": { "OBJECTID_1": 17, "BRNI_Name": "Upton Planning Committee", "Map_Number": 16, "BRNI_Short_Name": "UPC", "XCoord": -76.63152172, "YCoord": 39.30149061, "Induction_Date": 2019.0, "Shape__Length": 6160.59827756918, "Shape__Area": 1269079.6619279501 }, "geometry": { "type": "Polygon", "coordinates": [ [ [ -76.636461726570261, 39.306688926535493 ], [ -76.6361717539898, 39.306465885575413 ], [ -76.635864587654808, 39.3062108259439 ], [ -76.635680949552849, 39.30606112755212 ], [ -76.635497789354645, 39.305911815312299 ], [ -76.635104698264399, 39.305614074040001 ], [ -76.634910669349537, 39.305450049786195 ], [ -76.634818498608141, 39.305372600493534 ], [ -76.634522630384467, 39.305125784953574 ], [ -76.634456400293516, 39.305156353429261 ], [ -76.634241400208367, 39.30532484647177 ], [ -76.634164342723295, 39.305385475118484 ], [ -76.633977109563574, 39.305532787990522 ], [ -76.633747035747945, 39.305708671080794 ], [ -76.633601762895154, 39.305815410604701 ], [ -76.633521238811397, 39.30587457634838 ], [ -76.633440101178294, 39.305936122737464 ], [ -76.633253504025802, 39.306068389180972 ], [ -76.633192891998632, 39.306108024023338 ], [ -76.63311226820187, 39.306160743243183 ], [ -76.633069744651266, 39.306188639336909 ], [ -76.632942985178161, 39.306273659344356 ], [ -76.632893064001195, 39.306308723854912 ], [ -76.632777475976965, 39.306389909605436 ], [ -76.632697341762039, 39.306447556790317 ], [ -76.632664385269223, 39.306484741927548 ], [ -76.632487627364014, 39.306344159525757 ], [ -76.632195839288386, 39.306114042128129 ], [ -76.631918975822856, 39.30588593210053 ], [ -76.631778694908107, 39.305770983610678 ], [ -76.63168707663057, 39.305704157128588 ], [ -76.631624503581151, 39.305649350885496 ], [ -76.631486544811395, 39.305545816897663 ], [ -76.631188608665951, 39.305317697371962 ], [ -76.630910180335206, 39.305075727890262 ], [ -76.630734009029908, 39.304936390368916 ], [ -76.630636937978622, 39.304849040137533 ], [ -76.630471301216645, 39.304717166209649 ], [ -76.630180320726424, 39.304481607023178 ], [ -76.629950854171938, 39.304297816061009 ], [ -76.62975346376129, 39.304127659924639 ], [ -76.629567541243574, 39.303985569954072 ], [ -76.629380529967733, 39.303834919361755 ], [ -76.629134850618996, 39.303643896102031 ], [ -76.628776502770691, 39.303348842244432 ], [ -76.62864983672236, 39.303250353511778 ], [ -76.628434703686537, 39.303079132682711 ], [ -76.628228941875776, 39.302916236929747 ], [ -76.628022571007222, 39.30274659669319 ], [ -76.627801891772847, 39.302570446181846 ], [ -76.627074633685126, 39.303092341387959 ], [ -76.627018704575534, 39.303132474927473 ], [ -76.62695755805079, 39.303068926206976 ], [ -76.626735566377775, 39.302894295352139 ], [ -76.626453554667364, 39.302664962530933 ], [ -76.626235452699547, 39.302492262428331 ], [ -76.626131739505055, 39.302403061494793 ], [ -76.626022714572272, 39.302308651146816 ], [ -76.625946654217159, 39.302258216003352 ], [ -76.62502249260568, 39.301503077545867 ], [ -76.624564213470236, 39.301143927547216 ], [ -76.624297092233988, 39.300924101332875 ], [ -76.62406740020235, 39.300738448467442 ], [ -76.624132237006293, 39.300688699691634 ], [ -76.624298273518576, 39.300561298147244 ], [ -76.624591217725992, 39.300345611106238 ], [ -76.624830616952579, 39.300172582731228 ], [ -76.624747127530071, 39.300107087680104 ], [ -76.624552462608008, 39.299954380124426 ], [ -76.624185226828274, 39.299665001955191 ], [ -76.624106527222864, 39.29960297178409 ], [ -76.623941938794843, 39.299473239485295 ], [ -76.623679368423808, 39.299261276538914 ], [ -76.623495851594399, 39.299112601159187 ], [ -76.623433256087083, 39.299040695027692 ], [ -76.623355928209122, 39.298980297935543 ], [ -76.62341020352028, 39.298927204175627 ], [ -76.623509435019812, 39.298830129441811 ], [ -76.623574649116193, 39.29876047048797 ], [ -76.62374064610259, 39.298609294921889 ], [ -76.62403203083467, 39.298352276871171 ], [ -76.62421163909427, 39.298484996991945 ], [ -76.624531716914831, 39.298750877908276 ], [ -76.624911350343808, 39.299057200257465 ], [ -76.625294416235462, 39.299362193512934 ], [ -76.625589032207614, 39.299594648675637 ], [ -76.625752723218696, 39.2994787931001 ], [ -76.625940153109454, 39.29934613325684 ], [ -76.62615037505563, 39.299175472909276 ], [ -76.626387283253905, 39.298980596855458 ], [ -76.626976917643475, 39.298495233333085 ], [ -76.627217585291234, 39.298295078354798 ], [ -76.627462063592461, 39.298095747972731 ], [ -76.627616686110727, 39.297968151231927 ], [ -76.627677451749818, 39.297908778594945 ], [ -76.627721783609076, 39.297942114925263 ], [ -76.627944623291725, 39.298109678510968 ], [ -76.628261219242248, 39.298371870202494 ], [ -76.628521930100632, 39.298589737110525 ], [ -76.628733011734525, 39.298460410302312 ], [ -76.628896285029001, 39.298352237941728 ], [ -76.629100380464905, 39.298228796004899 ], [ -76.629262808444679, 39.298098863730829 ], [ -76.629478308891464, 39.297921350802127 ], [ -76.629749125796792, 39.297701562434973 ], [ -76.629856804154954, 39.297614106545424 ], [ -76.629913442933614, 39.297568056669725 ], [ -76.630128213050057, 39.297393330755611 ], [ -76.630366303431273, 39.297206432495791 ], [ -76.630112755738963, 39.296991811955607 ], [ -76.630418986927737, 39.296974034750043 ], [ -76.630578071378039, 39.296964947323346 ], [ -76.630720197432396, 39.29695682758976 ], [ -76.630856546421171, 39.296950329716715 ], [ -76.630852530053531, 39.296896432870888 ], [ -76.630850178264112, 39.296805999891994 ], [ -76.63084782557641, 39.29671551326706 ], [ -76.630837056572759, 39.296514423040094 ], [ -76.630835262637135, 39.296480943516492 ], [ -76.630816631578156, 39.296227410981537 ], [ -76.630821740297179, 39.296143370113228 ], [ -76.630794029965614, 39.29576254356575 ], [ -76.630792442642502, 39.295436077350772 ], [ -76.630890726419409, 39.295431166473286 ], [ -76.631245860095632, 39.295416047308663 ], [ -76.631637045859151, 39.295405343344186 ], [ -76.63201702693614, 39.295391315635236 ], [ -76.632377139075658, 39.295366366355935 ], [ -76.632539158321975, 39.295646481431909 ], [ -76.632660677922019, 39.295868737931144 ], [ -76.632764945377062, 39.296053896916547 ], [ -76.632935962149276, 39.296363587437327 ], [ -76.632958514354485, 39.296405471147409 ], [ -76.633077656113997, 39.296626735292328 ], [ -76.633161494082813, 39.296780646519458 ], [ -76.63321328285727, 39.296864308442856 ], [ -76.633425586199948, 39.297256672457728 ], [ -76.633441648077209, 39.297285574549022 ], [ -76.633550628094227, 39.29748197150343 ], [ -76.633680353804408, 39.297669986870034 ], [ -76.633821825885249, 39.297891789253761 ], [ -76.633878841956331, 39.297987073134088 ], [ -76.634026904976395, 39.298236992059614 ], [ -76.634109377505993, 39.298385601867608 ], [ -76.634201560823826, 39.298554586703176 ], [ -76.634349456757263, 39.298877341496052 ], [ -76.634442647086516, 39.299078415898755 ], [ -76.634498532178668, 39.299182394623791 ], [ -76.634765382123703, 39.299670537480729 ], [ -76.634880365581765, 39.299879090154349 ], [ -76.634883491718938, 39.299884761217882 ], [ -76.635055827217997, 39.300190290999836 ], [ -76.635088424384719, 39.300239406848114 ], [ -76.635322103139572, 39.300660573397913 ], [ -76.635346847234061, 39.300706649045154 ], [ -76.635417416187849, 39.300838147504834 ], [ -76.635601949011814, 39.301166457762669 ], [ -76.635618523827134, 39.301195945633609 ], [ -76.635643514958332, 39.301239699160327 ], [ -76.635877195509821, 39.301665861195033 ], [ -76.635995939315634, 39.301883341783991 ], [ -76.636105204098598, 39.302083367635042 ], [ -76.636282771385879, 39.302405999803383 ], [ -76.636340791773435, 39.302511417365629 ], [ -76.636650793191464, 39.3030858753649 ], [ -76.636834122272973, 39.303422779257531 ], [ -76.636860436622584, 39.303469975007069 ], [ -76.636986949957304, 39.303696891053647 ], [ -76.637221708487147, 39.30412693561847 ], [ -76.637462388711313, 39.304576709547213 ], [ -76.63747221178896, 39.304595066626547 ], [ -76.6376528872471, 39.304919806588465 ], [ -76.637860118701681, 39.30529448520948 ], [ -76.638001178455795, 39.305561989727288 ], [ -76.638050336064779, 39.305649798527526 ], [ -76.638215214648653, 39.305944314414269 ], [ -76.638406890875771, 39.306291479369094 ], [ -76.638536977708696, 39.306458548918293 ], [ -76.638590010649807, 39.306555242591415 ], [ -76.638699469468861, 39.306746291964402 ], [ -76.638787548384158, 39.306927469933107 ], [ -76.638800586532199, 39.306954289732154 ], [ -76.63850553218218, 39.306708135931174 ], [ -76.638472148091282, 39.306681446714023 ], [ -76.638394577668166, 39.30674409132375 ], [ -76.63820653332975, 39.306883737338957 ], [ -76.637960560231917, 39.307065159620819 ], [ -76.637503566585636, 39.307421964624545 ], [ -76.637432094825002, 39.307476034781814 ], [ -76.637169606200658, 39.307265377797265 ], [ -76.637004639581875, 39.307133887936907 ], [ -76.636719475683137, 39.306908469817898 ], [ -76.636686048473123, 39.306882029517233 ], [ -76.636540058764709, 39.306767742299328 ], [ -76.636461726570261, 39.306688926535493 ] ] ] } },
{ "type": "Feature", "properties": { "OBJECTID_1": 18, "BRNI_Name": "Govans Ecumenical Development Co. - York Road", "Map_Number": 19, "BRNI_Short_Name": "York Road", "XCoord": -76.60712107000001, "YCoord": 39.34786141, "Induction_Date": 2020.0, "Shape__Length": 11602.734862852474, "Shape__Area": 2257880.027515295 }, "geometry": { "type": "Polygon", "coordinates": [ [ [ -76.608841552617861, 39.358770165218488 ], [ -76.608627641290838, 39.357474562763684 ], [ -76.608057210187098, 39.357557261658435 ], [ -76.608413729065504, 39.355407063440289 ], [ -76.607629386634741, 39.355324362000189 ], [ -76.607807645624774, 39.353780587520021 ], [ -76.608948508730549, 39.353945993262528 ], [ -76.608841552617861, 39.352705438217633 ], [ -76.608984161067553, 39.350830780115579 ], [ -76.607629386634741, 39.350665366303694 ], [ -76.607700690410411, 39.35014155447368 ], [ -76.608805901179196, 39.35014155447368 ], [ -76.608698945066521, 39.346171484786517 ], [ -76.607878950298769, 39.346143913775279 ], [ -76.606203307527934, 39.345978489563521 ], [ -76.605205052871838, 39.345840635407264 ], [ -76.604812881656457, 39.345702780979074 ], [ -76.604278101991412, 39.345564926278968 ], [ -76.599643347589236, 39.345151361241861 ], [ -76.600142474917305, 39.340215957020547 ], [ -76.601675509238461, 39.339471480109019 ], [ -76.602174636566502, 39.338230668100046 ], [ -76.603065935109939, 39.337706763068063 ], [ -76.60516940143313, 39.336631366461638 ], [ -76.606417219753283, 39.336107449444178 ], [ -76.606738087192994, 39.336107449444178 ], [ -76.607950254074439, 39.336410770740081 ], [ -76.610053719499348, 39.33638319587854 ], [ -76.610089371836324, 39.346143913775279 ], [ -76.610267630826357, 39.350031278017958 ], [ -76.61101632271675, 39.350031278017958 ], [ -76.610838062828407, 39.35229191543764 ], [ -76.611051974155444, 39.352650302034682 ], [ -76.611051974155444, 39.354111399308024 ], [ -76.611158930268104, 39.356123803532888 ], [ -76.610873714267086, 39.356812970165144 ], [ -76.611372841595141, 39.357033501495962 ], [ -76.611372841595141, 39.357722659154227 ], [ -76.61098067037976, 39.357722659154227 ], [ -76.611051974155444, 39.358136149791306 ], [ -76.610802410491402, 39.358246414149811 ], [ -76.612121533485535, 39.359734959356508 ], [ -76.611265886380792, 39.360093308467889 ], [ -76.613012832028971, 39.362601697995338 ], [ -76.610731106715733, 39.363125416408622 ], [ -76.610873714267086, 39.365082434597916 ], [ -76.60983980817231, 39.365027308183166 ], [ -76.60823546917716, 39.364972181724909 ], [ -76.606951999418342, 39.364724111777022 ], [ -76.606916347081338, 39.362932468012943 ], [ -76.606845043305654, 39.359817655575327 ], [ -76.60727286685804, 39.359817655575327 ], [ -76.608449381402494, 39.359459305049775 ], [ -76.609019812506219, 39.358990690370788 ], [ -76.608841552617861, 39.358770165218488 ] ] ] } },
{ "type": "Feature", "properties": { "OBJECTID_1": 19, "BRNI_Name": "Market Center CDC", "Map_Number": 18, "BRNI_Short_Name": "MCCDC", "XCoord": -76.6200554, "YCoord": 39.2929403, "Induction_Date": 2020.0, "Shape__Length": 4185.7854691636439, "Shape__Area": 666119.98341908003 }, "geometry": { "type": "Polygon", "coordinates": [ [ [ -76.623895403368167, 39.292788682069435 ], [ -76.62248124670181, 39.29275250190301 ], [ -76.622481208972559, 39.292751892886379 ], [ -76.622457440448471, 39.292751892886379 ], [ -76.62248124670181, 39.29275250190301 ], [ -76.622611932711024, 39.294858033281834 ], [ -76.621316578241007, 39.294913215736869 ], [ -76.621506721942239, 39.298371192413029 ], [ -76.620758030950185, 39.298389585878283 ], [ -76.62069861098739, 39.29732278123808 ], [ -76.619949919995292, 39.297350371499704 ], [ -76.619854847695521, 39.296237567010792 ], [ -76.619640936368484, 39.296200780335091 ], [ -76.616967038941553, 39.296292747683331 ], [ -76.616693707651748, 39.292659920191774 ], [ -76.616836315203102, 39.292292028205225 ], [ -76.617632542345063, 39.290535318848278 ], [ -76.617941525971887, 39.290516923319622 ], [ -76.617941525971887, 39.289928277754825 ], [ -76.61808413352324, 39.289404010915419 ], [ -76.62092440612733, 39.28931203382345 ], [ -76.620912522314413, 39.288990113050161 ], [ -76.622255412934337, 39.288944124247493 ], [ -76.622326716710006, 39.290323774495647 ], [ -76.623740911105614, 39.290268589118838 ], [ -76.623895403368167, 39.292788682069435 ] ] ] } },
{ "type": "Feature", "properties": { "OBJECTID_1": 20, "BRNI_Name": "Cherry Hill", "Map_Number": 20, "BRNI_Short_Name": "Cherry Hill", "XCoord": -76.62611131, "YCoord": 39.2489486, "Induction_Date": 2021.0, "Shape__Length": 11495.358085442444, "Shape__Area": 6382076.3855599146 }, "geometry": { "type": "Polygon", "coordinates": [ [ [ -76.632939737768424, 39.257765334223187 ], [ -76.63277762689394, 39.257692074485696 ], [ -76.632759587824708, 39.257720107440441 ], [ -76.632623786808253, 39.257668235823054 ], [ -76.632367150708021, 39.257598750165258 ], [ -76.632215274339558, 39.257569204984833 ], [ -76.631975190596719, 39.257668872967621 ], [ -76.630991189509203, 39.258114872743242 ], [ -76.629659060706402, 39.258685785876239 ], [ -76.629652800347202, 39.258685467308567 ], [ -76.629641445642008, 39.258685333065003 ], [ -76.629630152022244, 39.258682735834249 ], [ -76.629620498726212, 39.258682230855797 ], [ -76.629610689123311, 39.258682643324413 ], [ -76.629600623500536, 39.258680805648012 ], [ -76.629590469842896, 39.258677530939046 ], [ -76.629581287264045, 39.258674240232033 ], [ -76.629571477661145, 39.258670598961281 ], [ -76.629560370890971, 39.258666561219528 ], [ -76.629550485829583, 39.258663687849648 ], [ -76.629537981280848, 39.258660242031482 ], [ -76.629527110767583, 39.258657566201222 ], [ -76.629516813379482, 39.258656086738995 ], [ -76.629506821418573, 39.258655613060697 ], [ -76.629495495459466, 39.258655017658839 ], [ -76.629484667167048, 39.258652416253618 ], [ -76.62947426647267, 39.258646976951475 ], [ -76.629461683770501, 39.258643563128366 ], [ -76.629448658198868, 39.258641902123884 ], [ -76.629431967500892, 39.258640668890656 ], [ -76.629421621603782, 39.258639458610958 ], [ -76.629411794932878, 39.258635715786191 ], [ -76.629403226801699, 39.25862971377213 ], [ -76.629396148975559, 39.258623272857214 ], [ -76.629386914294457, 39.258615836590671 ], [ -76.629377318490583, 39.258609744151705 ], [ -76.629368643459884, 39.258603731006488 ], [ -76.629361669838332, 39.258596175100941 ], [ -76.629355730177679, 39.258588626150193 ], [ -76.629346597904501, 39.258579816141832 ], [ -76.629337274290165, 39.258573060131987 ], [ -76.629327969540455, 39.25856620256917 ], [ -76.629317855408672, 39.258560649187856 ], [ -76.629296421605986, 39.258553400021363 ], [ -76.629283256795503, 39.258549163341577 ], [ -76.629268087843613, 39.258544431419942 ], [ -76.629249912230478, 39.258538836303082 ], [ -76.629238926732867, 39.25853577860353 ], [ -76.629228698515021, 39.258532058031221 ], [ -76.629219094626336, 39.25852884939394 ], [ -76.629208061518014, 39.258526909465552 ], [ -76.629196306164204, 39.258525905766433 ], [ -76.629185575788128, 39.258524913196396 ], [ -76.629175867694869, 39.258524130686666 ], [ -76.629165159776676, 39.258522050949765 ], [ -76.629155814602768, 39.258520308561408 ], [ -76.629145534282657, 39.258516799439825 ], [ -76.629137040711655, 39.258512973836339 ], [ -76.629127391008865, 39.258508324684428 ], [ -76.629118250650848, 39.258503960713661 ], [ -76.629111134197188, 39.258497791057309 ], [ -76.629110626649037, 39.258489445674627 ], [ -76.629110334696577, 39.258481756903912 ], [ -76.629108962070816, 39.258474081348098 ], [ -76.629104675310273, 39.258465919591686 ], [ -76.629095642750102, 39.258458941685717 ], [ -76.629085194445025, 39.258454617359007 ], [ -76.629074181997964, 39.258452795674593 ], [ -76.629063869338495, 39.258453603225412 ], [ -76.629054729878789, 39.258456218549327 ], [ -76.629045372128473, 39.258459373631474 ], [ -76.629034695651342, 39.258462916838567 ], [ -76.629024552773458, 39.25846559545851 ], [ -76.629014229334231, 39.258466424571694 ], [ -76.629003633705437, 39.258466025317553 ], [ -76.628994823029146, 39.258461168884224 ], [ -76.628988121597104, 39.258454008739761 ], [ -76.628983104506247, 39.258445610488913 ], [ -76.628976589923795, 39.258435997780495 ], [ -76.628970583787819, 39.258428386907241 ], [ -76.628964313547144, 39.258420509631677 ], [ -76.62895678836, 39.258412924492674 ], [ -76.628950011469499, 39.25840627836606 ], [ -76.628949004458065, 39.258398170160277 ], [ -76.628948821201746, 39.258390660835481 ], [ -76.628950776834117, 39.2583826743519 ], [ -76.628954113177087, 39.258374775508663 ], [ -76.628954574012823, 39.25836585626957 ], [ -76.628951061600077, 39.258358190438997 ], [ -76.628944227217389, 39.25835003701588 ], [ -76.628935469541673, 39.258343927164674 ], [ -76.628926184554899, 39.25833861582273 ], [ -76.628915535925529, 39.258335968498415 ], [ -76.628907230102413, 39.258334687265716 ], [ -76.628903387109631, 39.258328577413188 ], [ -76.628908514693265, 39.258323453872961 ], [ -76.628914187554273, 39.258317568687303 ], [ -76.628916947178837, 39.258309837468211 ], [ -76.628916895076557, 39.258302273879785 ], [ -76.628916462088583, 39.25829274253298 ], [ -76.628914742713135, 39.258285186593923 ], [ -76.628912417873167, 39.258276484360273 ], [ -76.62890954236596, 39.258267360612066 ], [ -76.628905072349099, 39.258258853830412 ], [ -76.628899358165583, 39.258250278186686 ], [ -76.628893131044023, 39.258243575703709 ], [ -76.62888715634908, 39.258236674287929 ], [ -76.628881417012721, 39.258228191847451 ], [ -76.628877538985634, 39.258221279301097 ], [ -76.628873554059041, 39.258211635261382 ], [ -76.628871465475996, 39.25820304291824 ], [ -76.628870801621005, 39.258194864436639 ], [ -76.628870477329201, 39.258185276734281 ], [ -76.628867176918831, 39.258176181492495 ], [ -76.628861732229893, 39.258168739613943 ], [ -76.628854843948289, 39.25816167055897 ], [ -76.628847002554181, 39.2581550424933 ], [ -76.62883945580748, 39.258148965316785 ], [ -76.628832415710605, 39.258142454800918 ], [ -76.628825640616739, 39.258135451126712 ], [ -76.628819045185921, 39.258128338943152 ], [ -76.628812268295405, 39.258120852543179 ], [ -76.628805663881423, 39.258112888982588 ], [ -76.628799455624517, 39.258105356673511 ], [ -76.628792010387443, 39.258096029101509 ], [ -76.628784481607042, 39.258087897906051 ], [ -76.62877657104265, 39.258079738191419 ], [ -76.628769715100404, 39.258072527927027 ], [ -76.628763584996889, 39.258065479729403 ], [ -76.628760762490273, 39.258057621889009 ], [ -76.628760711286304, 39.258049208983749 ], [ -76.628765926006537, 39.258041938897257 ], [ -76.628773260750833, 39.258035369943649 ], [ -76.628779999912098, 39.258027874491354 ], [ -76.628785103241228, 39.258020411730044 ], [ -76.628786821718364, 39.258012388339111 ], [ -76.628785103241228, 39.258003347329293 ], [ -76.628782605924741, 39.257995380277499 ], [ -76.628786086896454, 39.257987009794498 ], [ -76.628794489737615, 39.257979784913616 ], [ -76.628802887188897, 39.25797261219973 ], [ -76.628811059163041, 39.257964945630569 ], [ -76.628818990388666, 39.25795651462937 ], [ -76.628824760267747, 39.257947733059957 ], [ -76.628824504247888, 39.257939190069898 ], [ -76.628822080593253, 39.257930164353176 ], [ -76.628819759346555, 39.257922268936817 ], [ -76.628815812149213, 39.257909881526899 ], [ -76.628811758052322, 39.257898972201822 ], [ -76.62880743895245, 39.257885549083227 ], [ -76.628803320176871, 39.257876275736471 ], [ -76.628795173355542, 39.257867502503842 ], [ -76.628786022217739, 39.257861438518262 ], [ -76.628777088472248, 39.25785648535873 ], [ -76.628767564533604, 39.257851076599898 ], [ -76.628758844587139, 39.257845665058426 ], [ -76.628749733873534, 39.257839477259296 ], [ -76.628742125143077, 39.257832490944075 ], [ -76.6287362312965, 39.257824260251461 ], [ -76.628732719782064, 39.257816385690298 ], [ -76.628727430501655, 39.257808942382439 ], [ -76.628719154322965, 39.25780184964178 ], [ -76.62871192557985, 39.257794918968528 ], [ -76.628712119615969, 39.257786100513528 ], [ -76.628713309883693, 39.25777794145931 ], [ -76.628713001761554, 39.257768825993118 ], [ -76.628712701724268, 39.257759973451812 ], [ -76.628711285979378, 39.257750438553458 ], [ -76.628707996348808, 39.257742090299523 ], [ -76.628699278198965, 39.257734350670106 ], [ -76.628689569207381, 39.257729636082821 ], [ -76.628679683247668, 39.257727984794705 ], [ -76.628669886221189, 39.257724590402873 ], [ -76.628661433074384, 39.257718915925309 ], [ -76.628655388310818, 39.257713178150233 ], [ -76.628649156697691, 39.257706854702846 ], [ -76.628641175166393, 39.257703086787664 ], [ -76.628632260285514, 39.25769975638724 ], [ -76.628629258115836, 39.257692577384532 ], [ -76.628633185550257, 39.257685828244924 ], [ -76.628640455615852, 39.257679772590485 ], [ -76.628647899954615, 39.25767444450446 ], [ -76.628655713500947, 39.257668854882738 ], [ -76.628663798338508, 39.257663090671812 ], [ -76.62867116182889, 39.257657706938694 ], [ -76.628678578319864, 39.257652212609123 ], [ -76.628685430668867, 39.25764652630096 ], [ -76.628689150592464, 39.257640352395747 ], [ -76.628687728559356, 39.257633992076379 ], [ -76.62867904364721, 39.257630823741231 ], [ -76.628667536228406, 39.257632500072283 ], [ -76.628657864067733, 39.25763719171217 ], [ -76.628648758744035, 39.25764329884273 ], [ -76.628639118922706, 39.257649251555499 ], [ -76.628629071266261, 39.257653900764389 ], [ -76.628620492355296, 39.257657426622885 ], [ -76.628611296301742, 39.257661471378505 ], [ -76.628602082281859, 39.257665546739076 ], [ -76.628592026540574, 39.257668686554155 ], [ -76.628583375764379, 39.257669574104874 ], [ -76.628573726061603, 39.257668606563293 ], [ -76.628568492476759, 39.257663242306648 ], [ -76.628564153613951, 39.257656765133163 ], [ -76.628555290835337, 39.257651750748771 ], [ -76.628546241207161, 39.257650783206941 ], [ -76.628537223020018, 39.257650068158021 ], [ -76.628528823772129, 39.257649412928394 ], [ -76.628518766234208, 39.257648820995918 ], [ -76.628510719125899, 39.257647862496498 ], [ -76.628501718006746, 39.257645002996348 ], [ -76.628493336725143, 39.257640367002772 ], [ -76.628487173383974, 39.257634524189768 ], [ -76.628483445375551, 39.257628927609119 ], [ -76.628475144942328, 39.257625083176656 ], [ -76.628464350785862, 39.257622698056494 ], [ -76.628457817338813, 39.257618720769244 ], [ -76.628454777439885, 39.257613119318293 ], [ -76.628453071539155, 39.257606631011022 ], [ -76.62844516366971, 39.257600549613514 ], [ -76.628435048639616, 39.257594691494582 ], [ -76.628426005299644, 39.257589822480568 ], [ -76.628416841585448, 39.257586218714422 ], [ -76.628407232306841, 39.25758291056686 ], [ -76.628397308617906, 39.257579611461537 ], [ -76.628387725390454, 39.257577860007302 ], [ -76.628377474714725, 39.257577660377684 ], [ -76.628368635292347, 39.257577725066035 ], [ -76.628360551353111, 39.257576338092306 ], [ -76.628352140427083, 39.257572668245992 ], [ -76.628344758072103, 39.257568361254009 ], [ -76.628336514232728, 39.257564461172365 ], [ -76.62832823086751, 39.257561411777182 ], [ -76.628318458993846, 39.257560093664914 ], [ -76.628308701493225, 39.257561424993092 ], [ -76.628299680611136, 39.257565849537436 ], [ -76.628289758718822, 39.25756942617727 ], [ -76.628280641716998, 39.257570519619051 ], [ -76.628270651552725, 39.25757172365703 ], [ -76.628262503833113, 39.257576025084234 ], [ -76.628254551047903, 39.257582602427746 ], [ -76.628245566996739, 39.257588713040882 ], [ -76.628236503893831, 39.257591597583982 ], [ -76.628225972045442, 39.257593260700055 ], [ -76.628218830438925, 39.257598019117658 ], [ -76.628218874456394, 39.257605705898541 ], [ -76.62822269499128, 39.25761309845111 ], [ -76.628223516051463, 39.257620305284881 ], [ -76.628222839620051, 39.257628264727963 ], [ -76.628223684036413, 39.257635521641447 ], [ -76.628230414214514, 39.257641654508319 ], [ -76.628235038741607, 39.257647477844714 ], [ -76.62823647514773, 39.257653751216182 ], [ -76.628233251992498, 39.257660763981022 ], [ -76.628222910586956, 39.257665173912073 ], [ -76.628212794658523, 39.257667489473583 ], [ -76.628202959902808, 39.257669432208026 ], [ -76.628191399483413, 39.257671102973575 ], [ -76.628181253012286, 39.257673072835253 ], [ -76.628171798243926, 39.257675310492345 ], [ -76.628161003189135, 39.257677862548221 ], [ -76.62814957122886, 39.257680626753583 ], [ -76.628137956910535, 39.257681759145683 ], [ -76.628126965124721, 39.257682732251652 ], [ -76.628116665041674, 39.257687814104365 ], [ -76.628106701826852, 39.257692692154009 ], [ -76.628095883415881, 39.257694900596412 ], [ -76.62808457093152, 39.257695340198197 ], [ -76.62807434630696, 39.257696850981425 ], [ -76.628065640733539, 39.257702943499723 ], [ -76.628057413063857, 39.257708929594941 ], [ -76.6280468659441, 39.25771305920739 ], [ -76.628037774993416, 39.257719316574871 ], [ -76.628031065476577, 39.257726192305398 ], [ -76.628029352389319, 39.257732995695775 ], [ -76.628026491255127, 39.257741920579953 ], [ -76.628018740590861, 39.257749674119943 ], [ -76.628008155741881, 39.257755700554362 ], [ -76.627998147611294, 39.257758447367372 ], [ -76.627987296860979, 39.257760101437007 ], [ -76.62797658624784, 39.257762889984193 ], [ -76.627966550269491, 39.257767435545318 ], [ -76.627956527765861, 39.257772114655879 ], [ -76.627944885599788, 39.257775260030797 ], [ -76.62793363689579, 39.257776128104197 ], [ -76.627923330524538, 39.257776336775635 ], [ -76.627913024153287, 39.257776548229401 ], [ -76.62790272496855, 39.257776756900888 ], [ -76.627891472671308, 39.257777666012963 ], [ -76.62788109173988, 39.257780620105429 ], [ -76.627870844657437, 39.257785768725952 ], [ -76.627860203214567, 39.257792016348937 ], [ -76.627849733349947, 39.257796502089064 ], [ -76.627839637184465, 39.257799100048175 ], [ -76.627829831174836, 39.257801318225233 ], [ -76.627820301846285, 39.257803111408194 ], [ -76.627809723285509, 39.257804613146668 ], [ -76.627800113108592, 39.257805685717656 ], [ -76.627789843568266, 39.257806790284874 ], [ -76.627779879455119, 39.257807186064952 ], [ -76.627768234594114, 39.257807566542475 ], [ -76.62775656817351, 39.257807818339238 ], [ -76.627744838870839, 39.257808058311348 ], [ -76.627733520098261, 39.257808788661166 ], [ -76.627721795287158, 39.257809289472526 ], [ -76.627711411660812, 39.257809497448335 ], [ -76.627701010068137, 39.25780971237986 ], [ -76.627689945518782, 39.257809937744938 ], [ -76.627677864974856, 39.257810184672714 ], [ -76.62766679683223, 39.257810408646669 ], [ -76.627657066281074, 39.257810608275634 ], [ -76.627646326921848, 39.257810669485906 ], [ -76.627636597269003, 39.257810471943692 ], [ -76.627626876599308, 39.257810240318427 ], [ -76.627616463328536, 39.257809473798922 ], [ -76.62760641477378, 39.257808310803696 ], [ -76.627596409338139, 39.257806481451226 ], [ -76.627586143391071, 39.257803551704839 ], [ -76.627576200837495, 39.257800665083764 ], [ -76.627565977111246, 39.257797893231817 ], [ -76.627556092049886, 39.257795761305516 ], [ -76.627546319277897, 39.257794077327112 ], [ -76.627537696349478, 39.257792490728662 ], [ -76.627527828356079, 39.257790507654477 ], [ -76.627518427486635, 39.257788697777499 ], [ -76.627509877321756, 39.257785851498909 ], [ -76.627500891473986, 39.257781625206341 ], [ -76.627493047384917, 39.257777734178994 ], [ -76.627485030819315, 39.257773505799179 ], [ -76.627476581265768, 39.2577685804563 ], [ -76.627470126870435, 39.257763642592792 ], [ -76.627463908732039, 39.257758002896992 ], [ -76.627456849770539, 39.257751961855789 ], [ -76.627448020229622, 39.257747206230924 ], [ -76.627439869815035, 39.257743078707243 ], [ -76.627430818390252, 39.257738508799463 ], [ -76.627422027476868, 39.257734000101784 ], [ -76.627412197212706, 39.257728914774553 ], [ -76.627403001159138, 39.2577236715521 ], [ -76.627394047650711, 39.257718424155804 ], [ -76.627385178583921, 39.257713274834799 ], [ -76.627375688781257, 39.257707822243901 ], [ -76.627366213351635, 39.257702032299981 ], [ -76.627355429076658, 39.257695071011689 ], [ -76.627343258701174, 39.257685823375887 ], [ -76.627331886928005, 39.257676486010041 ], [ -76.627322770824492, 39.25766915676126 ], [ -76.627311483492946, 39.257659189899854 ], [ -76.627301018119894, 39.257650002774213 ], [ -76.627293235116269, 39.257643232067686 ], [ -76.627285559012165, 39.257635609283625 ], [ -76.62727961485993, 39.257627668621858 ], [ -76.627274951705274, 39.257620002014974 ], [ -76.627270818556667, 39.257612089869959 ], [ -76.627266946817798, 39.257603638654672 ], [ -76.627263191859896, 39.2575942477187 ], [ -76.627259337189017, 39.257585235173487 ], [ -76.627257599847269, 39.257581215454131 ], [ -76.627253972450148, 39.257573195490814 ], [ -76.627250886737144, 39.257565053801137 ], [ -76.627248996681786, 39.257556992101563 ], [ -76.627248376844236, 39.257549277492316 ], [ -76.627248129807526, 39.257541973270911 ], [ -76.627248503506692, 39.257535281153849 ], [ -76.627251066400191, 39.25752947728423 ], [ -76.627255507670952, 39.257524406549209 ], [ -76.627259418037397, 39.257519317728885 ], [ -76.627260710713088, 39.257513465167754 ], [ -76.62725740581115, 39.257508482769495 ], [ -76.627249970455551, 39.257506806435536 ], [ -76.627242597083708, 39.257504754491379 ], [ -76.627237984234711, 39.257500209608807 ], [ -76.627235460867084, 39.257494459991072 ], [ -76.627235092557811, 39.257488655422478 ], [ -76.62723492367455, 39.257483646590643 ], [ -76.627234813181758, 39.257479807714851 ], [ -76.627235230898378, 39.25747573234348 ], [ -76.627235136575266, 39.257467437616057 ], [ -76.627236111247342, 39.257458567647397 ], [ -76.627236469675154, 39.257450282655995 ], [ -76.627236213655308, 39.257442561079309 ], [ -76.627234532907408, 39.257433756491523 ], [ -76.627231849639642, 39.257425587658233 ], [ -76.627228325548785, 39.257416631432896 ], [ -76.627224505912196, 39.257407712767538 ], [ -76.627221551353216, 39.257397970539785 ], [ -76.627221642981368, 39.257387383882083 ], [ -76.627222149631208, 39.25737765278069 ], [ -76.627221561234691, 39.257369147977847 ], [ -76.627219816706415, 39.257358563402555 ], [ -76.627219332514471, 39.257349081313329 ], [ -76.627219654111343, 39.257339695907859 ], [ -76.627222411939258, 39.257330924694799 ], [ -76.627224944290049, 39.257322942959497 ], [ -76.627226751700405, 39.25731437972167 ], [ -76.627227594320146, 39.257305936817389 ], [ -76.627228621094517, 39.257297181598368 ], [ -76.627229238237106, 39.257289367493136 ], [ -76.627230190451314, 39.25728221001129 ], [ -76.627229926346615, 39.257270647442127 ], [ -76.627229664038566, 39.257262860461474 ], [ -76.627229282254561, 39.257254067675923 ], [ -76.627228420770194, 39.257243829480494 ], [ -76.627226740920619, 39.257235703055265 ], [ -76.62722093151568, 39.257226776019934 ], [ -76.627214912803268, 39.257219705478803 ], [ -76.627211195574645, 39.25721130151554 ], [ -76.627209579505447, 39.257202290312222 ], [ -76.627207049849602, 39.257195028484873 ], [ -76.627202733444662, 39.257187256102938 ], [ -76.627196500933209, 39.257179205489088 ], [ -76.627189685415146, 39.257171710640847 ], [ -76.627183390021642, 39.257164686697926 ], [ -76.627177023661218, 39.257157838735388 ], [ -76.627170253957232, 39.257150371012443 ], [ -76.627164797590197, 39.257143522352983 ], [ -76.627159375359156, 39.257135748574157 ], [ -76.627154346590189, 39.257128399792634 ], [ -76.627149542400048, 39.257121221427028 ], [ -76.627144690599209, 39.257113847603165 ], [ -76.627140117276099, 39.257106947467342 ], [ -76.627135107371743, 39.257099570859722 ], [ -76.627130579862722, 39.257092873831354 ], [ -76.62712536514249, 39.257084983189728 ], [ -76.627121208637675, 39.257077601015169 ], [ -76.627117409662333, 39.257070156933281 ], [ -76.62710724342827, 39.257047050503743 ], [ -76.627104929368087, 39.25703986934743 ], [ -76.62710274017374, 39.257032366832952 ], [ -76.627100797117791, 39.257024558262835 ], [ -76.627099024741739, 39.25701621687827 ], [ -76.627098609720079, 39.257009299343338 ], [ -76.627098359090098, 39.25700189907576 ], [ -76.627098103070239, 39.256994735304346 ], [ -76.627097738354237, 39.256986942728368 ], [ -76.627096801411412, 39.256978938695354 ], [ -76.627095805179749, 39.256970410890034 ], [ -76.627095141324745, 39.256962402681644 ], [ -76.627094549334984, 39.256954100937733 ], [ -76.627094056159891, 39.256946386957807 ], [ -76.627093556696607, 39.256939175881257 ], [ -76.627092623347025, 39.25693143059857 ], [ -76.627091866965543, 39.256924006673017 ], [ -76.627091123160483, 39.256916624481462 ], [ -76.627089531345817, 39.256909654072636 ], [ -76.627087924259783, 39.256902866600711 ], [ -76.627085692844588, 39.256895966444134 ], [ -76.627082073532335, 39.256889362604113 ], [ -76.627077703228466, 39.256882926398355 ], [ -76.627072979886705, 39.256876566705863 ], [ -76.627067300737465, 39.256869868960649 ], [ -76.627062483970931, 39.256863925919788 ], [ -76.627058919455862, 39.256857391634853 ], [ -76.627056341291009, 39.256852004361946 ], [ -76.627053081304837, 39.256846851499397 ], [ -76.62704849630363, 39.256842282228845 ], [ -76.627043093835496, 39.256838743113299 ], [ -76.627037851267517, 39.256835755593265 ], [ -76.627033895985321, 39.256834372778322 ], [ -76.627029527478086, 39.256833505388911 ], [ -76.627019627145344, 39.256834749783195 ], [ -76.627013234733795, 39.256836665413132 ], [ -76.627001890808373, 39.256840152360219 ], [ -76.626993031623044, 39.2568433603792 ], [ -76.626937028851586, 39.25682059262283 ], [ -76.62692468240634, 39.256815336811975 ], [ -76.626859548260029, 39.256789744290614 ], [ -76.62684749646219, 39.256785223011399 ], [ -76.626780022204557, 39.256757325321296 ], [ -76.626766260912703, 39.256751213940106 ], [ -76.626732544445161, 39.256737826076467 ], [ -76.626702965617795, 39.256784816096264 ], [ -76.626687384339206, 39.256772850007778 ], [ -76.62664122081506, 39.256767308309293 ], [ -76.626614032404689, 39.256747739509073 ], [ -76.626603182552671, 39.2567392457591 ], [ -76.626549308788455, 39.256699187186562 ], [ -76.626537896591088, 39.256691433530385 ], [ -76.626482442690275, 39.25665165803273 ], [ -76.626470760998316, 39.256642863083776 ], [ -76.62641344488992, 39.256599997777727 ], [ -76.626401287090886, 39.256591096398004 ], [ -76.626349894473464, 39.256553314386451 ], [ -76.626337559706315, 39.256544370570239 ], [ -76.626281692580463, 39.256502710651461 ], [ -76.626268284326542, 39.25649321731715 ], [ -76.62621656741733, 39.256455329523938 ], [ -76.626201302345706, 39.25644559898884 ], [ -76.626147869654275, 39.25640571484039 ], [ -76.626134021225866, 39.256395367314205 ], [ -76.626080834672848, 39.256354860588026 ], [ -76.626067260230585, 39.256344778768096 ], [ -76.626016599740126, 39.256306067320637 ], [ -76.626002656090307, 39.256296383369055 ], [ -76.625950969723789, 39.256259497114264 ], [ -76.625937343179245, 39.256250417621146 ], [ -76.625883597874108, 39.256210790033322 ], [ -76.625868530431859, 39.25620001051869 ], [ -76.62581157185295, 39.256159010507993 ], [ -76.62579039766338, 39.256143642888439 ], [ -76.625807765691093, 39.256128833822622 ], [ -76.625769054590563, 39.256101630068308 ], [ -76.625749894423848, 39.256117589642571 ], [ -76.625738299868488, 39.256107616995855 ], [ -76.625715507813098, 39.256088918192489 ], [ -76.625701022479149, 39.256078754950501 ], [ -76.62564902709218, 39.256042336712483 ], [ -76.625633404491069, 39.256031988437066 ], [ -76.625573326961515, 39.25599074487188 ], [ -76.62558317878522, 39.255962821128804 ], [ -76.625656684331645, 39.255818436752577 ], [ -76.625656166003751, 39.255809558923708 ], [ -76.625656485803987, 39.255802545278151 ], [ -76.625656273801582, 39.255794349126759 ], [ -76.625653606703494, 39.255785806569946 ], [ -76.625646991509726, 39.255779303486115 ], [ -76.62563810268, 39.255775385219579 ], [ -76.625628797031979, 39.255774775881449 ], [ -76.625618982039185, 39.255774928911578 ], [ -76.625606497253358, 39.255775105591795 ], [ -76.625595832454309, 39.25577519532311 ], [ -76.62558349589051, 39.255774840571419 ], [ -76.625571692926002, 39.255774174194812 ], [ -76.62556126258724, 39.255769198628869 ], [ -76.625552556115508, 39.255763441217702 ], [ -76.625544032900095, 39.255757263668691 ], [ -76.625535481836906, 39.255750141505587 ], [ -76.625526834653982, 39.255742542165798 ], [ -76.625519643640132, 39.255735367136253 ], [ -76.625511299189441, 39.255727260708326 ], [ -76.625504145006531, 39.255719099327727 ], [ -76.625496930636473, 39.255710847519197 ], [ -76.625488552049816, 39.255703419290882 ], [ -76.625479691067852, 39.255696810469352 ], [ -76.625469196050403, 39.255689949147225 ], [ -76.625460445561231, 39.255684459532574 ], [ -76.625452223281428, 39.255680674814506 ], [ -76.625442494526894, 39.255677972437972 ], [ -76.625428797913756, 39.25567552673499 ], [ -76.625407395552116, 39.255673275797797 ], [ -76.625395634808413, 39.255672013297492 ], [ -76.625384475935945, 39.255670869047819 ], [ -76.625375155914881, 39.255669575941397 ], [ -76.625364633049628, 39.255668647325386 ], [ -76.625353531669347, 39.255667728447669 ], [ -76.625342534493655, 39.255666407517481 ], [ -76.625333166861864, 39.255665631236177 ], [ -76.62532393397737, 39.255663852606027 ], [ -76.625314742415384, 39.255661014588334 ], [ -76.625305911077845, 39.255658268388743 ], [ -76.625296613514635, 39.255654645046732 ], [ -76.625290762787188, 39.255651746512058 ], [ -76.62528662963858, 39.255649547048002 ], [ -76.625280386347342, 39.255646021088474 ], [ -76.625267981511584, 39.255640575988352 ], [ -76.62525306318966, 39.255634235659777 ], [ -76.625234442012143, 39.255628739084813 ], [ -76.625220832535575, 39.255625371023868 ], [ -76.625206847563234, 39.255622861324504 ], [ -76.625181135983183, 39.255621878451628 ], [ -76.625172268713015, 39.255622334065016 ], [ -76.625165709214812, 39.255622669340852 ], [ -76.625158748169667, 39.255623026180025 ], [ -76.625151516731634, 39.255623399017843 ], [ -76.62514313365341, 39.255623828198715 ], [ -76.625132689839916, 39.255626367112974 ], [ -76.625125301196704, 39.255629712219275 ], [ -76.625117048374179, 39.255631675878021 ], [ -76.62510754958835, 39.255632164184249 ], [ -76.625096335020359, 39.255632738743941 ], [ -76.625071491212879, 39.255630083665899 ], [ -76.625038219411366, 39.255624253205994 ], [ -76.625025908898721, 39.255622440490782 ], [ -76.625016426282571, 39.25562182280418 ], [ -76.625005735432381, 39.255621497266702 ], [ -76.624994175012986, 39.255619761066605 ], [ -76.624982252572536, 39.255617231890412 ], [ -76.624970635559279, 39.255616168328658 ], [ -76.62495811394254, 39.255616751235628 ], [ -76.624946163654315, 39.255616605856659 ], [ -76.624934083110389, 39.255616644809912 ], [ -76.624920978487012, 39.255615191716025 ], [ -76.624908796433431, 39.255614941302539 ], [ -76.624897100368443, 39.255615544381712 ], [ -76.624885998089852, 39.255616111985645 ], [ -76.624875577632551, 39.255616786710853 ], [ -76.624867585321454, 39.255616094595787 ], [ -76.6248602290176, 39.25561359185204 ], [ -76.624853289532027, 39.255610717661469 ], [ -76.624844077308794, 39.255607990936483 ], [ -76.624835197462204, 39.255602974318791 ], [ -76.624827753123455, 39.255596869792917 ], [ -76.624818659477839, 39.255590207400701 ], [ -76.624809723037387, 39.255583218078975 ], [ -76.624802390089727, 39.255577020341839 ], [ -76.62479346353075, 39.255568810252228 ], [ -76.624784977146263, 39.255561388964757 ], [ -76.624777137548776, 39.255554113055545 ], [ -76.624769226086073, 39.255546372488979 ], [ -76.624761831154643, 39.255539040235142 ], [ -76.624752905493992, 39.255529987776882 ], [ -76.624744125360394, 39.255520838629906 ], [ -76.624733748022237, 39.255510517405682 ], [ -76.624725267027642, 39.255502720491165 ], [ -76.624717358259872, 39.255495068259435 ], [ -76.62470860866901, 39.25548629611999 ], [ -76.624697309659354, 39.255475238951803 ], [ -76.624689945270674, 39.255468258661345 ], [ -76.624681160645494, 39.255461317323473 ], [ -76.62467094769903, 39.255456023848602 ], [ -76.62466058203897, 39.255452015136662 ], [ -76.62464982740839, 39.255445671313062 ], [ -76.624638845504037, 39.255438786316155 ], [ -76.624628513979957, 39.255431230765112 ], [ -76.624619550590054, 39.255423486707002 ], [ -76.624610115584616, 39.255414602567825 ], [ -76.624600755139369, 39.255405630086941 ], [ -76.624593399733811, 39.255398758997977 ], [ -76.624584012339099, 39.255390866774519 ], [ -76.624573340353535, 39.255380212340988 ], [ -76.6245664565635, 39.255370471222705 ], [ -76.624559492823423, 39.255359804265353 ], [ -76.624553546874552, 39.25535012922581 ], [ -76.624544989523145, 39.255338320792681 ], [ -76.624536408815558, 39.255328055189274 ], [ -76.624526648619991, 39.255317966961329 ], [ -76.624518274524917, 39.255309670587458 ], [ -76.624508717348618, 39.255301051455966 ], [ -76.624489476333551, 39.255285952148526 ], [ -76.624479503237268, 39.255279949152083 ], [ -76.624469505886466, 39.255275429166765 ], [ -76.624459814861183, 39.255272783813552 ], [ -76.624448310137339, 39.255272148038422 ], [ -76.62443851131421, 39.255272650259002 ], [ -76.624426145106014, 39.255273282556196 ], [ -76.62440942117037, 39.255276875311658 ], [ -76.624391692918238, 39.255277785151755 ], [ -76.62438532026961, 39.255278107908502 ], [ -76.624378876654077, 39.255278438316779 ], [ -76.624372581260573, 39.255278328412558 ], [ -76.624366369410382, 39.255275675407866 ], [ -76.624359321228653, 39.255270221931838 ], [ -76.624352354793629, 39.255264815060301 ], [ -76.624344678689525, 39.255259044391352 ], [ -76.624334665169059, 39.255252140594941 ], [ -76.624324215067361, 39.255246272541427 ], [ -76.62430742555469, 39.255235761378849 ], [ -76.624297302439757, 39.255228862449414 ], [ -76.624283703742989, 39.255221208100977 ], [ -76.624271068040201, 39.25521467157612 ], [ -76.624256216193601, 39.255205891054437 ], [ -76.624244839928849, 39.255199665460069 ], [ -76.624231403827139, 39.255193462124268 ], [ -76.624218862447464, 39.255190291592058 ], [ -76.624204577437823, 39.255186833082419 ], [ -76.624191241947429, 39.255183124853147 ], [ -76.624177767218171, 39.255179536962039 ], [ -76.624164608695878, 39.255177010552359 ], [ -76.624151061203079, 39.255175234692196 ], [ -76.624136346798736, 39.255175083747538 ], [ -76.624122475014104, 39.255175650659439 ], [ -76.624108561008683, 39.255175724392764 ], [ -76.624093328276388, 39.255176096537348 ], [ -76.624075726686726, 39.255176328171316 ], [ -76.624060092407518, 39.255175064966402 ], [ -76.624044072751062, 39.255171899302525 ], [ -76.624027033506749, 39.255169514098853 ], [ -76.624012856294925, 39.255167766758021 ], [ -76.623998564997095, 39.255166896565548 ], [ -76.623983310705242, 39.255167476693885 ], [ -76.623968782252149, 39.255168220983187 ], [ -76.623950858167277, 39.255169138476241 ], [ -76.623934383963288, 39.255169837551712 ], [ -76.623921008947022, 39.25517008588001 ], [ -76.623907358147974, 39.255170580449771 ], [ -76.623892676981271, 39.255171332390653 ], [ -76.623879749326022, 39.255171996686208 ], [ -76.623862728048024, 39.255172457867289 ], [ -76.623847712708056, 39.255169242120253 ], [ -76.623833510343417, 39.255165838561787 ], [ -76.623818550698985, 39.255163723249758 ], [ -76.623803008047929, 39.255164027225895 ], [ -76.623787908266323, 39.255164624048554 ], [ -76.623772782433562, 39.255165371815835 ], [ -76.62375471012669, 39.255166296960525 ], [ -76.623737426540615, 39.25516718106492 ], [ -76.623721432935298, 39.255167853707718 ], [ -76.623707731830578, 39.255167772322793 ], [ -76.623691508256556, 39.255165723788167 ], [ -76.62367514364702, 39.255163796287491 ], [ -76.623661535068777, 39.255161323438273 ], [ -76.623647061412939, 39.255160027540022 ], [ -76.623631545711334, 39.255158379669375 ], [ -76.623615577258846, 39.255158061781295 ], [ -76.623600039997697, 39.255156617720722 ], [ -76.623584712043993, 39.255154986544362 ], [ -76.623571510402599, 39.255155082536795 ], [ -76.623546090774994, 39.255155337821137 ], [ -76.623526698842952, 39.255158774073188 ], [ -76.623517766894082, 39.255159725650699 ], [ -76.623505556094443, 39.255162214498732 ], [ -76.623494487951817, 39.255167637376871 ], [ -76.623483546471647, 39.255171833220793 ], [ -76.623473537442749, 39.255176040193987 ], [ -76.623462132431897, 39.2551809900649 ], [ -76.623451807196034, 39.255184978619972 ], [ -76.623436665193594, 39.255188636766128 ], [ -76.623419954732682, 39.25519144141429 ], [ -76.623408553315102, 39.255193796706543 ], [ -76.623392268655621, 39.255196783600987 ], [ -76.623378650195917, 39.255200300540295 ], [ -76.623364210676044, 39.255204328047711 ], [ -76.623351001848121, 39.255208322166276 ], [ -76.623330381020764, 39.255215282310267 ], [ -76.623317215311971, 39.255221949607332 ], [ -76.62330488323974, 39.25522746708203 ], [ -76.623291020438273, 39.255232512941696 ], [ -76.623277746033324, 39.255236566879951 ], [ -76.623264747411156, 39.25524083784417 ], [ -76.623251453243256, 39.255244661539429 ], [ -76.623240015893074, 39.255247921801171 ], [ -76.623227406241426, 39.255251448476329 ], [ -76.623214859471858, 39.255254823511173 ], [ -76.623203092439937, 39.255258132464192 ], [ -76.623190551958572, 39.255261597926292 ], [ -76.623175895046401, 39.255266564485488 ], [ -76.623149743291847, 39.255272762250065 ], [ -76.623136292817108, 39.255275226052596 ], [ -76.623125095317079, 39.255275942516896 ], [ -76.623112677006588, 39.255276434999153 ], [ -76.623099867030646, 39.255279362068755 ], [ -76.623088869854939, 39.255283850752022 ], [ -76.623078881487288, 39.25528956855365 ], [ -76.62306886437355, 39.255295869959973 ], [ -76.623056452351278, 39.255301741487379 ], [ -76.623043802275461, 39.255305704298507 ], [ -76.623031446847023, 39.255309101589873 ], [ -76.623017321737493, 39.255312850157011 ], [ -76.623002786097899, 39.255318363451018 ], [ -76.622990226751924, 39.255323805793843 ], [ -76.622976257949233, 39.255328971984625 ], [ -76.622961268660404, 39.255333144168638 ], [ -76.622948155053876, 39.255337335133447 ], [ -76.622933317580348, 39.255342400461835 ], [ -76.622917890811962, 39.25534755413058 ], [ -76.622904126825176, 39.255352448341711 ], [ -76.622892027416626, 39.255356701213387 ], [ -76.622878903928637, 39.255360777403546 ], [ -76.622865415724632, 39.255364522489991 ], [ -76.62284908704774, 39.255368328093034 ], [ -76.622831991209551, 39.255371034655035 ], [ -76.62281840419088, 39.255373184740549 ], [ -76.622805668775101, 39.255376103458993 ], [ -76.62278939309877, 39.255379208596864 ], [ -76.62277501107107, 39.255381661266149 ], [ -76.622757792163711, 39.255384257923531 ], [ -76.622743735326154, 39.255385239408568 ], [ -76.622727006898941, 39.255386097077604 ], [ -76.62271313511431, 39.255386662596571 ], [ -76.622700619785775, 39.255387303239871 ], [ -76.622685320578185, 39.255388231163998 ], [ -76.622672455804988, 39.255388745208919 ], [ -76.622659976409068, 39.255389382374204 ], [ -76.622645000594957, 39.255391080322248 ], [ -76.622628420389759, 39.255394519345181 ], [ -76.622613537102126, 39.255398131571113 ], [ -76.622598841562407, 39.255400918125417 ], [ -76.622584605061789, 39.255404647211016 ], [ -76.622568389572578, 39.255408471592951 ], [ -76.622553788355958, 39.255412332145617 ], [ -76.622539148511777, 39.25541663092293 ], [ -76.62253596937397, 39.255417714659956 ], [ -76.622525694443766, 39.255421216980693 ], [ -76.622511953813188, 39.255425120659545 ], [ -76.622471452370277, 39.255431061039943 ], [ -76.622416418881031, 39.255436134013138 ], [ -76.622407035977886, 39.255436979160841 ], [ -76.622396194210708, 39.255437531463144 ], [ -76.622382559581325, 39.255438231927094 ], [ -76.622370079287094, 39.255438872569911 ], [ -76.622355137608963, 39.255439579294205 ], [ -76.622343558324957, 39.255437612847707 ], [ -76.622332211704602, 39.255434876377706 ], [ -76.622319602052968, 39.25543351509863 ], [ -76.622305281110698, 39.255432297807609 ], [ -76.622290935015613, 39.255429920264369 ], [ -76.622275727436161, 39.255430145637085 ], [ -76.622258799582966, 39.255430401616032 ], [ -76.622242620924681, 39.255430648552192 ], [ -76.622224015916828, 39.255429652460315 ], [ -76.622208519079862, 39.255430009300518 ], [ -76.622190665961924, 39.255429526557684 ], [ -76.62217356293722, 39.255426824171472 ], [ -76.622156035907722, 39.255427053022181 ], [ -76.622137783937774, 39.255428015725556 ], [ -76.62212083901656, 39.255426789391763 ], [ -76.622102163940141, 39.255426232220238 ], [ -76.622085502886549, 39.255427027285201 ], [ -76.622068699000849, 39.255427392472548 ], [ -76.622051166581443, 39.255426254479232 ], [ -76.622014445249263, 39.25542339349731 ], [ -76.621996960440569, 39.255422835630149 ], [ -76.621977546050658, 39.255423739207991 ], [ -76.621959750424864, 39.255423953451235 ], [ -76.621943760412819, 39.255420670938626 ], [ -76.621928970549973, 39.255416570406126 ], [ -76.621915205664877, 39.255412649336947 ], [ -76.621898138572789, 39.255407268213432 ], [ -76.621880448948218, 39.255403402791295 ], [ -76.621865236877198, 39.255400518158162 ], [ -76.621847929036619, 39.255397156346667 ], [ -76.621834553122042, 39.255395600995769 ], [ -76.621818720315147, 39.255395975225959 ], [ -76.621804562866274, 39.255396701427372 ], [ -76.621787910795845, 39.255397553531509 ], [ -76.621768875494993, 39.255398526669183 ], [ -76.62174979976993, 39.255399503980435 ], [ -76.62173408104907, 39.255400310175212 ], [ -76.621718506058684, 39.255401104544916 ], [ -76.621692438745782, 39.25540345913452 ], [ -76.621680127334812, 39.255406939892531 ], [ -76.621661790024902, 39.255413957751237 ], [ -76.621648618926216, 39.255420568686141 ], [ -76.6216377034972, 39.255426449941396 ], [ -76.621622901057947, 39.255432818112553 ], [ -76.621608683421954, 39.255436805957757 ], [ -76.621589932887019, 39.255439831795144 ], [ -76.621570920942347, 39.255442870153054 ], [ -76.621555762770242, 39.255447630803374 ], [ -76.621536650214267, 39.255455707353036 ], [ -76.621524066613759, 39.255461264458276 ], [ -76.621509384548759, 39.255466849386856 ], [ -76.621493336146202, 39.255471769326689 ], [ -76.621477239234622, 39.255476085490201 ], [ -76.621464041186471, 39.255477023151492 ], [ -76.621450776662982, 39.255478169491042 ], [ -76.621435156756831, 39.255482835538139 ], [ -76.621419420967996, 39.255488264651888 ], [ -76.621406259750771, 39.255492807578122 ], [ -76.621393624047968, 39.255496915757675 ], [ -76.621373504480559, 39.255500156531077 ], [ -76.621366953067195, 39.255500882035797 ], [ -76.621311848611029, 39.255506986570026 ], [ -76.621302708253012, 39.255508000050646 ], [ -76.621294399734964, 39.255508426449843 ], [ -76.621282285953356, 39.255508521050643 ], [ -76.621270464124223, 39.255506336885112 ], [ -76.621257387348621, 39.25550351277294 ], [ -76.621244070722852, 39.255502215489798 ], [ -76.621227271328721, 39.255503048116012 ], [ -76.621210650699325, 39.25550389743649 ], [ -76.621191627974881, 39.255505019429869 ], [ -76.621170756517557, 39.255505940396489 ], [ -76.621153255539198, 39.255506983092054 ], [ -76.621133016495833, 39.255507872061344 ], [ -76.621112375905568, 39.255508928668796 ], [ -76.621089947667869, 39.255510484017172 ], [ -76.621068405169041, 39.255511905811431 ], [ -76.621049028508367, 39.255512897728565 ], [ -76.621028429240567, 39.25551395085796 ], [ -76.621006672942727, 39.25551506450406 ], [ -76.620987696930655, 39.255515862350386 ], [ -76.620962654595488, 39.255513947379981 ], [ -76.620941163300628, 39.255510679479102 ], [ -76.620923470082786, 39.255508096738211 ], [ -76.620903754757236, 39.255504625723553 ], [ -76.620888126766246, 39.255501643015812 ], [ -76.620873015306529, 39.25550038329478 ], [ -76.620856402761987, 39.255501233310845 ], [ -76.620841986598307, 39.255501999160039 ], [ -76.62082758390936, 39.25550512098657 ], [ -76.620815247345547, 39.255510990409633 ], [ -76.620804020201149, 39.255517149894899 ], [ -76.620792125608475, 39.255523371287495 ], [ -76.62077917010545, 39.255529010467448 ], [ -76.62076651913128, 39.255533381579411 ], [ -76.620755009017557, 39.255536647392454 ], [ -76.620741454338244, 39.255540916947183 ], [ -76.620728963264213, 39.255544958346924 ], [ -76.620714925291253, 39.255548878713164 ], [ -76.620701978771379, 39.255553729087872 ], [ -76.620686479239467, 39.255560224541085 ], [ -76.620673750111891, 39.255565907540472 ], [ -76.620646881501756, 39.255575982516447 ], [ -76.620630711826635, 39.255579921661926 ], [ -76.620620098231541, 39.255582240770281 ], [ -76.62060519607931, 39.255583438582072 ], [ -76.620591684519127, 39.255584276772041 ], [ -76.620575651387924, 39.255584949410796 ], [ -76.620561236122555, 39.255585688130935 ], [ -76.620546035729646, 39.255586465804285 ], [ -76.620528709922752, 39.255587354076958 ], [ -76.62051373500698, 39.255588120620757 ], [ -76.620496857459401, 39.2555889831565 ], [ -76.620482543703673, 39.25558916192395 ], [ -76.620471065030983, 39.255587481370512 ], [ -76.620457942441305, 39.255582742988693 ], [ -76.620445926576068, 39.255579168334272 ], [ -76.62043475961876, 39.255574097458243 ], [ -76.620420683916578, 39.255567371764862 ], [ -76.620405506879848, 39.255561748586608 ], [ -76.620397607993553, 39.255560405395421 ], [ -76.620387958290792, 39.255558691452812 ], [ -76.62037900208739, 39.255558072374491 ], [ -76.620367718349115, 39.255558272009864 ], [ -76.620356225303368, 39.255558627458207 ], [ -76.620344080979038, 39.255559249318893 ], [ -76.620329848071677, 39.25555997830093 ], [ -76.620314988140251, 39.25555989413413 ], [ -76.620301169356225, 39.255557981947348 ], [ -76.62028628427197, 39.255558016726994 ], [ -76.620272053161244, 39.255558744317888 ], [ -76.620258082561946, 39.255559460779295 ], [ -76.620241204116084, 39.255560325402151 ], [ -76.620223767816398, 39.255561218544294 ], [ -76.620209344466204, 39.25556276971799 ], [ -76.620194654316379, 39.25556599588085 ], [ -76.620182853148492, 39.255568488888038 ], [ -76.620169801525719, 39.255570241783623 ], [ -76.620157585336159, 39.255575833659478 ], [ -76.620137520565976, 39.255580828715715 ], [ -76.620112364144759, 39.255586029667235 ], [ -76.620057435758412, 39.25558919322566 ], [ -76.619922597735936, 39.255595975260015 ], [ -76.619891332770777, 39.255595629550186 ], [ -76.619864074291812, 39.25558752727968 ], [ -76.619834687703914, 39.255575305008428 ], [ -76.619813544955392, 39.255564061435223 ], [ -76.61979731060157, 39.255558171844349 ], [ -76.619748146704396, 39.255548178250315 ], [ -76.619744292033502, 39.255547778283898 ], [ -76.619729880361405, 39.25554866307909 ], [ -76.619711432558731, 39.255553709611242 ], [ -76.619696666950404, 39.255559806489352 ], [ -76.619669845052641, 39.255574320743733 ], [ -76.619635949820349, 39.255590357648849 ], [ -76.619581153486337, 39.255613314310374 ], [ -76.619499635865878, 39.255650993185185 ], [ -76.61942396537961, 39.255683837673047 ], [ -76.619362177457745, 39.255712379908594 ], [ -76.619280700261456, 39.255747868311829 ], [ -76.619179143023658, 39.255785302266176 ], [ -76.61909651059392, 39.255815031138809 ], [ -76.619048104874835, 39.255829477868033 ], [ -76.618998243885002, 39.255839442207233 ], [ -76.618958114344622, 39.255843874511775 ], [ -76.618876518570744, 39.255852656344764 ], [ -76.618810141156075, 39.25586074119483 ], [ -76.618744631513977, 39.255868745355457 ], [ -76.618688642217265, 39.255876300859398 ], [ -76.618636676474722, 39.255883498133421 ], [ -76.61857575991867, 39.25589130335262 ], [ -76.618515174840951, 39.255901037442676 ], [ -76.618451789714513, 39.255915248349133 ], [ -76.618388445910568, 39.255927190933946 ], [ -76.618303247892399, 39.255942039690979 ], [ -76.618236646797214, 39.255955957745904 ], [ -76.618178073945757, 39.255964574710134 ], [ -76.618127008315099, 39.255973129070227 ], [ -76.618100245706174, 39.25597930381786 ], [ -76.618052979949184, 39.255994745205903 ], [ -76.617997385911195, 39.256011347528791 ], [ -76.617967011176489, 39.256020100821637 ], [ -76.617900574473026, 39.256034301270169 ], [ -76.617836709646213, 39.256050545355492 ], [ -76.617756552075093, 39.256066880559203 ], [ -76.617709911545532, 39.256076192402624 ], [ -76.617650307428121, 39.256085940378746 ], [ -76.617582323825744, 39.256100940044824 ], [ -76.617531230347325, 39.256114158306552 ], [ -76.617490477376165, 39.256128627232975 ], [ -76.617434657861025, 39.25614509944927 ], [ -76.617427398575217, 39.256147675210798 ], [ -76.617368768231557, 39.256162261684572 ], [ -76.61734893522673, 39.256166907514121 ], [ -76.617331508808533, 39.256169876977388 ], [ -76.617288342962482, 39.25617502084706 ], [ -76.617229465582142, 39.256181259570958 ], [ -76.617226688889602, 39.256181467551599 ], [ -76.617189783402779, 39.25618238781373 ], [ -76.61714607677095, 39.256179285493829 ], [ -76.617075833905631, 39.256174476897613 ], [ -76.616988801527626, 39.256155550654945 ], [ -76.616871583959451, 39.25613006014413 ], [ -76.616831028617639, 39.256120321216784 ], [ -76.61679326434141, 39.256104224612329 ], [ -76.616789145565846, 39.256103260527098 ], [ -76.616683851336447, 39.256047102886846 ], [ -76.616600206505396, 39.255987314920858 ], [ -76.616564741017996, 39.255959018340384 ], [ -76.616550311379569, 39.255946666058591 ], [ -76.616536485409029, 39.255931599582894 ], [ -76.616517200376506, 39.255913198445207 ], [ -76.616485902173707, 39.25589615926836 ], [ -76.616445383662807, 39.255874326773622 ], [ -76.616408806061074, 39.255845935547214 ], [ -76.616374467061007, 39.255826335883825 ], [ -76.616321229304035, 39.255802937591596 ], [ -76.616278552141509, 39.255786648235471 ], [ -76.616243168400786, 39.255769320357381 ], [ -76.616208346107101, 39.255751415829586 ], [ -76.61618414639166, 39.255745483127761 ], [ -76.616128604455966, 39.25573671936678 ], [ -76.616084925671899, 39.255723384174416 ], [ -76.616046190316851, 39.255714125149105 ], [ -76.615989232636267, 39.255714019419081 ], [ -76.615949505541138, 39.255718103935557 ], [ -76.615932580382875, 39.25571806985154 ], [ -76.61592082413074, 39.255713517897206 ], [ -76.615894126200502, 39.255668969384722 ], [ -76.61586735909998, 39.255636223664141 ], [ -76.615850723199244, 39.255619767326941 ], [ -76.615822156773206, 39.255603502273964 ], [ -76.615791083149205, 39.255589947248801 ], [ -76.615776799037874, 39.255582062002766 ], [ -76.61574359730497, 39.255566372196945 ], [ -76.615722018873541, 39.255558781879948 ], [ -76.615705941724883, 39.255553204610244 ], [ -76.615660205798832, 39.255627723519169 ], [ -76.615384309818879, 39.255497587006097 ], [ -76.61547114097425, 39.255438186017841 ], [ -76.615409530020486, 39.255393663067458 ], [ -76.615380626726207, 39.255398509974881 ], [ -76.61537141629961, 39.255394786453756 ], [ -76.615366484548701, 39.255389878333638 ], [ -76.615353322433151, 39.255360600722291 ], [ -76.615341340703893, 39.255337221751333 ], [ -76.615331292149122, 39.255315919126701 ], [ -76.61533100648488, 39.255298858936833 ], [ -76.615340335489094, 39.255285412365765 ], [ -76.615354184815828, 39.255277184852062 ], [ -76.615366835789985, 39.255268459985935 ], [ -76.615352433101023, 39.255256296784808 ], [ -76.615344128176233, 39.255260676260896 ], [ -76.615338205583569, 39.255258748762778 ], [ -76.615330166560071, 39.255249983549739 ], [ -76.615325566287495, 39.255245149848356 ], [ -76.615315706378951, 39.255223804068741 ], [ -76.615312295475817, 39.255199664764454 ], [ -76.615311571433708, 39.255170416984406 ], [ -76.615305626383147, 39.255144553275024 ], [ -76.615296982793481, 39.25512092172999 ], [ -76.615290348735101, 39.255084026509621 ], [ -76.615289710931251, 39.25505706650506 ], [ -76.615288806327754, 39.255030571845758 ], [ -76.61527893833437, 39.255010505207466 ], [ -76.615268990390916, 39.254975922101337 ], [ -76.615260055747115, 39.254953770039862 ], [ -76.615257603346379, 39.254949075437956 ], [ -76.61524584978919, 39.254920471678886 ], [ -76.615242563751892, 39.254890204727992 ], [ -76.615242467632157, 39.254886385186964 ], [ -76.615240909055132, 39.254854756931039 ], [ -76.615236607023235, 39.254819097653481 ], [ -76.615231756120707, 39.25478553142208 ], [ -76.61522494239928, 39.254752641994919 ], [ -76.615218349663394, 39.254723942162634 ], [ -76.615217095615264, 39.254719425619442 ], [ -76.615208173547856, 39.25469181647783 ], [ -76.615206704802375, 39.254687729119162 ], [ -76.615193735824619, 39.254648995888708 ], [ -76.615185950126047, 39.254623599432151 ], [ -76.615184391549036, 39.254619066883663 ], [ -76.615173008097742, 39.254588268361758 ], [ -76.615155992209651, 39.254562423914599 ], [ -76.615136798805267, 39.254532681294364 ], [ -76.61512325490574, 39.254512495565343 ], [ -76.615119963478534, 39.25450797692168 ], [ -76.615100461952039, 39.254479682526586 ], [ -76.615082963668627, 39.254453056875455 ], [ -76.615063431599395, 39.25442360984092 ], [ -76.615040828190217, 39.254394856312338 ], [ -76.615016777595116, 39.254367258172593 ], [ -76.614991660699758, 39.254338817643522 ], [ -76.614969719348963, 39.254316105417942 ], [ -76.614943513695479, 39.254290718579306 ], [ -76.61491654088077, 39.254261338254793 ], [ -76.614892379792877, 39.25423479460234 ], [ -76.61486758539273, 39.254207532377762 ], [ -76.614842437954678, 39.25417579390966 ], [ -76.614824636938977, 39.254149611940726 ], [ -76.614807513253055, 39.254124872652724 ], [ -76.614787907521986, 39.254099503135023 ], [ -76.614770135252385, 39.254076516762275 ], [ -76.614747224619379, 39.254049636365259 ], [ -76.614719570881675, 39.254020860423857 ], [ -76.61469132156094, 39.253983535433719 ], [ -76.614680112382828, 39.253958406545806 ], [ -76.614658714512757, 39.253938425856262 ], [ -76.614646692359301, 39.253923694928552 ], [ -76.614645268529571, 39.253921279771205 ], [ -76.614635308908021, 39.253901382544313 ], [ -76.614620127379737, 39.253879327528772 ], [ -76.614594754464534, 39.253859020575362 ], [ -76.614569350108283, 39.253844130336191 ], [ -76.614538377993924, 39.253830218818166 ], [ -76.614509891517955, 39.253823631384016 ], [ -76.614475709723067, 39.25381865150603 ], [ -76.614444819355398, 39.253815837760015 ], [ -76.614403071050887, 39.253808133173308 ], [ -76.614370606834839, 39.253801662599805 ], [ -76.614337220947306, 39.253793305528298 ], [ -76.614303100237862, 39.253784975584686 ], [ -76.614270706988719, 39.253777209085229 ], [ -76.614227159358677, 39.253768620372256 ], [ -76.614196114480791, 39.25375979375913 ], [ -76.614165558286402, 39.253752525314717 ], [ -76.614130454820042, 39.253744310142146 ], [ -76.614096172413838, 39.253732004771791 ], [ -76.614068444115972, 39.253720417966349 ], [ -76.614041752473938, 39.253702562999315 ], [ -76.614010573747066, 39.253679304512055 ], [ -76.61398293887396, 39.253654987294844 ], [ -76.613958180406428, 39.253630388346089 ], [ -76.613931533680159, 39.253601587886173 ], [ -76.6139080975327, 39.253575514914147 ], [ -76.613882006863591, 39.253546518964242 ], [ -76.613857645451404, 39.253516468451757 ], [ -76.613834340457984, 39.253486890944068 ], [ -76.613812070323775, 39.253459238884602 ], [ -76.613787623571625, 39.253426021896438 ], [ -76.613765254622749, 39.253397164312119 ], [ -76.613740089218368, 39.253366064747709 ], [ -76.613716284761665, 39.253336117804622 ], [ -76.613671643881943, 39.253282098359065 ], [ -76.613668642610577, 39.253278090218458 ], [ -76.613648074783825, 39.253253592001819 ], [ -76.613628903837352, 39.253226979797418 ], [ -76.613602748489541, 39.253178618418453 ], [ -76.613583185877602, 39.253148699220006 ], [ -76.613568770612233, 39.253124735192614 ], [ -76.613548736384772, 39.253089479884949 ], [ -76.613535650626005, 39.253065775302943 ], [ -76.613523434436473, 39.253043864713241 ], [ -76.613510381915404, 39.253022617736924 ], [ -76.613496067261352, 39.253001777691331 ], [ -76.613490850744483, 39.252991407402952 ], [ -76.613479633481532, 39.252974971313563 ], [ -76.613466542332901, 39.252959657254429 ], [ -76.61345113263252, 39.252942490757086 ], [ -76.613437439612625, 39.25292461611464 ], [ -76.613422422476035, 39.252903709260401 ], [ -76.613408851627028, 39.252882460154787 ], [ -76.613394431870091, 39.252858589249499 ], [ -76.613382134832179, 39.252838032272763 ], [ -76.613368881986787, 39.252817821709094 ], [ -76.61335450534898, 39.2527972111575 ], [ -76.613340721599258, 39.252776952584227 ], [ -76.61332783796145, 39.252755063468491 ], [ -76.613317721134706, 39.252730899663192 ], [ -76.613309320090181, 39.252708388647115 ], [ -76.61329766983927, 39.252687750238529 ], [ -76.613285176070292, 39.252669363553146 ], [ -76.613272722725512, 39.252649152940869 ], [ -76.613262654407805, 39.252625338997248 ], [ -76.613252438766395, 39.25260392564028 ], [ -76.613242541128599, 39.252583804048911 ], [ -76.613230982505826, 39.252559914955803 ], [ -76.613218654925191, 39.252536352797591 ], [ -76.6132052610443, 39.252516329269781 ], [ -76.613192522933574, 39.252496903972897 ], [ -76.613179755178436, 39.252472159928011 ], [ -76.613169122718745, 39.252448082282612 ], [ -76.613157529061681, 39.252429308071477 ], [ -76.613144354369709, 39.252409943965425 ], [ -76.613133155073072, 39.25238884635646 ], [ -76.613123176586896, 39.252367925429951 ], [ -76.613112024900971, 39.252348510526303 ], [ -76.613100198580256, 39.252326979524042 ], [ -76.613087765896708, 39.252303653104782 ], [ -76.613072143295611, 39.252275169305449 ], [ -76.613057198024222, 39.25225251345281 ], [ -76.613040716633719, 39.252225505056884 ], [ -76.613029024161975, 39.252203784806341 ], [ -76.613014002533802, 39.252172488545767 ], [ -76.612999154280459, 39.252147635868496 ], [ -76.612981232890547, 39.252119314782675 ], [ -76.612963549554181, 39.252092445461059 ], [ -76.612946366579422, 39.252067317286638 ], [ -76.612925406188893, 39.252032590820669 ], [ -76.61291080766722, 39.252008773885152 ], [ -76.612892928498113, 39.251982931269723 ], [ -76.612873941706269, 39.2519537579714 ], [ -76.612857619317552, 39.251928607487123 ], [ -76.612841091214634, 39.251905001292123 ], [ -76.61282438794025, 39.251881166922537 ], [ -76.612810530528677, 39.251858665372495 ], [ -76.612799200976298, 39.251836896314202 ], [ -76.612787540843925, 39.251815525149929 ], [ -76.612774271828854, 39.251792647242475 ], [ -76.612759955378181, 39.251770106013105 ], [ -76.612743666227118, 39.251747349130682 ], [ -76.612726138299323, 39.251717284630189 ], [ -76.612709311955712, 39.25168557077324 ], [ -76.612691165986973, 39.251656313875316 ], [ -76.612672590623532, 39.251627235742774 ], [ -76.612653419677059, 39.251594895079862 ], [ -76.612619291781101, 39.251540360219757 ], [ -76.612589319491647, 39.251495599669987 ], [ -76.612583300779235, 39.251487450318209 ], [ -76.612569905101722, 39.251465633841562 ], [ -76.612556739392915, 39.251445325493542 ], [ -76.61254519065163, 39.251430132140726 ], [ -76.612532784019237, 39.251414188890394 ], [ -76.612521733842925, 39.251399523517719 ], [ -76.612509278701509, 39.251382748280953 ], [ -76.61250071865517, 39.251371120044816 ], [ -76.612487736202681, 39.251353403606643 ], [ -76.612477766699669, 39.251341287725189 ], [ -76.612466161364509, 39.251326671031748 ], [ -76.612454503927069, 39.251311230006905 ], [ -76.612444167013095, 39.251295870368097 ], [ -76.612433123124987, 39.251278144172055 ], [ -76.612422671226668, 39.251263195646956 ], [ -76.612408726678495, 39.251243115409018 ], [ -76.612393552336712, 39.251223181944717 ], [ -76.612380773801803, 39.251207462642377 ], [ -76.612364429853528, 39.251188282542714 ], [ -76.612351960339069, 39.251172411583688 ], [ -76.612340316376361, 39.251156416101971 ], [ -76.61232811635648, 39.251139506549023 ], [ -76.6123158220135, 39.251122586557429 ], [ -76.612302212536946, 39.251101139350943 ], [ -76.612291652840781, 39.251083970311655 ], [ -76.612281513556184, 39.25106800124405 ], [ -76.612273535618144, 39.251051504183295 ], [ -76.612265341186102, 39.251035677018493 ], [ -76.612258101663244, 39.251020115584083 ], [ -76.612249613482106, 39.251005813948062 ], [ -76.612241304964058, 39.250990237898655 ], [ -76.612231348935765, 39.250974992274308 ], [ -76.612222749363539, 39.250962454770132 ], [ -76.61221249958615, 39.25094841816091 ], [ -76.612201912042224, 39.250933211483314 ], [ -76.612194694977234, 39.250920687188781 ], [ -76.612191920081301, 39.250907664118373 ], [ -76.612186793395992, 39.250896582576353 ], [ -76.612178536081885, 39.250885320861855 ], [ -76.612173680687775, 39.250872944034526 ], [ -76.61217073601027, 39.250863783845197 ], [ -76.612161448328578, 39.250852378127931 ], [ -76.612156102454307, 39.250840488243036 ], [ -76.612147469644412, 39.250829343387132 ], [ -76.6121412667774, 39.25081619856261 ], [ -76.61213583556318, 39.250803345904764 ], [ -76.612128202578205, 39.250791448359529 ], [ -76.612119649718394, 39.250781173742681 ], [ -76.612112076022228, 39.250772101887833 ], [ -76.612109825742451, 39.250769016719559 ], [ -76.612103963336892, 39.250757329252124 ], [ -76.612103041665421, 39.250744455018619 ], [ -76.612099418759882, 39.250733603708142 ], [ -76.612092358001746, 39.250719031409083 ], [ -76.612083731480055, 39.250706191950641 ], [ -76.612081467725559, 39.250702877913284 ], [ -76.612074832768869, 39.250693159797009 ], [ -76.61206752856728, 39.250677862630567 ], [ -76.612063925424692, 39.250661404434027 ], [ -76.61205825166536, 39.250647133333111 ], [ -76.612050231506487, 39.250635642016547 ], [ -76.612040347343424, 39.250626543012764 ], [ -76.612028512039544, 39.250617830089517 ], [ -76.612013203848804, 39.250606940499125 ], [ -76.612006380245901, 39.250599554164239 ], [ -76.612001393697753, 39.250591312187865 ], [ -76.612001211339759, 39.250582743258335 ], [ -76.612001467359619, 39.25057598160835 ], [ -76.61200227314842, 39.250569941339627 ], [ -76.612002438438424, 39.250565526788421 ], [ -76.612002710627976, 39.250554479278868 ], [ -76.611998722108098, 39.250534686834378 ], [ -76.611990151281972, 39.250520709269253 ], [ -76.611978406707962, 39.250503897648791 ], [ -76.611967659263883, 39.25048671315912 ], [ -76.611955001103226, 39.250467227474616 ], [ -76.611942502842666, 39.250450685751268 ], [ -76.611929813240977, 39.25043296003718 ], [ -76.611924634453345, 39.250417797769046 ], [ -76.611913170153699, 39.250400729430993 ], [ -76.611899324420236, 39.250372402074483 ], [ -76.611888625485207, 39.250347617628144 ], [ -76.611874336882295, 39.250324828980027 ], [ -76.611865431882876, 39.2503142892539 ], [ -76.611856683190325, 39.250288921835754 ], [ -76.611849886536888, 39.250271775553955 ], [ -76.611839711319675, 39.250250238348869 ], [ -76.611830092159607, 39.250230925118956 ], [ -76.611817143843112, 39.250205694017382 ], [ -76.61180642873839, 39.250188565106434 ], [ -76.611794565586749, 39.250169436205958 ], [ -76.611784123569876, 39.250153944144074 ], [ -76.611772837136641, 39.250134984276485 ], [ -76.611763367995238, 39.250117963869265 ], [ -76.61175795834059, 39.25010177197435 ], [ -76.611751055685957, 39.250084778689342 ], [ -76.611734788094481, 39.25006328733965 ], [ -76.611726972751498, 39.250047224822715 ], [ -76.611719855399514, 39.250032383860741 ], [ -76.611712362551728, 39.250014092478615 ], [ -76.611705079011401, 39.249993858144599 ], [ -76.611701701345922, 39.249979396995663 ], [ -76.611698629107664, 39.249956022491311 ], [ -76.611698144915721, 39.249940179079374 ], [ -76.611696713899477, 39.249919025075364 ], [ -76.611697370567953, 39.249898976452435 ], [ -76.61170196455231, 39.249870490284991 ], [ -76.611704080084806, 39.249867408555303 ], [ -76.611706121057125, 39.24984920130381 ], [ -76.611705036790568, 39.249835871252586 ], [ -76.611702172063147, 39.249820393029999 ], [ -76.611702401133527, 39.24980865044806 ], [ -76.611702427184682, 39.249807328016175 ], [ -76.611702506236426, 39.249790941962999 ], [ -76.611703727945212, 39.249758727757325 ], [ -76.611707629328492, 39.24972978240303 ], [ -76.611709644249672, 39.249697136865187 ], [ -76.6117119322587, 39.249666152529265 ], [ -76.611714983835725, 39.249636397397396 ], [ -76.611716070797215, 39.249611306603782 ], [ -76.611718976847158, 39.249588174759594 ], [ -76.611719982960267, 39.249568708303613 ], [ -76.611723053401917, 39.24954571418472 ], [ -76.611723924767745, 39.249522615710255 ], [ -76.611724733251506, 39.249501305058196 ], [ -76.61172559653248, 39.249478467439332 ], [ -76.61173127568172, 39.249454404766063 ], [ -76.611732917802058, 39.249432531308898 ], [ -76.611734124239476, 39.24940686444031 ], [ -76.611738437949469, 39.249383214265791 ], [ -76.611741115827328, 39.249359867388932 ], [ -76.611741990786427, 39.249336636678727 ], [ -76.611744401864655, 39.249316783368492 ], [ -76.611748199043362, 39.249288756097442 ], [ -76.611752886452507, 39.249267768158674 ], [ -76.61176073772809, 39.249244382286648 ], [ -76.611763335655894, 39.249225742870799 ], [ -76.611767358311738, 39.249201719067564 ], [ -76.611768560257588, 39.249186070269111 ], [ -76.611770698247952, 39.249155425883721 ], [ -76.611772065483819, 39.249133987814808 ], [ -76.611777261339427, 39.249101316955937 ], [ -76.611782422160729, 39.249071917065621 ], [ -76.611784447861695, 39.249039919575033 ], [ -76.61178750842187, 39.249018050162512 ], [ -76.611790804340629, 39.248996439528227 ], [ -76.611796505049426, 39.248972335645711 ], [ -76.61180441112225, 39.24895107839216 ], [ -76.611810124407455, 39.248931763413097 ], [ -76.611816532090373, 39.248911379200052 ], [ -76.611826570763697, 39.248890750108785 ], [ -76.611835974328073, 39.248869919965749 ], [ -76.611848018939412, 39.248848039369662 ], [ -76.611866751508032, 39.248823561866502 ], [ -76.611884095281226, 39.248804251721928 ], [ -76.611899269622995, 39.248783383987551 ], [ -76.61191238592447, 39.248764364618204 ], [ -76.611930040514736, 39.248743032170225 ], [ -76.611948777574938, 39.248721503539244 ], [ -76.611959726241622, 39.24870694751796 ], [ -76.61196129649673, 39.248703330077703 ], [ -76.611965921922135, 39.248686572978833 ], [ -76.611967759875213, 39.248661677326361 ], [ -76.611967499363772, 39.248637828636809 ], [ -76.611962032216951, 39.248618451657563 ], [ -76.611955335276505, 39.248605980515656 ], [ -76.611944742342686, 39.248588555557284 ], [ -76.611938708358906, 39.248574188033032 ], [ -76.611929078419081, 39.248558039608461 ], [ -76.611918505248184, 39.248540059498907 ], [ -76.61190765359953, 39.248521523549698 ], [ -76.611895380816122, 39.248502552110168 ], [ -76.611887323826338, 39.248484342417335 ], [ -76.611875572964109, 39.248465586623595 ], [ -76.611860536064583, 39.248445824198768 ], [ -76.611847618290795, 39.248427270833005 ], [ -76.611833355739009, 39.248408636069605 ], [ -76.611817531016996, 39.248391624287031 ], [ -76.611802869613228, 39.248373576655368 ], [ -76.611788837030176, 39.248356823651655 ], [ -76.611770038884544, 39.248338522788856 ], [ -76.611767166072269, 39.248335710214299 ], [ -76.611755984741919, 39.248319671649952 ], [ -76.611746527278598, 39.248306560442622 ], [ -76.611729523068604, 39.248287455377081 ], [ -76.611715782438012, 39.248270236952365 ], [ -76.611705390726812, 39.248253580621586 ], [ -76.611694926252056, 39.248238223095662 ], [ -76.611681847679847, 39.248222763999124 ], [ -76.61166840708654, 39.248209493466042 ], [ -76.611659536223129, 39.248197397215762 ], [ -76.611646159410242, 39.248180836173987 ], [ -76.611631842061229, 39.248168238342927 ], [ -76.611614633933641, 39.248153614727109 ], [ -76.61161473903654, 39.24814547055233 ], [ -76.611608714934249, 39.248129370725749 ], [ -76.611607078203789, 39.248097239236948 ], [ -76.611602868698384, 39.248061390779462 ], [ -76.611600556434837, 39.248043212277167 ], [ -76.611602557881284, 39.248034848258406 ], [ -76.611610409156867, 39.247994546794239 ], [ -76.611621056887927, 39.247967937463677 ], [ -76.611635590730913, 39.247952318999296 ], [ -76.611646963402407, 39.247935094926952 ], [ -76.611653534578707, 39.247928801902795 ], [ -76.61166448863527, 39.247915580010947 ], [ -76.611679080868768, 39.247901046779511 ], [ -76.611699258826661, 39.247885312123394 ], [ -76.611721474163645, 39.247872083962356 ], [ -76.61174708153915, 39.247861751872875 ], [ -76.611777580241352, 39.24785178779134 ], [ -76.611808532592775, 39.247842307894814 ], [ -76.611839035786574, 39.247835589112157 ], [ -76.611895356561618, 39.247826473049059 ], [ -76.611998784091853, 39.247762393436311 ], [ -76.612078871594392, 39.247712773992966 ], [ -76.612088799774909, 39.247704457936123 ], [ -76.612104350510791, 39.247692288553161 ], [ -76.612120799561964, 39.24768183260764 ], [ -76.612140468175113, 39.247670492461651 ], [ -76.612163030261783, 39.24765725939033 ], [ -76.612182193123431, 39.247647068490672 ], [ -76.612191566145086, 39.247642719844308 ], [ -76.612207780735972, 39.247636285572455 ], [ -76.612229967326854, 39.247627707238102 ], [ -76.612249765297406, 39.247622754051257 ], [ -76.61227021095327, 39.247615395229005 ], [ -76.612287841289032, 39.247606865589177 ], [ -76.612327280024942, 39.24758877323243 ], [ -76.612342982576109, 39.247586068457082 ], [ -76.612358762382414, 39.247583068020695 ], [ -76.612372151771709, 39.247579044945176 ], [ -76.612385100986529, 39.247566824060712 ], [ -76.612395799921572, 39.247553200001605 ], [ -76.612421813335558, 39.247532463377205 ], [ -76.612436604096715, 39.247519641422791 ], [ -76.612452276105159, 39.247505715432233 ], [ -76.612465219031762, 39.247494481695824 ], [ -76.612480200235765, 39.247483000297777 ], [ -76.612499250808, 39.247468009223269 ], [ -76.612514831188278, 39.247454922900936 ], [ -76.61253417640792, 39.247440273396464 ], [ -76.612555717110126, 39.247421116615051 ], [ -76.612568072538537, 39.247412739999959 ], [ -76.612571606510869, 39.247409745817237 ], [ -76.612583148065653, 39.247399603578785 ], [ -76.612600310379136, 39.247385003455612 ], [ -76.612615899742593, 39.247371552584234 ], [ -76.612630287160187, 39.247360187343773 ], [ -76.612644490423136, 39.247347623453329 ], [ -76.612658827535071, 39.247334469628093 ], [ -76.612672141465907, 39.247323103685929 ], [ -76.612687655370863, 39.247309794720486 ], [ -76.612704760192173, 39.247298682000213 ], [ -76.612726957562856, 39.247286573070667 ], [ -76.612755277850496, 39.247273507584794 ], [ -76.612783343914913, 39.247264116656623 ], [ -76.612810047235044, 39.247252975406376 ], [ -76.61283413555941, 39.247242520786742 ], [ -76.612854450061235, 39.247235316364666 ], [ -76.612871012300133, 39.247233095766283 ], [ -76.612884044159955, 39.247235703160591 ], [ -76.612895621647326, 39.24724583916165 ], [ -76.612907173981881, 39.247258885869421 ], [ -76.612918288836909, 39.247269177002828 ], [ -76.612926335945204, 39.247279148123908 ], [ -76.612935189740654, 39.247288660793288 ], [ -76.612945042462698, 39.247295403281313 ], [ -76.612952320613132, 39.247297798492284 ], [ -76.613041764069322, 39.247247238166203 ], [ -76.613119462053191, 39.247203315949108 ], [ -76.613121239819151, 39.2471939013585 ], [ -76.613121866843215, 39.247180589585838 ], [ -76.613117780406995, 39.247166403344814 ], [ -76.61310860770962, 39.247153895073822 ], [ -76.61309620916208, 39.24714325678061 ], [ -76.613083226709591, 39.247133945142195 ], [ -76.613077076843155, 39.247123285975654 ], [ -76.613077800885264, 39.247110284461733 ], [ -76.613084036989974, 39.247096105163237 ], [ -76.613095608189155, 39.247083678274016 ], [ -76.613104134099501, 39.247070379698272 ], [ -76.613114252722852, 39.247057632792632 ], [ -76.613123399369101, 39.247042414140459 ], [ -76.613134111778862, 39.247025879261756 ], [ -76.6131378757199, 39.247008389212688 ], [ -76.613138950104968, 39.246993877359301 ], [ -76.613151301940135, 39.246975206735385 ], [ -76.61316005692089, 39.246961876137874 ], [ -76.613174008655577, 39.246947348274233 ], [ -76.61318714831323, 39.246936909609616 ], [ -76.613201686647784, 39.246927007312145 ], [ -76.613214652930594, 39.24691253718261 ], [ -76.613225288085246, 39.246895917400394 ], [ -76.613232704576234, 39.246880012077312 ], [ -76.613243249001044, 39.24686945722415 ], [ -76.613254493213446, 39.246858891238489 ], [ -76.613260853285666, 39.246847210076211 ], [ -76.613261490191178, 39.246839072010843 ], [ -76.613266406670746, 39.246819938022689 ], [ -76.613276653753189, 39.24680694340929 ], [ -76.613289117877756, 39.24679161200249 ], [ -76.61329650292771, 39.246782618243429 ], [ -76.613302124584763, 39.246775451340895 ], [ -76.613312561211714, 39.246767460751499 ], [ -76.613324371362765, 39.246755835924162 ], [ -76.613337522698529, 39.246741810995218 ], [ -76.613347861409139, 39.246730335039395 ], [ -76.613363589113135, 39.246717258319016 ], [ -76.613378722132396, 39.246703661922119 ], [ -76.613386252709432, 39.246691596022103 ], [ -76.613391167392351, 39.246678021186376 ], [ -76.61340726340562, 39.246654396527553 ], [ -76.613410399424268, 39.246638647678118 ], [ -76.613411822355687, 39.246619894869141 ], [ -76.613413127607785, 39.24660270594935 ], [ -76.613414686184797, 39.246582205575976 ], [ -76.613418913656545, 39.246567214308932 ], [ -76.613426777508522, 39.246555467008214 ], [ -76.613442521382183, 39.246534886617468 ], [ -76.613449400680651, 39.246517359574739 ], [ -76.613450719407481, 39.246499986969383 ], [ -76.613461162322665, 39.246470468417982 ], [ -76.613464109695101, 39.246466796599002 ], [ -76.613477904224609, 39.246453956362039 ], [ -76.613490458180706, 39.246441997554342 ], [ -76.613503101968334, 39.246427300531742 ], [ -76.613506723077236, 39.246414038007117 ], [ -76.613515288513469, 39.246399308977203 ], [ -76.613523517081475, 39.246384056789331 ], [ -76.613527776892568, 39.246368929125687 ], [ -76.613531258762592, 39.246351978068617 ], [ -76.613537301729508, 39.24633477516943 ], [ -76.613547007127835, 39.246317634182027 ], [ -76.613555341697051, 39.24630038605487 ], [ -76.613564220645316, 39.246287764232683 ], [ -76.613574785731373, 39.246272615677761 ], [ -76.61358304035052, 39.246260428654217 ], [ -76.613592569679057, 39.24624392489703 ], [ -76.613601049775326, 39.246229808035153 ], [ -76.613613290219391, 39.246215709258266 ], [ -76.613625922328922, 39.246199796128344 ], [ -76.613630835215218, 39.246187273771248 ], [ -76.613632519556376, 39.246176922650008 ], [ -76.613633786180912, 39.246160226167923 ], [ -76.613635315113527, 39.246140091596622 ], [ -76.61363916978442, 39.246120858630171 ], [ -76.613647013873475, 39.246104437626947 ], [ -76.61365997207146, 39.246087688951036 ], [ -76.613673922907807, 39.246070083879502 ], [ -76.613686935004694, 39.246054987454102 ], [ -76.613700702584751, 39.246040620802219 ], [ -76.613712379785127, 39.24602304424215 ], [ -76.613717516351912, 39.246004467973407 ], [ -76.61372756221175, 39.245986905318034 ], [ -76.61373430945784, 39.245967378728928 ], [ -76.613735709033051, 39.245948993759917 ], [ -76.613737033149775, 39.245931560488835 ], [ -76.613742479635349, 39.245911670734472 ], [ -76.613750200655218, 39.245896373220745 ], [ -76.61375368791515, 39.245879685715835 ], [ -76.613754798232847, 39.245865075536592 ], [ -76.613764086812893, 39.245849178328001 ], [ -76.613772495942257, 39.245835951174278 ], [ -76.613796667809922, 39.245787379469341 ], [ -76.613795212539159, 39.245772650307778 ], [ -76.613789439965146, 39.245756800385173 ], [ -76.613782994552977, 39.245738949651702 ], [ -76.613783555101719, 39.245716983900159 ], [ -76.613782792432048, 39.245700930823091 ], [ -76.613780852071031, 39.24568109944147 ], [ -76.613782069288234, 39.24566249038466 ], [ -76.613783571271384, 39.245645308882814 ], [ -76.613784916947694, 39.245627601433526 ], [ -76.61378979030809, 39.245608796872993 ], [ -76.613797672126395, 39.245593721914823 ], [ -76.613800074221473, 39.245579293251801 ], [ -76.613801569018108, 39.245562204952371 ], [ -76.613804211861662, 39.245537838308941 ], [ -76.613814647590331, 39.245521410907969 ], [ -76.613824509295512, 39.24550843414201 ], [ -76.613828190591562, 39.245493817624194 ], [ -76.613831418238362, 39.245480699627379 ], [ -76.613843326305769, 39.245464575535443 ], [ -76.613849415985086, 39.245450626178965 ], [ -76.613850493963426, 39.245434351114554 ], [ -76.613857270853927, 39.24542185088297 ], [ -76.613867347256473, 39.24540950718044 ], [ -76.613874644271519, 39.245394894816179 ], [ -76.613887332076587, 39.245379586754304 ], [ -76.613902334840162, 39.245363579515903 ], [ -76.613915796094702, 39.245349045059882 ], [ -76.6139265642, 39.245334775660687 ], [ -76.613936269598327, 39.245324201095549 ], [ -76.613950575269243, 39.245313321118566 ], [ -76.613967014438927, 39.245303131269694 ], [ -76.613977803205486, 39.245290505093841 ], [ -76.613990406568931, 39.245270805778361 ], [ -76.613994078881802, 39.245251889810824 ], [ -76.613995417371584, 39.245228542950038 ], [ -76.613990906032228, 39.245210747737772 ], [ -76.613990901540646, 39.245191526343362 ], [ -76.61398792901538, 39.245176339288271 ], [ -76.613983074519567, 39.245159998764755 ], [ -76.61397787237577, 39.245141404875021 ], [ -76.613967503122453, 39.245115238316771 ], [ -76.613968990732545, 39.245090945261936 ], [ -76.613973755396813, 39.245074621415235 ], [ -76.613982257052669, 39.24505705643994 ], [ -76.613994760703122, 39.245042661060012 ], [ -76.614009891925761, 39.245026970287313 ], [ -76.614023928102071, 39.245011690668775 ], [ -76.614036034697151, 39.244998356915268 ], [ -76.614049945109329, 39.244983626196586 ], [ -76.614062782933047, 39.244970048247545 ], [ -76.61407237604196, 39.244955857385186 ], [ -76.614084243685184, 39.244938352210234 ], [ -76.614089196097353, 39.24491849626348 ], [ -76.614090626215287, 39.244899652553684 ], [ -76.61408948176161, 39.244883428147517 ], [ -76.614091315223106, 39.244859827929346 ], [ -76.614093111853691, 39.244853687683253 ], [ -76.614098747883773, 39.244834420274735 ], [ -76.614102518113015, 39.244811891418408 ], [ -76.614110771833836, 39.244790897965707 ], [ -76.614112598108818, 39.244770469415649 ], [ -76.614117259466823, 39.244742499462262 ], [ -76.61412520596383, 39.24472130493119 ], [ -76.61413620763112, 39.244697446553261 ], [ -76.61414802407036, 39.244674334655045 ], [ -76.614157321633542, 39.244657265614798 ], [ -76.614169068902527, 39.244642868761446 ], [ -76.614180667949483, 39.244627353216238 ], [ -76.61419331712699, 39.244611516948893 ], [ -76.614205151532545, 39.244595983308493 ], [ -76.614213571441709, 39.2445769043646 ], [ -76.614215153374928, 39.244561298363429 ], [ -76.614220799286485, 39.244546433282359 ], [ -76.614228625409226, 39.244533580171108 ], [ -76.614239748349078, 39.2445315953305 ], [ -76.614243078403845, 39.244528874436071 ], [ -76.61424188364451, 39.244525411226363 ], [ -76.614240846988679, 39.244519787858337 ], [ -76.614240969159539, 39.244518129997843 ], [ -76.614268725305195, 39.244521963321944 ], [ -76.614285660344947, 39.244483591807708 ], [ -76.614257001392431, 39.244480735944926 ], [ -76.61426419689785, 39.244476231960363 ], [ -76.614274538303405, 39.244472416026326 ], [ -76.614276332239029, 39.244469171960453 ], [ -76.614277615033259, 39.2444612277205 ], [ -76.614276345713762, 39.244445093654399 ], [ -76.614280329742058, 39.244427990468871 ], [ -76.614285938822675, 39.244411461235138 ], [ -76.614290691808833, 39.244396470199824 ], [ -76.614291970111495, 39.244379621630294 ], [ -76.614301092503197, 39.244360171816936 ], [ -76.614307747222824, 39.244337746468354 ], [ -76.614309462106704, 39.244315186145755 ], [ -76.614314007582053, 39.244295993029802 ], [ -76.614323985169904, 39.244274673832528 ], [ -76.614335567148842, 39.244260390996331 ], [ -76.614345038985221, 39.24424832189316 ], [ -76.614347229077879, 39.244244905281853 ], [ -76.614352108726507, 39.244239010566062 ], [ -76.614353477758996, 39.244230116661392 ], [ -76.614354429074879, 39.244218185302771 ], [ -76.614359013177776, 39.244205037151971 ], [ -76.614360121698823, 39.244193337459329 ], [ -76.614361345204244, 39.244178020786748 ], [ -76.614362739389577, 39.244160514721948 ], [ -76.614363917979233, 39.24414573860642 ], [ -76.614370493647101, 39.244125437878495 ], [ -76.614372159123633, 39.244107316795414 ], [ -76.614376927381173, 39.244080404052958 ], [ -76.61438675944197, 39.244058620753108 ], [ -76.614395120960609, 39.244035738923721 ], [ -76.614404565847508, 39.244016962460456 ], [ -76.614409332308412, 39.243997965452628 ], [ -76.614415243222979, 39.243978475182352 ], [ -76.614422282421543, 39.243960100127602 ], [ -76.614426395807243, 39.243949639451458 ], [ -76.614431217963684, 39.24393606686786 ], [ -76.614439726806054, 39.243921843098001 ], [ -76.614444421401728, 39.243909805243455 ], [ -76.614454002832545, 39.243896317528716 ], [ -76.614460887520877, 39.243882230805532 ], [ -76.614467315865056, 39.243866171047188 ], [ -76.614476154389138, 39.243852373733233 ], [ -76.614485946025724, 39.243839897569543 ], [ -76.614494577937307, 39.243823161571385 ], [ -76.614504891495073, 39.243810205362522 ], [ -76.614514984965609, 39.24379745021151 ], [ -76.614521655854915, 39.24378491351132 ], [ -76.614530462937964, 39.243768960870071 ], [ -76.614540447712344, 39.243753530008291 ], [ -76.614546518527035, 39.243738218805341 ], [ -76.614556943475904, 39.243723106572389 ], [ -76.614561548240061, 39.24370600251514 ], [ -76.61456981363898, 39.243691879576758 ], [ -76.614577513099277, 39.243676954480222 ], [ -76.614580950053551, 39.243659944332762 ], [ -76.614590107479557, 39.243642001927384 ], [ -76.614596608587263, 39.243626823581046 ], [ -76.614599782335162, 39.243610028396489 ], [ -76.614605258465133, 39.243591906484539 ], [ -76.614613226521712, 39.243575046590358 ], [ -76.614622520491636, 39.243559436192037 ], [ -76.614629191380942, 39.243539796917368 ], [ -76.61463676687373, 39.243524411922188 ], [ -76.614643301219118, 39.243508974745133 ], [ -76.61464535566617, 39.243493537564738 ], [ -76.614648082951376, 39.243476972629381 ], [ -76.614655064657768, 39.243463662934104 ], [ -76.614664847311204, 39.243450241226363 ], [ -76.614674224824455, 39.243435888650914 ], [ -76.614684244633125, 39.243423857670123 ], [ -76.614695545439417, 39.243409732587807 ], [ -76.614705416127748, 39.243395892049776 ], [ -76.614714313940638, 39.243383362930643 ], [ -76.614721654973138, 39.243368920594328 ], [ -76.61472385045569, 39.243354049694844 ], [ -76.614724923942447, 39.243340594571826 ], [ -76.614725983056189, 39.243326774195857 ], [ -76.614726898439457, 39.243312159310584 ], [ -76.614723180312495, 39.243298167087353 ], [ -76.614723748047751, 39.243279260327881 ], [ -76.614727701533312, 39.243261328956507 ], [ -76.614729932050182, 39.24324330226753 ], [ -76.614732902778812, 39.243222759169306 ], [ -76.614738178584474, 39.243200741146772 ], [ -76.614743069012874, 39.243180447102517 ], [ -76.614750787337812, 39.243156940928806 ], [ -76.614753805677154, 39.243140238857819 ], [ -76.614757424091124, 39.243121938025212 ], [ -76.614762099822173, 39.243106308741673 ], [ -76.61476681777404, 39.243089243494168 ], [ -76.614771060517128, 39.243072422439376 ], [ -76.614778724044825, 39.243057198052426 ], [ -76.614786890629063, 39.243035307294257 ], [ -76.614793840894421, 39.243015490464749 ], [ -76.614800429138725, 39.242993308883349 ], [ -76.614805960065922, 39.242976730611247 ], [ -76.614813127723579, 39.242958554269585 ], [ -76.614819438388452, 39.242941886937267 ], [ -76.614824090763307, 39.242924604585468 ], [ -76.614829135701925, 39.242911157728727 ], [ -76.614832345382453, 39.242900655152916 ], [ -76.614833197883655, 39.242889958469938 ], [ -76.614827289664035, 39.242875834671523 ], [ -76.614829445620714, 39.242859072005963 ], [ -76.614832892456462, 39.242843474666984 ], [ -76.614839796009406, 39.242829659758819 ], [ -76.614844185177901, 39.242811943250061 ], [ -76.614851933147222, 39.242798787878456 ], [ -76.614854938910156, 39.242786294134383 ], [ -76.614859620031098, 39.242773204851424 ], [ -76.614868118093696, 39.242762970107385 ], [ -76.614871593675531, 39.242747101415937 ], [ -76.614873010318718, 39.242729317401412 ], [ -76.61487435150346, 39.242712526871983 ], [ -76.614880321706835, 39.242696298481292 ], [ -76.614888481104558, 39.242682067502798 ], [ -76.614895752068463, 39.242667564494326 ], [ -76.614902875708665, 39.242648259612089 ], [ -76.614906634259825, 39.242627229334218 ], [ -76.614912411325406, 39.242607537619406 ], [ -76.614913578236951, 39.242592902408347 ], [ -76.614916306420483, 39.242579480533976 ], [ -76.614922592830823, 39.242565366413174 ], [ -76.614926493315792, 39.242551339254874 ], [ -76.61492890439402, 39.242535853858818 ], [ -76.614931717019189, 39.242519858494397 ], [ -76.614935862744204, 39.242505381889899 ], [ -76.614940710951799, 39.242490329223557 ], [ -76.614943764325446, 39.242474130001824 ], [ -76.614945935553493, 39.242448748616191 ], [ -76.614944103888632, 39.242434971199444 ], [ -76.614945246545673, 39.242416972822745 ], [ -76.614949515339887, 39.24239693527398 ], [ -76.614954257546287, 39.242378596678364 ], [ -76.614958891056517, 39.24235874835567 ], [ -76.614965588895274, 39.242343694266445 ], [ -76.614971763016229, 39.242327101230543 ], [ -76.614974400469904, 39.242310221552088 ], [ -76.614980846780369, 39.242293376655795 ], [ -76.614989801187136, 39.242276485837586 ], [ -76.614999575755746, 39.242263107733343 ], [ -76.615008319058404, 39.242249760238543 ], [ -76.615014254227489, 39.242234920409416 ], [ -76.615017726216053, 39.242220383217969 ], [ -76.61501890839898, 39.242205588604811 ], [ -76.615022154910406, 39.242189549334363 ], [ -76.615026156006678, 39.242173149673988 ], [ -76.615031765985634, 39.242158906762015 ], [ -76.615038423400193, 39.242144309026557 ], [ -76.615042320291906, 39.242127650545207 ], [ -76.615049793376755, 39.242112201233411 ], [ -76.615055901920684, 39.242099036686099 ], [ -76.615057891689034, 39.242083105229035 ], [ -76.615059960509143, 39.242066915653446 ], [ -76.615065201280501, 39.242051041934467 ], [ -76.615070590273888, 39.242036403824336 ], [ -76.615075496871981, 39.242024320423916 ], [ -76.615081659314825, 39.242015576515605 ], [ -76.615088631139756, 39.242005542030732 ], [ -76.615100155626536, 39.241996315980515 ], [ -76.615111746588653, 39.241987335521159 ], [ -76.615123498349192, 39.241979126623356 ], [ -76.615133172306486, 39.241970864153473 ], [ -76.615141601198786, 39.241960200723618 ], [ -76.615150813422019, 39.241949838542652 ], [ -76.615159894491228, 39.241940558218289 ], [ -76.615167394525542, 39.241925531868425 ], [ -76.615174431927485, 39.241915063235766 ], [ -76.615182414357093, 39.241907229327474 ], [ -76.61518699037515, 39.241903312372969 ], [ -76.615191791870345, 39.241898182762419 ], [ -76.6151996539257, 39.241880948158759 ], [ -76.615204017941352, 39.241867225593062 ], [ -76.615205595383003, 39.241849659118827 ], [ -76.61520663383547, 39.241835204639322 ], [ -76.615207659711515, 39.24181480653629 ], [ -76.6152042550966, 39.241800523199196 ], [ -76.615197119778287, 39.241788043191953 ], [ -76.6151878815039, 39.24177618725254 ], [ -76.615179325949143, 39.241763340591035 ], [ -76.61517054671387, 39.241751742067741 ], [ -76.61516305566272, 39.24173989794965 ], [ -76.615159415689178, 39.241729990744041 ], [ -76.61516085299364, 39.241708478745068 ], [ -76.615163060154288, 39.241696743849495 ], [ -76.615169165104973, 39.241688139742301 ], [ -76.615178495905823, 39.241679818101026 ], [ -76.615180127246376, 39.241670761070708 ], [ -76.615178645924487, 39.241660662529156 ], [ -76.615174583742757, 39.24165259413089 ], [ -76.615174096855881, 39.24164472958109 ], [ -76.615174792151905, 39.24163707444557 ], [ -76.61518234518681, 39.241628991434226 ], [ -76.615190315938335, 39.241620969646362 ], [ -76.615192130535206, 39.241610886403748 ], [ -76.61519454161342, 39.241602728250356 ], [ -76.615195391419689, 39.241591774644256 ], [ -76.61519606425783, 39.241581661480971 ], [ -76.615196820639312, 39.241570339133453 ], [ -76.615197700988276, 39.241557162657017 ], [ -76.61519926675183, 39.241545288589521 ], [ -76.615212400121266, 39.241516098426075 ], [ -76.615215493919123, 39.241505395966051 ], [ -76.61521688361286, 39.241495379497252 ], [ -76.615217496263895, 39.241485827081043 ], [ -76.615216586270492, 39.241470036718574 ], [ -76.615217209701314, 39.241460519781292 ], [ -76.615222050722366, 39.241449253768664 ], [ -76.61522724927292, 39.241440667024499 ], [ -76.615234454659813, 39.241431191131547 ], [ -76.615240718612284, 39.241424459211515 ], [ -76.615248028203766, 39.241419028313217 ], [ -76.615266320597897, 39.241418461985859 ], [ -76.615264648833147, 39.241404432510976 ], [ -76.615248174629144, 39.24140441163896 ], [ -76.615248081204371, 39.241401451290713 ], [ -76.615261988023278, 39.241400299850866 ], [ -76.615262161398121, 39.241397672759057 ], [ -76.615261378965513, 39.241391616393692 ], [ -76.615260237206783, 39.241384622873831 ], [ -76.615260808535311, 39.241376978145951 ], [ -76.61526145352569, 39.241367310221726 ], [ -76.61526051388789, 39.241358331769028 ], [ -76.615257017644808, 39.241349282350264 ], [ -76.615252250285593, 39.241340991281106 ], [ -76.615245501242867, 39.241332971547493 ], [ -76.615238603978113, 39.24132666749491 ], [ -76.615231837867398, 39.241322984970651 ], [ -76.615223407178448, 39.241322221749542 ], [ -76.615216424573759, 39.241320697394542 ], [ -76.61521440785593, 39.241314466393064 ], [ -76.61521506182946, 39.241305855281681 ], [ -76.615219451896252, 39.241299684112079 ], [ -76.615229705266898, 39.241296988138757 ], [ -76.615236628582807, 39.241293093413653 ], [ -76.615242831449834, 39.241288061161448 ], [ -76.615245848890879, 39.241281243652246 ], [ -76.615247293381856, 39.24126988368652 ], [ -76.615252975226042, 39.241257567082677 ], [ -76.61525643014663, 39.241246107622892 ], [ -76.615262538690544, 39.241231622406708 ], [ -76.615269319174317, 39.241218866786809 ], [ -76.615273717325948, 39.241207429584264 ], [ -76.615278849401165, 39.241194690657665 ], [ -76.615283894339797, 39.24118244500572 ], [ -76.615288810819351, 39.241171111461945 ], [ -76.615293391328976, 39.241159727127609 ], [ -76.615300011912623, 39.241145948761883 ], [ -76.615304348080485, 39.241129020793331 ], [ -76.615297816430058, 39.241080663594644 ], [ -76.615295106212855, 39.241066592307973 ], [ -76.615296009918026, 39.241053103350772 ], [ -76.61529694686088, 39.241039928168625 ], [ -76.615297855057619, 39.24102931886484 ], [ -76.615298585387947, 39.241026188740726 ], [ -76.615299436092542, 39.241023025221061 ], [ -76.615300448493841, 39.241019267541148 ], [ -76.615301144688189, 39.241015811115545 ], [ -76.61530187232357, 39.241007875529021 ], [ -76.615302740994451, 39.240994908364115 ], [ -76.615303296153314, 39.240985525639879 ], [ -76.6153046840504, 39.240974367390358 ], [ -76.615312833566676, 39.240962544013151 ], [ -76.615322317081137, 39.240951439331809 ], [ -76.615330932823014, 39.240940885673737 ], [ -76.615335085734586, 39.240929623752002 ], [ -76.615343792206318, 39.240920712729945 ], [ -76.615354030305596, 39.240911650731412 ], [ -76.615366711822475, 39.24090201613857 ], [ -76.61537643339048, 39.240893194167619 ], [ -76.615385882768948, 39.240881915540513 ], [ -76.615396511635382, 39.24087260446229 ], [ -76.615408398143231, 39.240861778758266 ], [ -76.615417976879101, 39.240847440263693 ], [ -76.615421868380906, 39.240841322625741 ], [ -76.615428177249143, 39.24083321378032 ], [ -76.615436634887573, 39.240825029098339 ], [ -76.615445958501894, 39.24081729803774 ], [ -76.615458357049448, 39.24080654329061 ], [ -76.615465813066294, 39.240796243555849 ], [ -76.615478625737197, 39.240782629313436 ], [ -76.615489569014002, 39.240772518120707 ], [ -76.615501714236629, 39.240761426628367 ], [ -76.615513765136171, 39.240748323748477 ], [ -76.615523457958076, 39.240737652479666 ], [ -76.615533172339553, 39.240726195022212 ], [ -76.61553574960611, 39.240723089931251 ], [ -76.615542318087478, 39.240715039514399 ], [ -76.61555047479024, 39.240701823915771 ], [ -76.615559684318541, 39.240684101303678 ], [ -76.615565284416007, 39.240674704623025 ], [ -76.615573717799919, 39.240662588983966 ], [ -76.615585025792711, 39.24065114960348 ], [ -76.615597461171177, 39.240640456056134 ], [ -76.615606074218135, 39.240629034761362 ], [ -76.615614492330664, 39.240617294814982 ], [ -76.615624812176634, 39.240605497815764 ], [ -76.61563538444922, 39.240594747906385 ], [ -76.615645333290985, 39.240582065919355 ], [ -76.615655701645991, 39.240572463285361 ], [ -76.615666413157442, 39.240561414201672 ], [ -76.615676426677922, 39.24054898198019 ], [ -76.615687672686974, 39.240537051386923 ], [ -76.615699532245358, 39.240526096222958 ], [ -76.615708749858484, 39.240515089572263 ], [ -76.615711713400586, 39.240501764008592 ], [ -76.615713041110581, 39.240488688909927 ], [ -76.615714886250174, 39.24047674021709 ], [ -76.615723063614212, 39.240462320241875 ], [ -76.615731539218913, 39.240444987185612 ], [ -76.615738741910846, 39.240434476587453 ], [ -76.615747064801965, 39.240426541630924 ], [ -76.61575889920752, 39.240418085561387 ], [ -76.615761946292963, 39.240416090863945 ], [ -76.615774728421144, 39.240407981969369 ], [ -76.615783176178084, 39.240403130547044 ], [ -76.615792211433202, 39.24040024112238 ], [ -76.615802677704579, 39.240398809977059 ], [ -76.615812278898332, 39.240399187070295 ], [ -76.615823723435057, 39.240397708614289 ], [ -76.615830084405587, 39.240395242201828 ], [ -76.615843847494048, 39.240378923524013 ], [ -76.615851863161339, 39.240351280210866 ], [ -76.615847565621024, 39.240333040571905 ], [ -76.615842582666133, 39.240320263220575 ], [ -76.615840341369505, 39.240305751374869 ], [ -76.615843056976601, 39.240282850927592 ], [ -76.615853308550626, 39.240264870783832 ], [ -76.615867507322008, 39.240253411161945 ], [ -76.615893518041062, 39.24024154174402 ], [ -76.615939493817294, 39.240231393598826 ], [ -76.61600570773858, 39.240223466272496 ], [ -76.616078953671902, 39.240221900148896 ], [ -76.616134727372938, 39.240220558055348 ], [ -76.616149967291733, 39.240218949491144 ], [ -76.616158693526401, 39.240215480502677 ], [ -76.61616923435794, 39.240209241054096 ], [ -76.616177274279735, 39.240203914423553 ], [ -76.616190669957277, 39.240178902353492 ], [ -76.616200323253295, 39.240157916558857 ], [ -76.616221959176926, 39.240110872260779 ], [ -76.616238805283444, 39.240077495189801 ], [ -76.616255871477208, 39.240031337916001 ], [ -76.616260092660738, 39.24000734435927 ], [ -76.616260141169761, 39.239991232924126 ], [ -76.616254834821376, 39.239963142092087 ], [ -76.616242808176352, 39.239923503908621 ], [ -76.616242779430266, 39.239895490973275 ], [ -76.616245932516904, 39.239870697258517 ], [ -76.616259567146273, 39.239844648402901 ], [ -76.616276421337645, 39.239821976011036 ], [ -76.6163039897354, 39.2397929054952 ], [ -76.616373436693394, 39.239737178681835 ], [ -76.616403239201247, 39.239715379422449 ], [ -76.616442582715749, 39.239684996675926 ], [ -76.616481072830723, 39.239656475051149 ], [ -76.616514294326564, 39.239633318355374 ], [ -76.616536896837431, 39.23961487049997 ], [ -76.616544469635286, 39.239608689441127 ], [ -76.616588322692508, 39.239567122432177 ], [ -76.616631422063193, 39.239527067964879 ], [ -76.616670722458565, 39.239490856814321 ], [ -76.616715600493521, 39.239449608390672 ], [ -76.616751707378072, 39.239417001900243 ], [ -76.616769035879898, 39.239399432029366 ], [ -76.616809301964182, 39.239357654778694 ], [ -76.616834191585767, 39.239331806805637 ], [ -76.616864415403498, 39.23930197632243 ], [ -76.616898482214012, 39.239269321756233 ], [ -76.616942068471602, 39.23922730300086 ], [ -76.616969963856121, 39.239200413433288 ], [ -76.616999656769522, 39.23916626711857 ], [ -76.617011740008408, 39.239147200612919 ], [ -76.617023357919976, 39.239122467860234 ], [ -76.617029795247319, 39.239107341413522 ], [ -76.617036305338161, 39.239099617816969 ], [ -76.617046753643237, 39.23908883219319 ], [ -76.617063959974189, 39.239077943595731 ], [ -76.617085974088553, 39.239061410318264 ], [ -76.6171263434791, 39.239034660534351 ], [ -76.617135181104871, 39.239028626924949 ], [ -76.617141224970098, 39.239022348408334 ], [ -76.617144007950856, 39.239015475018377 ], [ -76.617145867463492, 39.239010527485213 ], [ -76.617150204529679, 39.239002203438986 ], [ -76.61716182783114, 39.238989773724214 ], [ -76.617175466952091, 39.238975411887033 ], [ -76.617201501027353, 39.238946668722583 ], [ -76.617241494023801, 39.238912347648878 ], [ -76.617276930765129, 39.238883577324003 ], [ -76.61728669455394, 39.238876575205012 ], [ -76.61729196586802, 39.238872591984141 ], [ -76.617293823584049, 39.238868490484052 ], [ -76.617294599728439, 39.238864871840541 ], [ -76.617306645238088, 39.238842718864291 ], [ -76.617320715550377, 39.238823609133661 ], [ -76.617334044752582, 39.238811420815857 ], [ -76.61735823009495, 39.23879307432528 ], [ -76.617382258232198, 39.238774897595334 ], [ -76.617408794465675, 39.238752522643168 ], [ -76.61744128203793, 39.238725296145496 ], [ -76.617480122495863, 39.238685186232445 ], [ -76.617507179752224, 39.238657933965449 ], [ -76.617530585356945, 39.238636092624979 ], [ -76.617549493097044, 39.238616665570717 ], [ -76.617568406227036, 39.238599768301121 ], [ -76.617581734530901, 39.238589268558613 ], [ -76.61758964060374, 39.238583235606676 ], [ -76.617603129706026, 39.23857502561475 ], [ -76.61761816570727, 39.238565731624419 ], [ -76.617625918168159, 39.23855813042244 ], [ -76.61763784420188, 39.238540394049224 ], [ -76.617653456921516, 39.238512185052329 ], [ -76.617673041991338, 39.238485158145309 ], [ -76.617684996771132, 39.238462645339617 ], [ -76.617696214034098, 39.238443701792875 ], [ -76.617709822612326, 39.238430956798283 ], [ -76.617734251398161, 39.238409694958335 ], [ -76.617753565176784, 39.238392485936622 ], [ -76.617758056753203, 39.238383192617881 ], [ -76.617760499272464, 39.238372844519567 ], [ -76.6177609601082, 39.238367174042153 ], [ -76.617763309202658, 39.238359188756746 ], [ -76.617772142336861, 39.238350621811534 ], [ -76.617793231186454, 39.23833746212442 ], [ -76.617820297425965, 39.2383215764293 ], [ -76.617839365066203, 39.23831240277265 ], [ -76.617853167680536, 39.238303587433698 ], [ -76.61786541351448, 39.238296106570601 ], [ -76.617882713270234, 39.238280488735612 ], [ -76.617895543009112, 39.238264850719929 ], [ -76.617928924405064, 39.238230603759632 ], [ -76.617967262704767, 39.238184727055824 ], [ -76.617980061900937, 39.238168800971671 ], [ -76.617983776434642, 39.238158422923796 ], [ -76.617993224914784, 39.238141775323925 ], [ -76.618025490603173, 39.238106319756746 ], [ -76.618054843953402, 39.238072872155364 ], [ -76.618082738439597, 39.238045359433535 ], [ -76.618100214265141, 39.238020549758012 ], [ -76.618106537506421, 39.238011259868806 ], [ -76.618114283679105, 39.238003416479572 ], [ -76.618130712967343, 39.237991228019283 ], [ -76.618153319071467, 39.237973776071918 ], [ -76.618172409169588, 39.237954006516233 ], [ -76.618184865209301, 39.237932867682765 ], [ -76.618204852724375, 39.23790697326406 ], [ -76.618220068388652, 39.237888874926455 ], [ -76.618232471427774, 39.237876324646379 ], [ -76.618234980422372, 39.237874031391733 ], [ -76.618263036605313, 39.237854478192205 ], [ -76.618275498933272, 39.237841998874458 ], [ -76.618280671432672, 39.237829548081052 ], [ -76.618285959814756, 39.237812539994486 ], [ -76.618290914023547, 39.237799388555665 ], [ -76.61829599489478, 39.237794539736015 ], [ -76.618342810595806, 39.237758187145609 ], [ -76.618385495843171, 39.237722633976709 ], [ -76.618419293159107, 39.237695235919738 ], [ -76.618442107672379, 39.237674816435458 ], [ -76.618460861800557, 39.237660334656432 ], [ -76.6184941946875, 39.237641139023864 ], [ -76.618561043717676, 39.23760270182192 ], [ -76.618593416305572, 39.237583507565091 ], [ -76.6186109613014, 39.237570738062225 ], [ -76.618650890517458, 39.237537283943546 ], [ -76.618698359293703, 39.23749913473462 ], [ -76.621128774651083, 39.238561172990607 ], [ -76.629782193680711, 39.242341858248935 ], [ -76.632492576182912, 39.243525811696699 ], [ -76.636223700867731, 39.245155479518466 ], [ -76.63851358288376, 39.246155549760886 ], [ -76.639003209629365, 39.246369377842385 ], [ -76.639592636508098, 39.246626785601784 ], [ -76.640161900700264, 39.246875383024417 ], [ -76.640331495439398, 39.246949443659403 ], [ -76.644418873101259, 39.248734257794773 ], [ -76.644368486596989, 39.248772906639161 ], [ -76.644176598367466, 39.248917578917649 ], [ -76.643780286816934, 39.249216371682394 ], [ -76.643267321840241, 39.249605569556536 ], [ -76.642670739880273, 39.250052492271251 ], [ -76.642497089247641, 39.250184011401814 ], [ -76.642363415441778, 39.250285251607949 ], [ -76.642156510075651, 39.25044195193685 ], [ -76.641658640389011, 39.250815223274429 ], [ -76.640948237390958, 39.251351240180782 ], [ -76.640407237790868, 39.251759848930483 ], [ -76.63976165093554, 39.252250598393275 ], [ -76.639241148195296, 39.252641133109002 ], [ -76.638943756428915, 39.252864865832002 ], [ -76.63873596173066, 39.253013915545651 ], [ -76.638183782596869, 39.253419726582564 ], [ -76.637868183776305, 39.253665420785836 ], [ -76.637377000250297, 39.254089242219464 ], [ -76.637232825138767, 39.254246784774665 ], [ -76.637164184867913, 39.254321787822555 ], [ -76.637102051992983, 39.254397485699734 ], [ -76.636866007075668, 39.254725808462496 ], [ -76.636678996698123, 39.255057406652767 ], [ -76.636565741598687, 39.255320766039553 ], [ -76.636480837329614, 39.255564740334506 ], [ -76.63640438441071, 39.255861768582129 ], [ -76.636355901436517, 39.256162350024191 ], [ -76.63630923575414, 39.256522939629356 ], [ -76.636214522780477, 39.257259324149466 ], [ -76.636149858453066, 39.257746481445018 ], [ -76.636069101705644, 39.258394839097335 ], [ -76.636036472199592, 39.258647104239479 ], [ -76.636018528351798, 39.258788983637693 ], [ -76.63595525731138, 39.259289221375859 ], [ -76.635890627119949, 39.259824518293215 ], [ -76.635808804970608, 39.260467939920403 ], [ -76.635780866466973, 39.260701961174234 ], [ -76.635610070680315, 39.260689924113422 ], [ -76.635504531210842, 39.260682593093016 ], [ -76.635391936373125, 39.260674773105308 ], [ -76.635354498185336, 39.26042865553368 ], [ -76.635273009310978, 39.260030458900218 ], [ -76.635234629688767, 39.259858355463692 ], [ -76.635195897926991, 39.259724212771459 ], [ -76.635137041207869, 39.259607263209965 ], [ -76.635040598977298, 39.259528612070056 ], [ -76.634990357101771, 39.259498116184375 ], [ -76.634581064895386, 39.259245900011294 ], [ -76.634277036375693, 39.259053711083098 ], [ -76.634192619891806, 39.258998487855841 ], [ -76.634032947045014, 39.258879983896776 ], [ -76.633978586393894, 39.258832346322684 ], [ -76.633859899181928, 39.258786390584177 ], [ -76.63376729006265, 39.258676630185441 ], [ -76.63369779100239, 39.258591672718445 ], [ -76.633681701277325, 39.258490709515343 ], [ -76.633599020338579, 39.258389877628723 ], [ -76.633490216391365, 39.25825718933902 ], [ -76.633430803615113, 39.258184318937772 ], [ -76.633372524512751, 39.258112839597288 ], [ -76.633235226903039, 39.257974618918169 ], [ -76.633076698509882, 39.257850777504444 ], [ -76.632939737768424, 39.257765334223187 ] ] ] } },
{ "type": "Feature", "properties": { "OBJECTID_1": 21, "BRNI_Name": "Perkins Somerset Oldtown", "Map_Number": 21, "BRNI_Short_Name": "PSOT", "XCoord": -76.59826036, "YCoord": 39.29279176, "Induction_Date": 2021.0, "Shape__Length": 6106.0808992430584, "Shape__Area": 1667920.469504965 }, "geometry": { "type": "Polygon", "coordinates": [ [ [ -76.599655202656038, 39.29253792749887 ], [ -76.602972944206684, 39.291575043183094 ], [ -76.603387661339056, 39.292564674250897 ], [ -76.604044297472399, 39.293447306469822 ], [ -76.604770053576971, 39.293982229840978 ], [ -76.605357569739084, 39.29459738708271 ], [ -76.605910526813915, 39.29499857270909 ], [ -76.605253890680558, 39.29604164624778 ], [ -76.605081091650831, 39.29660329500738 ], [ -76.604839172649861, 39.29700446983486 ], [ -76.604286216473355, 39.297592855006393 ], [ -76.603940618413887, 39.297967280180529 ], [ -76.594089132459501, 39.298390313024491 ], [ -76.593434438483783, 39.285556713444656 ], [ -76.599205925538044, 39.285342719118979 ], [ -76.599655202656038, 39.29253792749887 ] ] ] } }
]
}
