{
"type": "FeatureCollection",
"name": "grantees",
"crs": { "type": "name", "properties": { "name": "urn:ogc:def:crs:OGC:1.3:CRS84" } },
"features": [
{ "type": "Feature", "properties": { "GEOID20": "24001000700", "ORGANIZATION_NAME": "City of Cumberland", "GOC_TRACK_TYPE": "Partnership Development" }, "geometry": { "type": "Polygon", "coordinates": [ [ [ -78.760017000572887, 39.638653999825223 ], [ -78.759889000699602, 39.638652000291025 ], [ -78.759347999869576, 39.638715000524471 ], [ -78.759004000773032, 39.638784000110647 ], [ -78.75809200020214, 39.638948000197388 ], [ -78.757851999683353, 39.63898299959564 ], [ -78.756879000428796, 39.639089000017236 ], [ -78.75617999984344, 39.639118999900106 ], [ -78.754947999785216, 39.639159999801151 ], [ -78.754781000061186, 39.639158999630524 ], [ -78.754616000392645, 39.639148000259112 ], [ -78.754174000352222, 39.639092000272399 ], [ -78.753625000047379, 39.639008000137245 ], [ -78.75358599982566, 39.639000000146218 ], [ -78.753584999633077, 39.638964999710289 ], [ -78.753098000910398, 39.638900000242124 ], [ -78.752787998940335, 39.638833999718898 ], [ -78.752654999992615, 39.638797999823701 ], [ -78.752469999347099, 39.638726999749785 ], [ -78.752471999667023, 39.638716999919282 ], [ -78.752464001032578, 39.638709999571077 ], [ -78.75227199975059, 39.638638999516303 ], [ -78.751327999375434, 39.638217000133892 ], [ -78.750887000214547, 39.638026999614695 ], [ -78.750553000281485, 39.637909999572379 ], [ -78.74934699982667, 39.637523000233557 ], [ -78.749262000853179, 39.637487999521738 ], [ -78.749157000048314, 39.63743499970996 ], [ -78.748802999964752, 39.637231000170679 ], [ -78.747784999672689, 39.636624999920706 ], [ -78.747740999674193, 39.636589000182077 ], [ -78.747631999663724, 39.636532999997151 ], [ -78.747017999456574, 39.63616799970832 ], [ -78.74662299951946, 39.635946000576809 ], [ -78.746156000094501, 39.635725000275329 ], [ -78.745506999436444, 39.63544300046361 ], [ -78.745309999965357, 39.635341000591374 ], [ -78.74515800060334, 39.63525200041375 ], [ -78.745024000420983, 39.635159000135694 ], [ -78.744908000279281, 39.635060999908376 ], [ -78.744805999519699, 39.634962999842301 ], [ -78.744569998766266, 39.634711000721175 ], [ -78.744144999111967, 39.634196999490868 ], [ -78.743732000142145, 39.633231999399243 ], [ -78.743636999640188, 39.632983999577604 ], [ -78.743459999897439, 39.632444999441574 ], [ -78.74336000011202, 39.632191999832351 ], [ -78.74270899987107, 39.630989999986483 ], [ -78.742473000308706, 39.630650000177198 ], [ -78.742079000273733, 39.630178000475254 ], [ -78.741845000450269, 39.629912000132691 ], [ -78.741678999282115, 39.62970700050829 ], [ -78.741600999792468, 39.629600000246846 ], [ -78.741529999262468, 39.629464000529467 ], [ -78.74150399905885, 39.629326000069725 ], [ -78.741508999470881, 39.629184000257162 ], [ -78.741558999197423, 39.628971000466592 ], [ -78.741658000072164, 39.628735000633959 ], [ -78.741830999362293, 39.62840400030835 ], [ -78.738399999497616, 39.627252999430631 ], [ -78.738488999728617, 39.627136000445972 ], [ -78.738692999498397, 39.626584999241921 ], [ -78.739160999981422, 39.625558999831433 ], [ -78.741141999746475, 39.626037000192923 ], [ -78.741851000158533, 39.62622399988917 ], [ -78.742408000864273, 39.626341999563458 ], [ -78.743751000253923, 39.626685999829334 ], [ -78.745025001065343, 39.626964000058159 ], [ -78.746992999759613, 39.627476000943275 ], [ -78.747545999725205, 39.627599000167663 ], [ -78.749047000721518, 39.627842999495151 ], [ -78.749397000398332, 39.627806999696716 ], [ -78.749687000058231, 39.628284000120551 ], [ -78.763031000815744, 39.63080899968287 ], [ -78.763851000947014, 39.631584999369117 ], [ -78.764000000726341, 39.631689999276929 ], [ -78.764629000784211, 39.632101999968022 ], [ -78.764949000093537, 39.632435999730774 ], [ -78.765087000256671, 39.632622999719828 ], [ -78.764923999654798, 39.632853999902608 ], [ -78.764839000069557, 39.632998999752857 ], [ -78.764776000175303, 39.63313100072272 ], [ -78.764498998940269, 39.633551999319621 ], [ -78.764210000555607, 39.633916000135173 ], [ -78.763094999343593, 39.635368999585303 ], [ -78.762702000520505, 39.636478999834587 ], [ -78.762240000399444, 39.637816000733238 ], [ -78.761786000037318, 39.639090000279573 ], [ -78.761576999365261, 39.639629000381973 ], [ -78.761558000128232, 39.639698000274578 ], [ -78.761538000565906, 39.639728000155806 ], [ -78.761215000342162, 39.6393290000468 ], [ -78.761136999667272, 39.639243000476114 ], [ -78.76104600131616, 39.639161999652991 ], [ -78.760823999739927, 39.639010999719012 ], [ -78.760656999935492, 39.63890800025812 ], [ -78.76045499992783, 39.638797999831297 ], [ -78.760286999763053, 39.638728000594114 ], [ -78.760160999609639, 39.638683000246402 ], [ -78.760017000572887, 39.638653999825223 ] ] ] } },
{ "type": "Feature", "properties": { "GEOID20": "24001000800", "ORGANIZATION_NAME": "City of Cumberland", "GOC_TRACK_TYPE": "Partnership Development" }, "geometry": { "type": "Polygon", "coordinates": [ [ [ -78.758161999914194, 39.64942099965841 ], [ -78.758173000458626, 39.648439999925671 ], [ -78.758173999591591, 39.648415000320277 ], [ -78.758205000661832, 39.648197000579195 ], [ -78.758337000645781, 39.647877000249814 ], [ -78.758620000173508, 39.64743099901068 ], [ -78.759344999775465, 39.646388999989895 ], [ -78.760143999614471, 39.645374999459023 ], [ -78.760887999457694, 39.644467000294405 ], [ -78.761634000859914, 39.64363700020256 ], [ -78.761919999888732, 39.643364999913317 ], [ -78.762510000342417, 39.642952000351201 ], [ -78.763219000040493, 39.642543000124405 ], [ -78.762916999860906, 39.642377000484046 ], [ -78.762241000101994, 39.641054000816546 ], [ -78.762010000417391, 39.640625000158963 ], [ -78.761728999994034, 39.640046000218213 ], [ -78.761667999267402, 39.639973999917572 ], [ -78.761624001082055, 39.639871000377433 ], [ -78.761538000565906, 39.639728000155806 ], [ -78.761558000128232, 39.639698000274578 ], [ -78.761576999365261, 39.639629000381973 ], [ -78.761786000037318, 39.639090000279573 ], [ -78.762240000399444, 39.637816000733238 ], [ -78.762702000520505, 39.636478999834587 ], [ -78.763094999343593, 39.635368999585303 ], [ -78.764210000555607, 39.633916000135173 ], [ -78.764498998940269, 39.633551999319621 ], [ -78.764776000175303, 39.63313100072272 ], [ -78.764839000069557, 39.632998999752857 ], [ -78.764923999654798, 39.632853999902608 ], [ -78.765087000256671, 39.632622999719828 ], [ -78.764949000093537, 39.632435999730774 ], [ -78.764629000784211, 39.632101999968022 ], [ -78.764000000726341, 39.631689999276929 ], [ -78.763851000947014, 39.631584999369117 ], [ -78.763031000815744, 39.63080899968287 ], [ -78.749687000058231, 39.628284000120551 ], [ -78.749397000398332, 39.627806999696716 ], [ -78.749047000721518, 39.627842999495151 ], [ -78.747545999725205, 39.627599000167663 ], [ -78.746992999759613, 39.627476000943275 ], [ -78.745025001065343, 39.626964000058159 ], [ -78.743751000253923, 39.626685999829334 ], [ -78.742408000864273, 39.626341999563458 ], [ -78.741851000158533, 39.62622399988917 ], [ -78.741141999746475, 39.626037000192923 ], [ -78.739160999981422, 39.625558999831433 ], [ -78.739404000727035, 39.625087999696667 ], [ -78.739442999413583, 39.625087999705087 ], [ -78.739508999795319, 39.625087999928809 ], [ -78.739551000025344, 39.625003000273907 ], [ -78.739700000874848, 39.62475099969712 ], [ -78.7399799992629, 39.623926999916804 ], [ -78.741196999911978, 39.624477999729109 ], [ -78.745416000399146, 39.626242999740477 ], [ -78.746766999882013, 39.626721999846424 ], [ -78.747204999801895, 39.626787000241784 ], [ -78.747260000251288, 39.626785999634407 ], [ -78.747473999734623, 39.626802999935897 ], [ -78.747872000194477, 39.626769999879748 ], [ -78.748027999636562, 39.626780000245063 ], [ -78.748340000102701, 39.62672499970806 ], [ -78.748893999989505, 39.62656000016802 ], [ -78.749319999877187, 39.626373000109858 ], [ -78.749596000045642, 39.626263999107209 ], [ -78.749737999817526, 39.62614800011734 ], [ -78.749843999108549, 39.626024000357333 ], [ -78.750270000478423, 39.625827000415434 ], [ -78.750398000104326, 39.625749998939128 ], [ -78.750496999474962, 39.625717000574106 ], [ -78.750667999798623, 39.625617999219209 ], [ -78.751352999224835, 39.625328000192255 ], [ -78.752809999696083, 39.624688999959083 ], [ -78.754311999786964, 39.623896000266704 ], [ -78.756561000434431, 39.622824999869778 ], [ -78.758032999748878, 39.621939000145296 ], [ -78.758776999887274, 39.621062000359522 ], [ -78.759272000075086, 39.620664999763868 ], [ -78.759714999854978, 39.620346000981741 ], [ -78.760295000358298, 39.620058000030909 ], [ -78.760935999928179, 39.619784999847134 ], [ -78.761614999569176, 39.619679999529431 ], [ -78.761943000080464, 39.619579999719271 ], [ -78.762453999935758, 39.619272999969631 ], [ -78.763161999923526, 39.618907999848844 ], [ -78.763437000525258, 39.618827000245048 ], [ -78.763727000078887, 39.618811999397266 ], [ -78.764100999888328, 39.618843999967716 ], [ -78.765890999293717, 39.619692000176066 ], [ -78.766249999429206, 39.61978100053382 ], [ -78.766707999983339, 39.619842000567175 ], [ -78.767097000216367, 39.619851999847199 ], [ -78.767479000607651, 39.619782000206378 ], [ -78.767844999564161, 39.619690000519675 ], [ -78.768486000008721, 39.619454000413562 ], [ -78.768789999277516, 39.619403000507305 ], [ -78.769112999791048, 39.61941500013738 ], [ -78.769709000509295, 39.619568999422562 ], [ -78.770105000074565, 39.619751000369412 ], [ -78.770250999077263, 39.619892000100862 ], [ -78.77030499984528, 39.620036999185267 ], [ -78.770382999732149, 39.620629000461101 ], [ -78.770422000546802, 39.620794000103395 ], [ -78.770490998988222, 39.620853999974258 ], [ -78.770682000117205, 39.620925999783537 ], [ -78.771232000282453, 39.621057999954182 ], [ -78.771752000486615, 39.621127999657176 ], [ -78.772644000242209, 39.621214000514243 ], [ -78.773347999961118, 39.621346000196006 ], [ -78.773711999618612, 39.621613999937445 ], [ -78.774070000321075, 39.621684999723819 ], [ -78.774356999871713, 39.621817999860184 ], [ -78.77452699929151, 39.621851000255838 ], [ -78.774740000097168, 39.621818000387591 ], [ -78.774980999926882, 39.621840000087964 ], [ -78.775293999491382, 39.621943999691368 ], [ -78.775477999482476, 39.621835000290801 ], [ -78.775733999610509, 39.621845999926784 ], [ -78.776430000646698, 39.62168100016634 ], [ -78.77667099977657, 39.621659000463787 ], [ -78.777025999531318, 39.621692000351473 ], [ -78.777238999505045, 39.621769000297576 ], [ -78.777621999739594, 39.622000000042412 ], [ -78.777976999793708, 39.622318999716747 ], [ -78.778274999089732, 39.622702999902764 ], [ -78.778466000974944, 39.623081999596202 ], [ -78.778523000093003, 39.62329099981438 ], [ -78.778522999897518, 39.623926999809918 ], [ -78.778409000265853, 39.624547999965941 ], [ -78.778215000436816, 39.625086000280696 ], [ -78.77815799993472, 39.625344000899851 ], [ -78.777767000098137, 39.626139999906108 ], [ -78.777696000651844, 39.626272000256236 ], [ -78.777525999817797, 39.626453000551429 ], [ -78.77739800011426, 39.626716999942367 ], [ -78.77736900062294, 39.626946999806655 ], [ -78.77718400101827, 39.627375000412151 ], [ -78.777099000001513, 39.627650000393444 ], [ -78.777056001208081, 39.627705000292849 ], [ -78.776712000410171, 39.62834899957744 ], [ -78.776472999718195, 39.628722999580184 ], [ -78.776151999376864, 39.629973000252328 ], [ -78.774588000662732, 39.632468000214253 ], [ -78.772634999910295, 39.63688499994587 ], [ -78.771941000536231, 39.637484000024386 ], [ -78.77114100134304, 39.638385000253649 ], [ -78.768491999224992, 39.639314999336882 ], [ -78.768152999187379, 39.639736999890239 ], [ -78.765293999802211, 39.643658000343549 ], [ -78.764753000324717, 39.64470700028243 ], [ -78.764657999527159, 39.645892000067214 ], [ -78.764824999615684, 39.64678599976547 ], [ -78.765225999627859, 39.647323000848793 ], [ -78.764602999934084, 39.647875999601887 ], [ -78.764529000295013, 39.648021000319083 ], [ -78.764264000494137, 39.648997000365156 ], [ -78.763590999688972, 39.648877000513913 ], [ -78.763127000289359, 39.648814000448489 ], [ -78.762908999617011, 39.648797998976086 ], [ -78.762732000372793, 39.648796000573803 ], [ -78.762553000400189, 39.648801000405157 ], [ -78.762208999976394, 39.648831998885051 ], [ -78.762010000975039, 39.64885900037558 ], [ -78.761810999614767, 39.648891000133325 ], [ -78.761581000521971, 39.648939000011474 ], [ -78.76098799974865, 39.64912600058296 ], [ -78.760799999300261, 39.649174000396847 ], [ -78.760533999495948, 39.649230999927838 ], [ -78.759895000368914, 39.649316999680508 ], [ -78.759611999366498, 39.649341999892165 ], [ -78.758161999914194, 39.64942099965841 ] ] ] } },
{ "type": "Feature", "properties": { "GEOID20": "24003706303", "ORGANIZATION_NAME": "One Annapolis, Inc", "GOC_TRACK_TYPE": "Partnership Development" }, "geometry": { "type": "Polygon", "coordinates": [ [ [ -76.4870230007473, 38.947042000301167 ], [ -76.487365000026188, 38.947354000104248 ], [ -76.487481999538105, 38.947449000636276 ], [ -76.48759600025798, 38.94753000052917 ], [ -76.48787199904902, 38.947684999913143 ], [ -76.489035000282229, 38.948279999960221 ], [ -76.49025500090022, 38.948919999659438 ], [ -76.491471999383876, 38.949534000331035 ], [ -76.492487001025907, 38.94999100013262 ], [ -76.492569000752198, 38.950091999879284 ], [ -76.492418999307858, 38.95024100006583 ], [ -76.492382999734232, 38.950287000164494 ], [ -76.492348999859402, 38.950347999835508 ], [ -76.492336999855624, 38.950387000097649 ], [ -76.492333999836035, 38.950430000440193 ], [ -76.492360999860594, 38.95059799936535 ], [ -76.493041999540054, 38.951524999464297 ], [ -76.493574000017063, 38.952375999182408 ], [ -76.49370399953321, 38.952566999995561 ], [ -76.493747999957932, 38.952688999531738 ], [ -76.493762999805185, 38.952825999492958 ], [ -76.493517000189556, 38.953438000296963 ], [ -76.493287999652978, 38.953865000103974 ], [ -76.49307499994562, 38.954435999717518 ], [ -76.492630000377133, 38.955409999434302 ], [ -76.492230000753366, 38.955526000027085 ], [ -76.491026999893691, 38.955230000326708 ], [ -76.490843999420775, 38.955262999445807 ], [ -76.490521000064518, 38.955456000046098 ], [ -76.490290999930068, 38.955566000017697 ], [ -76.489880999985928, 38.955763999346374 ], [ -76.489691000425566, 38.955790999860724 ], [ -76.489296999118224, 38.955763999182736 ], [ -76.489248000240053, 38.955747999709722 ], [ -76.4889310007906, 38.955610000175234 ], [ -76.488562000767431, 38.955387999537251 ], [ -76.488418001087979, 38.95534699925603 ], [ -76.488206999783372, 38.955363999815745 ], [ -76.487784999629838, 38.95554499988355 ], [ -76.487553000203476, 38.955672000805471 ], [ -76.487412000207328, 38.955643999854821 ], [ -76.486947999669994, 38.955672000457042 ], [ -76.486786000106363, 38.955720999641194 ], [ -76.486609999760802, 38.955814999875422 ], [ -76.486434000282969, 38.955941000411258 ], [ -76.486267000109279, 38.956024000762284 ], [ -76.485808998996418, 38.956046000195876 ], [ -76.485176000817773, 38.956211000661668 ], [ -76.485014000040863, 38.956233000096653 ], [ -76.484500000314171, 38.956227999973869 ], [ -76.484049999546599, 38.95633800029966 ], [ -76.483895000103345, 38.956392999853001 ], [ -76.483853000009418, 38.956425999613927 ], [ -76.483807999372047, 38.956695999997685 ], [ -76.483884000080621, 38.95692600033447 ], [ -76.483807999443172, 38.957128999852472 ], [ -76.483795000558729, 38.95726799981545 ], [ -76.483756999957549, 38.957420000215954 ], [ -76.483609000548498, 38.957531000420573 ], [ -76.483846000003197, 38.957761000047014 ], [ -76.483972000439323, 38.957824999717026 ], [ -76.483960000391079, 38.958001999734236 ], [ -76.483671999482283, 38.958507999574557 ], [ -76.483503999430638, 38.958846000538628 ], [ -76.483402999694945, 38.9593049999771 ], [ -76.483316000000968, 38.959583999427672 ], [ -76.483318999867222, 38.959736000634486 ], [ -76.483478999662211, 38.959976000431404 ], [ -76.483516999607787, 38.960241999894237 ], [ -76.483579999836962, 38.960785999064605 ], [ -76.48361799984832, 38.961355000443078 ], [ -76.483579999847606, 38.961557999921801 ], [ -76.483441000188606, 38.961596000420556 ], [ -76.483313999327763, 38.961545000356189 ], [ -76.483226000044283, 38.961520000513765 ], [ -76.482946999842909, 38.961418999966916 ], [ -76.482416000744564, 38.961178000116377 ], [ -76.482036000824735, 38.961026000507239 ], [ -76.481492000797203, 38.960824000146985 ], [ -76.481112000002454, 38.960823999855201 ], [ -76.480972999399398, 38.960836000076931 ], [ -76.480834000094234, 38.960987998794799 ], [ -76.48082100035468, 38.961089000012542 ], [ -76.480821000698583, 38.961254000576815 ], [ -76.480847000518494, 38.961721999691534 ], [ -76.480682001114587, 38.962101999750487 ], [ -76.480428999576318, 38.962406000157614 ], [ -76.479961000347984, 38.962557000246278 ], [ -76.479720000341075, 38.96255700013289 ], [ -76.479646000353469, 38.962477999591187 ], [ -76.4796949994507, 38.962392999990101 ], [ -76.479631999920116, 38.962354999666694 ], [ -76.479518000155466, 38.962253999972383 ], [ -76.478872999183281, 38.962089000179319 ], [ -76.478872998725564, 38.962197000079371 ], [ -76.478731000199573, 38.962494000132139 ], [ -76.478719999375116, 38.962558999837846 ], [ -76.478872999430976, 38.962574999721646 ], [ -76.478968000270442, 38.962533999769214 ], [ -76.479055000570796, 38.962507000081445 ], [ -76.479203999806643, 38.962520999859699 ], [ -76.479326999812713, 38.962546000040298 ], [ -76.479433000414218, 38.962622000227555 ], [ -76.479398999778908, 38.962830999535861 ], [ -76.479405999661225, 38.963020000767003 ], [ -76.479371999895804, 38.963365000731493 ], [ -76.479365999461692, 38.963519999519448 ], [ -76.479457000213557, 38.963713999623522 ], [ -76.479645999673593, 38.963831999558465 ], [ -76.479717000343157, 38.963924999287073 ], [ -76.479676000270686, 38.964045999590986 ], [ -76.479665999947699, 38.964145999630631 ], [ -76.479678000210981, 38.964195000148614 ], [ -76.478508999271398, 38.964673999962692 ], [ -76.47826600075885, 38.964832999661951 ], [ -76.477954999460664, 38.965188999840748 ], [ -76.477914998960628, 38.965300000153853 ], [ -76.477891000038539, 38.965397999819878 ], [ -76.477881000420581, 38.965607000363377 ], [ -76.477785999336831, 38.965930999919593 ], [ -76.477763000229444, 38.96592400037818 ], [ -76.477358000826214, 38.966047000379255 ], [ -76.476989999192327, 38.96591100018648 ], [ -76.477006000194194, 38.965475000605544 ], [ -76.477036999080809, 38.965019999091531 ], [ -76.477066001122026, 38.964897000243596 ], [ -76.477083000204715, 38.964765999601028 ], [ -76.477136999497802, 38.964479000254471 ], [ -76.476740999601745, 38.96443900079818 ], [ -76.475984999686389, 38.964397000767555 ], [ -76.476356000231135, 38.961789999693053 ], [ -76.476413000435457, 38.961625000324098 ], [ -76.478138000856376, 38.961081999695722 ], [ -76.480323999893358, 38.960404000340489 ], [ -76.480412999948669, 38.96036799923003 ], [ -76.480497000252242, 38.960323000766635 ], [ -76.480572000185845, 38.960269999732709 ], [ -76.480638999346098, 38.960210999549894 ], [ -76.480686000303379, 38.960159000120242 ], [ -76.480726000171089, 38.960103000476551 ], [ -76.480782999581237, 38.959984999409045 ], [ -76.480939001288164, 38.959468999804031 ], [ -76.481516000176882, 38.9576819998098 ], [ -76.481934000397899, 38.956345999769262 ], [ -76.482053001049152, 38.9559049996829 ], [ -76.482068000419559, 38.955705000173744 ], [ -76.482053999882936, 38.955450000160532 ], [ -76.482034000105386, 38.955302000673363 ], [ -76.481791001246208, 38.954051000491546 ], [ -76.481722999755831, 38.953744999474161 ], [ -76.481736999988399, 38.95346700064848 ], [ -76.481866999806158, 38.953086000273203 ], [ -76.481945999689742, 38.95268400034643 ], [ -76.482100000082696, 38.952451999803209 ], [ -76.482239999239852, 38.952258000301498 ], [ -76.482433000262645, 38.95191000039803 ], [ -76.482632001100669, 38.951592000415921 ], [ -76.482848000094748, 38.951278999277896 ], [ -76.483166000393709, 38.950861000684213 ], [ -76.483459000328622, 38.950519000167589 ], [ -76.483955000490042, 38.949988000411771 ], [ -76.485719000124462, 38.948231000172647 ], [ -76.48645499974279, 38.947459999759822 ], [ -76.486840999571342, 38.947143000282125 ], [ -76.4870230007473, 38.947042000301167 ] ] ] } },
{ "type": "Feature", "properties": { "GEOID20": "24003750201", "ORGANIZATION_NAME": "Anne Arundel County Partnership for Children, Youth, and Families", "GOC_TRACK_TYPE": "Plan Development" }, "geometry": { "type": "Polygon", "coordinates": [ [ [ -76.624907999111869, 39.224403000907465 ], [ -76.625418000253248, 39.217637000324025 ], [ -76.625447999596744, 39.216845000183021 ], [ -76.625411999569664, 39.215387999151247 ], [ -76.625373999721745, 39.214814999553987 ], [ -76.625229999366368, 39.213670999711169 ], [ -76.62505500031719, 39.211906000052039 ], [ -76.624971000860384, 39.2098249991624 ], [ -76.625009000615961, 39.208945000531827 ], [ -76.625023000911455, 39.208766999701005 ], [ -76.625044999110116, 39.208610999860227 ], [ -76.625075000739969, 39.208471999891636 ], [ -76.625128000099437, 39.208284999624077 ], [ -76.625175999636127, 39.20814999983353 ], [ -76.625229999218504, 39.208026999566187 ], [ -76.625301000924011, 39.207892000218237 ], [ -76.625383999094808, 39.207758000257208 ], [ -76.625477999611476, 39.207625999954686 ], [ -76.62558200026416, 39.207496999556454 ], [ -76.62577700088238, 39.207290999625357 ], [ -76.62589000090081, 39.20718999959572 ], [ -76.626146000554186, 39.206989000077463 ], [ -76.626417999729995, 39.206810000265158 ], [ -76.626572000081524, 39.206720999694163 ], [ -76.626802000468516, 39.206599000050709 ], [ -76.62697399983297, 39.206519999917852 ], [ -76.627169000264189, 39.20644199952374 ], [ -76.628335999228014, 39.205946000771185 ], [ -76.628882999551834, 39.205663000651214 ], [ -76.629114998993003, 39.205539000348431 ], [ -76.629302999875506, 39.20543000091709 ], [ -76.629543000038197, 39.205273000601387 ], [ -76.62979899975042, 39.20508000100817 ], [ -76.630045999809042, 39.204869000086759 ], [ -76.630282998641647, 39.20464399960904 ], [ -76.630621000461929, 39.204303999528136 ], [ -76.630876000505523, 39.203986000172037 ], [ -76.63101100044733, 39.203802999571955 ], [ -76.631141000028009, 39.203592000311097 ], [ -76.631346000068788, 39.203187000132736 ], [ -76.631446000242747, 39.202972000452768 ], [ -76.631545999834316, 39.202732000378674 ], [ -76.631843999749094, 39.202710000118131 ], [ -76.63214100010272, 39.20269899991689 ], [ -76.632437999619171, 39.202700000076248 ], [ -76.632733000111728, 39.202711000010353 ], [ -76.633026000006581, 39.202733000497346 ], [ -76.633322000362668, 39.202766999933786 ], [ -76.63362299895924, 39.202812000162965 ], [ -76.633903000372982, 39.202865000603047 ], [ -76.634170000165199, 39.202927999946525 ], [ -76.634463999437969, 39.203005999741499 ], [ -76.634822000400305, 39.203111999733871 ], [ -76.635112999750604, 39.203206999815521 ], [ -76.636197999153339, 39.203588000043148 ], [ -76.637518999850315, 39.204183000159098 ], [ -76.638778999507224, 39.204804000272574 ], [ -76.640948999842237, 39.205914000072163 ], [ -76.641679000423082, 39.206347000202484 ], [ -76.641726999340463, 39.206954999680555 ], [ -76.641920000077917, 39.20833800078055 ], [ -76.642049000241386, 39.209074000039422 ], [ -76.642026000098951, 39.209138000537351 ], [ -76.642050999145255, 39.209273999959478 ], [ -76.642269000012618, 39.210290000108387 ], [ -76.642624999536082, 39.212226000961977 ], [ -76.64274900031819, 39.212842999525975 ], [ -76.642889000023033, 39.213374999518791 ], [ -76.642959999262501, 39.213593000419614 ], [ -76.643107999827478, 39.213880999872032 ], [ -76.643615999016703, 39.2147590002565 ], [ -76.644099999803473, 39.215438000279434 ], [ -76.64455699998561, 39.216236000114826 ], [ -76.644584999513313, 39.216266999615797 ], [ -76.644665000170193, 39.216415000078442 ], [ -76.644705000332792, 39.216481999440809 ], [ -76.644734999409479, 39.216614000166103 ], [ -76.644730999998259, 39.216757000043934 ], [ -76.644683000450783, 39.216935999599578 ], [ -76.643831999881286, 39.218777999689671 ], [ -76.643499999798351, 39.219352000073656 ], [ -76.642351999926603, 39.221180001141917 ], [ -76.642218000328256, 39.221416999624957 ], [ -76.642063000710039, 39.221747999298763 ], [ -76.64194199992744, 39.222074000475196 ], [ -76.641834999369223, 39.22246099977086 ], [ -76.641786000961773, 39.222693000131734 ], [ -76.641751999423022, 39.222933000091828 ], [ -76.641643001005107, 39.224164000461059 ], [ -76.641408999530768, 39.225579999909868 ], [ -76.64064499957982, 39.224912999637596 ], [ -76.640148000112816, 39.224489000325363 ], [ -76.639942999782306, 39.224361999928384 ], [ -76.639403999824722, 39.224029000042961 ], [ -76.638391000298896, 39.223746000413662 ], [ -76.637142000209607, 39.223497000121974 ], [ -76.635374999884661, 39.22340500055391 ], [ -76.63461799930478, 39.223410000212063 ], [ -76.634150000138348, 39.223405000433154 ], [ -76.632523998874888, 39.223603999594907 ], [ -76.631527000406237, 39.223860999938552 ], [ -76.630673999911593, 39.224186999534297 ], [ -76.630116999651008, 39.224589999424083 ], [ -76.629779000483254, 39.225029999759833 ], [ -76.629412999834187, 39.225830999400941 ], [ -76.629063999711931, 39.226503998972845 ], [ -76.628532999686357, 39.227125999702018 ], [ -76.627447000020183, 39.228029000105153 ], [ -76.626919999933691, 39.228507999829532 ], [ -76.626921001058093, 39.228523999884366 ], [ -76.62669500003571, 39.228561999337593 ], [ -76.626254000043389, 39.228677999383514 ], [ -76.625990999983131, 39.228757000964777 ], [ -76.625644998631131, 39.228883999908454 ], [ -76.625276999738972, 39.229041999854722 ], [ -76.624991000123231, 39.229152000716653 ], [ -76.624667000540583, 39.229300000188779 ], [ -76.624433000020275, 39.229423999165981 ], [ -76.624483999978239, 39.229264000868881 ], [ -76.624565000717126, 39.228811000568676 ], [ -76.624599999655132, 39.228477999393569 ], [ -76.624625999684454, 39.22800999986498 ], [ -76.624669999406848, 39.22755600004038 ], [ -76.624766000101133, 39.226359999887329 ], [ -76.624907999111869, 39.224403000907465 ] ] ] } },
{ "type": "Feature", "properties": { "GEOID20": "24003702500", "ORGANIZATION_NAME": "One Annapolis, Inc", "GOC_TRACK_TYPE": "Partnership Development" }, "geometry": { "type": "Polygon", "coordinates": [ [ [ -76.535250999905188, 38.977212999823607 ], [ -76.534813000077463, 38.977198999895634 ], [ -76.534403999548445, 38.977203999770623 ], [ -76.532324000012238, 38.977319999486767 ], [ -76.531020000187425, 38.977427999936381 ], [ -76.530541999969572, 38.97742000062744 ], [ -76.529909999937615, 38.977359999562601 ], [ -76.529513999928895, 38.9772249998707 ], [ -76.52936399901273, 38.977160000174358 ], [ -76.529220999640657, 38.977085999403286 ], [ -76.529091001165511, 38.977007999751443 ], [ -76.528892000066705, 38.976861999967937 ], [ -76.528674999980822, 38.976649999715804 ], [ -76.527049000620451, 38.975218000224402 ], [ -76.525636999380382, 38.973869000060724 ], [ -76.525266999668474, 38.973524000212201 ], [ -76.524836000445347, 38.97315899960028 ], [ -76.524862000354361, 38.973036999686869 ], [ -76.524939000654271, 38.972757999438031 ], [ -76.525000000378654, 38.972591999815045 ], [ -76.524689000042372, 38.97252600033287 ], [ -76.524165000139533, 38.972359999267667 ], [ -76.523885000454939, 38.972236999978193 ], [ -76.523634999599082, 38.972093000319035 ], [ -76.523454001160943, 38.972048000316946 ], [ -76.522856000007053, 38.971555999956692 ], [ -76.522491000575215, 38.971237000581134 ], [ -76.522174999845703, 38.970984999949259 ], [ -76.521836000735661, 38.970730000108901 ], [ -76.521233000950147, 38.970306000138372 ], [ -76.520740999809817, 38.969972999520728 ], [ -76.519697000417537, 38.969298000219048 ], [ -76.519427000714515, 38.969116000256015 ], [ -76.518350999386556, 38.968390000460488 ], [ -76.517179000279143, 38.967570999913328 ], [ -76.516912000175623, 38.96742300039589 ], [ -76.516401000283125, 38.96702999970924 ], [ -76.515986999713547, 38.9667010000815 ], [ -76.51558199904737, 38.966392000589124 ], [ -76.515536999148253, 38.966293000423761 ], [ -76.515064999850907, 38.96591300036193 ], [ -76.513747999967237, 38.96481199925924 ], [ -76.513341000201976, 38.964439999623096 ], [ -76.513200000903737, 38.964302999750537 ], [ -76.512771000073741, 38.963861999586065 ], [ -76.51275199975376, 38.9619060002507 ], [ -76.512790999760142, 38.961101000757111 ], [ -76.512843999484161, 38.959220999641786 ], [ -76.512833000020265, 38.958110999776473 ], [ -76.512970000008423, 38.956726999084161 ], [ -76.513180999711366, 38.955568999599009 ], [ -76.513396000191136, 38.954708999421335 ], [ -76.513523000109871, 38.95430099995469 ], [ -76.513552000262138, 38.954186999573345 ], [ -76.513611999692742, 38.954052999794207 ], [ -76.513671999912077, 38.953963999621919 ], [ -76.513700000183661, 38.953926999702965 ], [ -76.513796999993787, 38.95383099979351 ], [ -76.513872999283521, 38.953774999843333 ], [ -76.514078999528621, 38.953647000133664 ], [ -76.514309000099203, 38.953545999739127 ], [ -76.514832000899005, 38.953388000218752 ], [ -76.516002000215082, 38.953053999826857 ], [ -76.515939000537983, 38.952949000182748 ], [ -76.515882000219705, 38.952834999832774 ], [ -76.515839999959297, 38.952726999907206 ], [ -76.515819000508245, 38.95262000039137 ], [ -76.515961998968109, 38.951288000095502 ], [ -76.516210000734617, 38.949533000285008 ], [ -76.516223999493448, 38.948256999943673 ], [ -76.516284998844199, 38.948287999843586 ], [ -76.516586998725501, 38.948364999817663 ], [ -76.516882999694189, 38.948365000112936 ], [ -76.517234000656671, 38.948250000314559 ], [ -76.517600000479845, 38.948162000087777 ], [ -76.517923999657327, 38.94798599989776 ], [ -76.517903000255458, 38.947912000249303 ], [ -76.517657000025267, 38.947854000142264 ], [ -76.517656999604881, 38.947776999907127 ], [ -76.517698999415089, 38.947750000242685 ], [ -76.517782999934795, 38.947717000362971 ], [ -76.518233000250106, 38.947739000325626 ], [ -76.518508000234362, 38.947778000133404 ], [ -76.518697999153218, 38.947843998875513 ], [ -76.519161999729221, 38.947965000294545 ], [ -76.519513000534715, 38.94813500060944 ], [ -76.520083000365332, 38.948564000625922 ], [ -76.520111000675797, 38.948634999977784 ], [ -76.520138999739956, 38.948772000267532 ], [ -76.519998000055025, 38.948892999693719 ], [ -76.519941999587289, 38.94889300036025 ], [ -76.519779999911833, 38.948802500530348 ], [ -76.519745000470024, 38.948942000481686 ], [ -76.519667000828832, 38.949101999830496 ], [ -76.519674499134538, 38.949156999899394 ], [ -76.519914000519151, 38.949217000427083 ], [ -76.519941999045756, 38.949277999577724 ], [ -76.519905999015506, 38.949415000128461 ], [ -76.519884999645825, 38.949743999737194 ], [ -76.519780000106792, 38.949832000324193 ], [ -76.519639000004787, 38.94987099944705 ], [ -76.519400000855867, 38.949882000136782 ], [ -76.519167999245695, 38.949831999914707 ], [ -76.519119000545103, 38.949732999649854 ], [ -76.518908000662776, 38.949771000071294 ], [ -76.518763500129339, 38.949837499892347 ], [ -76.518781000962619, 38.94989199978297 ], [ -76.518837000841671, 38.949930999731521 ], [ -76.519188999371664, 38.950029999920915 ], [ -76.519773915626644, 38.950119201828251 ], [ -76.520018998909677, 38.950150999930699 ], [ -76.520074999675359, 38.950123000220756 ], [ -76.52018800064873, 38.949453000439696 ], [ -76.520258000412397, 38.949299999885596 ], [ -76.520243999578128, 38.949249999859745 ], [ -76.520174000354487, 38.949206000213323 ], [ -76.520090000301778, 38.949189999712331 ], [ -76.520054000561259, 38.949051999974664 ], [ -76.520315000280689, 38.948833000485834 ], [ -76.52056100054152, 38.948663000450928 ], [ -76.520743999636323, 38.948361000073007 ], [ -76.520870999810725, 38.947910000643247 ], [ -76.520892000456215, 38.947515000703987 ], [ -76.520933999761283, 38.947372000477174 ], [ -76.521155498426396, 38.947119500695877 ], [ -76.521299999564349, 38.947031999329099 ], [ -76.521609999465284, 38.946933000309926 ], [ -76.521778999862235, 38.946905999951937 ], [ -76.521855999681279, 38.946851000620541 ], [ -76.52189099941927, 38.946795999729432 ], [ -76.521876999822936, 38.946657999489631 ], [ -76.52179300057486, 38.946454999242839 ], [ -76.521680000918238, 38.946350999742343 ], [ -76.521560999429866, 38.946362000279535 ], [ -76.521518999698955, 38.946395000927033 ], [ -76.521475999764249, 38.946449999591842 ], [ -76.521447999552151, 38.946653000162151 ], [ -76.52139199959035, 38.946707999626 ], [ -76.521166999596232, 38.946734999773334 ], [ -76.521117999547457, 38.946773999125064 ], [ -76.520998000250771, 38.946811999496532 ], [ -76.520871000594795, 38.946751000222754 ], [ -76.520871000514987, 38.946647000898487 ], [ -76.520949000139453, 38.946548000202412 ], [ -76.521181000554421, 38.946351000018737 ], [ -76.521575000386434, 38.946152999535116 ], [ -76.521743999996929, 38.946093000540408 ], [ -76.52196200068245, 38.945982999654539 ], [ -76.522158999686894, 38.945845999907164 ], [ -76.522411999426865, 38.945620999409478 ], [ -76.522602001081211, 38.945559999465267 ], [ -76.522912000011161, 38.945533000277074 ], [ -76.523045000548052, 38.945461000120467 ], [ -76.523199999983746, 38.945252999562697 ], [ -76.523285000702131, 38.945164999896178 ], [ -76.523424999359719, 38.94506100026021 ], [ -76.524080000281614, 38.944753000388417 ], [ -76.524212999903142, 38.944660000304729 ], [ -76.52433299883424, 38.944605000477857 ], [ -76.524467000435166, 38.94446200032106 ], [ -76.524740999796933, 38.944050998945819 ], [ -76.52482499953669, 38.943842000366686 ], [ -76.524868000169931, 38.943617000104531 ], [ -76.524881999809438, 38.943254000155306 ], [ -76.524840000600406, 38.94297400035174 ], [ -76.524720000346932, 38.942693999592151 ], [ -76.524700000009219, 38.942523999852369 ], [ -76.524734999826507, 38.942364000563238 ], [ -76.524700000318418, 38.94227100046907 ], [ -76.524635998615892, 38.942194000271151 ], [ -76.52449600031602, 38.942122999506985 ], [ -76.523870000473721, 38.942001999755519 ], [ -76.523630999811118, 38.941903000081858 ], [ -76.523490000642767, 38.941793001115244 ], [ -76.523490000330213, 38.941742999926454 ], [ -76.52359599955382, 38.941649999442241 ], [ -76.523666000347433, 38.941534999568312 ], [ -76.523715000735507, 38.941402999890549 ], [ -76.52379999931064, 38.941323000167706 ], [ -76.523918999779269, 38.94124899974512 ], [ -76.52410200088633, 38.941193999983774 ], [ -76.524200999543396, 38.941144999961409 ], [ -76.524440000196549, 38.940947000153379 ], [ -76.524537999815379, 38.940908999556811 ], [ -76.524735000408981, 38.940870999672271 ], [ -76.52490400022775, 38.940871000244222 ], [ -76.525170999831388, 38.940915000319137 ], [ -76.525319000539781, 38.940964000021758 ], [ -76.525593000211558, 38.941111999939338 ], [ -76.525776000354995, 38.941261000238768 ], [ -76.525874000205988, 38.94140400002378 ], [ -76.525981499775384, 38.941658001141548 ], [ -76.526155999703334, 38.941924999942408 ], [ -76.526232999249771, 38.94208499962069 ], [ -76.526590999732676, 38.943002000728072 ], [ -76.526738999520688, 38.943535000482768 ], [ -76.526907000884279, 38.944320000094656 ], [ -76.52703300059305, 38.944764999967852 ], [ -76.527215999473086, 38.945122000096482 ], [ -76.527292998880171, 38.945324999666418 ], [ -76.527258000155697, 38.945474000357137 ], [ -76.527075000355509, 38.945507000227792 ], [ -76.526900000657534, 38.945297999814407 ], [ -76.526800998996166, 38.945281000216802 ], [ -76.526667499061105, 38.945313999826162 ], [ -76.526625000413944, 38.945441000270542 ], [ -76.526723998981055, 38.94562199978548 ], [ -76.526776500030294, 38.945910001070835 ], [ -76.526850000396152, 38.945934999626914 ], [ -76.526919999806253, 38.945923999905013 ], [ -76.527159999207129, 38.945584000173078 ], [ -76.527300000360384, 38.945544999669373 ], [ -76.527328000213828, 38.945577999864781 ], [ -76.527300000605237, 38.945792000162825 ], [ -76.527172999879809, 38.946111000160066 ], [ -76.527040000370903, 38.946340999751946 ], [ -76.527012000103795, 38.946439999600152 ], [ -76.526933999690456, 38.946582999536091 ], [ -76.526786000005373, 38.946659999794079 ], [ -76.526547000004712, 38.946686999557443 ], [ -76.526435000272187, 38.946803000204177 ], [ -76.526370999335782, 38.94694549975258 ], [ -76.526322000193048, 38.947253000261775 ], [ -76.526370999770563, 38.947396000857331 ], [ -76.526512000071804, 38.947532999751118 ], [ -76.52682099894885, 38.947757999707697 ], [ -76.527101999609116, 38.947999999729795 ], [ -76.527172999492123, 38.948083000233702 ], [ -76.527229000291442, 38.948198000924798 ], [ -76.527201000185428, 38.948363000813927 ], [ -76.527073999860036, 38.948455999685862 ], [ -76.527053000485253, 38.948500000029895 ], [ -76.527052999554641, 38.948549000305306 ], [ -76.527531000036205, 38.948993999439729 ], [ -76.527558999740492, 38.949049000758514 ], [ -76.527566000225903, 38.949092999032978 ], [ -76.527403999870188, 38.949164999665953 ], [ -76.527361999894836, 38.949241000366577 ], [ -76.527221000326421, 38.949334999473891 ], [ -76.526833999624714, 38.949450000597302 ], [ -76.526777999712181, 38.949543000018913 ], [ -76.526806500240951, 38.949583500023067 ], [ -76.526876999805978, 38.949631000166022 ], [ -76.527045000518129, 38.949659000617871 ], [ -76.527228000337985, 38.949637000028922 ], [ -76.527579999576687, 38.949626000427614 ], [ -76.527714000236671, 38.949544000627426 ], [ -76.527776999499636, 38.949324000743395 ], [ -76.527903999479065, 38.949220000066049 ], [ -76.527995000417548, 38.949071000202203 ], [ -76.528087000100896, 38.948971999996552 ], [ -76.528170999812801, 38.948780000775386 ], [ -76.5281430011227, 38.948637999210128 ], [ -76.52814300055303, 38.94849500081142 ], [ -76.528184999720793, 38.948351999864656 ], [ -76.528177999355421, 38.948236999233629 ], [ -76.527959999591275, 38.948032999622484 ], [ -76.527910999670041, 38.94787400080812 ], [ -76.527903999501049, 38.947730999343001 ], [ -76.528023999606475, 38.947280999972833 ], [ -76.528123000926158, 38.947049999974574 ], [ -76.528355000051832, 38.946681999899063 ], [ -76.528503000324704, 38.946495999620893 ], [ -76.528671000915082, 38.946429999623952 ], [ -76.528840000033938, 38.946429999854409 ], [ -76.528888999709139, 38.94644100020907 ], [ -76.529030000616643, 38.946522999797978 ], [ -76.52906500060196, 38.946742999814603 ], [ -76.529113999422449, 38.946786999640167 ], [ -76.529164000727903, 38.946808999565 ], [ -76.529375000369683, 38.946742999677291 ], [ -76.529704998841268, 38.946512000207903 ], [ -76.529635000662381, 38.946331000163688 ], [ -76.529550999445206, 38.946292999820685 ], [ -76.529170999342881, 38.946375000332246 ], [ -76.529093000441691, 38.946358999827879 ], [ -76.529051000728785, 38.946325999517057 ], [ -76.52901600099338, 38.946248999735644 ], [ -76.529241000708723, 38.946232000035899 ], [ -76.529360999189336, 38.94619400022561 ], [ -76.529600000637188, 38.946155000037905 ], [ -76.530366000548639, 38.946089999803768 ], [ -76.530753000218397, 38.946002000495596 ], [ -76.531140000181821, 38.945854000360036 ], [ -76.531639999899554, 38.945590000145195 ], [ -76.531966999206887, 38.945489000521285 ], [ -76.532083000144496, 38.945480000677875 ], [ -76.532195000562353, 38.945574000273595 ], [ -76.532321999764235, 38.945842999290235 ], [ -76.532385001071773, 38.946101000552154 ], [ -76.532508499913845, 38.946421499858637 ], [ -76.532531999644689, 38.946821000092811 ], [ -76.532708000178019, 38.947237999828552 ], [ -76.532547500580606, 38.947324999945664 ], [ -76.532580999902592, 38.947502000256044 ], [ -76.532594999871392, 38.947880999835284 ], [ -76.532574000310973, 38.948402001116065 ], [ -76.532616000777637, 38.948682000419794 ], [ -76.532595000394238, 38.948830999983663 ], [ -76.532319998919277, 38.949753000174027 ], [ -76.532249999765597, 38.949791999417712 ], [ -76.532236000696059, 38.949902000742881 ], [ -76.532060000842492, 38.950253000259835 ], [ -76.532003999975814, 38.950642999813169 ], [ -76.532045000646264, 38.951912000240895 ], [ -76.532136999959832, 38.952252000033013 ], [ -76.532256000306333, 38.95250999990327 ], [ -76.532515999594679, 38.952872999564541 ], [ -76.532621999779224, 38.953054000098618 ], [ -76.532663999815568, 38.953164000051018 ], [ -76.532677999756231, 38.953296000051715 ], [ -76.532670999681599, 38.953410999257166 ], [ -76.532593000396375, 38.95343300031805 ], [ -76.532480999465562, 38.953372999848426 ], [ -76.532381999690173, 38.953229999350967 ], [ -76.532206999034472, 38.95283500034347 ], [ -76.532058999806651, 38.952714000148688 ], [ -76.531924999753841, 38.952663999570561 ], [ -76.531743000206347, 38.952559999493076 ], [ -76.531587999870865, 38.952597999334614 ], [ -76.531574000325733, 38.952641999667357 ], [ -76.531743000509877, 38.952756999431756 ], [ -76.531854999952841, 38.95280099991745 ], [ -76.531841000538563, 38.952844999379636 ], [ -76.53177799983284, 38.952932999554072 ], [ -76.53145399892621, 38.953201999969771 ], [ -76.53099000084768, 38.953503999592861 ], [ -76.53087700029775, 38.953553999492236 ], [ -76.530749999428238, 38.953586999215005 ], [ -76.530229999203215, 38.953641000752327 ], [ -76.530060999965357, 38.953695999704784 ], [ -76.529940999692585, 38.953860999560959 ], [ -76.53001200007256, 38.954009000027547 ], [ -76.530574000979712, 38.95447099999744 ], [ -76.530806000170529, 38.954701000106105 ], [ -76.530806000577968, 38.954855000250106 ], [ -76.530595000738629, 38.95499800007363 ], [ -76.530426000667163, 38.955080000378793 ], [ -76.530320999319272, 38.955185000126164 ], [ -76.530272001123038, 38.955284000001953 ], [ -76.530263999494693, 38.955404000069173 ], [ -76.530341999393031, 38.955755999829528 ], [ -76.530328000327799, 38.95581599978312 ], [ -76.530215000441359, 38.955877000076967 ], [ -76.530010999402876, 38.955878999815653 ], [ -76.529082999577398, 38.955744999931383 ], [ -76.528674999508567, 38.955771999818914 ], [ -76.528562000334816, 38.955821000256961 ], [ -76.528414000175687, 38.955942000354881 ], [ -76.528126000493501, 38.95629400031973 ], [ -76.527992000776337, 38.956584999535636 ], [ -76.527917999793573, 38.956887499537316 ], [ -76.527781000283099, 38.957123000143156 ], [ -76.527577000423051, 38.957352999610059 ], [ -76.527485000693872, 38.957561999748215 ], [ -76.527429000473674, 38.957590000278422 ], [ -76.527070000630999, 38.957595000494635 ], [ -76.525937999486558, 38.957699000460103 ], [ -76.525662999332937, 38.957649000224514 ], [ -76.525500999747322, 38.957561000306583 ], [ -76.525087000476915, 38.957155000645024 ], [ -76.524755999736371, 38.956902001057351 ], [ -76.524742000413099, 38.956780999385003 ], [ -76.524862000620516, 38.956544999900778 ], [ -76.524882999968312, 38.956419001179704 ], [ -76.524861999851808, 38.956325999751094 ], [ -76.524686000705714, 38.956045000166739 ], [ -76.524502998822328, 38.955875000177791 ], [ -76.524428499971606, 38.955858000122539 ], [ -76.524335000922719, 38.955853000263453 ], [ -76.524158999894752, 38.956182999952482 ], [ -76.523772001146483, 38.956236999688414 ], [ -76.523455000363185, 38.956313999921306 ], [ -76.522926999577692, 38.956527999245885 ], [ -76.522639000189699, 38.956572000779303 ], [ -76.522555000150689, 38.956555999407769 ], [ -76.522343999490431, 38.956402000406655 ], [ -76.522090000467884, 38.956362999288828 ], [ -76.521950000611625, 38.95641300092219 ], [ -76.521591000482246, 38.956620999995287 ], [ -76.521324000521361, 38.956682000166815 ], [ -76.520852000205451, 38.95670299942217 ], [ -76.520423001009888, 38.956669999429288 ], [ -76.52031400003932, 38.95672849955244 ], [ -76.52028900119052, 38.956786000213548 ], [ -76.520381000066962, 38.95686199945159 ], [ -76.520684499463442, 38.956959000520143 ], [ -76.520852000273123, 38.957054999416115 ], [ -76.521013998956235, 38.957104000398907 ], [ -76.521147998883578, 38.957109999363794 ], [ -76.521654000428668, 38.956950999829658 ], [ -76.521921000012952, 38.956900999943919 ], [ -76.522179500109047, 38.956906500510591 ], [ -76.522335999574238, 38.956950999117893 ], [ -76.522695000024839, 38.957098999252473 ], [ -76.522962000304062, 38.957078000390581 ], [ -76.523172999909832, 38.956994999346811 ], [ -76.523237000201817, 38.957000999584984 ], [ -76.523292999491119, 38.95702299938845 ], [ -76.523328000091638, 38.95707800045156 ], [ -76.523434000903464, 38.957402000221578 ], [ -76.523559999021558, 38.957494999204641 ], [ -76.523875999299406, 38.957534000070993 ], [ -76.524091000037757, 38.957534000701692 ], [ -76.524234999205419, 38.957534000306872 ], [ -76.524452999780848, 38.957593999303 ], [ -76.524617499439913, 38.957668000104434 ], [ -76.524892999895812, 38.95790300007895 ], [ -76.525072000534095, 38.958093999667014 ], [ -76.525641999866593, 38.958621000483063 ], [ -76.525845999471571, 38.958742000651348 ], [ -76.526035000326488, 38.958802999697809 ], [ -76.52620400082634, 38.958781000657048 ], [ -76.526493999838564, 38.958585499996836 ], [ -76.526611999512383, 38.958560999378072 ], [ -76.526690000219389, 38.958583000135711 ], [ -76.526788000545167, 38.958682000742137 ], [ -76.526809000016925, 38.958737000816143 ], [ -76.52684400011411, 38.959001000605255 ], [ -76.526928999492853, 38.959182000390307 ], [ -76.527189000318629, 38.959424000090493 ], [ -76.527224000779867, 38.959484000494626 ], [ -76.527301000287338, 38.959753000210242 ], [ -76.527301000558012, 38.960142999901763 ], [ -76.527384998982427, 38.960341000370647 ], [ -76.527561000307102, 38.960521999897445 ], [ -76.527609999884035, 38.960609999815659 ], [ -76.527603000224786, 38.960873999829857 ], [ -76.52767699900474, 38.960877000388699 ], [ -76.52778600013086, 38.960790999885582 ], [ -76.527863999504973, 38.960659999775899 ], [ -76.527891999559941, 38.960560999980089 ], [ -76.527829000054112, 38.960220000141412 ], [ -76.527850000062642, 38.96005600006032 ], [ -76.527963000277865, 38.959721000559306 ], [ -76.527956000336317, 38.959582999985074 ], [ -76.527787000453515, 38.959375000552768 ], [ -76.527660000207717, 38.958974000268846 ], [ -76.527828999984479, 38.958737000393747 ], [ -76.527914000052647, 38.958512000812426 ], [ -76.528145999577916, 38.958292999529405 ], [ -76.52837800021139, 38.958187999739749 ], [ -76.528512000048764, 38.958083999732203 ], [ -76.528582000126477, 38.957984999732687 ], [ -76.52870200039402, 38.957660999840016 ], [ -76.528877999725012, 38.957550999761146 ], [ -76.529109999647744, 38.957579000954148 ], [ -76.529215999745915, 38.957633999691986 ], [ -76.529307001154493, 38.957721999608879 ], [ -76.529498499958862, 38.958245500554355 ], [ -76.529622999428398, 38.958392000295156 ], [ -76.529912000902755, 38.958623000586954 ], [ -76.530002999950057, 38.958742999488642 ], [ -76.530135999208227, 38.959001999724016 ], [ -76.530270000261197, 38.959134000107767 ], [ -76.531071999980639, 38.959770999214918 ], [ -76.531254999661414, 38.959863999497742 ], [ -76.531449000310062, 38.959851499646362 ], [ -76.531494000289655, 38.959820000214719 ], [ -76.531514999646973, 38.959705000554948 ], [ -76.53146599952666, 38.959601000693816 ], [ -76.531276000258146, 38.959425000122827 ], [ -76.530944500166711, 38.9589670000436 ], [ -76.530473999363252, 38.958402999581452 ], [ -76.530404000891153, 38.958254999965185 ], [ -76.530383000771877, 38.958160999663001 ], [ -76.530417999009231, 38.958046000532413 ], [ -76.530509999289052, 38.95796899972823 ], [ -76.530862000808781, 38.957831999815362 ], [ -76.530980999598128, 38.957683999324225 ], [ -76.531080000756234, 38.957518999869293 ], [ -76.531247999202748, 38.957381999362603 ], [ -76.531374999899484, 38.957342999515383 ], [ -76.531705999975642, 38.957282999395346 ], [ -76.531832000132852, 38.957211999981588 ], [ -76.531951999559624, 38.957079999584927 ], [ -76.532029000193518, 38.956898999741192 ], [ -76.532043999600631, 38.956722999983562 ], [ -76.532044000498999, 38.956564000260386 ], [ -76.531973000407092, 38.956141000460121 ], [ -76.532072000116003, 38.95596499999165 ], [ -76.53233900005381, 38.955883000197623 ], [ -76.532579000402208, 38.955761999966633 ], [ -76.53262099942755, 38.955685000263614 ], [ -76.532655999341699, 38.955531000442285 ], [ -76.532522999947034, 38.954927000736099 ], [ -76.532585999829408, 38.954767999708466 ], [ -76.532726999573228, 38.954673999621221 ], [ -76.532804000268754, 38.95451499947665 ], [ -76.532775999537307, 38.954382999425391 ], [ -76.532685000235091, 38.954284999248898 ], [ -76.532488000254745, 38.954164000157242 ], [ -76.532459999969745, 38.954098000856334 ], [ -76.532480999468689, 38.954059000151098 ], [ -76.532530000338056, 38.95403200067458 ], [ -76.533177000149635, 38.953779000878583 ], [ -76.534126999365469, 38.95379099964704 ], [ -76.534267000771166, 38.95383399954693 ], [ -76.534443000545593, 38.953921999884244 ], [ -76.53448499968151, 38.953976999356563 ], [ -76.534498999799666, 38.95407100083905 ], [ -76.53433800080299, 38.954213000250974 ], [ -76.534323000884342, 38.954350999396176 ], [ -76.534401000726973, 38.954482999109601 ], [ -76.534527000472409, 38.95456000092026 ], [ -76.53473099868873, 38.954593000784108 ], [ -76.534816000226101, 38.954581999272385 ], [ -76.53496300055194, 38.954542999437898 ], [ -76.535076000017611, 38.954433000667557 ], [ -76.535196000568376, 38.954180999840887 ], [ -76.5353580001251, 38.954026999558486 ], [ -76.535716000558907, 38.953812999809493 ], [ -76.535963000020885, 38.95358200012933 ], [ -76.536046999353985, 38.953471999709777 ], [ -76.536124999604269, 38.953323999678922 ], [ -76.536187999526931, 38.953098999467116 ], [ -76.536208999924497, 38.952928999959191 ], [ -76.536167000030844, 38.952885000333566 ], [ -76.535737999799409, 38.952742000091604 ], [ -76.53551299985439, 38.952642999648802 ], [ -76.53541399996071, 38.952554999719979 ], [ -76.535351000353927, 38.952434000034835 ], [ -76.535245999993677, 38.952329999735319 ], [ -76.535091000317948, 38.952280000381535 ], [ -76.534808999524429, 38.952285999753059 ], [ -76.534668999230846, 38.952236000064929 ], [ -76.534633999247191, 38.952187000157409 ], [ -76.534648000897121, 38.952126999673297 ], [ -76.534823998928402, 38.951922999794206 ], [ -76.535007000520622, 38.95176400007847 ], [ -76.535350000721422, 38.951563500258956 ], [ -76.535472000369666, 38.951499000368351 ], [ -76.535653999346565, 38.95147900049146 ], [ -76.535891000231558, 38.951668999728767 ], [ -76.536040999772553, 38.951715000083709 ], [ -76.536462999782216, 38.951670999726325 ], [ -76.536730000919079, 38.951731999876898 ], [ -76.537594999855628, 38.952023000002086 ], [ -76.537813000610157, 38.952143999685013 ], [ -76.537961000299276, 38.952264999783566 ], [ -76.537996000887361, 38.952351999661445 ], [ -76.537939000164528, 38.952539000171527 ], [ -76.537945499137152, 38.952654999808097 ], [ -76.538023999017085, 38.952818999590463 ], [ -76.538326000780657, 38.952984000132318 ], [ -76.53837499979258, 38.953093999513762 ], [ -76.538121999011963, 38.953330000036516 ], [ -76.538087000042538, 38.953422999441706 ], [ -76.538164000145684, 38.953560999485127 ], [ -76.538290999178898, 38.953702999377782 ], [ -76.538543999999035, 38.953889999738848 ], [ -76.538613999585309, 38.953994499390049 ], [ -76.538536999479049, 38.954103999563216 ], [ -76.538381999939247, 38.9542309995078 ], [ -76.538284000622241, 38.954346000892798 ], [ -76.538219999744925, 38.954504999196629 ], [ -76.538226499168857, 38.954657000768776 ], [ -76.538305000322111, 38.954762999830017 ], [ -76.538494000005386, 38.954873000586318 ], [ -76.538726999944814, 38.954949999475836 ], [ -76.53876899956704, 38.954999999535048 ], [ -76.538683999474713, 38.955141999289566 ], [ -76.538388999970948, 38.955269000752324 ], [ -76.538205999985735, 38.955400999442325 ], [ -76.538093000170406, 38.955520999603436 ], [ -76.537984499683319, 38.955568000011091 ], [ -76.537984500148568, 38.955644999139899 ], [ -76.53817799930323, 38.955571000386222 ], [ -76.5382830003892, 38.955702999600653 ], [ -76.538290000074937, 38.955856000335814 ], [ -76.538233999891716, 38.956229998946498 ], [ -76.538134999521588, 38.956642000648259 ], [ -76.538107000028134, 38.95694400039671 ], [ -76.538114000412776, 38.957240000086145 ], [ -76.538141999963017, 38.957393999894897 ], [ -76.538346000052286, 38.957833999941819 ], [ -76.538464999819254, 38.957931999830656 ], [ -76.53867700020183, 38.95803099986923 ], [ -76.538747000114199, 38.958113999952509 ], [ -76.538711999952952, 38.958217999585472 ], [ -76.538661999295414, 38.958273000221162 ], [ -76.538346000280342, 38.958398999833449 ], [ -76.538092999711125, 38.958552999592669 ], [ -76.537782999936383, 38.958640999739274 ], [ -76.537473000474918, 38.958837999497348 ], [ -76.537501000421798, 38.958991999415751 ], [ -76.537853000142249, 38.959206999636471 ], [ -76.537994000320964, 38.959376999872077 ], [ -76.53813399954133, 38.959590999173813 ], [ -76.53813400017971, 38.959727999407924 ], [ -76.538105999945373, 38.959777999671488 ], [ -76.537936999893745, 38.959865999533065 ], [ -76.537396000609618, 38.960080000899488 ], [ -76.537255000437469, 38.960162000175401 ], [ -76.537107000542491, 38.960331999579431 ], [ -76.537114, 38.96049200065849 ], [ -76.537227000299126, 38.960672999144137 ], [ -76.537282999906438, 38.960722000201152 ], [ -76.537535999643595, 38.960809999497371 ], [ -76.537641999623204, 38.960876000546357 ], [ -76.537725999477999, 38.960904000089414 ], [ -76.537880999911437, 38.961034999953782 ], [ -76.537881000369012, 38.961107000255531 ], [ -76.537795999762636, 38.961200000000545 ], [ -76.537535999668606, 38.961392000578286 ], [ -76.537381000125791, 38.961453000163303 ], [ -76.537262000625248, 38.961523999880086 ], [ -76.537184000419302, 38.96162300033189 ], [ -76.537184000497263, 38.961770999734966 ], [ -76.537282999642414, 38.962002000396126 ], [ -76.537260999904362, 38.962172000343351 ], [ -76.537183999961385, 38.962352999813504 ], [ -76.537219000047358, 38.962501999826863 ], [ -76.5373879994888, 38.962622999657711 ], [ -76.537515000913785, 38.96268900009882 ], [ -76.537556999856363, 38.962782000139811 ], [ -76.537422999406232, 38.962924999510875 ], [ -76.537339000036098, 38.963127999526627 ], [ -76.537175000001696, 38.96332900098222 ], [ -76.537119749621382, 38.963487500685346 ], [ -76.53705049966517, 38.963976499706163 ], [ -76.536965000028488, 38.964160000278682 ], [ -76.536937041834079, 38.9641958545593 ], [ -76.53676099982539, 38.964450999337075 ], [ -76.536705000302689, 38.964594000560325 ], [ -76.53674699994302, 38.964802999764224 ], [ -76.536852999636892, 38.964961999298986 ], [ -76.537021000486249, 38.965094000242082 ], [ -76.537281999385684, 38.96522000007225 ], [ -76.537373000045733, 38.965325000386393 ], [ -76.537500499637545, 38.965533500642323 ], [ -76.537704001034427, 38.965785999911532 ], [ -76.537668000798917, 38.965939999655937 ], [ -76.537597999143856, 38.966011000620092 ], [ -76.537492999156328, 38.966044000073047 ], [ -76.537359000116439, 38.966153999879019 ], [ -76.537294999375561, 38.9663239992678 ], [ -76.536944000201402, 38.966643000302021 ], [ -76.536753999346871, 38.966703000131083 ], [ -76.536584999654451, 38.966790999792295 ], [ -76.536542153307281, 38.966934423249128 ], [ -76.536537499804979, 38.966950000078818 ], [ -76.536710999493323, 38.967004999912227 ], [ -76.536831000044913, 38.967004999646988 ], [ -76.536978999256675, 38.967005000225441 ], [ -76.537294999230326, 38.966945000512553 ], [ -76.537604999415095, 38.966807999785658 ], [ -76.537746001069706, 38.966818999758502 ], [ -76.537823000825355, 38.966901000037737 ], [ -76.537901999428783, 38.96710400034101 ], [ -76.537963999577329, 38.967264000478814 ], [ -76.53811099900706, 38.967532999678987 ], [ -76.538217000818676, 38.96762100029698 ], [ -76.538279998878593, 38.967603999857936 ], [ -76.538321999020027, 38.967493999770852 ], [ -76.538421000273999, 38.967279999773027 ], [ -76.538456000336623, 38.967120999858018 ], [ -76.538597000772995, 38.966714000109803 ], [ -76.538659999792685, 38.966396000433413 ], [ -76.538646000895142, 38.966094000269244 ], [ -76.53860399934895, 38.965995000214377 ], [ -76.538590000014949, 38.965753000208601 ], [ -76.538491999015505, 38.965654000725806 ], [ -76.538392999447879, 38.96551200030401 ], [ -76.538223999006419, 38.965329999196477 ], [ -76.538042000900802, 38.964917999910746 ], [ -76.537739000080677, 38.964505999444071 ], [ -76.537725000287679, 38.964450999381761 ], [ -76.537752999595583, 38.964402000072994 ], [ -76.537850999433076, 38.964330999760492 ], [ -76.538091000151553, 38.964313999819382 ], [ -76.53828099917051, 38.964341999621467 ], [ -76.538435999256777, 38.964430000804114 ], [ -76.538576000820555, 38.964654999439979 ], [ -76.538765999827618, 38.964769999418444 ], [ -76.538983999228705, 38.965001000267321 ], [ -76.539462999606116, 38.965270000162782 ], [ -76.539602999984552, 38.965325000715367 ], [ -76.539806999489855, 38.965364000103918 ], [ -76.539976000521548, 38.965269999829822 ], [ -76.539983000318145, 38.96518200035915 ], [ -76.539912999719007, 38.965033999523961 ], [ -76.539722999942924, 38.964831000530594 ], [ -76.539336000216579, 38.964473999317811 ], [ -76.538844000901719, 38.963912999992786 ], [ -76.538491999248379, 38.963594999600723 ], [ -76.538456999803799, 38.963451999587477 ], [ -76.538568999514453, 38.963341999959418 ], [ -76.538794999981718, 38.963226999876426 ], [ -76.538823000893146, 38.963122999731773 ], [ -76.538794999663168, 38.962924999803356 ], [ -76.538885999978859, 38.962765999801427 ], [ -76.539047999929906, 38.962655999593842 ], [ -76.539083000612905, 38.962595000485635 ], [ -76.539104000104999, 38.962474999928276 ], [ -76.539096999766542, 38.962254999715391 ], [ -76.538936000479609, 38.961794000434082 ], [ -76.538873000315107, 38.961354000360622 ], [ -76.538866000007516, 38.961172999115604 ], [ -76.538936000083424, 38.960761000811289 ], [ -76.538894000662893, 38.960541000320006 ], [ -76.538908000139699, 38.96036599946148 ], [ -76.539097999683165, 38.960156999469007 ], [ -76.539097999769155, 38.959969999191252 ], [ -76.539197000131253, 38.959607999719303 ], [ -76.53908400062565, 38.959355000995068 ], [ -76.539111999696416, 38.959321999291255 ], [ -76.539316001047141, 38.959299999463688 ], [ -76.539442999989888, 38.959262000703312 ], [ -76.539702999370419, 38.959140999846959 ], [ -76.53990000047817, 38.959008999930973 ], [ -76.539941999671669, 38.95896000019922 ], [ -76.540111000833946, 38.95850399998978 ], [ -76.540110999935536, 38.958350000034102 ], [ -76.539957000634502, 38.958179999827301 ], [ -76.539963999092151, 38.958130000257668 ], [ -76.539992000146455, 38.958081000374229 ], [ -76.540126000101765, 38.957982000283188 ], [ -76.540258999912993, 38.957805999724513 ], [ -76.540385999765718, 38.957762000367026 ], [ -76.540505000668588, 38.957800999626556 ], [ -76.540583000071138, 38.957922000343395 ], [ -76.540632000696107, 38.958021000327562 ], [ -76.540737000411752, 38.958503999509368 ], [ -76.540856999897343, 38.958629999784797 ], [ -76.54094100023724, 38.958783999851967 ], [ -76.541026000538579, 38.958871999432617 ], [ -76.541186999563621, 38.958975999696797 ], [ -76.54146899936589, 38.959059000171301 ], [ -76.541687000182279, 38.959081000256759 ], [ -76.541911999501579, 38.959081000084367 ], [ -76.542150999739675, 38.959047999887574 ], [ -76.542208000380029, 38.958988000314825 ], [ -76.54219999955555, 38.9588670000661 ], [ -76.541821000212451, 38.958521000192412 ], [ -76.541603000254653, 38.958393999655762 ], [ -76.541517999437971, 38.95831699970865 ], [ -76.541532000299512, 38.958212999789616 ], [ -76.541652000325342, 38.958092000465371 ], [ -76.541820999799825, 38.957960000139948 ], [ -76.542087999610544, 38.957823000023431 ], [ -76.542502999677339, 38.957708000421924 ], [ -76.542651000156553, 38.957636999808201 ], [ -76.542834001000955, 38.957582000515778 ], [ -76.543024001020356, 38.957559999843383 ], [ -76.543431999904115, 38.957560000213732 ], [ -76.543635998840742, 38.957487999986 ], [ -76.543685000461693, 38.95745499988918 ], [ -76.543733999785772, 38.957307000663171 ], [ -76.543712999276096, 38.95724099993069 ], [ -76.543664000450107, 38.957197000071822 ], [ -76.543480999837385, 38.957119999151004 ], [ -76.543030999948186, 38.957082000516934 ], [ -76.542861999462261, 38.957038000570492 ], [ -76.542714000042778, 38.956917000555926 ], [ -76.542622999948051, 38.956779999258615 ], [ -76.542552999932582, 38.956757999900155 ], [ -76.542250000434876, 38.956917000033542 ], [ -76.542052999718805, 38.956983000459786 ], [ -76.541814000935474, 38.956976999587511 ], [ -76.541729999351205, 38.95694399968923 ], [ -76.541533000337509, 38.956823999709478 ], [ -76.541455000129531, 38.956714000627748 ], [ -76.541300999733082, 38.956560000106826 ], [ -76.541152999613061, 38.956461000147435 ], [ -76.540956000555298, 38.956384000662759 ], [ -76.540499000730989, 38.956258000667972 ], [ -76.54021099975607, 38.956214000253937 ], [ -76.539886999141842, 38.956131000723452 ], [ -76.539851999984762, 38.956098000419004 ], [ -76.539886999565198, 38.956043000582191 ], [ -76.540007000785735, 38.956009999443872 ], [ -76.540111999800274, 38.955950000518364 ], [ -76.540196000695033, 38.955850999121786 ], [ -76.540197001000237, 38.955691999770607 ], [ -76.540126000459736, 38.955493999215633 ], [ -76.540105000466482, 38.955361999710014 ], [ -76.540118999937079, 38.955247000657195 ], [ -76.540161000858078, 38.955143000165243 ], [ -76.540316000765145, 38.954973000894256 ], [ -76.540633000306542, 38.954719999736135 ], [ -76.540962999708029, 38.95450000051148 ], [ -76.541033999758795, 38.954434000098793 ], [ -76.541055000388198, 38.954352000878494 ], [ -76.541040999431843, 38.953994999634311 ], [ -76.541083000850122, 38.953770000017634 ], [ -76.54122400030009, 38.953412999915358 ], [ -76.541252000007162, 38.953215000145612 ], [ -76.541252000192358, 38.95311100017144 ], [ -76.541203000628997, 38.952990000073505 ], [ -76.541005999879317, 38.952787000320519 ], [ -76.54075299911392, 38.952484999724206 ], [ -76.540451000124023, 38.952269999918101 ], [ -76.540247000049675, 38.952051000362403 ], [ -76.540029001250986, 38.95192999983373 ], [ -76.540036000157087, 38.951875000549023 ], [ -76.540085001305002, 38.95185300026931 ], [ -76.540267999786067, 38.951869000057393 ], [ -76.540865999951549, 38.95165000056091 ], [ -76.541055999894354, 38.951633000071801 ], [ -76.541253000927369, 38.951709999518371 ], [ -76.541371999813606, 38.951793000328649 ], [ -76.542075000309453, 38.95196300031143 ], [ -76.542454999826646, 38.952001999936755 ], [ -76.543523999547162, 38.951853000212949 ], [ -76.543770999355999, 38.951952000808888 ], [ -76.544706000595198, 38.951583999581231 ], [ -76.545564000259418, 38.951040999213319 ], [ -76.545740000563598, 38.95096399941729 ], [ -76.546042999790643, 38.950903999531427 ], [ -76.546253999871922, 38.951002999239158 ], [ -76.546380000205801, 38.951122999732419 ], [ -76.546513999336241, 38.95141399941577 ], [ -76.546626000415472, 38.951501999799007 ], [ -76.546900999977481, 38.951595999108406 ], [ -76.546964000636834, 38.951705999590509 ], [ -76.547076000062745, 38.952096000122999 ], [ -76.547203000019451, 38.95236499948534 ], [ -76.54749100064906, 38.952781999067632 ], [ -76.54762500071044, 38.952880999958261 ], [ -76.547864000240722, 38.952985000182018 ], [ -76.548075000597279, 38.953024000723708 ], [ -76.548413000591168, 38.953051000489431 ], [ -76.548532000219339, 38.953034999072059 ], [ -76.549530999514715, 38.953002000200613 ], [ -76.54975599954183, 38.95303499891623 ], [ -76.550135999571168, 38.953040000233706 ], [ -76.55035400036472, 38.953084000722328 ], [ -76.550543999939535, 38.953079000185696 ], [ -76.550663000142222, 38.953045999595361 ], [ -76.55086700051605, 38.953034999615028 ], [ -76.551422998769169, 38.953123000306633 ], [ -76.551557000138416, 38.953123000001916 ], [ -76.551873000484605, 38.953024000682774 ], [ -76.552273999793769, 38.952755000155129 ], [ -76.552533999659502, 38.952541000724651 ], [ -76.552661000337309, 38.952479999156651 ], [ -76.552745999804273, 38.952523999682938 ], [ -76.552850999735142, 38.952864999078081 ], [ -76.553062000707243, 38.953365000603291 ], [ -76.553377008520144, 38.953809987637378 ], [ -76.552924000533778, 38.954457000640794 ], [ -76.5526649993501, 38.954855999772484 ], [ -76.552555000390129, 38.955037000287355 ], [ -76.552328000252515, 38.955429999920263 ], [ -76.551743999271395, 38.956543999637283 ], [ -76.551557999912646, 38.956859999987167 ], [ -76.551403999588544, 38.957087999323285 ], [ -76.551238000021385, 38.957309999663444 ], [ -76.551059000299944, 38.957527000646735 ], [ -76.550867000265129, 38.957737000554026 ], [ -76.550664000487444, 38.957940000705022 ], [ -76.550423999719612, 38.958157000469299 ], [ -76.548641000951051, 38.959582000349968 ], [ -76.54835300112704, 38.959841000323124 ], [ -76.548052999862591, 38.960148000218254 ], [ -76.547724999954895, 38.960541000208643 ], [ -76.547615999666689, 38.960689999400678 ], [ -76.547415000368559, 38.960994000694818 ], [ -76.547323000283271, 38.961148999218096 ], [ -76.547157000277167, 38.961465999491239 ], [ -76.547013000507178, 38.961797999897797 ], [ -76.546955000290524, 38.961954000037515 ], [ -76.546590999501049, 38.963041000283454 ], [ -76.546372999800965, 38.963652999915958 ], [ -76.545871998865792, 38.964859999711855 ], [ -76.544580999864891, 38.967684000243025 ], [ -76.544330000538395, 38.96827400021985 ], [ -76.543426999488716, 38.970138999543991 ], [ -76.54272699954447, 38.971747000640903 ], [ -76.54204900092958, 38.973262999995548 ], [ -76.541914000033742, 38.973585999700276 ], [ -76.540746999524274, 38.975882000590268 ], [ -76.539843998966418, 38.977334999852552 ], [ -76.538875999905542, 38.978715999505958 ], [ -76.538757999138483, 38.978666999971544 ], [ -76.537361000216279, 38.978022999875478 ], [ -76.537180000462811, 38.978002999586018 ], [ -76.535796000281039, 38.977361000364269 ], [ -76.535641000155522, 38.977300000316312 ], [ -76.535444999968817, 38.977241000110347 ], [ -76.535346999441771, 38.977223000382025 ], [ -76.535250999905188, 38.977212999823607 ] ] ] } },
{ "type": "Feature", "properties": { "GEOID20": "24003706403", "ORGANIZATION_NAME": "One Annapolis, Inc", "GOC_TRACK_TYPE": "Partnership Development" }, "geometry": { "type": "Polygon", "coordinates": [ [ [ -76.507280000707581, 38.970835000467098 ], [ -76.506871999858745, 38.970802000013961 ], [ -76.506675000213889, 38.970802000589202 ], [ -76.506090999639184, 38.97071400009753 ], [ -76.506090999222735, 38.97060899944227 ], [ -76.506063000602424, 38.970559999968586 ], [ -76.505943999765122, 38.970471999871307 ], [ -76.505536000670759, 38.970422000460289 ], [ -76.505387999532388, 38.970373000516048 ], [ -76.505007499269141, 38.97007049922361 ], [ -76.504691999640798, 38.969928000336246 ], [ -76.504311999807896, 38.969839999901019 ], [ -76.504079999584803, 38.969642000450285 ], [ -76.502751000002817, 38.969300999373054 ], [ -76.502631000367955, 38.969169000115429 ], [ -76.502818498921386, 38.968964500207655 ], [ -76.502892000646497, 38.968861000185598 ], [ -76.502990000280562, 38.968373000682881 ], [ -76.503131999653121, 38.96797199994019 ], [ -76.503264999234503, 38.96774099927859 ], [ -76.503533000691718, 38.967132000078351 ], [ -76.503611000229455, 38.966851999518347 ], [ -76.503610020752134, 38.966634947504716 ], [ -76.503660999764705, 38.966507999835571 ], [ -76.503282000116485, 38.966347999788503 ], [ -76.502828000250403, 38.966346000101616 ], [ -76.502566999100708, 38.966336999654224 ], [ -76.502402999911467, 38.966313999841816 ], [ -76.502239000158553, 38.966283000355531 ], [ -76.502132999437862, 38.966251999865925 ], [ -76.501978999607985, 38.966169000279571 ], [ -76.500999000454371, 38.96499100050012 ], [ -76.501096999639941, 38.964728000051025 ], [ -76.501146999772899, 38.96456100067136 ], [ -76.501154999917958, 38.964421000385748 ], [ -76.501118000548573, 38.964289000337232 ], [ -76.501061999698038, 38.964166999576548 ], [ -76.500980000338643, 38.964055000645928 ], [ -76.500894999017234, 38.963999000271464 ], [ -76.500848000626974, 38.963627000198656 ], [ -76.500815000483215, 38.963507999085216 ], [ -76.500774000505842, 38.963433999424858 ], [ -76.500699999106644, 38.963331000469374 ], [ -76.500503000790872, 38.96309700044511 ], [ -76.500380000189651, 38.96301099976867 ], [ -76.499837999760075, 38.962386999386013 ], [ -76.499059999714262, 38.961577999981671 ], [ -76.499016000370077, 38.961525999714851 ], [ -76.498813999620509, 38.961509999940141 ], [ -76.498426000312676, 38.961492999394927 ], [ -76.498239999859337, 38.961467999417565 ], [ -76.497753000573923, 38.961333999578883 ], [ -76.497335998977022, 38.96119899963513 ], [ -76.496959000484381, 38.961066999841186 ], [ -76.496591999756021, 38.960920999585888 ], [ -76.496356999455145, 38.960873999729408 ], [ -76.497220000607527, 38.960387999657179 ], [ -76.497713000858568, 38.960100999608628 ], [ -76.498586000689698, 38.959635000417549 ], [ -76.499616999442338, 38.959068000472023 ], [ -76.502479999282528, 38.957421999871293 ], [ -76.504103999623112, 38.956532999883549 ], [ -76.5055479996022, 38.955718000349066 ], [ -76.50561299973225, 38.955654000317338 ], [ -76.50567500030553, 38.95556899980442 ], [ -76.507402000055123, 38.956626000234145 ], [ -76.50838299974923, 38.957276000432451 ], [ -76.508725000250138, 38.957581999991156 ], [ -76.509887999209454, 38.959184999878211 ], [ -76.510246999028567, 38.95989199963433 ], [ -76.510344999540266, 38.960150999419781 ], [ -76.510519999947078, 38.960547000306008 ], [ -76.510843000321074, 38.961246000074304 ], [ -76.511091000209873, 38.961719000037938 ], [ -76.511231999636081, 38.961963000525827 ], [ -76.511383000115345, 38.962202999659517 ], [ -76.511708000486237, 38.962637000161394 ], [ -76.512049999887395, 38.963054999696141 ], [ -76.512466001234358, 38.963537999527311 ], [ -76.512771000073741, 38.963861999586065 ], [ -76.512822999466522, 38.965091999341205 ], [ -76.512881000791197, 38.966724998934232 ], [ -76.512872000605668, 38.966872999635022 ], [ -76.512897999353271, 38.967197000364287 ], [ -76.512893999554606, 38.967336999927241 ], [ -76.512818000006746, 38.967604000439373 ], [ -76.512754000257928, 38.967718000468395 ], [ -76.512624000484053, 38.967920000226592 ], [ -76.512147000499198, 38.968461999646529 ], [ -76.511354999900391, 38.969414999694088 ], [ -76.511159999351577, 38.969684999676673 ], [ -76.51105899934943, 38.96984199956043 ], [ -76.510946999898053, 38.970047000385087 ], [ -76.510686000324256, 38.970638000639056 ], [ -76.510231000277159, 38.971764000102169 ], [ -76.509785000134144, 38.971609999865336 ], [ -76.509495999730319, 38.971473000424758 ], [ -76.508891000771968, 38.971219999807118 ], [ -76.508434000331491, 38.971071999998038 ], [ -76.50787799952235, 38.970940000460082 ], [ -76.507280000707581, 38.970835000467098 ] ] ] } },
{ "type": "Feature", "properties": { "GEOID20": "24003706404", "ORGANIZATION_NAME": "One Annapolis, Inc", "GOC_TRACK_TYPE": "Partnership Development" }, "geometry": { "type": "Polygon", "coordinates": [ [ [ -76.492418999307858, 38.95024100006583 ], [ -76.492569000752198, 38.950091999879284 ], [ -76.493338999990598, 38.950409999783112 ], [ -76.493937999865608, 38.950614999758102 ], [ -76.494274000284221, 38.950712000557559 ], [ -76.494509999949514, 38.950823999447046 ], [ -76.498614999604683, 38.95181199946083 ], [ -76.499135000963662, 38.951968000126662 ], [ -76.499653000915927, 38.952144999303769 ], [ -76.500066000555393, 38.95231399996689 ], [ -76.500364000276051, 38.952458999406645 ], [ -76.500733000034302, 38.952663000069705 ], [ -76.501198999677314, 38.952927999462595 ], [ -76.501712999374064, 38.953236000482832 ], [ -76.501920999397214, 38.953307999145643 ], [ -76.502535000192822, 38.953711999836031 ], [ -76.502713000283151, 38.953784000040862 ], [ -76.503305000114906, 38.954116000680749 ], [ -76.504415999495805, 38.954780000511256 ], [ -76.504969999971692, 38.955120000321635 ], [ -76.505060000617448, 38.95525100042456 ], [ -76.505541000185076, 38.955539999963122 ], [ -76.50567500030553, 38.95556899980442 ], [ -76.50561299973225, 38.955654000317338 ], [ -76.5055479996022, 38.955718000349066 ], [ -76.504103999623112, 38.956532999883549 ], [ -76.502479999282528, 38.957421999871293 ], [ -76.499616999442338, 38.959068000472023 ], [ -76.498586000689698, 38.959635000417549 ], [ -76.497713000858568, 38.960100999608628 ], [ -76.497220000607527, 38.960387999657179 ], [ -76.496356999455145, 38.960873999729408 ], [ -76.496215000414736, 38.960845999774719 ], [ -76.495971000178073, 38.960779999496779 ], [ -76.495572000206579, 38.960689001147514 ], [ -76.491051999424059, 38.959758999963249 ], [ -76.491404999123205, 38.958738999896369 ], [ -76.491534999942829, 38.958405000587021 ], [ -76.491760000047648, 38.957723000725871 ], [ -76.491839001025667, 38.957461000571179 ], [ -76.492122000398055, 38.956625000214622 ], [ -76.492390998905961, 38.955947999655386 ], [ -76.492630000377133, 38.955409999434302 ], [ -76.49307499994562, 38.954435999717518 ], [ -76.493287999652978, 38.953865000103974 ], [ -76.493517000189556, 38.953438000296963 ], [ -76.493762999805185, 38.952825999492958 ], [ -76.493747999957932, 38.952688999531738 ], [ -76.49370399953321, 38.952566999995561 ], [ -76.493574000017063, 38.952375999182408 ], [ -76.493041999540054, 38.951524999464297 ], [ -76.492360999860594, 38.95059799936535 ], [ -76.492333999836035, 38.950430000440193 ], [ -76.492336999855624, 38.950387000097649 ], [ -76.492348999859402, 38.950347999835508 ], [ -76.492382999734232, 38.950287000164494 ], [ -76.492418999307858, 38.95024100006583 ] ] ] } },
{ "type": "Feature", "properties": { "GEOID20": "24003750101", "ORGANIZATION_NAME": "Anne Arundel County Partnership for Children, Youth, and Families", "GOC_TRACK_TYPE": "Plan Development" }, "geometry": { "type": "Polygon", "coordinates": [ [ [ -76.613515999851515, 39.218158000347906 ], [ -76.614293998857491, 39.218088000421496 ], [ -76.614110000856044, 39.219625000072554 ], [ -76.613978000184233, 39.221393999447848 ], [ -76.613784000313714, 39.223540000647255 ], [ -76.613728999448583, 39.223985999841254 ], [ -76.613646998627971, 39.224898000044746 ], [ -76.61356100062838, 39.225767999799046 ], [ -76.613479999842298, 39.226616999725465 ], [ -76.613412000096034, 39.22738699909852 ], [ -76.613345999775603, 39.228363999614757 ], [ -76.613276999542961, 39.229046000247813 ], [ -76.613271000255324, 39.229265000545269 ], [ -76.613191000120068, 39.229808000241412 ], [ -76.613086000348844, 39.230117000371216 ], [ -76.612898000040389, 39.230562999477115 ], [ -76.612691999589387, 39.230986999552513 ], [ -76.612379000135121, 39.23168400062147 ], [ -76.612310999910633, 39.231875999691333 ], [ -76.61209100070684, 39.232735000608407 ], [ -76.611963999475066, 39.233332999899218 ], [ -76.611790999751719, 39.23427199996069 ], [ -76.611709000738145, 39.234347000178836 ], [ -76.611678999644766, 39.234386999819556 ], [ -76.610861999268266, 39.233687999785673 ], [ -76.610804000207963, 39.233625000064599 ], [ -76.610707999688728, 39.233540999730238 ], [ -76.609637999865896, 39.232628000266374 ], [ -76.608874000319233, 39.231797000396568 ], [ -76.60839200053735, 39.231382000382169 ], [ -76.608192000292846, 39.231121000688049 ], [ -76.608167000222494, 39.231098999561191 ], [ -76.607450999792874, 39.230463000617185 ], [ -76.606940000514626, 39.229785999516793 ], [ -76.606151998712932, 39.229083999933188 ], [ -76.605489000486656, 39.228517000104269 ], [ -76.604747000117115, 39.227940000200114 ], [ -76.604725000240748, 39.227915999684626 ], [ -76.603665000240966, 39.226708999914614 ], [ -76.601847000283669, 39.224932999636756 ], [ -76.600665000224382, 39.223733999600249 ], [ -76.600115999406086, 39.223240000225246 ], [ -76.598471000225715, 39.221760999780756 ], [ -76.597923000437035, 39.221268000267841 ], [ -76.598962000507356, 39.220845000605522 ], [ -76.601625999810381, 39.219731000017383 ], [ -76.602971999337726, 39.219193000645674 ], [ -76.603804999537203, 39.218848999721537 ], [ -76.60398700016674, 39.218785000243059 ], [ -76.604286999211539, 39.218690999834401 ], [ -76.604543999904465, 39.218619000325674 ], [ -76.604733000845201, 39.218576999583185 ], [ -76.604938000698169, 39.218541000239242 ], [ -76.605211000231165, 39.218503999747554 ], [ -76.605583000173709, 39.218475999586474 ], [ -76.606179000219285, 39.218445000216278 ], [ -76.608470999118893, 39.218363000381046 ], [ -76.61075499944964, 39.218268000391205 ], [ -76.611859000198919, 39.218216000543265 ], [ -76.613515999851515, 39.218158000347906 ] ] ] } },
{ "type": "Feature", "properties": { "GEOID20": "24003750102", "ORGANIZATION_NAME": "Anne Arundel County Partnership for Children, Youth, and Families", "GOC_TRACK_TYPE": "Plan Development" }, "geometry": { "type": "Polygon", "coordinates": [ [ [ -76.611678999644766, 39.234386999819556 ], [ -76.611709000738145, 39.234347000178836 ], [ -76.611790999751719, 39.23427199996069 ], [ -76.611963999475066, 39.233332999899218 ], [ -76.61209100070684, 39.232735000608407 ], [ -76.612310999910633, 39.231875999691333 ], [ -76.612379000135121, 39.23168400062147 ], [ -76.612691999589387, 39.230986999552513 ], [ -76.612898000040389, 39.230562999477115 ], [ -76.613086000348844, 39.230117000371216 ], [ -76.613191000120068, 39.229808000241412 ], [ -76.613271000255324, 39.229265000545269 ], [ -76.613774000382634, 39.229304000242585 ], [ -76.61474700032565, 39.229348000368724 ], [ -76.616134000051531, 39.229437000514743 ], [ -76.61956399964852, 39.229632999975621 ], [ -76.620495999848657, 39.228981000102827 ], [ -76.620715999739446, 39.228801999267851 ], [ -76.620849999226351, 39.228566999151369 ], [ -76.620940000816475, 39.22838399999349 ], [ -76.621053000155086, 39.228084999232294 ], [ -76.621105999347563, 39.227916000116529 ], [ -76.621183000183876, 39.22775799944533 ], [ -76.621325001015975, 39.227524999955399 ], [ -76.621455999455108, 39.227356999927217 ], [ -76.621761999584109, 39.227066999739939 ], [ -76.622099999175319, 39.226763000123007 ], [ -76.623657000187805, 39.225460000135115 ], [ -76.624907999111869, 39.224403000907465 ], [ -76.624766000101133, 39.226359999887329 ], [ -76.624669999406848, 39.22755600004038 ], [ -76.624625999684454, 39.22800999986498 ], [ -76.624599999655132, 39.228477999393569 ], [ -76.624565000717126, 39.228811000568676 ], [ -76.624483999978239, 39.229264000868881 ], [ -76.624433000020275, 39.229423999165981 ], [ -76.624667000540583, 39.229300000188779 ], [ -76.624991000123231, 39.229152000716653 ], [ -76.625276999738972, 39.229041999854722 ], [ -76.625644998631131, 39.228883999908454 ], [ -76.625990999983131, 39.228757000964777 ], [ -76.626254000043389, 39.228677999383514 ], [ -76.62669500003571, 39.228561999337593 ], [ -76.626921001058093, 39.228523999884366 ], [ -76.626928999954373, 39.228671999305242 ], [ -76.626893999348667, 39.22870499965628 ], [ -76.625441999663536, 39.229862000585236 ], [ -76.624687000659279, 39.230551999438454 ], [ -76.624086000066356, 39.231263999855862 ], [ -76.622421000332281, 39.232976999832076 ], [ -76.62146500002666, 39.234016999602005 ], [ -76.619777999479069, 39.236091999553246 ], [ -76.619037999562636, 39.236904999682352 ], [ -76.618812000127818, 39.237107999410867 ], [ -76.618611999311298, 39.237397999717075 ], [ -76.617932000310532, 39.237088999348181 ], [ -76.617689000205871, 39.236970000547707 ], [ -76.617657999430691, 39.236949999684597 ], [ -76.616985000615998, 39.236671000623808 ], [ -76.615158000497303, 39.23594700015655 ], [ -76.612545999395635, 39.234781999901891 ], [ -76.611695000548892, 39.234399999586536 ], [ -76.611678999644766, 39.234386999819556 ] ] ] } },
{ "type": "Feature", "properties": { "GEOID20": "24003750204", "ORGANIZATION_NAME": "Anne Arundel County Partnership for Children, Youth, and Families", "GOC_TRACK_TYPE": "Plan Development" }, "geometry": { "type": "Polygon", "coordinates": [ [ [ -76.614110000856044, 39.219625000072554 ], [ -76.614293998857491, 39.218088000421496 ], [ -76.613515999851515, 39.218158000347906 ], [ -76.611859000198919, 39.218216000543265 ], [ -76.61075499944964, 39.218268000391205 ], [ -76.608470999118893, 39.218363000381046 ], [ -76.606179000219285, 39.218445000216278 ], [ -76.605583000173709, 39.218475999586474 ], [ -76.605211000231165, 39.218503999747554 ], [ -76.604938000698169, 39.218541000239242 ], [ -76.604733000845201, 39.218576999583185 ], [ -76.604543999904465, 39.218619000325674 ], [ -76.604286999211539, 39.218690999834401 ], [ -76.60398700016674, 39.218785000243059 ], [ -76.603804999537203, 39.218848999721537 ], [ -76.602971999337726, 39.219193000645674 ], [ -76.601625999810381, 39.219731000017383 ], [ -76.598962000507356, 39.220845000605522 ], [ -76.597923000437035, 39.221268000267841 ], [ -76.597615000429158, 39.220975000503969 ], [ -76.597436999457642, 39.220806000302368 ], [ -76.596374000246442, 39.219793000371681 ], [ -76.593687000386495, 39.217306001144117 ], [ -76.59118699959815, 39.214906000605112 ], [ -76.590686999984584, 39.214506000096669 ], [ -76.590075000725193, 39.213978999676769 ], [ -76.589835999031862, 39.213755999579263 ], [ -76.589162000967832, 39.213104999409168 ], [ -76.588225999741411, 39.212256999463683 ], [ -76.587747000399929, 39.211768999318238 ], [ -76.586786999981513, 39.210706000064285 ], [ -76.585818000650605, 39.209801000274837 ], [ -76.585349999633806, 39.209281000512775 ], [ -76.584349000536847, 39.208194999720732 ], [ -76.584077000954906, 39.207921000624836 ], [ -76.584288000733878, 39.207914000728714 ], [ -76.584712999932023, 39.207883000039104 ], [ -76.585354999887954, 39.207760999433361 ], [ -76.585707999404079, 39.207677999745428 ], [ -76.586056000273658, 39.207582000186108 ], [ -76.586399000015433, 39.207472999889895 ], [ -76.586754999167766, 39.207348000537365 ], [ -76.587230000009171, 39.207166999180473 ], [ -76.588053999889269, 39.206836001018985 ], [ -76.588306000552862, 39.206743999482505 ], [ -76.588548000506947, 39.206664999362879 ], [ -76.588852999672469, 39.206575001165859 ], [ -76.589132999976826, 39.206503999523129 ], [ -76.589419000697546, 39.206443999650446 ], [ -76.589711000804925, 39.206394999698944 ], [ -76.589979999809685, 39.206359999681581 ], [ -76.590216999438155, 39.206337999989614 ], [ -76.590598000731106, 39.206320000092845 ], [ -76.591340000702033, 39.206322000301569 ], [ -76.592365999501084, 39.206374999651601 ], [ -76.594748999838046, 39.206485000304099 ], [ -76.59750800074832, 39.206626000255419 ], [ -76.60075800053464, 39.206757000392543 ], [ -76.601704000148374, 39.20679499999504 ], [ -76.60279899945948, 39.206863000660363 ], [ -76.60422399951446, 39.206943000515814 ], [ -76.604906000023163, 39.20697600027443 ], [ -76.60504899983583, 39.206979000281557 ], [ -76.605916000220617, 39.206994000269631 ], [ -76.606694000611583, 39.20698899906678 ], [ -76.607390000152108, 39.206976000459925 ], [ -76.60835700014691, 39.206924000654283 ], [ -76.609168000531042, 39.206854000909871 ], [ -76.610004999522474, 39.20676999915964 ], [ -76.611264000110054, 39.206667999177597 ], [ -76.613158000941908, 39.206467000635151 ], [ -76.614481000136195, 39.206335000056022 ], [ -76.618486999512157, 39.205929999766688 ], [ -76.618966000970374, 39.205872000193551 ], [ -76.619448000103674, 39.205792000495897 ], [ -76.619960000927477, 39.205693000331323 ], [ -76.621218999992706, 39.205398000260637 ], [ -76.622541999540331, 39.205067999962871 ], [ -76.623478000176036, 39.204816000577452 ], [ -76.626328999909944, 39.204008000586448 ], [ -76.628708999726172, 39.203312999630825 ], [ -76.629584000196743, 39.203073999998921 ], [ -76.630092999713312, 39.202949000059142 ], [ -76.63038200045699, 39.202887000244317 ], [ -76.630644999634228, 39.20283799992103 ], [ -76.630921999676232, 39.202794000053487 ], [ -76.63126999967993, 39.202751000059997 ], [ -76.631545999834316, 39.202732000378674 ], [ -76.631446000242747, 39.202972000452768 ], [ -76.631346000068788, 39.203187000132736 ], [ -76.631141000028009, 39.203592000311097 ], [ -76.63101100044733, 39.203802999571955 ], [ -76.630876000505523, 39.203986000172037 ], [ -76.630621000461929, 39.204303999528136 ], [ -76.630282998641647, 39.20464399960904 ], [ -76.630045999809042, 39.204869000086759 ], [ -76.62979899975042, 39.20508000100817 ], [ -76.629543000038197, 39.205273000601387 ], [ -76.629302999875506, 39.20543000091709 ], [ -76.629114998993003, 39.205539000348431 ], [ -76.628882999551834, 39.205663000651214 ], [ -76.628335999228014, 39.205946000771185 ], [ -76.627169000264189, 39.20644199952374 ], [ -76.62697399983297, 39.206519999917852 ], [ -76.626802000468516, 39.206599000050709 ], [ -76.626572000081524, 39.206720999694163 ], [ -76.626417999729995, 39.206810000265158 ], [ -76.626146000554186, 39.206989000077463 ], [ -76.62589000090081, 39.20718999959572 ], [ -76.62577700088238, 39.207290999625357 ], [ -76.62558200026416, 39.207496999556454 ], [ -76.625477999611476, 39.207625999954686 ], [ -76.625383999094808, 39.207758000257208 ], [ -76.625301000924011, 39.207892000218237 ], [ -76.625229999218504, 39.208026999566187 ], [ -76.625175999636127, 39.20814999983353 ], [ -76.625128000099437, 39.208284999624077 ], [ -76.625075000739969, 39.208471999891636 ], [ -76.625044999110116, 39.208610999860227 ], [ -76.625023000911455, 39.208766999701005 ], [ -76.625009000615961, 39.208945000531827 ], [ -76.624971000860384, 39.2098249991624 ], [ -76.62505500031719, 39.211906000052039 ], [ -76.625229999366368, 39.213670999711169 ], [ -76.625373999721745, 39.214814999553987 ], [ -76.625411999569664, 39.215387999151247 ], [ -76.625447999596744, 39.216845000183021 ], [ -76.625418000253248, 39.217637000324025 ], [ -76.624907999111869, 39.224403000907465 ], [ -76.623657000187805, 39.225460000135115 ], [ -76.622099999175319, 39.226763000123007 ], [ -76.621761999584109, 39.227066999739939 ], [ -76.621455999455108, 39.227356999927217 ], [ -76.621325001015975, 39.227524999955399 ], [ -76.621183000183876, 39.22775799944533 ], [ -76.621105999347563, 39.227916000116529 ], [ -76.621053000155086, 39.228084999232294 ], [ -76.620940000816475, 39.22838399999349 ], [ -76.620849999226351, 39.228566999151369 ], [ -76.620715999739446, 39.228801999267851 ], [ -76.620495999848657, 39.228981000102827 ], [ -76.61956399964852, 39.229632999975621 ], [ -76.616134000051531, 39.229437000514743 ], [ -76.61474700032565, 39.229348000368724 ], [ -76.613774000382634, 39.229304000242585 ], [ -76.613271000255324, 39.229265000545269 ], [ -76.613276999542961, 39.229046000247813 ], [ -76.613345999775603, 39.228363999614757 ], [ -76.613412000096034, 39.22738699909852 ], [ -76.613479999842298, 39.226616999725465 ], [ -76.61356100062838, 39.225767999799046 ], [ -76.613646998627971, 39.224898000044746 ], [ -76.613728999448583, 39.223985999841254 ], [ -76.613784000313714, 39.223540000647255 ], [ -76.613978000184233, 39.221393999447848 ], [ -76.614110000856044, 39.219625000072554 ] ] ] } },
{ "type": "Feature", "properties": { "GEOID20": "24005450501", "ORGANIZATION_NAME": "Community Assistance Network, Inc.", "GOC_TRACK_TYPE": "Partnership Development" }, "geometry": { "type": "Polygon", "coordinates": [ [ [ -76.448739998920828, 39.313029999809324 ], [ -76.450361000367522, 39.3121399994181 ], [ -76.450528999906112, 39.312054000228493 ], [ -76.451155999140482, 39.311789000345556 ], [ -76.451431000565023, 39.311687000306996 ], [ -76.451714000442109, 39.311565999331464 ], [ -76.451888999754942, 39.311483999614978 ], [ -76.45205399886791, 39.311392999429685 ], [ -76.452246000392876, 39.311268999342083 ], [ -76.452641000659796, 39.310956999827468 ], [ -76.454214999436516, 39.309644000170167 ], [ -76.454006000164014, 39.309481000046119 ], [ -76.452264999100265, 39.308533000112014 ], [ -76.452340999289177, 39.308391000431321 ], [ -76.452380000904824, 39.308180000053994 ], [ -76.452384001039846, 39.308076999298109 ], [ -76.452374000056352, 39.308010999700187 ], [ -76.452355000157141, 39.30795900016011 ], [ -76.452357999454009, 39.307926000260871 ], [ -76.452347000000501, 39.307883000599759 ], [ -76.452329000519839, 39.307848000418524 ], [ -76.452268000447717, 39.307787999984612 ], [ -76.452226000698872, 39.307734000703576 ], [ -76.452206999581193, 39.307636999888011 ], [ -76.452207999713934, 39.307549999808259 ], [ -76.452228999193537, 39.307294000730664 ], [ -76.452233999816997, 39.306883000209766 ], [ -76.452252999358038, 39.30675199974079 ], [ -76.452253999204657, 39.30663200105834 ], [ -76.452237000942546, 39.30650899999717 ], [ -76.452206000631918, 39.306411000107275 ], [ -76.452094000143219, 39.306231999671894 ], [ -76.451983000196634, 39.306116999454566 ], [ -76.45187800103237, 39.305939999614857 ], [ -76.451838999420758, 39.305839999518575 ], [ -76.451822999550444, 39.305657999376237 ], [ -76.451818999859725, 39.305403999485442 ], [ -76.451835000337496, 39.305305999838033 ], [ -76.451889000193418, 39.30520600030146 ], [ -76.452148999881686, 39.30485800008632 ], [ -76.452189999312395, 39.304712999757221 ], [ -76.452210000020401, 39.30443400019773 ], [ -76.452224999469905, 39.304386999784263 ], [ -76.452253999244533, 39.304350000064709 ], [ -76.45234599923684, 39.304331000316431 ], [ -76.452457000238638, 39.304336999679123 ], [ -76.452690999705865, 39.304366000052831 ], [ -76.452831001029807, 39.304389000050918 ], [ -76.452939000411604, 39.304418000407956 ], [ -76.453041000528515, 39.304460000492334 ], [ -76.453184000226187, 39.30453399998342 ], [ -76.453298999899104, 39.304569999995124 ], [ -76.453417998923811, 39.304590000207554 ], [ -76.453797000131374, 39.304606000093216 ], [ -76.454253998745287, 39.304583000359401 ], [ -76.454333000406265, 39.30458899974488 ], [ -76.454373000372954, 39.304603000516082 ], [ -76.454444000441768, 39.304678999783548 ], [ -76.454476000500378, 39.304693000306386 ], [ -76.454518999828167, 39.304692999963457 ], [ -76.454558999812505, 39.304685000407943 ], [ -76.454588000355912, 39.304666000093732 ], [ -76.454599000576295, 39.304638000458453 ], [ -76.454599000205221, 39.304599000072287 ], [ -76.454568999761207, 39.304565000190742 ], [ -76.454401000030529, 39.304427000511758 ], [ -76.454345000468294, 39.30423499929443 ], [ -76.454253998736789, 39.304134000022117 ], [ -76.454081000318084, 39.304001999152916 ], [ -76.453672000911013, 39.303670000446793 ], [ -76.453622999727983, 39.303554000044592 ], [ -76.453587999361119, 39.303460000144298 ], [ -76.45358199939497, 39.303333000475156 ], [ -76.453611000165793, 39.303228000801781 ], [ -76.453712000424247, 39.303129000799252 ], [ -76.453907000475084, 39.302982999760545 ], [ -76.453966249427168, 39.303055500223842 ], [ -76.454032000206666, 39.303061000470869 ], [ -76.454086749476829, 39.303088499382888 ], [ -76.454089499419652, 39.30315675047995 ], [ -76.453980674512394, 39.303272065120431 ], [ -76.453912000481083, 39.303293999356598 ], [ -76.453775000170509, 39.303306999224191 ], [ -76.453734250060435, 39.303333000407754 ], [ -76.453761741648123, 39.303369279500131 ], [ -76.453934000493661, 39.303349500422023 ], [ -76.454010511118739, 39.303364589780678 ], [ -76.454058748467787, 39.303348385776488 ], [ -76.45412087496004, 39.303289000575951 ], [ -76.454283000523532, 39.303278999448217 ], [ -76.454340998707409, 39.303263999045001 ], [ -76.454593999696073, 39.303153000599096 ], [ -76.454796969322004, 39.303044787028924 ], [ -76.455037999607313, 39.302908999787732 ], [ -76.45516700025594, 39.302773000686088 ], [ -76.455183000268846, 39.30272599911715 ], [ -76.455187000317181, 39.302681000151516 ], [ -76.455153000400017, 39.302635999729588 ], [ -76.45512499962399, 39.302576000561352 ], [ -76.455131999637672, 39.302518999306677 ], [ -76.455206999829457, 39.302384999830245 ], [ -76.455283999433021, 39.302332999878395 ], [ -76.455412000258335, 39.302278999675252 ], [ -76.455514999568464, 39.302245000255411 ], [ -76.455690999664412, 39.302138999434149 ], [ -76.455859001057888, 39.301957999661369 ], [ -76.455946000308487, 39.301803999739995 ], [ -76.456009000325437, 39.301736000855499 ], [ -76.456088000085643, 39.301702999557342 ], [ -76.456170000154671, 39.301687999466111 ], [ -76.456547999905311, 39.301647999789779 ], [ -76.456638000903581, 39.301625999604127 ], [ -76.456704934450087, 39.301583043585936 ], [ -76.45673199920104, 39.301518500119506 ], [ -76.456735000253616, 39.301455000164935 ], [ -76.456749999406981, 39.301411499519268 ], [ -76.4567870008201, 39.301383000147986 ], [ -76.457025999202884, 39.301317999530838 ], [ -76.45711699905678, 39.301271000162942 ], [ -76.457171000595991, 39.301214999598557 ], [ -76.457208000989496, 39.301131000360009 ], [ -76.457249999879522, 39.300843000031207 ], [ -76.457287500487851, 39.300689500040527 ], [ -76.457348999323244, 39.300643000157422 ], [ -76.457494000013583, 39.300616999910211 ], [ -76.457593998939899, 39.300572999832255 ], [ -76.457639998942085, 39.300527000231398 ], [ -76.45766799994793, 39.300471000109397 ], [ -76.457686999263132, 39.300372000043033 ], [ -76.457696999291755, 39.30024500048588 ], [ -76.457715000651689, 39.30016400029654 ], [ -76.457803000040442, 39.299988000570309 ], [ -76.457891999039859, 39.299730000615163 ], [ -76.457928999846303, 39.299589000693693 ], [ -76.457984999998871, 39.299460999975238 ], [ -76.458049999665846, 39.299384000637545 ], [ -76.458106000502752, 39.299329000586319 ], [ -76.458273000437643, 39.299218999984568 ], [ -76.458344999739069, 39.299151999723243 ], [ -76.458385000475261, 39.299077999790669 ], [ -76.458465000549779, 39.299029000300997 ], [ -76.458528000031933, 39.299011000617178 ], [ -76.458614999712992, 39.299011999642396 ], [ -76.458718000400424, 39.299037000253392 ], [ -76.458791163594398, 39.299070814240032 ], [ -76.458900000557463, 39.299111000554788 ], [ -76.458977725445806, 39.299101704985127 ], [ -76.459035000481393, 39.299087000692808 ], [ -76.459082999825412, 39.29903199936463 ], [ -76.459092000492817, 39.298945999691945 ], [ -76.45907699999438, 39.298780000631339 ], [ -76.459046000500891, 39.298632000856898 ], [ -76.458957999603612, 39.298480999361296 ], [ -76.458839000326279, 39.298390000935193 ], [ -76.458814999908085, 39.29834400088383 ], [ -76.458805999960305, 39.298290999815336 ], [ -76.458811000031901, 39.298181000632496 ], [ -76.45885100061156, 39.298147000823612 ], [ -76.459513000363856, 39.298017999451091 ], [ -76.459603040725767, 39.297979301485661 ], [ -76.459660000291578, 39.297930999581169 ], [ -76.459763999780506, 39.297775999376675 ], [ -76.459822999889226, 39.297700999972136 ], [ -76.459920999655964, 39.297637000717934 ], [ -76.460142001276239, 39.297294999423464 ], [ -76.460212999827647, 39.297142999836979 ], [ -76.460327999303374, 39.296939000241473 ], [ -76.460486000179955, 39.296758999837785 ], [ -76.460621999111282, 39.29657399984216 ], [ -76.460655999425626, 39.296468999611186 ], [ -76.460667000079823, 39.296346999920992 ], [ -76.460742999331245, 39.296204999821441 ], [ -76.460785999468186, 39.296124000328284 ], [ -76.460816999765129, 39.296088000265151 ], [ -76.460895000574311, 39.296033999680631 ], [ -76.46106805503355, 39.295960139051672 ], [ -76.461154999498746, 39.295919999774505 ], [ -76.461242999782186, 39.295875000236833 ], [ -76.461337999811562, 39.295837000152588 ], [ -76.461803000241602, 39.295626000050355 ], [ -76.462177000333583, 39.295572000355392 ], [ -76.46256400053116, 39.295530000397974 ], [ -76.462667999621885, 39.295543000348474 ], [ -76.462760000480301, 39.295567000443832 ], [ -76.4629449997215, 39.295636999883151 ], [ -76.463390999915262, 39.295720000470503 ], [ -76.463674000117905, 39.295754000434414 ], [ -76.463739999839078, 39.295772999808001 ], [ -76.463793499332212, 39.29580899989903 ], [ -76.463861999626332, 39.29590499998357 ], [ -76.463911000211766, 39.295989000221049 ], [ -76.463915999583946, 39.296169000564227 ], [ -76.463934000116254, 39.296280000304364 ], [ -76.463933000928407, 39.296405000424123 ], [ -76.463902001195066, 39.296531000415357 ], [ -76.463861999967591, 39.296612000296918 ], [ -76.463746999495541, 39.296751000460581 ], [ -76.463692000676716, 39.296792999830004 ], [ -76.463596207512651, 39.296825351285406 ], [ -76.463334999956444, 39.296897999587912 ], [ -76.463317500314062, 39.296978000424261 ], [ -76.463271999750276, 39.29701899989707 ], [ -76.463178000196805, 39.297084500176254 ], [ -76.463144999710678, 39.297147000340964 ], [ -76.463130000192137, 39.29721599980811 ], [ -76.463119000222534, 39.29731899983242 ], [ -76.463066999793426, 39.297425000293039 ], [ -76.463020999663755, 39.297484000082868 ], [ -76.462958999810198, 39.297546999982046 ], [ -76.462876999576878, 39.297610000291797 ], [ -76.462825999784116, 39.297666001016864 ], [ -76.462744000211757, 39.297779999876994 ], [ -76.462733000476007, 39.297830999560745 ], [ -76.46273400042891, 39.298080999877655 ], [ -76.462752999455375, 39.298222999644423 ], [ -76.462751999927789, 39.298362000285103 ], [ -76.462765999873355, 39.29846499926095 ], [ -76.462848999962503, 39.298678999749384 ], [ -76.462889000299072, 39.29881000075477 ], [ -76.462938999672318, 39.298916999719467 ], [ -76.462994000625415, 39.298988000821019 ], [ -76.463059999277831, 39.299035999773722 ], [ -76.463273999323491, 39.299080999763866 ], [ -76.463466999512931, 39.29914900088535 ], [ -76.463517999820638, 39.299176999855241 ], [ -76.463548998996785, 39.299221000550311 ], [ -76.463588000001707, 39.299346999281873 ], [ -76.463635999613771, 39.299394999496961 ], [ -76.463697000031743, 39.299442999585239 ], [ -76.463794000113396, 39.299490999100648 ], [ -76.463855000720855, 39.299538999105494 ], [ -76.463914998918497, 39.29959799914927 ], [ -76.463929999330247, 39.299684999514547 ], [ -76.463918999979242, 39.299769000603185 ], [ -76.46388799961872, 39.299832000070857 ], [ -76.463779998942172, 39.299937999246289 ], [ -76.463751499012389, 39.299991500712693 ], [ -76.463771500563567, 39.300084500488602 ], [ -76.463989999325236, 39.300208000609508 ], [ -76.46434000037938, 39.30042800073393 ], [ -76.464384999063839, 39.300478999097393 ], [ -76.464410000440509, 39.300550999493382 ], [ -76.464409999856102, 39.300625998957123 ], [ -76.464389000171437, 39.300685000595237 ], [ -76.464312000747043, 39.300784000292161 ], [ -76.464318500388529, 39.300868999950424 ], [ -76.464381999878697, 39.300911000245691 ], [ -76.464489000187527, 39.300915000057877 ], [ -76.464705999871512, 39.300891998829123 ], [ -76.464779999893949, 39.300877000427626 ], [ -76.46489549961565, 39.300790000114617 ], [ -76.46494699981173, 39.300791000301345 ], [ -76.465008000255807, 39.300802999723196 ], [ -76.465164999601484, 39.300859000717573 ], [ -76.465342999644633, 39.300963000622588 ], [ -76.465504999334541, 39.301074000268564 ], [ -76.465628999778545, 39.301186000565018 ], [ -76.465673999999183, 39.301301000436176 ], [ -76.465693999403101, 39.30146700047024 ], [ -76.465738000225883, 39.301669000584184 ], [ -76.465762000227912, 39.301816000041953 ], [ -76.465820000991457, 39.301907000432294 ], [ -76.46589100005572, 39.30196699972803 ], [ -76.466007999628289, 39.302019000286641 ], [ -76.466161000146812, 39.302059000382492 ], [ -76.466241999986366, 39.302134000285854 ], [ -76.466266000976063, 39.302260999954015 ], [ -76.466312000114925, 39.302337000088762 ], [ -76.466427998928083, 39.302436000243404 ], [ -76.466452999155322, 39.302519000274451 ], [ -76.466499999475573, 39.302781000021312 ], [ -76.466549999474452, 39.30284400037408 ], [ -76.466641000813212, 39.30291199961087 ], [ -76.46716499999863, 39.30311200012337 ], [ -76.46729200032398, 39.303184000244876 ], [ -76.467363000432883, 39.303231999547187 ], [ -76.467429000531553, 39.303314999638403 ], [ -76.467423000392301, 39.303390999602833 ], [ -76.467401999875065, 39.303442000234746 ], [ -76.467278999844325, 39.303547999376939 ], [ -76.466980000313129, 39.303657999387589 ], [ -76.466444000774814, 39.303769999682736 ], [ -76.466351999856187, 39.303812999585602 ], [ -76.466311000267339, 39.303844999456878 ], [ -76.466285000531585, 39.303888000917468 ], [ -76.466293999376177, 39.303951999613687 ], [ -76.466324999450563, 39.303994999652055 ], [ -76.466380998976902, 39.304014999624165 ], [ -76.466615000237766, 39.304023999627347 ], [ -76.467086999655066, 39.303974999553304 ], [ -76.467305999820738, 39.30400400005577 ], [ -76.467397999603151, 39.304039999971238 ], [ -76.467545000326083, 39.304108000079452 ], [ -76.467605999686128, 39.3041490000031 ], [ -76.467648999601863, 39.304199999691271 ], [ -76.467674999583338, 39.304264999478228 ], [ -76.467697000193681, 39.304328999307764 ], [ -76.467695999447457, 39.304418001010333 ], [ -76.467686000270447, 39.304498999196689 ], [ -76.467594000233078, 39.304617999275401 ], [ -76.467563000181329, 39.304671999189132 ], [ -76.467544999956601, 39.304722999911988 ], [ -76.467543999671662, 39.304793999850645 ], [ -76.467564999486513, 39.304868999784624 ], [ -76.467612999978058, 39.304964999945042 ], [ -76.467734999473748, 39.3051309994392 ], [ -76.467794000285508, 39.305241000365861 ], [ -76.467827000166949, 39.305356999683205 ], [ -76.467838999774486, 39.305554999429361 ], [ -76.467838999533527, 39.305831000437074 ], [ -76.46782600070442, 39.305961000034067 ], [ -76.467836000600641, 39.306042000495573 ], [ -76.467863999637729, 39.306087000606723 ], [ -76.467975998196124, 39.306159000415313 ], [ -76.4680389993093, 39.306232500561855 ], [ -76.468052000235218, 39.306291999861756 ], [ -76.468049999637103, 39.30653600025606 ], [ -76.468037999369358, 39.306634000266179 ], [ -76.468037999966484, 39.30671600030815 ], [ -76.468078999657067, 39.306871000007774 ], [ -76.468105000064838, 39.306942000523819 ], [ -76.468123000572319, 39.306989000030221 ], [ -76.46816699929731, 39.307060000027064 ], [ -76.468160499849432, 39.30711900028961 ], [ -76.468129000756477, 39.307241000230249 ], [ -76.468128000799638, 39.307306000138958 ], [ -76.468190000945512, 39.30748500016103 ], [ -76.468221999441383, 39.307719000041317 ], [ -76.468236000762985, 39.308010999612513 ], [ -76.4681709989909, 39.308752000388012 ], [ -76.468165000511945, 39.309002999443422 ], [ -76.468205000465929, 39.309154999425402 ], [ -76.468262000133251, 39.309328000114327 ], [ -76.468352000622758, 39.309663999733758 ], [ -76.46841100068832, 39.309853000596448 ], [ -76.468470000076877, 39.310199000595581 ], [ -76.468527000167498, 39.310455999829991 ], [ -76.468517000507859, 39.310510000306145 ], [ -76.468490999765919, 39.310555000057725 ], [ -76.468385999407232, 39.310638000473531 ], [ -76.468133999871526, 39.310809000225269 ], [ -76.468123000024548, 39.310838000001382 ], [ -76.468118000194821, 39.310949000745019 ], [ -76.468129000832135, 39.31105100053464 ], [ -76.468173000088456, 39.311177000031989 ], [ -76.468282000630097, 39.311390000043822 ], [ -76.466746000321407, 39.312011000372529 ], [ -76.466013999876822, 39.312320999944355 ], [ -76.465425999530169, 39.31254299987819 ], [ -76.46496900061787, 39.312705000069698 ], [ -76.46431899963207, 39.313057000080377 ], [ -76.463585999240905, 39.31344300061037 ], [ -76.463161999779004, 39.313702999489557 ], [ -76.462626999675237, 39.314093999523067 ], [ -76.46039399911659, 39.316242000378885 ], [ -76.459351001115181, 39.31713000092634 ], [ -76.458227000370414, 39.317970999860492 ], [ -76.457848000122382, 39.318220999257434 ], [ -76.457443999464644, 39.318475000287442 ], [ -76.456767999161201, 39.318873000449514 ], [ -76.4551649994157, 39.319894000248439 ], [ -76.454846000456385, 39.320077000210148 ], [ -76.454495000101815, 39.319490000074858 ], [ -76.454197999244357, 39.318926000053708 ], [ -76.454094999733869, 39.318778000554495 ], [ -76.454001000709383, 39.318669000654864 ], [ -76.453529000854601, 39.318147999502223 ], [ -76.45270999999066, 39.317318000812953 ], [ -76.452554999423413, 39.31719099943016 ], [ -76.451822999775828, 39.316652000278523 ], [ -76.451691000772456, 39.31654599995872 ], [ -76.451575000528649, 39.316440999228433 ], [ -76.451483999032874, 39.316343999422855 ], [ -76.451173000004616, 39.315974999962414 ], [ -76.451010000507623, 39.315802000465695 ], [ -76.450483999308631, 39.31521600003051 ], [ -76.449841000113295, 39.314447999990755 ], [ -76.449379000655483, 39.313867000366777 ], [ -76.44935600050502, 39.313836999912695 ], [ -76.449265000220464, 39.313722000162905 ], [ -76.448739998920828, 39.313029999809324 ] ] ] } },
{ "type": "Feature", "properties": { "GEOID20": "24005450503", "ORGANIZATION_NAME": "Community Assistance Network, Inc.", "GOC_TRACK_TYPE": "Partnership Development" }, "geometry": { "type": "Polygon", "coordinates": [ [ [ -76.448673999912998, 39.304718000286606 ], [ -76.449300999710886, 39.304233000052967 ], [ -76.45069700037017, 39.303025000276044 ], [ -76.450276999965084, 39.302734000392491 ], [ -76.448603999938939, 39.301530999834846 ], [ -76.448384000047042, 39.301436000245047 ], [ -76.448238000312344, 39.301384999761531 ], [ -76.447932000684418, 39.301309999564005 ], [ -76.447819000735464, 39.301295000466865 ], [ -76.447506000894577, 39.301277999872056 ], [ -76.447225999853785, 39.301288999959759 ], [ -76.446923999273153, 39.301290999865515 ], [ -76.446797999846055, 39.301283999543287 ], [ -76.446669000037033, 39.301265999219623 ], [ -76.44643799936928, 39.30119500090013 ], [ -76.446339999722696, 39.30115000079229 ], [ -76.44623600006112, 39.301096000697775 ], [ -76.446071999581306, 39.300997999892118 ], [ -76.445903000272565, 39.300869000649563 ], [ -76.446107999550406, 39.300705001013384 ], [ -76.446231999644198, 39.300592999707725 ], [ -76.446352999553156, 39.300467999593721 ], [ -76.446495000182651, 39.300297000698315 ], [ -76.446625999256995, 39.30011899950135 ], [ -76.44676900058812, 39.299861000000412 ], [ -76.446948999877307, 39.299468000125586 ], [ -76.447013000007232, 39.299349000314976 ], [ -76.447077000922661, 39.299244000175747 ], [ -76.447290999689486, 39.298950999735084 ], [ -76.447397000053542, 39.29882900045628 ], [ -76.447540999865254, 39.298687999751067 ], [ -76.447784000121416, 39.298487000289995 ], [ -76.447940999038238, 39.298381000004618 ], [ -76.448142000098514, 39.298243000201921 ], [ -76.448496000345827, 39.298023000075446 ], [ -76.448642998817732, 39.29791900024621 ], [ -76.44876099880689, 39.297813999443441 ], [ -76.448965000530421, 39.297595999028729 ], [ -76.449566999626384, 39.29674699943174 ], [ -76.450824000123092, 39.294925000023028 ], [ -76.450879000230742, 39.294817000227297 ], [ -76.451012000084461, 39.294413999788333 ], [ -76.451032999960859, 39.294090000094478 ], [ -76.451042999692007, 39.293580999820108 ], [ -76.45129900042582, 39.293580000586431 ], [ -76.451837999330905, 39.293590000331442 ], [ -76.452232000379354, 39.29361600023465 ], [ -76.452478000729045, 39.293642000041892 ], [ -76.452687000740696, 39.293671000368121 ], [ -76.45321200058406, 39.293770000046941 ], [ -76.453449999932815, 39.293827999960712 ], [ -76.453985999783384, 39.293979999831549 ], [ -76.457583999510064, 39.295171000000828 ], [ -76.458652000034562, 39.295495999849742 ], [ -76.45977200002126, 39.295836999646198 ], [ -76.459780032653185, 39.29583943081856 ], [ -76.458563999762632, 39.296421999985355 ], [ -76.45874000050263, 39.296473999687947 ], [ -76.458852999801039, 39.29651800019937 ], [ -76.458901999301332, 39.296560999659803 ], [ -76.458925999729942, 39.296600999717938 ], [ -76.458940999789149, 39.29664400020873 ], [ -76.458951000076198, 39.296784999930601 ], [ -76.458903000387068, 39.29691499990998 ], [ -76.458387000256891, 39.297844000700017 ], [ -76.458320000177778, 39.297995999591805 ], [ -76.458230999736685, 39.298072999227678 ], [ -76.457939000111907, 39.298201000542754 ], [ -76.45759899929584, 39.29829200037755 ], [ -76.457403999746845, 39.298364999700638 ], [ -76.457357999347735, 39.298400000882815 ], [ -76.45731199916105, 39.298452999345407 ], [ -76.457289000183394, 39.298547000600024 ], [ -76.457243000988527, 39.298615000388978 ], [ -76.457141000560227, 39.298680000391329 ], [ -76.457009851192041, 39.29870441041043 ], [ -76.456874000998425, 39.298719998973716 ], [ -76.456759999320184, 39.298743000818199 ], [ -76.456660000216544, 39.298804999298291 ], [ -76.456644999291015, 39.298855000781288 ], [ -76.456651999239668, 39.298911000420468 ], [ -76.456716000065668, 39.299005999267472 ], [ -76.456730001123418, 39.299077000193684 ], [ -76.456726000722568, 39.299139000301587 ], [ -76.456650000040213, 39.299328000564422 ], [ -76.456645999378765, 39.299460999895253 ], [ -76.456613999741791, 39.299556000654746 ], [ -76.456548999303664, 39.299652999792599 ], [ -76.456361000886787, 39.299806000608029 ], [ -76.456237524300263, 39.299836871329376 ], [ -76.456090000310127, 39.299864000516138 ], [ -76.456001000205617, 39.299851000276561 ], [ -76.45592799955979, 39.29982100005202 ], [ -76.455806000107088, 39.299820999825165 ], [ -76.455350000621664, 39.299840999757414 ], [ -76.455064999608638, 39.299898000111469 ], [ -76.454745000443467, 39.299928999807904 ], [ -76.454447135251968, 39.299891251406166 ], [ -76.454260999915562, 39.29985899980408 ], [ -76.454191000940583, 39.299857999972318 ], [ -76.454046000975723, 39.299885000504517 ], [ -76.453812999258957, 39.299938000438758 ], [ -76.453253001172911, 39.299913000109868 ], [ -76.45317100084398, 39.299921000118381 ], [ -76.453112999274623, 39.299953000078943 ], [ -76.453019000085007, 39.300050999960398 ], [ -76.452932000130147, 39.300110000386567 ], [ -76.452768000056665, 39.300180999740284 ], [ -76.452611618244561, 39.300194095323356 ], [ -76.452478000333187, 39.300197999981208 ], [ -76.45232400048053, 39.300161000301934 ], [ -76.452251499385795, 39.300162999812535 ], [ -76.45222499969897, 39.300198499741718 ], [ -76.452230999616219, 39.300251000004927 ], [ -76.452218999904403, 39.300299999746379 ], [ -76.45217800022337, 39.300339999842024 ], [ -76.452102000558014, 39.300375999454566 ], [ -76.451939000256331, 39.300415999769989 ], [ -76.451701409617016, 39.30040590702604 ], [ -76.451521000522774, 39.300390999530705 ], [ -76.450871071671145, 39.300389315799933 ], [ -76.450643999744798, 39.30038300014747 ], [ -76.450528000218512, 39.300395999826904 ], [ -76.450503999894565, 39.300432000174133 ], [ -76.450503999549326, 39.300471999565509 ], [ -76.450539001017816, 39.300517999608815 ], [ -76.450647999723799, 39.300581000798658 ], [ -76.450811000260003, 39.300631999399329 ], [ -76.450966999527665, 39.300663999440381 ], [ -76.451253999625521, 39.300692000158257 ], [ -76.451550000291434, 39.300748000143329 ], [ -76.451932709932436, 39.300838605937216 ], [ -76.452048160364754, 39.300826958862253 ], [ -76.452118999653024, 39.300814000220662 ], [ -76.452293999695144, 39.300660999637962 ], [ -76.452371000403573, 39.300566999784152 ], [ -76.452504999652817, 39.300485999613699 ], [ -76.452626999424965, 39.300446000273979 ], [ -76.452787000221406, 39.300438000039136 ], [ -76.453071000081323, 39.30044400007057 ], [ -76.453445999915132, 39.30048199999225 ], [ -76.454569000172441, 39.300532000125571 ], [ -76.455133000526459, 39.300488999534942 ], [ -76.455249000198947, 39.300493999808474 ], [ -76.455358999980533, 39.300509000374042 ], [ -76.455446000556378, 39.300545000071942 ], [ -76.455751999512032, 39.300826000088136 ], [ -76.455791999869376, 39.300920999900406 ], [ -76.455778999909199, 39.301001999533796 ], [ -76.455750000371694, 39.301069000126333 ], [ -76.455664999832592, 39.301164000079261 ], [ -76.455565999663875, 39.301234999972657 ], [ -76.455397000009185, 39.301288999484377 ], [ -76.455048000013505, 39.301341000244555 ], [ -76.45496100030654, 39.301367999772296 ], [ -76.454896000412361, 39.301407999357181 ], [ -76.454708000377224, 39.301723000050359 ], [ -76.45452599922956, 39.301987999791116 ], [ -76.454274999726479, 39.302217000391963 ], [ -76.454228000087326, 39.30228399985868 ], [ -76.454220999717393, 39.302418999186493 ], [ -76.454256000195585, 39.302506999833746 ], [ -76.454259998761145, 39.302569999874891 ], [ -76.454241250137272, 39.302630750439079 ], [ -76.454145000521279, 39.302705000144783 ], [ -76.453977999516823, 39.302817000829187 ], [ -76.453935000632782, 39.302871000010178 ], [ -76.453910999422206, 39.302925000097055 ], [ -76.453907000475084, 39.302982999760545 ], [ -76.453712000424247, 39.303129000799252 ], [ -76.453611000165793, 39.303228000801781 ], [ -76.45358199939497, 39.303333000475156 ], [ -76.453587999361119, 39.303460000144298 ], [ -76.453622999727983, 39.303554000044592 ], [ -76.453672000911013, 39.303670000446793 ], [ -76.454081000318084, 39.304001999152916 ], [ -76.454253998736789, 39.304134000022117 ], [ -76.454345000468294, 39.30423499929443 ], [ -76.454401000030529, 39.304427000511758 ], [ -76.454568999761207, 39.304565000190742 ], [ -76.454599000205221, 39.304599000072287 ], [ -76.454599000576295, 39.304638000458453 ], [ -76.454588000355912, 39.304666000093732 ], [ -76.454558999812505, 39.304685000407943 ], [ -76.454518999828167, 39.304692999963457 ], [ -76.454476000500378, 39.304693000306386 ], [ -76.454444000441768, 39.304678999783548 ], [ -76.454373000372954, 39.304603000516082 ], [ -76.454333000406265, 39.30458899974488 ], [ -76.454253998745287, 39.304583000359401 ], [ -76.453797000131374, 39.304606000093216 ], [ -76.453417998923811, 39.304590000207554 ], [ -76.453298999899104, 39.304569999995124 ], [ -76.453184000226187, 39.30453399998342 ], [ -76.453041000528515, 39.304460000492334 ], [ -76.452939000411604, 39.304418000407956 ], [ -76.452831001029807, 39.304389000050918 ], [ -76.452690999705865, 39.304366000052831 ], [ -76.452457000238638, 39.304336999679123 ], [ -76.45234599923684, 39.304331000316431 ], [ -76.452253999244533, 39.304350000064709 ], [ -76.452224999469905, 39.304386999784263 ], [ -76.452210000020401, 39.30443400019773 ], [ -76.452189999312395, 39.304712999757221 ], [ -76.452148999881686, 39.30485800008632 ], [ -76.451889000193418, 39.30520600030146 ], [ -76.451835000337496, 39.305305999838033 ], [ -76.451818999859725, 39.305403999485442 ], [ -76.451822999550444, 39.305657999376237 ], [ -76.451838999420758, 39.305839999518575 ], [ -76.45187800103237, 39.305939999614857 ], [ -76.451983000196634, 39.306116999454566 ], [ -76.452094000143219, 39.306231999671894 ], [ -76.452206000631918, 39.306411000107275 ], [ -76.452237000942546, 39.30650899999717 ], [ -76.452253999204657, 39.30663200105834 ], [ -76.452252999358038, 39.30675199974079 ], [ -76.452233999816997, 39.306883000209766 ], [ -76.452228999193537, 39.307294000730664 ], [ -76.452207999713934, 39.307549999808259 ], [ -76.452206999581193, 39.307636999888011 ], [ -76.452226000698872, 39.307734000703576 ], [ -76.452268000447717, 39.307787999984612 ], [ -76.452329000519839, 39.307848000418524 ], [ -76.452347000000501, 39.307883000599759 ], [ -76.452357999454009, 39.307926000260871 ], [ -76.452355000157141, 39.30795900016011 ], [ -76.452374000056352, 39.308010999700187 ], [ -76.452384001039846, 39.308076999298109 ], [ -76.452380000904824, 39.308180000053994 ], [ -76.452340999289177, 39.308391000431321 ], [ -76.452264999100265, 39.308533000112014 ], [ -76.454006000164014, 39.309481000046119 ], [ -76.454214999436516, 39.309644000170167 ], [ -76.452641000659796, 39.310956999827468 ], [ -76.452246000392876, 39.311268999342083 ], [ -76.45205399886791, 39.311392999429685 ], [ -76.451888999754942, 39.311483999614978 ], [ -76.451714000442109, 39.311565999331464 ], [ -76.451431000565023, 39.311687000306996 ], [ -76.451155999140482, 39.311789000345556 ], [ -76.451008000269567, 39.311602000730375 ], [ -76.450919999632873, 39.311507999458144 ], [ -76.450098000222567, 39.310711999887374 ], [ -76.449904999906579, 39.310537999688378 ], [ -76.451034999794913, 39.309922000033225 ], [ -76.45120799933548, 39.30982200012452 ], [ -76.451257000969306, 39.309781999989731 ], [ -76.451295000066082, 39.309739000261764 ], [ -76.451321000299345, 39.309686000073263 ], [ -76.45133099976799, 39.309637000220668 ], [ -76.45132699969308, 39.3095519999628 ], [ -76.451308000723728, 39.30947399975674 ], [ -76.451262000444657, 39.309370999788541 ], [ -76.450970000822423, 39.308969999693581 ], [ -76.450791000134501, 39.308708000436113 ], [ -76.450646000013606, 39.308527000643544 ], [ -76.450538999597399, 39.308401000609862 ], [ -76.450223000264359, 39.308057999932103 ], [ -76.449901000611874, 39.307744999018965 ], [ -76.449694998836478, 39.307572000312227 ], [ -76.44917599901629, 39.307166999256864 ], [ -76.448492999896899, 39.306678000130482 ], [ -76.447807000123561, 39.306164000123744 ], [ -76.447553000431611, 39.305994999247957 ], [ -76.447125000845276, 39.30568200094833 ], [ -76.447297000727374, 39.305553000079584 ], [ -76.447429000750759, 39.305455999671217 ], [ -76.447459000315945, 39.305435999654826 ], [ -76.447683999979603, 39.305286001101898 ], [ -76.448358999731227, 39.304909999744616 ], [ -76.448673999912998, 39.304718000286606 ] ] ] } },
{ "type": "Feature", "properties": { "GEOID20": "24005450504", "ORGANIZATION_NAME": "Community Assistance Network, Inc.", "GOC_TRACK_TYPE": "Partnership Development" }, "geometry": { "type": "Polygon", "coordinates": [ [ [ -76.442686999672659, 39.306268000128178 ], [ -76.441566000115998, 39.305170999859897 ], [ -76.441113000660991, 39.304704000967583 ], [ -76.440644999915364, 39.304181999267122 ], [ -76.439011999616454, 39.302355000261251 ], [ -76.438605000081211, 39.301903000429817 ], [ -76.438335000807783, 39.30161499988543 ], [ -76.437770001057388, 39.301036999999809 ], [ -76.437894000833765, 39.300930000384817 ], [ -76.437971000139896, 39.300829999965728 ], [ -76.438008999705971, 39.300730000318133 ], [ -76.438146999068977, 39.300211000158363 ], [ -76.438205999918907, 39.300083000551261 ], [ -76.438264999091544, 39.299989000329198 ], [ -76.438326000914358, 39.299910000203468 ], [ -76.438582000331436, 39.299676000298831 ], [ -76.438779999968546, 39.29951000089433 ], [ -76.439233999908879, 39.299110999662268 ], [ -76.439578999551713, 39.298839999960819 ], [ -76.440126000275484, 39.298377999620108 ], [ -76.440332999952659, 39.298193999899858 ], [ -76.440679000331173, 39.297870999534595 ], [ -76.441096001232637, 39.297395000168486 ], [ -76.441178999975804, 39.297316000477927 ], [ -76.441359999504456, 39.29717799991888 ], [ -76.441464000291603, 39.297111999768397 ], [ -76.441584999847635, 39.297047000004419 ], [ -76.44171699983012, 39.296992000459035 ], [ -76.441856999857208, 39.296950999758501 ], [ -76.441967000132308, 39.296931000107598 ], [ -76.442094000692379, 39.29691300061797 ], [ -76.442228000534385, 39.296907000008929 ], [ -76.442433000320662, 39.296915999802778 ], [ -76.442696000169889, 39.296958999992157 ], [ -76.44343799983524, 39.297125000367984 ], [ -76.443539000312867, 39.297134998988128 ], [ -76.443641999579242, 39.297136999169538 ], [ -76.443868000091143, 39.297117999183079 ], [ -76.444468000078984, 39.297023999938993 ], [ -76.444734999096113, 39.296963000222163 ], [ -76.444984999821841, 39.296873000482108 ], [ -76.445109999048597, 39.296812999937757 ], [ -76.445403000919725, 39.296647000223643 ], [ -76.445529999190839, 39.29655600067025 ], [ -76.445760999898042, 39.296330000099367 ], [ -76.445969000701808, 39.296159000429519 ], [ -76.446477999781195, 39.29564599967518 ], [ -76.446699999966114, 39.295406000134989 ], [ -76.446839000309879, 39.295240000155012 ], [ -76.447038999958224, 39.294952999725162 ], [ -76.447137999712339, 39.294779999497166 ], [ -76.447193999916806, 39.294660999627169 ], [ -76.447266999697547, 39.294467999703492 ], [ -76.447511999981444, 39.293448999667518 ], [ -76.448070000187371, 39.293536999936627 ], [ -76.448436000338745, 39.293568999940433 ], [ -76.448928000746719, 39.293577999700751 ], [ -76.451042999692007, 39.293580999820108 ], [ -76.451032999960859, 39.294090000094478 ], [ -76.451012000084461, 39.294413999788333 ], [ -76.450879000230742, 39.294817000227297 ], [ -76.450824000123092, 39.294925000023028 ], [ -76.449566999626384, 39.29674699943174 ], [ -76.448965000530421, 39.297595999028729 ], [ -76.44876099880689, 39.297813999443441 ], [ -76.448642998817732, 39.29791900024621 ], [ -76.448496000345827, 39.298023000075446 ], [ -76.448142000098514, 39.298243000201921 ], [ -76.447940999038238, 39.298381000004618 ], [ -76.447784000121416, 39.298487000289995 ], [ -76.447540999865254, 39.298687999751067 ], [ -76.447397000053542, 39.29882900045628 ], [ -76.447290999689486, 39.298950999735084 ], [ -76.447077000922661, 39.299244000175747 ], [ -76.447013000007232, 39.299349000314976 ], [ -76.446948999877307, 39.299468000125586 ], [ -76.44676900058812, 39.299861000000412 ], [ -76.446625999256995, 39.30011899950135 ], [ -76.446495000182651, 39.300297000698315 ], [ -76.446352999553156, 39.300467999593721 ], [ -76.446231999644198, 39.300592999707725 ], [ -76.446107999550406, 39.300705001013384 ], [ -76.445903000272565, 39.300869000649563 ], [ -76.446071999581306, 39.300997999892118 ], [ -76.44623600006112, 39.301096000697775 ], [ -76.446339999722696, 39.30115000079229 ], [ -76.44643799936928, 39.30119500090013 ], [ -76.446669000037033, 39.301265999219623 ], [ -76.446797999846055, 39.301283999543287 ], [ -76.446923999273153, 39.301290999865515 ], [ -76.447225999853785, 39.301288999959759 ], [ -76.447506000894577, 39.301277999872056 ], [ -76.447819000735464, 39.301295000466865 ], [ -76.447932000684418, 39.301309999564005 ], [ -76.448238000312344, 39.301384999761531 ], [ -76.448384000047042, 39.301436000245047 ], [ -76.448603999938939, 39.301530999834846 ], [ -76.450276999965084, 39.302734000392491 ], [ -76.45069700037017, 39.303025000276044 ], [ -76.449300999710886, 39.304233000052967 ], [ -76.448673999912998, 39.304718000286606 ], [ -76.448358999731227, 39.304909999744616 ], [ -76.447683999979603, 39.305286001101898 ], [ -76.447459000315945, 39.305435999654826 ], [ -76.447429000750759, 39.305455999671217 ], [ -76.447297000727374, 39.305553000079584 ], [ -76.447125000845276, 39.30568200094833 ], [ -76.447553000431611, 39.305994999247957 ], [ -76.447807000123561, 39.306164000123744 ], [ -76.448492999896899, 39.306678000130482 ], [ -76.44917599901629, 39.307166999256864 ], [ -76.449694998836478, 39.307572000312227 ], [ -76.449901000611874, 39.307744999018965 ], [ -76.450223000264359, 39.308057999932103 ], [ -76.450538999597399, 39.308401000609862 ], [ -76.450646000013606, 39.308527000643544 ], [ -76.450791000134501, 39.308708000436113 ], [ -76.450970000822423, 39.308969999693581 ], [ -76.451262000444657, 39.309370999788541 ], [ -76.451308000723728, 39.30947399975674 ], [ -76.45132699969308, 39.3095519999628 ], [ -76.45133099976799, 39.309637000220668 ], [ -76.451321000299345, 39.309686000073263 ], [ -76.451295000066082, 39.309739000261764 ], [ -76.451257000969306, 39.309781999989731 ], [ -76.45120799933548, 39.30982200012452 ], [ -76.451034999794913, 39.309922000033225 ], [ -76.449904999906579, 39.310537999688378 ], [ -76.450098000222567, 39.310711999887374 ], [ -76.450919999632873, 39.311507999458144 ], [ -76.451008000269567, 39.311602000730375 ], [ -76.451155999140482, 39.311789000345556 ], [ -76.450528999906112, 39.312054000228493 ], [ -76.450361000367522, 39.3121399994181 ], [ -76.448739998920828, 39.313029999809324 ], [ -76.448374999984352, 39.312563000092837 ], [ -76.447897999485619, 39.312045000574592 ], [ -76.447417000041654, 39.311585000125348 ], [ -76.446825000579565, 39.310988000566418 ], [ -76.446341000793097, 39.310438999499915 ], [ -76.445856000409535, 39.309853999798612 ], [ -76.445541000239317, 39.30949099977628 ], [ -76.444927999489281, 39.308760999578318 ], [ -76.443770999814561, 39.307463999862975 ], [ -76.443407000400455, 39.307037000309386 ], [ -76.442932000085122, 39.306522999993433 ], [ -76.442686999672659, 39.306268000128178 ] ] ] } },
{ "type": "Feature", "properties": { "GEOID20": "24011955600", "ORGANIZATION_NAME": "Caroline Human Services Council, Inc.", "GOC_TRACK_TYPE": "Partnership Development" }, "geometry": { "type": "Polygon", "coordinates": [ [ [ -75.712963999438259, 38.705622999584754 ], [ -75.711745000175938, 38.690092000814097 ], [ -75.710751000339556, 38.677501999871964 ], [ -75.709618000056977, 38.663018999549834 ], [ -75.709348000107695, 38.659518999585146 ], [ -75.708480999839978, 38.648528999645229 ], [ -75.707447000215666, 38.635395999316735 ], [ -75.707721000627899, 38.635368999641535 ], [ -75.707940000783879, 38.635357999703807 ], [ -75.710230999274259, 38.638378999739821 ], [ -75.710984999783747, 38.639296000291367 ], [ -75.711278000603855, 38.639706999819332 ], [ -75.711667000436435, 38.640387999970038 ], [ -75.712510000191187, 38.642390000541859 ], [ -75.71319800022323, 38.644105999620919 ], [ -75.713470000447131, 38.64459199986841 ], [ -75.713734000517917, 38.644992000205391 ], [ -75.714195000209173, 38.645519000313193 ], [ -75.714533001079701, 38.645842999636066 ], [ -75.716567000188633, 38.647387999111118 ], [ -75.718787999792497, 38.649142999737002 ], [ -75.722670999434825, 38.652140999865878 ], [ -75.724868000556938, 38.653846000538323 ], [ -75.725547000433721, 38.654411000277776 ], [ -75.728015000585629, 38.656366000083615 ], [ -75.728518999981105, 38.656847999904102 ], [ -75.728842999758342, 38.657136000058344 ], [ -75.731016999773303, 38.659145999553836 ], [ -75.735636999021651, 38.663279999632501 ], [ -75.736732000247827, 38.664531000250356 ], [ -75.736823999899585, 38.664615000476893 ], [ -75.737703999496546, 38.665320000515408 ], [ -75.741058000250504, 38.667201000498828 ], [ -75.742407999582554, 38.667891999712502 ], [ -75.744369000276521, 38.668848999718378 ], [ -75.746780000285312, 38.669879999684767 ], [ -75.74712199878924, 38.670018000150684 ], [ -75.748235999690465, 38.670522999653556 ], [ -75.749018000484142, 38.671072999307995 ], [ -75.749445999762941, 38.671511999806434 ], [ -75.749534999947599, 38.671633000016378 ], [ -75.752542000371989, 38.674920999633855 ], [ -75.753856000836208, 38.676395000083652 ], [ -75.756785999709805, 38.679660000388893 ], [ -75.757253999762952, 38.68019600010345 ], [ -75.757539999831451, 38.680504000228915 ], [ -75.75769999986592, 38.680689999697812 ], [ -75.760538999859307, 38.68381199968659 ], [ -75.761049000187342, 38.684385000650003 ], [ -75.76196000106944, 38.685389999966709 ], [ -75.76272199896853, 38.686220000072126 ], [ -75.763007999683268, 38.686203000146406 ], [ -75.764144000569559, 38.685882000184094 ], [ -75.76470100036704, 38.685882000162707 ], [ -75.765311999575587, 38.685996999180034 ], [ -75.766539999799249, 38.686431000112037 ], [ -75.767150000267151, 38.686294000384407 ], [ -75.767822000066602, 38.685928000470852 ], [ -75.768966000601083, 38.685821000448691 ], [ -75.769096000760896, 38.685530999540887 ], [ -75.76984499996334, 38.684224000669232 ], [ -75.771573000358146, 38.681434000774615 ], [ -75.772148001216493, 38.681304000213018 ], [ -75.7724279994856, 38.681247999528679 ], [ -75.772904999455605, 38.678354000073121 ], [ -75.773487000274287, 38.678340999808718 ], [ -75.773591999827175, 38.67803800028414 ], [ -75.773672000989151, 38.677674000120888 ], [ -75.773600999735294, 38.67723399964477 ], [ -75.773205000537786, 38.676394999840099 ], [ -75.773451999144868, 38.676399000909441 ], [ -75.773810000584405, 38.676382999922396 ], [ -75.774169000187214, 38.676394999844334 ], [ -75.774910999808895, 38.676389999644307 ], [ -75.775185000333153, 38.676906000490533 ], [ -75.774902999888141, 38.676906000871085 ], [ -75.775016999843047, 38.678652000178701 ], [ -75.775351999979293, 38.678675000288692 ], [ -75.775649999371595, 38.677520000221463 ], [ -75.775764000236251, 38.67730300046172 ], [ -75.776013000127392, 38.676995000594147 ], [ -75.776207999642182, 38.676833000407598 ], [ -75.776332000190891, 38.676763999079469 ], [ -75.776529000601144, 38.676675999667438 ], [ -75.776719999205696, 38.67659899959326 ], [ -75.777000000573594, 38.676573999609928 ], [ -75.778319999612052, 38.676653001007949 ], [ -75.778552000367114, 38.676648999278356 ], [ -75.778820999832391, 38.676604001055253 ], [ -75.779089999404235, 38.676529000725907 ], [ -75.77927699981602, 38.676464999361762 ], [ -75.779458999286661, 38.676452000068245 ], [ -75.779890999701848, 38.676485999869222 ], [ -75.783194999574476, 38.67695599982175 ], [ -75.784209999286873, 38.677054999388325 ], [ -75.78608699955916, 38.677294999910806 ], [ -75.786491000504753, 38.677290999450975 ], [ -75.790397000295087, 38.676981999530987 ], [ -75.791885000345331, 38.676845000437417 ], [ -75.793257998949784, 38.676757000296661 ], [ -75.794524999565297, 38.676661999996369 ], [ -75.79840799940655, 38.676338000506725 ], [ -75.79926299997156, 38.685511999309746 ], [ -75.799430000344231, 38.687629000213846 ], [ -75.799475999942899, 38.688037000092201 ], [ -75.79969699950243, 38.689536999752022 ], [ -75.800276999600229, 38.695982999659343 ], [ -75.800468000583464, 38.696910000510151 ], [ -75.802452000639079, 38.697704000137875 ], [ -75.803107999626349, 38.697890999949692 ], [ -75.804621999571879, 38.698193999786376 ], [ -75.805588999542152, 38.698319999972831 ], [ -75.806235999619076, 38.698356000338748 ], [ -75.809371000449744, 38.698368000023038 ], [ -75.813261999551656, 38.698283999255807 ], [ -75.815368000610988, 38.698257000691065 ], [ -75.816115999654343, 38.69827599951666 ], [ -75.817153000163827, 38.698405999740778 ], [ -75.818580000058219, 38.698669000815613 ], [ -75.822066999990554, 38.699442999748392 ], [ -75.823042999439096, 38.699680000517375 ], [ -75.825285999776824, 38.700374000285869 ], [ -75.828047999572547, 38.701251000467813 ], [ -75.832069000146063, 38.702468000081474 ], [ -75.833030000639511, 38.702732000360108 ], [ -75.836485999100745, 38.703647000069289 ], [ -75.837974000278777, 38.703990000056592 ], [ -75.839103000022277, 38.704124000625043 ], [ -75.840354000397468, 38.704185000129144 ], [ -75.841055999548942, 38.70415800011537 ], [ -75.841636000126869, 38.704104999932937 ], [ -75.843589000518293, 38.703784000485612 ], [ -75.850311000178436, 38.702578999842956 ], [ -75.858116000220804, 38.701164000494444 ], [ -75.858542999605291, 38.701049000933786 ], [ -75.859816999809482, 38.700633999436903 ], [ -75.860458000089096, 38.70039700006555 ], [ -75.860893000251295, 38.700190999443429 ], [ -75.861083000318814, 38.700495999483579 ], [ -75.86105300009406, 38.700640999579704 ], [ -75.860197999879233, 38.701530000081902 ], [ -75.859573000245746, 38.702410999995436 ], [ -75.859367000486131, 38.70261700037176 ], [ -75.858337000184406, 38.703437000271478 ], [ -75.857475000379964, 38.704165999696784 ], [ -75.857375999666729, 38.704268999944262 ], [ -75.85723100001367, 38.704570000044015 ], [ -75.857177000381313, 38.704771999994293 ], [ -75.857199999644251, 38.708175000018059 ], [ -75.857146999566638, 38.708877000097594 ], [ -75.856628000259605, 38.710823000785524 ], [ -75.856574999969823, 38.711207999394283 ], [ -75.856986000570132, 38.715720999548786 ], [ -75.857092999783291, 38.716331000484871 ], [ -75.857864001191828, 38.718699999750434 ], [ -75.858046999174533, 38.719421000328197 ], [ -75.85810799945439, 38.719939999226916 ], [ -75.857954999932204, 38.720316999745627 ], [ -75.855376999491583, 38.723071999574849 ], [ -75.854628999327204, 38.723807999653296 ], [ -75.853125999708041, 38.724777000883478 ], [ -75.852485000032544, 38.725146999386816 ], [ -75.84962399972018, 38.726538999870669 ], [ -75.848945000245692, 38.7268899997921 ], [ -75.848625000046056, 38.727065999520441 ], [ -75.848219999811775, 38.727362999343072 ], [ -75.847251000165272, 38.728182999185087 ], [ -75.846487999298731, 38.728934999148116 ], [ -75.845878000075672, 38.729483999944023 ], [ -75.845588000438966, 38.729700999860022 ], [ -75.844818000695753, 38.730121000399862 ], [ -75.84329199919479, 38.731776999891828 ], [ -75.842567001158898, 38.732532000555587 ], [ -75.841452999645881, 38.73376399981467 ], [ -75.84076600052019, 38.734465999636207 ], [ -75.839622000556602, 38.735480999387782 ], [ -75.83888999962727, 38.735969000597883 ], [ -75.837654000491952, 38.736656000484842 ], [ -75.836273000902494, 38.737307998932998 ], [ -75.835944999300793, 38.737566999943503 ], [ -75.834175000248024, 38.739348999786984 ], [ -75.833731999898632, 38.73971100014554 ], [ -75.832977000655404, 38.740139000178914 ], [ -75.832350999874748, 38.74031400067927 ], [ -75.831001000460006, 38.740546999427934 ], [ -75.830471000280781, 38.740608000101616 ], [ -75.829321000802238, 38.740688000610028 ], [ -75.829040001129442, 38.740261000088744 ], [ -75.828337999580526, 38.739355999504426 ], [ -75.827606000162689, 38.738444999665859 ], [ -75.826590999493376, 38.737251000059103 ], [ -75.824828999877965, 38.735050000102248 ], [ -75.824339999888309, 38.73448499939142 ], [ -75.823958999962699, 38.734123000929756 ], [ -75.823798999555848, 38.733992999609313 ], [ -75.821951998857571, 38.732112000253686 ], [ -75.820342999931725, 38.730582999870435 ], [ -75.819617999589823, 38.7301329998744 ], [ -75.818381999184311, 38.729572000288258 ], [ -75.817489000309493, 38.729145000356127 ], [ -75.817237000191014, 38.728969000369396 ], [ -75.816962999934191, 38.728710000366561 ], [ -75.816130999696369, 38.727638000586225 ], [ -75.815734000401193, 38.727077000362179 ], [ -75.815093000158669, 38.726275999731016 ], [ -75.814070999639071, 38.725356999648085 ], [ -75.813598000765509, 38.72497499997899 ], [ -75.812476999255708, 38.724048000523737 ], [ -75.809768000397156, 38.726104000612843 ], [ -75.805458001003416, 38.729330999955046 ], [ -75.803542999693647, 38.730804000322969 ], [ -75.804099999976515, 38.731166000088066 ], [ -75.805075999673917, 38.731913999134783 ], [ -75.806181999872194, 38.732741999338494 ], [ -75.806579000008185, 38.733075999898048 ], [ -75.805438000339109, 38.734377000025034 ], [ -75.802237998971847, 38.738245999915812 ], [ -75.800560000213764, 38.740247000373195 ], [ -75.800317999976855, 38.740559000312217 ], [ -75.800216999281147, 38.740724000453859 ], [ -75.800159000551048, 38.740845000024649 ], [ -75.80009200051903, 38.741045000058939 ], [ -75.800061000091631, 38.741178000496902 ], [ -75.799899999778901, 38.742023000008388 ], [ -75.799852999148214, 38.742209999895195 ], [ -75.799815001031945, 38.742323000406515 ], [ -75.799707001119074, 38.742546999687576 ], [ -75.799622999348543, 38.742670999802471 ], [ -75.799406999478236, 38.742930999657524 ], [ -75.799247999929918, 38.743075999888049 ], [ -75.7990909994259, 38.74319399963764 ], [ -75.798956999313589, 38.743268999375964 ], [ -75.798841000654946, 38.743316999637585 ], [ -75.798681999693272, 38.743363999808075 ], [ -75.798422999831345, 38.743411999647606 ], [ -75.797764000527977, 38.743509999354416 ], [ -75.795863999412333, 38.743770999191291 ], [ -75.794096000500232, 38.744033999731982 ], [ -75.79382900039765, 38.744078000187457 ], [ -75.793666999914294, 38.744080000396387 ], [ -75.793942999503329, 38.745739999823435 ], [ -75.794201999667948, 38.746632999662161 ], [ -75.794258999906631, 38.746789999876889 ], [ -75.79449199982443, 38.747297999695263 ], [ -75.795578000987888, 38.749266999564504 ], [ -75.797691001090797, 38.752917999434416 ], [ -75.798384999376196, 38.754179999256287 ], [ -75.794229001031326, 38.755193999938818 ], [ -75.79378800046139, 38.755263000051016 ], [ -75.790689001028085, 38.755474999754561 ], [ -75.788332999879813, 38.755914000039915 ], [ -75.787520999596637, 38.756000000044942 ], [ -75.786894999584021, 38.755984999941781 ], [ -75.786536999889023, 38.755881999977007 ], [ -75.785422998821346, 38.755370999426788 ], [ -75.784987999573815, 38.755274999902596 ], [ -75.784172000047562, 38.755354999506793 ], [ -75.783362999430523, 38.755587999497202 ], [ -75.782943000270762, 38.755743999323222 ], [ -75.781631000759717, 38.757293000662578 ], [ -75.780502000900754, 38.758669999552879 ], [ -75.780090000023719, 38.759063000286062 ], [ -75.779746999348845, 38.759276999433681 ], [ -75.777869999921009, 38.760189000389133 ], [ -75.777266999204784, 38.760444000720376 ], [ -75.777075999240267, 38.760498000510282 ], [ -75.776794000238212, 38.760528000221981 ], [ -75.775878000312687, 38.760513000295425 ], [ -75.775481999700517, 38.760459000111695 ], [ -75.775169000807651, 38.760375000006349 ], [ -75.772216000600409, 38.759333999106325 ], [ -75.765433999762024, 38.756865999609467 ], [ -75.763312999912188, 38.756331999523169 ], [ -75.761923999923141, 38.755907999590427 ], [ -75.761604000443953, 38.755770999557775 ], [ -75.761009000552718, 38.755371000312714 ], [ -75.760620000470709, 38.755039000012246 ], [ -75.759360999395739, 38.753863999766153 ], [ -75.758888000297631, 38.753494000566469 ], [ -75.753746000342034, 38.751570999190989 ], [ -75.754439999721782, 38.750990999691389 ], [ -75.755775000185992, 38.750007000004594 ], [ -75.756323999843715, 38.749488000328967 ], [ -75.75669799971233, 38.749053000356895 ], [ -75.757071999792331, 38.748546000539548 ], [ -75.75730799973438, 38.747993000331384 ], [ -75.757568000022971, 38.747126999270186 ], [ -75.758337999453857, 38.744159000052797 ], [ -75.758635999567773, 38.743166999217827 ], [ -75.758902999229988, 38.742468999552244 ], [ -75.759001999928145, 38.742293999868643 ], [ -75.758789000708148, 38.742187000119145 ], [ -75.758323000003344, 38.742073000307002 ], [ -75.757658999356963, 38.742191000651644 ], [ -75.756942000339578, 38.742258999172947 ], [ -75.756423000398001, 38.74259100065548 ], [ -75.755767000444791, 38.742958000390438 ], [ -75.755386000203472, 38.743227999950378 ], [ -75.754874999691978, 38.743331000364741 ], [ -75.754577000568091, 38.74332800041001 ], [ -75.754264000806714, 38.743125000602632 ], [ -75.753951999357227, 38.74287400031875 ], [ -75.753707000346097, 38.742549000513527 ], [ -75.753349000600181, 38.742500000590034 ], [ -75.753074000625631, 38.742709999269834 ], [ -75.752914000350117, 38.742724999946894 ], [ -75.752814999811051, 38.742598999837092 ], [ -75.75282200066269, 38.742182999936432 ], [ -75.752784000595156, 38.741980999441594 ], [ -75.752723000245084, 38.742031000346827 ], [ -75.752349000844887, 38.742134000615884 ], [ -75.75185300053343, 38.742335999691988 ], [ -75.751770000143637, 38.742736000339164 ], [ -75.751799999906297, 38.743288999980244 ], [ -75.75170099934769, 38.743583000053448 ], [ -75.751234999600072, 38.744026000025336 ], [ -75.750952999901571, 38.744438000079647 ], [ -75.750845999392141, 38.744776999546723 ], [ -75.750777999741729, 38.745394999845949 ], [ -75.749999999606644, 38.745910000137229 ], [ -75.749938000187058, 38.746153999532723 ], [ -75.750106000447403, 38.746519999646829 ], [ -75.75010600004687, 38.746860000663602 ], [ -75.749923000376498, 38.74710399985527 ], [ -75.749838999629233, 38.747272000325701 ], [ -75.749854999558693, 38.74767300000552 ], [ -75.749999999902258, 38.748081000448508 ], [ -75.749549000437611, 38.748362999659051 ], [ -75.749106999692188, 38.748527000081836 ], [ -75.748107000765003, 38.749052999820144 ], [ -75.747230000332664, 38.749297999309206 ], [ -75.746414000134052, 38.749987999145418 ], [ -75.745994000111722, 38.750915000660598 ], [ -75.745482999755566, 38.751307999857374 ], [ -75.744735000608614, 38.751692999751427 ], [ -75.744132000508259, 38.751727999650726 ], [ -75.743620999359749, 38.751632000000356 ], [ -75.742980000116802, 38.751593999983257 ], [ -75.74265199970452, 38.751823000292596 ], [ -75.742630000094422, 38.752089999571041 ], [ -75.742797000256459, 38.752448999974945 ], [ -75.742866000327936, 38.753185000202414 ], [ -75.742759000124735, 38.753554999227234 ], [ -75.742248000120554, 38.754638000629015 ], [ -75.741439000153193, 38.755439000054473 ], [ -75.741187999990075, 38.755859000251526 ], [ -75.741188000359841, 38.756503999854047 ], [ -75.741034998730512, 38.757109999574375 ], [ -75.739897999249493, 38.757903999857213 ], [ -75.73939499936057, 38.757967999364283 ], [ -75.738524999615038, 38.75823899974786 ], [ -75.738249999873716, 38.758234999423124 ], [ -75.737585999772207, 38.758028999366282 ], [ -75.736906999873113, 38.758021999763201 ], [ -75.736145000616077, 38.758323000732013 ], [ -75.73558799952535, 38.758673999063248 ], [ -75.734816999544819, 38.758934000067825 ], [ -75.7327340006604, 38.759394999683067 ], [ -75.732048000136956, 38.759677000227818 ], [ -75.730842, 38.759997999600806 ], [ -75.73044500084066, 38.760238000232789 ], [ -75.730072000381199, 38.760391000124891 ], [ -75.728988000071524, 38.760550999966448 ], [ -75.727553999449455, 38.760524000466468 ], [ -75.726881999520984, 38.76053999948936 ], [ -75.72611200062228, 38.760643001013669 ], [ -75.725372000333465, 38.760893999996334 ], [ -75.724997999558383, 38.76124499933681 ], [ -75.724716000332819, 38.761600000427208 ], [ -75.724441000583866, 38.761886000291753 ], [ -75.723937000426773, 38.762248000646586 ], [ -75.72299899900402, 38.762598999811892 ], [ -75.722154999836519, 38.762779000158147 ], [ -75.721531001447701, 38.762962999939802 ], [ -75.720295999375807, 38.763527000102279 ], [ -75.718940999987041, 38.764437999985347 ], [ -75.717703999975697, 38.765598000345655 ], [ -75.716657000297403, 38.752336999551765 ], [ -75.71568399979256, 38.740061999817577 ], [ -75.714740000410458, 38.728103999941148 ], [ -75.714002999294948, 38.718795999462763 ], [ -75.713958999438688, 38.718190999794672 ], [ -75.713031999475717, 38.706498999989662 ], [ -75.712963999438259, 38.705622999584754 ] ] ] } },
{ "type": "Feature", "properties": { "GEOID20": "24017850901", "ORGANIZATION_NAME": "LifeStyles of Maryland Foundation, Inc.", "GOC_TRACK_TYPE": "Partnership Development" }, "geometry": { "type": "Polygon", "coordinates": [ [ [ -76.892892999081582, 38.605716000727348 ], [ -76.89317199980978, 38.605655000654693 ], [ -76.893354000006809, 38.605627000066185 ], [ -76.893527000440528, 38.605611999549566 ], [ -76.893811998970165, 38.605599000093754 ], [ -76.894393000142855, 38.605607999849298 ], [ -76.896058999982586, 38.605674000870984 ], [ -76.896403999106255, 38.605661999076638 ], [ -76.896702000541652, 38.605641000772223 ], [ -76.896950999123334, 38.605604999329849 ], [ -76.897217000250691, 38.605574000505662 ], [ -76.897756999593838, 38.605469999497679 ], [ -76.898440999294451, 38.60529499973326 ], [ -76.898958999427506, 38.605171000706044 ], [ -76.899271999513317, 38.605085000116787 ], [ -76.899545999969817, 38.60499000043923 ], [ -76.899990000026676, 38.604807999620739 ], [ -76.90018499993117, 38.604712999864894 ], [ -76.900636000069213, 38.604457999514764 ], [ -76.901072000006877, 38.604236999787439 ], [ -76.901514000241548, 38.604026999548864 ], [ -76.901813999804006, 38.603888999889975 ], [ -76.902163999427842, 38.603740000427599 ], [ -76.902397000899128, 38.603645000084306 ], [ -76.903084000216765, 38.603380999995998 ], [ -76.90492000047324, 38.602735000557495 ], [ -76.906681000338423, 38.601577000355512 ], [ -76.907190999073066, 38.601242000088774 ], [ -76.907367000398253, 38.601126000815071 ], [ -76.907915999737497, 38.601567000149942 ], [ -76.908159999753181, 38.601734999406396 ], [ -76.908569999800406, 38.601996999615011 ], [ -76.909250000197659, 38.602446999713372 ], [ -76.910580998973899, 38.603340000080934 ], [ -76.912518000728227, 38.604581999674934 ], [ -76.914104000411598, 38.605457000209263 ], [ -76.915120999791228, 38.605997000417609 ], [ -76.91649099974974, 38.606501999909796 ], [ -76.918234999824904, 38.60712599958989 ], [ -76.918885000799463, 38.607389000134681 ], [ -76.919618998582891, 38.607674000335351 ], [ -76.920141999826058, 38.607895000179155 ], [ -76.920531001108031, 38.608083000075915 ], [ -76.920809999603932, 38.608227000049339 ], [ -76.921173999619725, 38.608444000544019 ], [ -76.921955000494819, 38.608952999689009 ], [ -76.922049000113205, 38.609021000130475 ], [ -76.922242000136848, 38.609121999863177 ], [ -76.922393999131728, 38.609181999396149 ], [ -76.922575000061343, 38.609236999278693 ], [ -76.92280299992315, 38.609334000774794 ], [ -76.923018999819902, 38.609443999764991 ], [ -76.923293999762549, 38.609608999433632 ], [ -76.923544999364751, 38.609750999647773 ], [ -76.924006999360969, 38.610054999597416 ], [ -76.924133999546129, 38.610152999994753 ], [ -76.924246999554128, 38.610251999212856 ], [ -76.924363999233663, 38.610366999495263 ], [ -76.924455999535454, 38.610485000447376 ], [ -76.924781999833016, 38.610811000077284 ], [ -76.925020000021178, 38.611031000537885 ], [ -76.92525799977868, 38.611199999478721 ], [ -76.925864999534681, 38.611601000788269 ], [ -76.923397000027265, 38.614045999745741 ], [ -76.922579999582737, 38.614824999838113 ], [ -76.921923999599741, 38.615489999778198 ], [ -76.919097999623801, 38.618287999317744 ], [ -76.918915000138966, 38.618455999648198 ], [ -76.918533999521969, 38.618786000849937 ], [ -76.918227999784406, 38.619090999411569 ], [ -76.91790600043727, 38.619398999287348 ], [ -76.916633999632296, 38.620666000094751 ], [ -76.9162539997442, 38.62105800051549 ], [ -76.91595400042668, 38.621352000437525 ], [ -76.915858000659142, 38.621444999996008 ], [ -76.915402999451601, 38.621850999641126 ], [ -76.913441999945633, 38.623842999981569 ], [ -76.912876000672838, 38.624366000381436 ], [ -76.912654000829306, 38.624579000596249 ], [ -76.912047999870552, 38.625183000188649 ], [ -76.910784000397584, 38.626413999637009 ], [ -76.909917000630614, 38.625774999439507 ], [ -76.909688999720046, 38.62562199999752 ], [ -76.90852399903207, 38.624634000181061 ], [ -76.908421999139534, 38.624556000077881 ], [ -76.907847000291099, 38.62413999988609 ], [ -76.907635000023973, 38.623995999744714 ], [ -76.907394000438899, 38.623838000037019 ], [ -76.9069680000228, 38.623590999222841 ], [ -76.906489000324228, 38.623340000343511 ], [ -76.906254000899082, 38.623226000695844 ], [ -76.906080999071193, 38.623145999029049 ], [ -76.90578399946547, 38.623020000127546 ], [ -76.905393000608612, 38.62286199993369 ], [ -76.904483000177436, 38.622519999575978 ], [ -76.902551000822669, 38.621778000078372 ], [ -76.902254999729934, 38.621651000220531 ], [ -76.901778000429758, 38.621423999870579 ], [ -76.901273000263998, 38.621150000604558 ], [ -76.900989999849969, 38.620983000878141 ], [ -76.900738000723067, 38.620816999849275 ], [ -76.900251000771533, 38.620477000173189 ], [ -76.899585000468335, 38.62002800000176 ], [ -76.89899600066633, 38.619668999495559 ], [ -76.897978999961694, 38.619203000750886 ], [ -76.897298000899113, 38.618968999542943 ], [ -76.895804999542889, 38.618572999748579 ], [ -76.893686001065987, 38.618020999433611 ], [ -76.891371000390905, 38.617479999806278 ], [ -76.889745000426529, 38.617093000301644 ], [ -76.888928999564598, 38.61691700028701 ], [ -76.887732999724165, 38.616675000053618 ], [ -76.886860999599122, 38.61649200017235 ], [ -76.886245000542957, 38.61634999972425 ], [ -76.885626000278037, 38.616182000221123 ], [ -76.885241000020471, 38.616061999847162 ], [ -76.885039000232624, 38.616005999574384 ], [ -76.884338999649117, 38.615788000379005 ], [ -76.88408499996396, 38.615701999980388 ], [ -76.883783000326773, 38.615592999593069 ], [ -76.883314000400603, 38.615386000035102 ], [ -76.882959999826724, 38.615207999854562 ], [ -76.882421000458891, 38.614894000018523 ], [ -76.881801000511274, 38.614472999986724 ], [ -76.882346000816398, 38.614050000411076 ], [ -76.882487000024113, 38.61392100026611 ], [ -76.88284199995627, 38.613573999316181 ], [ -76.883076999727976, 38.613288999049971 ], [ -76.883224000344867, 38.613088000073304 ], [ -76.883304000163321, 38.612952000080085 ], [ -76.883543999941026, 38.612601999679434 ], [ -76.883794000065222, 38.61219700063927 ], [ -76.883906000375674, 38.612053000007954 ], [ -76.884035999682453, 38.611903001187073 ], [ -76.884199000022832, 38.611741999391519 ], [ -76.884338000152567, 38.611615999401479 ], [ -76.884628000440429, 38.611406999517413 ], [ -76.885039999345622, 38.611169999705183 ], [ -76.885885999465501, 38.61074200047544 ], [ -76.886239999498073, 38.610551000179576 ], [ -76.88667499973279, 38.610250000207685 ], [ -76.886895000673803, 38.610076000097962 ], [ -76.886998000593039, 38.609982000520496 ], [ -76.887127999614435, 38.609849000379889 ], [ -76.887258000634588, 38.609693999003341 ], [ -76.887395999580065, 38.609507999915181 ], [ -76.887668999495702, 38.609103999377496 ], [ -76.887914999436163, 38.608781999266853 ], [ -76.888087999721179, 38.608528001016552 ], [ -76.88826000092503, 38.608304999646663 ], [ -76.88859499988186, 38.607926999741245 ], [ -76.888780999901599, 38.60774799967264 ], [ -76.889019000522524, 38.607505999593975 ], [ -76.889334999333229, 38.607239000173863 ], [ -76.88954800013714, 38.607074999746985 ], [ -76.889773000646343, 38.606918000164271 ], [ -76.890020999696048, 38.606759000331486 ], [ -76.890367000819111, 38.606565999760591 ], [ -76.890566000642096, 38.606466000236814 ], [ -76.890887000711757, 38.606326999894222 ], [ -76.891287999986091, 38.606180999799413 ], [ -76.891897999493395, 38.6059960002721 ], [ -76.892135000103252, 38.605932998850299 ], [ -76.892712000651599, 38.60576399997781 ], [ -76.892892999081582, 38.605716000727348 ] ] ] } },
{ "type": "Feature", "properties": { "GEOID20": "24019970500", "ORGANIZATION_NAME": "Moving Dorchester Forward, INC", "GOC_TRACK_TYPE": "Plan Development" }, "geometry": { "type": "Polygon", "coordinates": [ [ [ -76.087172998960142, 38.577495000276137 ], [ -76.085463999802954, 38.576266999845416 ], [ -76.085052000058624, 38.57662899961359 ], [ -76.084884000625834, 38.576766000270894 ], [ -76.084571000315293, 38.576515000210989 ], [ -76.083823999159492, 38.575939000428967 ], [ -76.08271699934707, 38.575098999877021 ], [ -76.081244999976306, 38.573954999939779 ], [ -76.080497001192313, 38.573410000738626 ], [ -76.080146000004063, 38.573130999100243 ], [ -76.079504999790558, 38.572646999540076 ], [ -76.07876499887891, 38.572047999750247 ], [ -76.077865000714354, 38.571371999569983 ], [ -76.07770499985827, 38.571247000040323 ], [ -76.077658999604196, 38.57119699987971 ], [ -76.077612999115971, 38.571125000131126 ], [ -76.077544999548053, 38.571001999536257 ], [ -76.07749100020861, 38.570835000022853 ], [ -76.077452999345454, 38.570655000105617 ], [ -76.077278000054591, 38.570037000156631 ], [ -76.077269999874559, 38.569956999824527 ], [ -76.077559999579691, 38.568321000802733 ], [ -76.077902999344403, 38.566546999376015 ], [ -76.078094000263292, 38.565676999628685 ], [ -76.078231001068787, 38.564909999819562 ], [ -76.078329999668227, 38.564392000398058 ], [ -76.07855900113492, 38.563269999171176 ], [ -76.078865000162295, 38.563381000130711 ], [ -76.079268999874486, 38.56349499987121 ], [ -76.079894999244644, 38.563629000697524 ], [ -76.080505000490476, 38.563747000100847 ], [ -76.080824999557109, 38.563815999364998 ], [ -76.082510999681659, 38.564094000208925 ], [ -76.08430399993145, 38.564395000798577 ], [ -76.085945000216768, 38.564666000673391 ], [ -76.086371999843209, 38.564735000495105 ], [ -76.086799000100967, 38.564815000777031 ], [ -76.087356000213177, 38.564945000273077 ], [ -76.088103999563941, 38.565154999562566 ], [ -76.090309000343652, 38.565803000536306 ], [ -76.0907820000036, 38.565966999931966 ], [ -76.091209001275161, 38.56613899929301 ], [ -76.092033000480157, 38.566500999869191 ], [ -76.092735000382845, 38.566802000000919 ], [ -76.092940999814772, 38.566882998895288 ], [ -76.093352999450317, 38.567024000570932 ], [ -76.093620001407615, 38.56709999902489 ], [ -76.094435999809505, 38.567305999802365 ], [ -76.094672999671445, 38.56737099977726 ], [ -76.094748998994575, 38.567385999892132 ], [ -76.095175999883949, 38.56748099922757 ], [ -76.095916000058025, 38.567657000239599 ], [ -76.096076000420098, 38.567687000630059 ], [ -76.098312000130932, 38.56823300017345 ], [ -76.101027999872116, 38.568885000164329 ], [ -76.101294999099167, 38.568943000326172 ], [ -76.101546999148454, 38.568987999948362 ], [ -76.101737000656485, 38.569005999763242 ], [ -76.101959000504536, 38.569011000211873 ], [ -76.102081000546974, 38.56900399990915 ], [ -76.102142000448779, 38.569289999732696 ], [ -76.102209999607524, 38.569537999691363 ], [ -76.102324999915936, 38.569927000229058 ], [ -76.102401000049241, 38.570152000130882 ], [ -76.102455000288145, 38.570246999814586 ], [ -76.102638001036695, 38.570483999515517 ], [ -76.102728999403141, 38.570620999776786 ], [ -76.102896999423834, 38.570582999816835 ], [ -76.103187001194726, 38.570563999529753 ], [ -76.103331999704949, 38.570574999927096 ], [ -76.103484999133144, 38.570606000037863 ], [ -76.103775000371044, 38.570632000012502 ], [ -76.104033999807257, 38.570551999878163 ], [ -76.104072000570824, 38.570514000083868 ], [ -76.104079999279989, 38.570449000153936 ], [ -76.10409500080587, 38.570414999794977 ], [ -76.104193999074695, 38.570391999920155 ], [ -76.104278000583022, 38.570403999499547 ], [ -76.104415000015294, 38.570476000214455 ], [ -76.104492000566808, 38.570471999476581 ], [ -76.104567998997197, 38.570456999777569 ], [ -76.104652000622963, 38.57040699974872 ], [ -76.104742999925747, 38.570364999629184 ], [ -76.104858000706599, 38.570350000020184 ], [ -76.104933999837499, 38.57031599973994 ], [ -76.104994999674616, 38.570269999957979 ], [ -76.105064000506644, 38.570251000056992 ], [ -76.105139999844269, 38.570261999569603 ], [ -76.105201000672992, 38.570307999573572 ], [ -76.105254999949253, 38.570327000129993 ], [ -76.105293000629715, 38.570326999736686 ], [ -76.105308000532659, 38.570326999835977 ], [ -76.105368999855017, 38.570319999669074 ], [ -76.105445000247059, 38.570297000168878 ], [ -76.105606000292426, 38.570220000304317 ], [ -76.105743000246065, 38.570186000217099 ], [ -76.105841999893798, 38.570194000423378 ], [ -76.105911000262495, 38.570204999665478 ], [ -76.106018000131911, 38.570246999694291 ], [ -76.107063000322796, 38.570612999762325 ], [ -76.107208000241116, 38.570705000400856 ], [ -76.107321999210626, 38.570799999858387 ], [ -76.107481998918544, 38.57102199962636 ], [ -76.10764300018073, 38.571162999985269 ], [ -76.107718999833381, 38.571208000217105 ], [ -76.107864000200891, 38.571258000167184 ], [ -76.107986000478903, 38.571319000273682 ], [ -76.107932999418964, 38.571352999698142 ], [ -76.107642999713178, 38.571360999941255 ], [ -76.107588998904788, 38.571394999646259 ], [ -76.107581999840335, 38.57145600018179 ], [ -76.107603999236488, 38.571544001229661 ], [ -76.107719000011684, 38.571628000560928 ], [ -76.108679999432198, 38.57210500087217 ], [ -76.108812576108832, 38.572190432945902 ], [ -76.108985000341718, 38.572292001120147 ], [ -76.109115000087542, 38.572444000764598 ], [ -76.109236999753975, 38.572710999570972 ], [ -76.109358999740607, 38.573028000924786 ], [ -76.109439952248366, 38.573120732472901 ], [ -76.109527001098442, 38.573206999721712 ], [ -76.109595999690697, 38.573237999789747 ], [ -76.10962599909513, 38.573275999533656 ], [ -76.109649000001426, 38.573340999313523 ], [ -76.109671999354774, 38.573490000555083 ], [ -76.109511999013293, 38.573925000187963 ], [ -76.109450999387661, 38.57404299999174 ], [ -76.109374999461295, 38.574122999526203 ], [ -76.108923999736646, 38.574432000378835 ], [ -76.108778999528326, 38.574470000667304 ], [ -76.108740999931868, 38.574512000262331 ], [ -76.108711000572555, 38.574652999844737 ], [ -76.108764000025346, 38.574862999836007 ], [ -76.10861400135002, 38.574885000073117 ], [ -76.10859500035572, 38.574919000065385 ], [ -76.108686999768722, 38.575687999839886 ], [ -76.109221999932075, 38.575655000429563 ], [ -76.109352000710089, 38.577018000077985 ], [ -76.108626999592204, 38.577071999273052 ], [ -76.108145999264849, 38.577091000016985 ], [ -76.107840999614211, 38.57709499933361 ], [ -76.107481999554821, 38.577147999591901 ], [ -76.107397999666475, 38.577181999614432 ], [ -76.107337000557962, 38.57722400060026 ], [ -76.107276000434638, 38.577273999885342 ], [ -76.107223000433692, 38.577349999751824 ], [ -76.107153999972539, 38.577472000980492 ], [ -76.106781000563075, 38.578498000574044 ], [ -76.106628000295913, 38.578964000140665 ], [ -76.106552000653508, 38.5791510006365 ], [ -76.106483000353492, 38.579189000004142 ], [ -76.10641399883842, 38.579242000485252 ], [ -76.106323000215738, 38.579287999334063 ], [ -76.106177999721581, 38.579314999859477 ], [ -76.106100999414537, 38.57932200003588 ], [ -76.10594900015748, 38.579288000366226 ], [ -76.104667000137724, 38.578800000053938 ], [ -76.103828000019504, 38.578491000617859 ], [ -76.102806000300703, 38.57809799898223 ], [ -76.102309999170956, 38.577918999593784 ], [ -76.10196599964425, 38.577803999243024 ], [ -76.100875000425404, 38.577383999368351 ], [ -76.100250000124831, 38.577152000794513 ], [ -76.099898999013817, 38.577078999426369 ], [ -76.099463999906192, 38.577044999527615 ], [ -76.098921999625958, 38.57701099958107 ], [ -76.098547999327295, 38.577002999993844 ], [ -76.098358000260149, 38.577010999242347 ], [ -76.098114000060178, 38.57703700044582 ], [ -76.097968999622239, 38.577059999664904 ], [ -76.097762999613138, 38.577110000734748 ], [ -76.097373000225176, 38.577223999839866 ], [ -76.096984000629305, 38.577349999326756 ], [ -76.095984999088643, 38.57769299996091 ], [ -76.095625999655837, 38.577803999936961 ], [ -76.095084999748551, 38.578001999691502 ], [ -76.094916999759377, 38.578055999622308 ], [ -76.094711000338052, 38.577731999984437 ], [ -76.094589000298924, 38.577560000100242 ], [ -76.094305999555445, 38.577186000125842 ], [ -76.094138999676474, 38.576950000308109 ], [ -76.09389400073681, 38.576637000056515 ], [ -76.093475000580185, 38.576175000495674 ], [ -76.091017999740316, 38.577930000162986 ], [ -76.090782000719045, 38.578105000086808 ], [ -76.090705000140957, 38.578181999527004 ], [ -76.090675000656233, 38.578372000149024 ], [ -76.090681999713425, 38.578472000045018 ], [ -76.090750999637791, 38.578650999747566 ], [ -76.090895999706362, 38.578891000121352 ], [ -76.091163000377989, 38.579367999774192 ], [ -76.090446000200117, 38.579688999503269 ], [ -76.090332000599759, 38.579733999701922 ], [ -76.09025500045945, 38.57975700052129 ], [ -76.090034000268929, 38.579620000387969 ], [ -76.089729000482549, 38.579394999231873 ], [ -76.08919499983503, 38.57898699952753 ], [ -76.088874000528463, 38.578762000497214 ], [ -76.088439000271819, 38.57843300049268 ], [ -76.087722000697639, 38.577921999616635 ], [ -76.087172998960142, 38.577495000276137 ] ] ] } },
{ "type": "Feature", "properties": { "GEOID20": "24019970804", "ORGANIZATION_NAME": "Moving Dorchester Forward, INC", "GOC_TRACK_TYPE": "Plan Development" }, "geometry": { "type": "Polygon", "coordinates": [ [ [ -76.222061000041222, 38.539492999519148 ], [ -76.2214580001625, 38.539427999254947 ], [ -76.221182999603627, 38.539424000094236 ], [ -76.220717999765952, 38.539469999975523 ], [ -76.220366999337443, 38.539522000622412 ], [ -76.220286499434707, 38.53948150079907 ], [ -76.220084999933434, 38.539173000136657 ], [ -76.219962999774211, 38.539069999412462 ], [ -76.219772000666126, 38.538978000361894 ], [ -76.219604000081418, 38.538944000090851 ], [ -76.21930600039839, 38.538906000296457 ], [ -76.218917000155315, 38.538917000389773 ], [ -76.218131999511968, 38.539062000275877 ], [ -76.217635999819194, 38.539202999992519 ], [ -76.217558999925629, 38.539205000600852 ], [ -76.217490999828144, 38.539176000198644 ], [ -76.217453000457539, 38.539119000586616 ], [ -76.217430000167454, 38.539057999211373 ], [ -76.217398999893462, 38.538832999185821 ], [ -76.217413999604432, 38.538691999761355 ], [ -76.217460000383241, 38.53862700076634 ], [ -76.217582000098815, 38.53848599915802 ], [ -76.217619999477492, 38.538413999324298 ], [ -76.217665999587865, 38.53829100060117 ], [ -76.217703999409423, 38.538093000460975 ], [ -76.217734999902206, 38.537970999858864 ], [ -76.217863999712961, 38.537711999819734 ], [ -76.217886999600864, 38.537604999532377 ], [ -76.217872000108386, 38.537483000150417 ], [ -76.217773000017857, 38.53724200009497 ], [ -76.217781000156222, 38.537139000711932 ], [ -76.21776500084701, 38.537052001218868 ], [ -76.217726999391857, 38.536922000075663 ], [ -76.217657999510763, 38.53677299999309 ], [ -76.217635999700136, 38.536692999793502 ], [ -76.217619999544937, 38.536566999899577 ], [ -76.217613000464837, 38.536303999830778 ], [ -76.21756700001356, 38.536162999626868 ], [ -76.217483000462636, 38.53602200032325 ], [ -76.217376000393841, 38.535877000092981 ], [ -76.217284999841795, 38.535784999911243 ], [ -76.217185000041582, 38.535723999700835 ], [ -76.216712000741282, 38.535471999637849 ], [ -76.21652200000409, 38.535381000067702 ], [ -76.216476000785633, 38.535343000412304 ], [ -76.216437998900773, 38.535274000300852 ], [ -76.216391999638262, 38.535063999840013 ], [ -76.216384000137239, 38.534880999979286 ], [ -76.216400000937867, 38.534748000260095 ], [ -76.216461000006944, 38.534587000037803 ], [ -76.216629000600349, 38.534358000576731 ], [ -76.216643999506644, 38.534305000255827 ], [ -76.216643999288735, 38.534233000452822 ], [ -76.216590000774431, 38.534149000522419 ], [ -76.216529000336322, 38.534075999417702 ], [ -76.216467999727811, 38.534030000344778 ], [ -76.216380499123474, 38.533976999073388 ], [ -76.216323000543781, 38.533927000072666 ], [ -76.216293000437659, 38.533870000821679 ], [ -76.216231999999053, 38.533630000616732 ], [ -76.216185999389097, 38.533537999391434 ], [ -76.216177999555981, 38.533481000732728 ], [ -76.216194000333275, 38.533416000798105 ], [ -76.216254999073016, 38.53327899910655 ], [ -76.216269999455946, 38.533183999326297 ], [ -76.216255000163699, 38.53312999944584 ], [ -76.216216999245248, 38.533072999367448 ], [ -76.215995001185291, 38.53286299991781 ], [ -76.215872999580853, 38.532722000663327 ], [ -76.215850000223099, 38.532664999872786 ], [ -76.215842999231029, 38.532478000325042 ], [ -76.215835000100228, 38.532427999908649 ], [ -76.215811999503075, 38.532390001091336 ], [ -76.215698000278294, 38.532328999678747 ], [ -76.215652000346424, 38.532283000489471 ], [ -76.215553000156589, 38.532141999358984 ], [ -76.215437999412146, 38.531935999382789 ], [ -76.215384999921824, 38.531893999717745 ], [ -76.215196653455465, 38.531799896408195 ], [ -76.21508699975989, 38.531738001197375 ], [ -76.215026000197, 38.531672999354328 ], [ -76.214942000052815, 38.531508999667551 ], [ -76.214859000671893, 38.531382999854067 ], [ -76.214775000297209, 38.531298999946912 ], [ -76.214546000214838, 38.531176999871832 ], [ -76.214262999631444, 38.531070000172328 ], [ -76.214004000062289, 38.531004999471051 ], [ -76.213652999028156, 38.530963000278746 ], [ -76.213370999556005, 38.530940999733168 ], [ -76.21331700022796, 38.530920999775198 ], [ -76.213302000130128, 38.530882999646529 ], [ -76.21321799928316, 38.530379999670252 ], [ -76.213195000251631, 38.530311000005831 ], [ -76.213142000108164, 38.530258000078895 ], [ -76.213042999327428, 38.530200000298493 ], [ -76.212759999509515, 38.530143000118791 ], [ -76.212609301476689, 38.53012317177383 ], [ -76.21255648243239, 38.530097388401344 ], [ -76.212547000247355, 38.530013999858859 ], [ -76.212562000364244, 38.529811000279729 ], [ -76.212554000224657, 38.529716000035108 ], [ -76.212523999855136, 38.529644000505215 ], [ -76.212013000116656, 38.529277000498972 ], [ -76.211692000625277, 38.529060000491363 ], [ -76.211425000204315, 38.528926000225752 ], [ -76.211212000077609, 38.528846000685739 ], [ -76.210928999506379, 38.52880000061279 ], [ -76.210678000013885, 38.528789000463306 ], [ -76.210426000024313, 38.528797000384287 ], [ -76.210135999839579, 38.528820000207602 ], [ -76.209708999535394, 38.528891999791803 ], [ -76.20920499997807, 38.529017999687717 ], [ -76.207968998915661, 38.529399000134546 ], [ -76.206885999927167, 38.529833999956743 ], [ -76.205960597257729, 38.530277904587948 ], [ -76.205520000063132, 38.530483000135803 ], [ -76.205054998997056, 38.530638999529195 ], [ -76.204949106209313, 38.530645164401818 ], [ -76.20488700057966, 38.530619999589163 ], [ -76.204856000051649, 38.53058599972227 ], [ -76.204848999478244, 38.53047499923791 ], [ -76.204887000020108, 38.530268999283344 ], [ -76.204933000754963, 38.529772999460626 ], [ -76.204947999732894, 38.529696999423301 ], [ -76.205001000715384, 38.529612999807149 ], [ -76.205168999789421, 38.529434000096913 ], [ -76.205218380591759, 38.529363254149622 ], [ -76.205260999797616, 38.529284999695754 ], [ -76.205299000309651, 38.529234999543611 ], [ -76.205351999245366, 38.529201000314288 ], [ -76.205451000021085, 38.529178000392967 ], [ -76.205550999898463, 38.529131999754078 ], [ -76.206031000148471, 38.528803999898756 ], [ -76.206115000182578, 38.528723999899078 ], [ -76.206169000068755, 38.528625000109727 ], [ -76.206297999740102, 38.528217000104426 ], [ -76.206328999681105, 38.528029998929604 ], [ -76.206351999745294, 38.527751000642901 ], [ -76.206375000395994, 38.527671000071187 ], [ -76.206397999671836, 38.52762200073267 ], [ -76.206466000284649, 38.527511000787413 ], [ -76.206480999458265, 38.527435000556508 ], [ -76.206451000217385, 38.527239999833682 ], [ -76.206375000360964, 38.526987999634279 ], [ -76.206297999643439, 38.526790000355447 ], [ -76.206298000405027, 38.526682999158183 ], [ -76.206329000432575, 38.526538000243903 ], [ -76.206352000066389, 38.526485000870537 ], [ -76.20639000062755, 38.526435000368103 ], [ -76.206436000004885, 38.526401000601943 ], [ -76.206493000089708, 38.526389999616697 ], [ -76.206565498656005, 38.526418500362787 ], [ -76.206764000416086, 38.526579999654189 ], [ -76.20682499948677, 38.526622000269803 ], [ -76.206881447723546, 38.526627204517112 ], [ -76.206962001432387, 38.526591999816532 ], [ -76.207031000366669, 38.526511999498055 ], [ -76.207037999813423, 38.526451000631596 ], [ -76.207072500372647, 38.526318999433329 ], [ -76.20711500026573, 38.526270999690354 ], [ -76.207189062221261, 38.526241815474016 ], [ -76.207255499434311, 38.526202500705175 ], [ -76.207336001035543, 38.526107001025693 ], [ -76.207382000268225, 38.526077000932574 ], [ -76.207473000328775, 38.526046000513659 ], [ -76.207594999280317, 38.525962000903881 ], [ -76.207695001061538, 38.525786999726051 ], [ -76.207717000215283, 38.525695000038731 ], [ -76.207747999632943, 38.525629999847084 ], [ -76.207800999301682, 38.525566000089739 ], [ -76.208159999233104, 38.52524900011047 ], [ -76.208189999831077, 38.525198999470724 ], [ -76.208205999690392, 38.525137999701052 ], [ -76.208183000596506, 38.525016000186163 ], [ -76.20813700022255, 38.524944000344554 ], [ -76.208083999311796, 38.524889999825191 ], [ -76.207671999738011, 38.524599999866361 ], [ -76.207159999556751, 38.524290999748985 ], [ -76.207122499883766, 38.524236000025176 ], [ -76.207091999966877, 38.524085000116088 ], [ -76.207060999807709, 38.524027999651423 ], [ -76.206999999194309, 38.52399400011965 ], [ -76.20693549882958, 38.524005499709816 ], [ -76.206893000274718, 38.524051000267548 ], [ -76.206832000366873, 38.524161999596537 ], [ -76.206824999498835, 38.524211000115216 ], [ -76.206831999624427, 38.524252999723572 ], [ -76.206893000074956, 38.524420999959091 ], [ -76.20692399962239, 38.524481999607133 ], [ -76.206938999833511, 38.524542999967409 ], [ -76.206942998623234, 38.524635000370886 ], [ -76.206909000217195, 38.52468099949116 ], [ -76.206761501512915, 38.524749465581372 ], [ -76.206610999567019, 38.524810000080798 ], [ -76.20630441176209, 38.524885820838115 ], [ -76.206068999853997, 38.524935999774591 ], [ -76.205909000132863, 38.524992999971964 ], [ -76.205780000095245, 38.525069999439786 ], [ -76.205679999856002, 38.525149999732598 ], [ -76.205642000939775, 38.525191999925845 ], [ -76.205603999818806, 38.525248999361892 ], [ -76.205554332483587, 38.52535883945248 ], [ -76.205520000836586, 38.525417000897981 ], [ -76.205450999625768, 38.525478000097159 ], [ -76.205381910891987, 38.525508903719647 ], [ -76.205298787494044, 38.525522069679838 ], [ -76.205056749143722, 38.52554074955502 ], [ -76.20502050041155, 38.525603999601252 ], [ -76.205020500045237, 38.525683999612326 ], [ -76.205000827889322, 38.525729855646581 ], [ -76.204894499871457, 38.525750999597683 ], [ -76.204497999493896, 38.525699000732025 ], [ -76.204429249940517, 38.525661750376123 ], [ -76.203765000141047, 38.525558000630298 ], [ -76.203384000455884, 38.525420999568382 ], [ -76.203406999634865, 38.525333000352319 ], [ -76.203407000449488, 38.525210999842415 ], [ -76.203479000108274, 38.525128500526932 ], [ -76.20350575042481, 38.52505650106243 ], [ -76.203562127192811, 38.525011525680078 ], [ -76.203627999514822, 38.524974000116295 ], [ -76.203674000431178, 38.524939999646378 ], [ -76.203773000435035, 38.524829001059473 ], [ -76.203795999664507, 38.524767999378554 ], [ -76.203810999430743, 38.52469999956017 ], [ -76.203811000327491, 38.524645999840267 ], [ -76.203790250254599, 38.524585000202727 ], [ -76.203731000529288, 38.524531500808862 ], [ -76.203735000452795, 38.524489999806839 ], [ -76.20376915918898, 38.524454112727334 ], [ -76.203795999657032, 38.52439449954398 ], [ -76.203780500532346, 38.524325999757679 ], [ -76.203726999789936, 38.524233999662478 ], [ -76.203559000362645, 38.524001999701277 ], [ -76.203551999584292, 38.523955999830569 ], [ -76.20355900030944, 38.523909999527213 ], [ -76.203582000555556, 38.523867999916575 ], [ -76.203598000007602, 38.523817999976195 ], [ -76.203597998586702, 38.523754000119339 ], [ -76.203566999276632, 38.523685000368623 ], [ -76.203520999422636, 38.523612000449724 ], [ -76.203453000452996, 38.523536000130633 ], [ -76.203406999946139, 38.523501999716366 ], [ -76.203277000586283, 38.523437000508736 ], [ -76.203186000506065, 38.523406000511876 ], [ -76.203048000527275, 38.523386999878461 ], [ -76.202628998872754, 38.523356999926747 ], [ -76.202514000614968, 38.52336100000484 ], [ -76.202429999342925, 38.523378000264415 ], [ -76.202011000277096, 38.523540000377437 ], [ -76.201910999941887, 38.523609000020578 ], [ -76.201789000086549, 38.523712000219739 ], [ -76.201643999858561, 38.523795999707666 ], [ -76.201538000087268, 38.523882999470835 ], [ -76.201491500710645, 38.523936501311717 ], [ -76.201488000030309, 38.524003499673874 ], [ -76.20151499974402, 38.524059000275564 ], [ -76.20157949915469, 38.524127500125637 ], [ -76.201637863618117, 38.524156405068503 ], [ -76.20175099926189, 38.52419199982873 ], [ -76.201843000933792, 38.524257000118602 ], [ -76.201880999085063, 38.524298999438244 ], [ -76.201945999059831, 38.524394500133972 ], [ -76.201919001085983, 38.524500999759724 ], [ -76.201889000045867, 38.524554999755843 ], [ -76.201826558497444, 38.524614884203267 ], [ -76.201779749284796, 38.524738749725863 ], [ -76.20171300111582, 38.524718999987222 ], [ -76.200584000264129, 38.524929000670291 ], [ -76.199820999852236, 38.525019999893537 ], [ -76.199582249465834, 38.52502400073957 ], [ -76.199523000450299, 38.524989999421585 ], [ -76.199508000545151, 38.524906000491889 ], [ -76.199516000020282, 38.524787001014197 ], [ -76.199614999860259, 38.524527999641563 ], [ -76.199615000269745, 38.524436000339939 ], [ -76.199606999740936, 38.52439399968425 ], [ -76.199550000347742, 38.524289499507582 ], [ -76.199561499888773, 38.524234500579013 ], [ -76.199626000711817, 38.52418250098426 ], [ -76.199708412721151, 38.524137777048203 ], [ -76.199752000579522, 38.524058999701104 ], [ -76.199801999381407, 38.52403600048936 ], [ -76.199885499832504, 38.52403400065451 ], [ -76.199945249644259, 38.524083500923737 ], [ -76.2000119989208, 38.524111999546413 ], [ -76.200214000415329, 38.523990000258813 ], [ -76.200156999905161, 38.523890999538501 ], [ -76.200091436902753, 38.523861341582069 ], [ -76.200034999922593, 38.523863999955125 ], [ -76.199984748703258, 38.523821749896477 ], [ -76.199977500212555, 38.52375550009716 ], [ -76.199989000446308, 38.523714999504712 ], [ -76.199668000188552, 38.52336100016128 ], [ -76.199641499802468, 38.523308999895107 ], [ -76.199622999493727, 38.523196999944766 ], [ -76.199600000908845, 38.523128000158032 ], [ -76.199557500514828, 38.523072500431027 ], [ -76.199469999638325, 38.523016999693922 ], [ -76.19943200036154, 38.522972000424815 ], [ -76.19939350002177, 38.522870499706926 ], [ -76.199348000004406, 38.522838000233847 ], [ -76.199272000328364, 38.522814999704231 ], [ -76.199127000046147, 38.522792000166262 ], [ -76.198959000832758, 38.522823000222225 ], [ -76.198913000347162, 38.522845999606076 ], [ -76.198874999686012, 38.522876000155939 ], [ -76.198829499111099, 38.52292599967938 ], [ -76.19880600087285, 38.522990999720534 ], [ -76.198798999966684, 38.523155000297159 ], [ -76.19881399995802, 38.523440999994328 ], [ -76.198778101077153, 38.523487420610103 ], [ -76.198501000008932, 38.52369299956618 ], [ -76.198259939639101, 38.523882668682887 ], [ -76.198143000141627, 38.523936999411291 ], [ -76.197982000298651, 38.523959999427653 ], [ -76.197684718390178, 38.523982770973227 ], [ -76.197563000176856, 38.523986000835038 ], [ -76.197455999528955, 38.524001999938626 ], [ -76.196998000448531, 38.524173001119479 ], [ -76.195914998914205, 38.52476500068974 ], [ -76.195426000019381, 38.524966999621242 ], [ -76.195189999706571, 38.525092999386551 ], [ -76.195128999665727, 38.525108000511985 ], [ -76.195074999874862, 38.525103999407911 ], [ -76.195002999251926, 38.525052500019335 ], [ -76.194969000636618, 38.524992999791266 ], [ -76.194938000479112, 38.524878999827429 ], [ -76.195013999995368, 38.524760999625272 ], [ -76.195128999988995, 38.524631000890885 ], [ -76.195190000215007, 38.524539000612641 ], [ -76.195343001059456, 38.52438700061051 ], [ -76.19556350014166, 38.524190500471065 ], [ -76.195579001124699, 38.524123999742727 ], [ -76.195586999696914, 38.523993999440968 ], [ -76.195625000308041, 38.523882999847444 ], [ -76.195671000359766, 38.523815000290838 ], [ -76.195708999976048, 38.523768999670558 ], [ -76.195792999973847, 38.523688999859381 ], [ -76.1958442499662, 38.523655250507922 ], [ -76.195999540980438, 38.523710095101684 ], [ -76.196090000699272, 38.523693000012642 ], [ -76.196235000424565, 38.523609000200217 ], [ -76.196272999675301, 38.523558999346008 ], [ -76.196334498999747, 38.523382750433242 ], [ -76.196380000425407, 38.523360999978387 ], [ -76.196432365031583, 38.523347271840464 ], [ -76.196476758775106, 38.52327023552499 ], [ -76.196533000141869, 38.523124000073103 ], [ -76.196539999908978, 38.523075000115831 ], [ -76.196509999323069, 38.523026500185416 ], [ -76.196421998949631, 38.523024999759102 ], [ -76.196242999769822, 38.523230999485037 ], [ -76.196128000723135, 38.523325999776425 ], [ -76.196021999756937, 38.523365000252987 ], [ -76.195959999935823, 38.523361000056632 ], [ -76.195861000496535, 38.523306999925879 ], [ -76.195579000421219, 38.523096999544443 ], [ -76.195381000216699, 38.522964000016742 ], [ -76.195075000236955, 38.522777000060557 ], [ -76.194861999601258, 38.52267799975732 ], [ -76.194480000160226, 38.522566999592925 ], [ -76.194446823470884, 38.522515532918518 ], [ -76.194595000183099, 38.522472000026994 ], [ -76.194754999737725, 38.522456999687684 ], [ -76.194951569841507, 38.522411513372411 ], [ -76.195014000166964, 38.522391999681993 ], [ -76.195068000297823, 38.522354000302471 ], [ -76.19513699993567, 38.522239000218534 ], [ -76.195242999618202, 38.522124999601083 ], [ -76.19554899936044, 38.521835000348013 ], [ -76.195625001281954, 38.521788999774188 ], [ -76.1958079994033, 38.521716999723587 ], [ -76.195868999840982, 38.521674999724638 ], [ -76.19599900050558, 38.521560000539914 ], [ -76.19610916869631, 38.521477095043153 ], [ -76.196533000836268, 38.521125000369558 ], [ -76.196570999522194, 38.521083000417732 ], [ -76.196586000009461, 38.521037999965472 ], [ -76.196585999717925, 38.52094600061158 ], [ -76.196548000880611, 38.520896000313563 ], [ -76.19638000107129, 38.520759000812255 ], [ -76.19631899975866, 38.52073200020034 ], [ -76.196257999319997, 38.520716999713123 ], [ -76.196205000442689, 38.520713000628419 ], [ -76.196128499569539, 38.520730500466072 ], [ -76.19606749941974, 38.520761000454208 ], [ -76.195998672105119, 38.520807495103796 ], [ -76.19593174941059, 38.520762250383903 ], [ -76.195883999397054, 38.520698000226396 ], [ -76.195838000060803, 38.520652000232538 ], [ -76.195781499960788, 38.520620000694088 ], [ -76.195715999809025, 38.520613999522475 ], [ -76.195525999650187, 38.520670999396565 ], [ -76.195457000155542, 38.520709000535888 ], [ -76.195388000143922, 38.520758999981332 ], [ -76.195207250312365, 38.520939444235523 ], [ -76.195152774841276, 38.520942752555577 ], [ -76.195068000038873, 38.520926999372712 ], [ -76.194998999780822, 38.520893000224213 ], [ -76.194960999774622, 38.520843000292068 ], [ -76.194854000073164, 38.520584000688977 ], [ -76.194807999944146, 38.520503000731409 ], [ -76.194778000600849, 38.520411999796991 ], [ -76.194755000202264, 38.520201998990281 ], [ -76.19478599962747, 38.520159999759997 ], [ -76.195300499519149, 38.519626000371545 ], [ -76.195312000109865, 38.519564999958611 ], [ -76.19529700024529, 38.519229000800301 ], [ -76.195284999751053, 38.519113500900453 ], [ -76.195265999750788, 38.519072999427777 ], [ -76.195266000039823, 38.519022999691074 ], [ -76.195395999943514, 38.518790999686253 ], [ -76.195921999613873, 38.517929000062281 ], [ -76.1959910002127, 38.517871000213908 ], [ -76.196059999889314, 38.517840999776027 ], [ -76.19613599963094, 38.517822000118926 ], [ -76.196234999775967, 38.517810000147925 ], [ -76.196334000047003, 38.517803000157514 ], [ -76.196456000308572, 38.517809999861001 ], [ -76.196577999438134, 38.517790999997992 ], [ -76.196614708276627, 38.517748616337101 ], [ -76.196605499281333, 38.517688499645828 ], [ -76.196417999677934, 38.517681000279502 ], [ -76.196188999230998, 38.517700000347624 ], [ -76.196104999485883, 38.517681000060087 ], [ -76.196052000200837, 38.517631000297484 ], [ -76.19603699932722, 38.517566000177325 ], [ -76.196036999275904, 38.51749000010409 ], [ -76.196074999501462, 38.517397999685969 ], [ -76.196181999422038, 38.517207999678668 ], [ -76.196205001151981, 38.517096999720025 ], [ -76.196212000050807, 38.51702400035326 ], [ -76.196208500069517, 38.516921500051474 ], [ -76.19625000035451, 38.516867999958691 ], [ -76.196356999793082, 38.516773000107477 ], [ -76.19644899932004, 38.516661999823839 ], [ -76.196504249775145, 38.516568750078747 ], [ -76.196543999867615, 38.516363750250093 ], [ -76.196616499197745, 38.516355000089014 ], [ -76.196627999973003, 38.516298750057324 ], [ -76.196597499657514, 38.516238500557435 ], [ -76.19650250020463, 38.516141500061117 ], [ -76.196487000761039, 38.516086500278135 ], [ -76.196506000174395, 38.516042500468892 ], [ -76.196616500274615, 38.515983000724596 ], [ -76.196646999734341, 38.515926000059814 ], [ -76.196616499556328, 38.515889500418474 ], [ -76.19655600018848, 38.515871998982938 ], [ -76.196502000186911, 38.515876000395409 ], [ -76.196448999279852, 38.515902999979424 ], [ -76.196402999755492, 38.515964000652424 ], [ -76.196380001160463, 38.51601000073935 ], [ -76.196371999771415, 38.516059000083644 ], [ -76.196383500162028, 38.51616050075036 ], [ -76.196417999553347, 38.516204000273007 ], [ -76.196426000654199, 38.516250000343817 ], [ -76.196387999885033, 38.51638400051116 ], [ -76.196341999944011, 38.516470998789124 ], [ -76.196318999310449, 38.516509999660812 ], [ -76.196181999972993, 38.51666599993262 ], [ -76.196051999459456, 38.516745999746163 ], [ -76.1959300000578, 38.516780000138915 ], [ -76.195882499384709, 38.516837750539821 ], [ -76.19586900012817, 38.516956000080015 ], [ -76.195854000428, 38.516998000415398 ], [ -76.195814301289118, 38.517044849686137 ], [ -76.195632000436774, 38.517227000074655 ], [ -76.195404000024624, 38.517597000121732 ], [ -76.195364999800319, 38.517687999694495 ], [ -76.195361499997119, 38.517743500497012 ], [ -76.19536899959391, 38.517808501014798 ], [ -76.19530050013482, 38.517937999481838 ], [ -76.195303999762942, 38.51800700028096 ], [ -76.195288999953945, 38.518073999964066 ], [ -76.195219999654213, 38.518168999877716 ], [ -76.195149204225743, 38.518215083084385 ], [ -76.194908000147009, 38.518351999429512 ], [ -76.194807999925757, 38.518443999583383 ], [ -76.194709000669292, 38.518622999601597 ], [ -76.194656000418149, 38.518668999531904 ], [ -76.194472999007843, 38.518698999874985 ], [ -76.19441200061641, 38.518717999755687 ], [ -76.194342999914383, 38.518759999371618 ], [ -76.194060999781584, 38.519041999646994 ], [ -76.194006999969417, 38.519123000011199 ], [ -76.193831999956643, 38.519248000226483 ], [ -76.19376699969196, 38.519270999987079 ], [ -76.193695000129324, 38.519244999157877 ], [ -76.19364099900676, 38.519210000548092 ], [ -76.193564999957189, 38.519180000659588 ], [ -76.193481000452451, 38.519171999529235 ], [ -76.193381999199488, 38.519195000907573 ], [ -76.19331299966035, 38.519231500755637 ], [ -76.193275001077097, 38.519294000820878 ], [ -76.19328299921979, 38.519354999482928 ], [ -76.193397000055811, 38.519519000227625 ], [ -76.193457999629018, 38.519641000904137 ], [ -76.193472999363792, 38.51969899946171 ], [ -76.1935720005619, 38.519817000722917 ], [ -76.193649000253316, 38.519892999129027 ], [ -76.193710000065693, 38.519976999177295 ], [ -76.19371486396787, 38.520043865320254 ], [ -76.193542000031371, 38.520130000152356 ], [ -76.193496000536172, 38.520168000298838 ], [ -76.193176000095121, 38.520495999264185 ], [ -76.193008000639381, 38.520572000290265 ], [ -76.192735499528524, 38.520781249818747 ], [ -76.192753530897804, 38.52084750747337 ], [ -76.192717999774729, 38.520881499808333 ], [ -76.192558000256199, 38.520915000265234 ], [ -76.192358999539238, 38.520946000571648 ], [ -76.192267999338071, 38.520938000370904 ], [ -76.192207000205457, 38.520915000360716 ], [ -76.19216899931611, 38.520884999755495 ], [ -76.192023999673836, 38.520721000291772 ], [ -76.191985999688214, 38.520625998785981 ], [ -76.191970000358424, 38.520541999950673 ], [ -76.191931999615477, 38.520431000013097 ], [ -76.191885999535145, 38.520384999331 ], [ -76.19177199991671, 38.520297999913737 ], [ -76.191573500166228, 38.520079999996256 ], [ -76.191474498861496, 38.520065000164045 ], [ -76.191412999958231, 38.520038000703437 ], [ -76.191359999867657, 38.519958000200482 ], [ -76.191336999914796, 38.51984699994307 ], [ -76.191299000704745, 38.519779000359499 ], [ -76.191238000242762, 38.51970599916374 ], [ -76.191177000229956, 38.51965300000267 ], [ -76.19104700070865, 38.519565000181835 ], [ -76.190855999708589, 38.519474000628044 ], [ -76.190775999575095, 38.519470000220018 ], [ -76.190719000250382, 38.519500000042001 ], [ -76.190704000847958, 38.519538000580603 ], [ -76.190700000123385, 38.519596000508798 ], [ -76.190711500459486, 38.519681500653739 ], [ -76.190757000055825, 38.519775000753675 ], [ -76.19086400021331, 38.51991199994891 ], [ -76.190971000098642, 38.520027000552311 ], [ -76.191047000634583, 38.520132999541914 ], [ -76.191056118710605, 38.52018422044933 ], [ -76.191000999911807, 38.520282000158744 ], [ -76.190939999989823, 38.520416000630554 ], [ -76.190940000279909, 38.520473000479626 ], [ -76.190959500679313, 38.520520499939941 ], [ -76.190994000381977, 38.520572000275415 ], [ -76.191031999828795, 38.520610000463911 ], [ -76.191504999866737, 38.520843000034041 ], [ -76.191519999735107, 38.520885000442661 ], [ -76.191508500294077, 38.520946000507024 ], [ -76.191451999610848, 38.521015000165143 ], [ -76.191153999911577, 38.521236000278925 ], [ -76.191031998794969, 38.521222500361716 ], [ -76.19094049881987, 38.521241500501006 ], [ -76.190849000699515, 38.521308000301751 ], [ -76.190802999673423, 38.521361999593012 ], [ -76.190788000801774, 38.521411000287927 ], [ -76.19081849884563, 38.521476500013016 ], [ -76.190901999469332, 38.521533000209772 ], [ -76.190978999196133, 38.521552999653359 ], [ -76.191276000117938, 38.52154500030764 ], [ -76.191360000089276, 38.521560000404747 ], [ -76.191779999729874, 38.521724000226641 ], [ -76.192183999971448, 38.52192650040017 ], [ -76.192214001266663, 38.521994999935465 ], [ -76.192145999756718, 38.522411000126098 ], [ -76.192008000333743, 38.522707999431532 ], [ -76.191978000502289, 38.522796000971169 ], [ -76.191963000450912, 38.52309399959838 ], [ -76.192000999828494, 38.523150999694572 ], [ -76.192046999473476, 38.523196999406231 ], [ -76.192544722398722, 38.52344280806242 ], [ -76.192831999813009, 38.523577999306973 ], [ -76.192912499131225, 38.523625999590188 ], [ -76.192947000051731, 38.52369650046645 ], [ -76.192932000563687, 38.52373800042335 ], [ -76.192625999217682, 38.524017000836295 ], [ -76.192252999442857, 38.524302999718671 ], [ -76.191740999225019, 38.524771999698089 ], [ -76.191677000147195, 38.524806500026003 ], [ -76.191588749580035, 38.524815000648019 ], [ -76.191543000117662, 38.524868000167295 ], [ -76.191520000302944, 38.524909000136198 ], [ -76.191504999461102, 38.524954999961217 ], [ -76.191351999376849, 38.525154000079944 ], [ -76.191237738224203, 38.525215057044058 ], [ -76.191161999490632, 38.525221999358557 ], [ -76.191119077178243, 38.525199998512861 ], [ -76.190863999931892, 38.52503499987327 ], [ -76.190466999942458, 38.524852000120909 ], [ -76.190185000073413, 38.524764999905805 ], [ -76.190032000033852, 38.52476500024445 ], [ -76.189903000089046, 38.524787000411514 ], [ -76.18981100072935, 38.524817999968526 ], [ -76.189521000884653, 38.524955000220857 ], [ -76.189437000688514, 38.525015999807302 ], [ -76.188911000291156, 38.525557999763045 ], [ -76.188651999091974, 38.525848000002256 ], [ -76.188193999480035, 38.526293999998735 ], [ -76.188143870860884, 38.526327688977211 ], [ -76.187873000103608, 38.52635100020737 ], [ -76.187821561223643, 38.52634381179049 ], [ -76.18775899990095, 38.526324999513044 ], [ -76.187744000102754, 38.52626800023274 ], [ -76.187743999352392, 38.526206000318773 ], [ -76.187720999885499, 38.526137999930668 ], [ -76.187636000409995, 38.525963499877733 ], [ -76.187576000099199, 38.525886000128601 ], [ -76.187492000384083, 38.525821000280246 ], [ -76.187339000286443, 38.525752999799543 ], [ -76.187095000072404, 38.525665000151925 ], [ -76.187023981379937, 38.525615752233755 ], [ -76.187011000119, 38.525558000296051 ], [ -76.187239999594112, 38.525266000118485 ], [ -76.187210000366591, 38.525222000528146 ], [ -76.187126000685197, 38.525191999965621 ], [ -76.187033998723066, 38.52517300026097 ], [ -76.186964999873211, 38.525161000257299 ], [ -76.186889000071687, 38.525161500039921 ], [ -76.18683600007104, 38.525215000157303 ], [ -76.186790000017638, 38.525302000129649 ], [ -76.1867439998517, 38.525370999845478 ], [ -76.186703065192162, 38.525406630950968 ], [ -76.186632741732609, 38.525448003267464 ], [ -76.186540249187289, 38.525446250418504 ], [ -76.186500000265681, 38.52531800030085 ], [ -76.186454499160405, 38.525279500172232 ], [ -76.186392998862956, 38.525252999880649 ], [ -76.18622499935644, 38.525233999854002 ], [ -76.185988999958326, 38.525241000195763 ], [ -76.185736999536331, 38.525276000024547 ], [ -76.185432000959437, 38.525279000367973 ], [ -76.185325000416114, 38.525286999938245 ], [ -76.185226000233342, 38.52530599979557 ], [ -76.18456999970735, 38.52556200007983 ], [ -76.184424999894091, 38.525626999608043 ], [ -76.184302999598373, 38.525714000335469 ], [ -76.183853000691158, 38.526083999809217 ], [ -76.183570000352816, 38.526354999340541 ], [ -76.183386999429459, 38.526579999423809 ], [ -76.183242000836003, 38.526816999818344 ], [ -76.183196499365053, 38.526866499594604 ], [ -76.183119998835622, 38.526896999215126 ], [ -76.182800000877492, 38.526877999577749 ], [ -76.182586000234323, 38.526847000384016 ], [ -76.182372999240897, 38.526823999828466 ], [ -76.182181999703488, 38.526763000049527 ], [ -76.182113000859658, 38.526763000036944 ], [ -76.181998999761035, 38.526775000499114 ], [ -76.181822999944742, 38.526820999957991 ], [ -76.181731999863587, 38.526866000383777 ], [ -76.181258999477507, 38.527172000067168 ], [ -76.181186249705362, 38.527235500072436 ], [ -76.181113999960985, 38.527277999666275 ], [ -76.18100699947702, 38.527313000157527 ], [ -76.180959001156907, 38.52729346341301 ], [ -76.180978249696423, 38.52713225092652 ], [ -76.180888499742238, 38.527135499477858 ], [ -76.180862000050936, 38.527284499411195 ], [ -76.180767544195277, 38.527265067542515 ], [ -76.180690500207561, 38.527209500204108 ], [ -76.180675000564548, 38.527164000213574 ], [ -76.180694000289279, 38.527126000314247 ], [ -76.1807055002689, 38.52707999968051 ], [ -76.180606249662546, 38.527001250178607 ], [ -76.180548999931418, 38.526924000391446 ], [ -76.180289999870368, 38.526724999853499 ], [ -76.180213000329672, 38.526656999899771 ], [ -76.180175000563978, 38.5265730000392 ], [ -76.180168000673405, 38.526493000905297 ], [ -76.180221000009652, 38.526289999924224 ], [ -76.180373999691753, 38.52613399951646 ], [ -76.180525999664184, 38.52603099979823 ], [ -76.180716999651011, 38.525863000077734 ], [ -76.180739998703871, 38.52578699991485 ], [ -76.180747000098776, 38.525680000052525 ], [ -76.180766500135803, 38.525632500834249 ], [ -76.180804498593218, 38.525605999874692 ], [ -76.180858499852519, 38.52562450061555 ], [ -76.180915000548168, 38.525725999369953 ], [ -76.18094550039919, 38.525762499530323 ], [ -76.181007000097821, 38.525785000853972 ], [ -76.181117462062403, 38.525788340609473 ], [ -76.181190248477307, 38.525731250907313 ], [ -76.181204999932717, 38.525664999882856 ], [ -76.181190000198256, 38.525616999840715 ], [ -76.181105999729112, 38.525577000175431 ], [ -76.180983999868445, 38.525539000233898 ], [ -76.180816632751814, 38.5255064642216 ], [ -76.180758499700147, 38.525476000833642 ], [ -76.180655999952762, 38.525275999743094 ], [ -76.180457999554321, 38.525004999770964 ], [ -76.180174999930969, 38.524709000365803 ], [ -76.180205999882332, 38.524581000168347 ], [ -76.180252000463383, 38.524489999990635 ], [ -76.180282000196414, 38.524394000369213 ], [ -76.180312999804642, 38.524326000074296 ], [ -76.180396999750073, 38.524195999763741 ], [ -76.18045000041171, 38.52414299985989 ], [ -76.180580000306776, 38.524046999979596 ], [ -76.1806789992944, 38.524011000234061 ], [ -76.180747000496055, 38.524021000528421 ], [ -76.18080099974506, 38.524047000495464 ], [ -76.180926500645512, 38.524136999923506 ], [ -76.180996591599936, 38.524142574198457 ], [ -76.180980500492552, 38.52407550039927 ], [ -76.180881000491937, 38.523975749941158 ], [ -76.180935273578555, 38.523918434403939 ], [ -76.181083000102902, 38.523818000291612 ], [ -76.1813199999944, 38.523699999237266 ], [ -76.181645772638419, 38.5235481494704 ], [ -76.181693500231404, 38.523509500358571 ], [ -76.181701000320189, 38.523128000146443 ], [ -76.181738999454993, 38.522964000592296 ], [ -76.181750998754055, 38.52273149988109 ], [ -76.181837999426918, 38.522670000807146 ], [ -76.181892000178848, 38.522655000617014 ], [ -76.182005999578465, 38.522647000346019 ], [ -76.182090000328131, 38.522647000639026 ], [ -76.182193000208315, 38.522666500620204 ], [ -76.182302162840827, 38.522720717328909 ], [ -76.182375999988167, 38.522741000228685 ], [ -76.182448750030801, 38.522705250335029 ], [ -76.182411000884954, 38.522186000986153 ], [ -76.182365000297963, 38.522041000535729 ], [ -76.18233400005559, 38.521967999408709 ], [ -76.182292499376899, 38.521922500438649 ], [ -76.182239000099841, 38.52191500042445 ], [ -76.18211324966245, 38.522023750236031 ], [ -76.182127999875036, 38.522163000131378 ], [ -76.18209799944367, 38.52221200046332 ], [ -76.18197600012391, 38.522284999459458 ], [ -76.181869000181052, 38.522292999428281 ], [ -76.181739000139814, 38.522262000762424 ], [ -76.181076000606268, 38.521873000444678 ], [ -76.180739999712031, 38.521709000871553 ], [ -76.180634595297477, 38.521667047183158 ], [ -76.180534000092493, 38.52161399922965 ], [ -76.180793000892564, 38.52155999947346 ], [ -76.180862000065773, 38.521525999830132 ], [ -76.180931000724414, 38.521475999932186 ], [ -76.18115200001624, 38.52126299955205 ], [ -76.181446339691732, 38.52113732745174 ], [ -76.1814914990494, 38.521098499972986 ], [ -76.181466499582285, 38.521028249917734 ], [ -76.181357999783941, 38.521014999801892 ], [ -76.181030000643588, 38.52101100019771 ], [ -76.180908000097659, 38.520937999612862 ], [ -76.180884999147722, 38.520884999793779 ], [ -76.18086999985276, 38.52081999945073 ], [ -76.18091899996125, 38.520518500071717 ], [ -76.180938000701303, 38.520468999974504 ], [ -76.180865999412177, 38.520482499827217 ], [ -76.18080900092103, 38.520515000267423 ], [ -76.180732000949803, 38.52058399981469 ], [ -76.180580000246081, 38.520632999888377 ], [ -76.180496000035745, 38.520644999561434 ], [ -76.180365999295461, 38.520652000764478 ], [ -76.180175000038034, 38.520636999989861 ], [ -76.180000000919719, 38.520632999355861 ], [ -76.179771000188424, 38.520618000910346 ], [ -76.179580001189152, 38.520729000048583 ], [ -76.179388999279112, 38.52088499949582 ], [ -76.179367000161221, 38.520954000971308 ], [ -76.179388999850033, 38.521183001032803 ], [ -76.179366999401978, 38.521246999724482 ], [ -76.179320999826359, 38.521293000733934 ], [ -76.179267000791555, 38.521312000697037 ], [ -76.178908999915066, 38.521330999749615 ], [ -76.178770999640207, 38.521307999881415 ], [ -76.178537728631426, 38.521201499965272 ], [ -76.178267999779521, 38.52106800083434 ], [ -76.177787000701585, 38.520850999734414 ], [ -76.177711000589582, 38.520754999299001 ], [ -76.177687999730153, 38.520678999399664 ], [ -76.177696000496297, 38.520518999659458 ], [ -76.177711000000627, 38.520403999643065 ], [ -76.177702999915041, 38.520240000123323 ], [ -76.177543000585885, 38.519874000298529 ], [ -76.177313999637306, 38.519480999613123 ], [ -76.177325500599139, 38.519422000003615 ], [ -76.177726000907867, 38.519228999623415 ], [ -76.178146000138483, 38.519134000272736 ], [ -76.178297999805338, 38.51913000042795 ], [ -76.178436000113948, 38.519133999716978 ], [ -76.178549999339367, 38.519156999713495 ], [ -76.17901600059362, 38.519336000240578 ], [ -76.179099999705912, 38.519331999950708 ], [ -76.17921400020451, 38.519287000127463 ], [ -76.179252000254436, 38.519252000474708 ], [ -76.17938199963605, 38.519011999887482 ], [ -76.179420000148994, 38.518958999925893 ], [ -76.179427999780444, 38.518912999903456 ], [ -76.179404999401839, 38.51885899976201 ], [ -76.179359000462242, 38.51882100048212 ], [ -76.17900000038064, 38.518710999825103 ], [ -76.178932000165034, 38.518718000521424 ], [ -76.178754144284994, 38.518783731949334 ], [ -76.178580999476964, 38.518839999877827 ], [ -76.178451000723726, 38.518851999904612 ], [ -76.178214999760272, 38.518744999774917 ], [ -76.1779549991262, 38.5185730005024 ], [ -76.177771999138713, 38.518317500180153 ], [ -76.177795000120383, 38.518268000056608 ], [ -76.178054000922756, 38.518157000231298 ], [ -76.178169000223065, 38.518119000497407 ], [ -76.178564999617606, 38.518039000413111 ], [ -76.178833000360996, 38.518138000660038 ], [ -76.179008000589363, 38.518218000596676 ], [ -76.179182999876303, 38.518238000296343 ], [ -76.179305999852716, 38.518218000361522 ], [ -76.179481000338086, 38.51815000015619 ], [ -76.179846999537872, 38.518053998945291 ], [ -76.180045999963667, 38.518051000658822 ], [ -76.180156000325852, 38.518037500077732 ], [ -76.180201999737051, 38.517965000167735 ], [ -76.180182999671715, 38.517902000345757 ], [ -76.180122000196263, 38.517882999402197 ], [ -76.180022999711127, 38.517871000632965 ], [ -76.179884999513703, 38.517868000524267 ], [ -76.179701999930373, 38.517874998938545 ], [ -76.179649000002655, 38.517852000108093 ], [ -76.179580000213662, 38.517799000464009 ], [ -76.179388999524107, 38.517601000194489 ], [ -76.179164500330771, 38.51743050029512 ], [ -76.17913800058794, 38.517363999513584 ], [ -76.179138000002112, 38.517284000153403 ], [ -76.179198499553678, 38.517184499075839 ], [ -76.179283000058902, 38.517153999126784 ], [ -76.179916100201382, 38.517126869731094 ], [ -76.180029999374483, 38.517131000653237 ], [ -76.180083999606097, 38.517078000774106 ], [ -76.18008400015961, 38.517028000959073 ], [ -76.180045999979683, 38.516978999666811 ], [ -76.179908000160879, 38.516864000663205 ], [ -76.179893000554543, 38.516807000278583 ], [ -76.179939000217445, 38.516548000482807 ], [ -76.179938999475155, 38.516489999639745 ], [ -76.179747999685333, 38.516201000416928 ], [ -76.17969499950388, 38.516165999618913 ], [ -76.179640999898439, 38.51614700008011 ], [ -76.179580000058891, 38.516138999896299 ], [ -76.17951200028476, 38.516155001049235 ], [ -76.179259999714461, 38.516334000452375 ], [ -76.178916000530506, 38.516524999860863 ], [ -76.17860190968112, 38.516736064942798 ], [ -76.17851574880622, 38.51678049249967 ], [ -76.178442999439895, 38.516784000711972 ], [ -76.178384128788096, 38.516754665097565 ], [ -76.178237499497811, 38.51666600074779 ], [ -76.178108000848979, 38.516634999669812 ], [ -76.178225191761499, 38.516588254908456 ], [ -76.178466000081556, 38.516315000641242 ], [ -76.178527000606763, 38.516197000475756 ], [ -76.178564999428716, 38.516081999873009 ], [ -76.17857300008265, 38.516009999526887 ], [ -76.178641998920554, 38.515852999420716 ], [ -76.178657000052169, 38.515785000865542 ], [ -76.178709999167395, 38.51572699987603 ], [ -76.178810000552417, 38.515647000112693 ], [ -76.179068999851367, 38.515499000236929 ], [ -76.179153000637314, 38.51535699973968 ], [ -76.179244000184667, 38.515154999998032 ], [ -76.179236999629438, 38.514651999952321 ], [ -76.179283000641618, 38.514457000420066 ], [ -76.179320999910161, 38.514353999751549 ], [ -76.179496000181828, 38.51420200014531 ], [ -76.179564999644327, 38.514163000330036 ], [ -76.179618000204997, 38.514144000415655 ], [ -76.179671999944588, 38.514141000558489 ], [ -76.179793999678878, 38.51415599990812 ], [ -76.180220999691031, 38.514240000238473 ], [ -76.180272106176474, 38.514228294877107 ], [ -76.180320000427571, 38.514209000054834 ], [ -76.18034299960317, 38.514163000375056 ], [ -76.180357999935751, 38.514094999799561 ], [ -76.18034300038785, 38.514034000304719 ], [ -76.18018299959391, 38.513965000184527 ], [ -76.179809000509294, 38.513828000107516 ], [ -76.179626000661329, 38.513423000399584 ], [ -76.179374000507067, 38.513175000045173 ], [ -76.179359000184803, 38.513134000701385 ], [ -76.179350998804196, 38.51308400020752 ], [ -76.179331999918588, 38.512891000108667 ], [ -76.179385999754487, 38.512837500548748 ], [ -76.179457999169927, 38.512858999458111 ], [ -76.179496499270201, 38.512918000146392 ], [ -76.179611000098191, 38.512973000488195 ], [ -76.179671999772509, 38.512989000792636 ], [ -76.179846999703003, 38.512992000243592 ], [ -76.179977000093146, 38.51301099919322 ], [ -76.180375326089575, 38.51311477439657 ], [ -76.18046899912143, 38.51312200013286 ], [ -76.180519001392383, 38.513075998991226 ], [ -76.18064099957158, 38.512878000650701 ], [ -76.180685999903602, 38.512779000327271 ], [ -76.180701999786123, 38.512718000550386 ], [ -76.180693999754453, 38.512666499240723 ], [ -76.18066399962224, 38.512625999706742 ], [ -76.180358000427219, 38.512592000381083 ], [ -76.180283278483699, 38.512559802484127 ], [ -76.180243999953248, 38.512515999491733 ], [ -76.180244000090411, 38.512458000444042 ], [ -76.180289999860449, 38.512278999841072 ], [ -76.180297000449826, 38.512106999859974 ], [ -76.180282000083807, 38.512041999381083 ], [ -76.180229000350153, 38.511973999216913 ], [ -76.180137000416252, 38.511905000389746 ], [ -76.179999999931738, 38.51182900000871 ], [ -76.179672000618353, 38.511714000938227 ], [ -76.179107000709521, 38.511469999525396 ], [ -76.178893999649816, 38.511398000520678 ], [ -76.178718000750109, 38.511348000854333 ], [ -76.17846701866452, 38.511310242994668 ], [ -76.178145999954381, 38.511252999711211 ], [ -76.177939999510727, 38.511196000041465 ], [ -76.177870999392582, 38.511154000369835 ], [ -76.177810000339122, 38.51107750000358 ], [ -76.177825000181699, 38.511028000904652 ], [ -76.178047000300438, 38.510962999536403 ], [ -76.178572999885205, 38.510718999731552 ], [ -76.179236999932883, 38.510367999778104 ], [ -76.17932099926702, 38.510333999856414 ], [ -76.179396999135761, 38.510317999497744 ], [ -76.179473000679764, 38.510279999675085 ], [ -76.179755999411626, 38.510059000106089 ], [ -76.179793999812929, 38.509978999626249 ], [ -76.179801000174606, 38.509879999827071 ], [ -76.179854499941328, 38.509723000394324 ], [ -76.179924000709619, 38.509689000396492 ], [ -76.180052999605763, 38.509700000227248 ], [ -76.180221247875167, 38.509787817644714 ], [ -76.180328000269299, 38.509780500463741 ], [ -76.180380999647994, 38.509730999760208 ], [ -76.18041549915651, 38.509635500280424 ], [ -76.180480000579749, 38.509604999871975 ], [ -76.1805719995929, 38.509605000130335 ], [ -76.180823999737029, 38.509657999623258 ], [ -76.180991999685702, 38.509662000318237 ], [ -76.181037500264992, 38.509621999749854 ], [ -76.181091000254995, 38.509528999811209 ], [ -76.181137000289198, 38.509506000273134 ], [ -76.181410999288389, 38.509479000111369 ], [ -76.181464999709547, 38.509448999953371 ], [ -76.181487999630846, 38.509394999936895 ], [ -76.181456999276776, 38.509330000392566 ], [ -76.181350001108854, 38.509222999872186 ], [ -76.181220999579793, 38.509124000158238 ], [ -76.181174999800547, 38.509078000512133 ], [ -76.181144000469672, 38.509025000163817 ], [ -76.181120999725991, 38.508972000328022 ], [ -76.181121000173903, 38.508910999428764 ], [ -76.181136999770033, 38.508868998964559 ], [ -76.181186000020148, 38.50882450041756 ], [ -76.181281500440463, 38.508817000363138 ], [ -76.181349999479295, 38.508842000541378 ], [ -76.181502999421028, 38.508914000322108 ], [ -76.181575000265326, 38.508918000402709 ], [ -76.181646639843578, 38.50887186201949 ], [ -76.181700999361595, 38.508823000041993 ], [ -76.18172400075062, 38.508780999265795 ], [ -76.181701500901227, 38.50873150042343 ], [ -76.181651499479145, 38.50866450039814 ], [ -76.181647499604651, 38.508613000292364 ], [ -76.181701000285614, 38.508579000052869 ], [ -76.181776999820826, 38.508579000188007 ], [ -76.181899999722489, 38.508617000273333 ], [ -76.181983000070701, 38.508651000521894 ], [ -76.182042558685581, 38.508648207203102 ], [ -76.182158999479256, 38.508544000182361 ], [ -76.182292500000116, 38.508392000705051 ], [ -76.182295999404147, 38.508322999995421 ], [ -76.182219999737455, 38.5082280005998 ], [ -76.182135999865423, 38.508102000232583 ], [ -76.182120999302811, 38.508029000762718 ], [ -76.182121000248529, 38.507952999648197 ], [ -76.182136000058904, 38.5078880006809 ], [ -76.182158999940768, 38.507830999588137 ], [ -76.182212499903954, 38.507799000943621 ], [ -76.182311999664662, 38.507816000636943 ], [ -76.182472000709836, 38.507891999839934 ], [ -76.182525000286972, 38.507903999079673 ], [ -76.182601103915275, 38.50788745682749 ], [ -76.182696999273915, 38.507817500722503 ], [ -76.182693000208474, 38.507755000498911 ], [ -76.182662000549641, 38.507704999696244 ], [ -76.182617000848069, 38.50766299960376 ], [ -76.182608999311441, 38.507602000968141 ], [ -76.182617000045695, 38.507536999544293 ], [ -76.182975000937944, 38.507166999696167 ], [ -76.183196999920355, 38.506847000146436 ], [ -76.183242000988784, 38.506762999975223 ], [ -76.18325800075911, 38.506686999627355 ], [ -76.183265000000276, 38.506595000631947 ], [ -76.183295999314609, 38.506454001165636 ], [ -76.183340999588012, 38.506392999487979 ], [ -76.183456000435868, 38.506274999786065 ], [ -76.183746000015859, 38.506209999799772 ], [ -76.183806999937261, 38.506178999987625 ], [ -76.183883833804856, 38.506103529641571 ], [ -76.183920999454045, 38.506069000121606 ], [ -76.183844999854571, 38.505985000134935 ], [ -76.183761000425974, 38.5059200000264 ], [ -76.183692000656578, 38.505889000347544 ], [ -76.183608999719752, 38.505873999771467 ], [ -76.183456000725116, 38.505886000362338 ], [ -76.183212000752235, 38.505946999552485 ], [ -76.183050309001729, 38.506000634605385 ], [ -76.182890999401863, 38.506041999521472 ], [ -76.182792000059493, 38.506094999456643 ], [ -76.18270800010751, 38.506171999779468 ], [ -76.182586000939892, 38.506323999562177 ], [ -76.182540000797431, 38.506358999837637 ], [ -76.182411000803626, 38.506400999900592 ], [ -76.182319000374974, 38.506404000203148 ], [ -76.182258000668881, 38.506415999860074 ], [ -76.182208500032274, 38.506435000354109 ], [ -76.182181999939957, 38.506468999900591 ], [ -76.182182000338273, 38.506510999625576 ], [ -76.182212249796976, 38.506622000694058 ], [ -76.181815999963376, 38.506759001063898 ], [ -76.181716000365782, 38.506835000597128 ], [ -76.181570999410908, 38.506884999764281 ], [ -76.181457000507336, 38.506884999324654 ], [ -76.181090999591575, 38.506931000894156 ], [ -76.180960999659519, 38.506960999338581 ], [ -76.180847000412129, 38.507006999886862 ], [ -76.180724998971186, 38.507098999535771 ], [ -76.18066399882413, 38.507227999205838 ], [ -76.180655999783795, 38.507533999614346 ], [ -76.180625000701326, 38.507625000365366 ], [ -76.180572000064956, 38.507713000839033 ], [ -76.180457999980234, 38.507774000330869 ], [ -76.180328000517648, 38.507804000784162 ], [ -76.180030000896437, 38.507835000192891 ], [ -76.179663999864815, 38.507919000576841 ], [ -76.179449999220623, 38.507910999111402 ], [ -76.179328000637142, 38.507881000002889 ], [ -76.179274999541661, 38.507879000341426 ], [ -76.179210499812569, 38.507888000666128 ], [ -76.17917615045755, 38.507926327031328 ], [ -76.179309250015152, 38.507964750790002 ], [ -76.179338543959375, 38.508015326948524 ], [ -76.179289999642677, 38.508055999958096 ], [ -76.178816999275895, 38.508429999293739 ], [ -76.178512000006876, 38.508644000366075 ], [ -76.178366999818806, 38.508677999839321 ], [ -76.178206999708976, 38.508681999786418 ], [ -76.177325999503282, 38.508544500473242 ], [ -76.177275999883634, 38.508501999820368 ], [ -76.1772679996037, 38.508387999991577 ], [ -76.177246000547882, 38.508342000258622 ], [ -76.177162000823543, 38.508280999928722 ], [ -76.176978999904293, 38.508181999469159 ], [ -76.176642999692319, 38.508051999626147 ], [ -76.176231000278378, 38.507941999897099 ], [ -76.176071000261118, 38.507849999022326 ], [ -76.175971000173135, 38.507709000230996 ], [ -76.175902999635184, 38.507575000519516 ], [ -76.175864999947976, 38.507450000212678 ], [ -76.175871999777414, 38.507254999115467 ], [ -76.175864999992072, 38.507019000776779 ], [ -76.17582699988003, 38.506786000581961 ], [ -76.175712000650151, 38.506591000608822 ], [ -76.175575000047814, 38.506514999384208 ], [ -76.175399000096832, 38.506514999846459 ], [ -76.175215999609193, 38.506542000311157 ], [ -76.174949000395657, 38.506553000131525 ], [ -76.174789000374759, 38.506523000216745 ], [ -76.17461299982061, 38.506454000210759 ], [ -76.17449100049987, 38.506384999879401 ], [ -76.174391999970524, 38.506312999752055 ], [ -76.174338998921996, 38.506236999376384 ], [ -76.174338998773678, 38.506164000937297 ], [ -76.174376999734363, 38.506084000384561 ], [ -76.174736000595743, 38.505882000237278 ], [ -76.174812000010178, 38.505812999366931 ], [ -76.174873000612777, 38.505737000820183 ], [ -76.17507099967797, 38.505370999421437 ], [ -76.175120999689128, 38.505334499826496 ], [ -76.17528499982653, 38.505325000058114 ], [ -76.175948999946741, 38.505405000489972 ], [ -76.176101000315256, 38.505409001147463 ], [ -76.176199326365719, 38.505388525135544 ], [ -76.176255939560178, 38.505367447865034 ], [ -76.176303500030414, 38.505313499566853 ], [ -76.17630349987931, 38.505257999607188 ], [ -76.176276499393126, 38.505189499897142 ], [ -76.176216000270188, 38.505104000222012 ], [ -76.176138999968884, 38.505050000199958 ], [ -76.175810999400071, 38.504908999415875 ], [ -76.175490999600541, 38.504836999699222 ], [ -76.17540700007045, 38.504802000256866 ], [ -76.175353999874829, 38.504736999614074 ], [ -76.175346000265392, 38.504675999534399 ], [ -76.175368999553342, 38.504630999927336 ], [ -76.175445000118003, 38.504535000039958 ], [ -76.175497999896109, 38.504455000177757 ], [ -76.175604999874579, 38.504341000091586 ], [ -76.17565618518752, 38.504315105244274 ], [ -76.175692999431831, 38.504277500114213 ], [ -76.175674000200701, 38.504209001170551 ], [ -76.175613000136309, 38.504177000248568 ], [ -76.175559000109658, 38.504164999734428 ], [ -76.175486999611877, 38.504165499564699 ], [ -76.175437000440382, 38.50420700029764 ], [ -76.175392000129222, 38.504356000334901 ], [ -76.175353999529179, 38.504417000017945 ], [ -76.175300000213852, 38.504485999755211 ], [ -76.175201000141129, 38.504557999849375 ], [ -76.175140000285666, 38.504550499966008 ], [ -76.175117000068909, 38.504485999610573 ], [ -76.175131999636847, 38.504324999989734 ], [ -76.175131999764915, 38.504154000014793 ], [ -76.175076749804234, 38.504135249754476 ], [ -76.175033000242578, 38.504282999961553 ], [ -76.174998499335317, 38.504479999486151 ], [ -76.174690000427162, 38.504836999457446 ], [ -76.174041499016127, 38.505443001045272 ], [ -76.173975621929202, 38.50545654548975 ], [ -76.173905971397502, 38.505440141873592 ], [ -76.173706000893347, 38.505351999444414 ], [ -76.17332399977775, 38.505236999825463 ], [ -76.173209999184621, 38.505305999559951 ], [ -76.173094999722053, 38.50522899967676 ], [ -76.17343100010558, 38.504505000061023 ], [ -76.173481666223054, 38.504366333120274 ], [ -76.173186999880073, 38.504260999519445 ], [ -76.173094999912109, 38.504238000200147 ], [ -76.172652999788994, 38.504192000260808 ], [ -76.172570875160318, 38.504206749832804 ], [ -76.172507999418954, 38.504298999853766 ], [ -76.172439000221203, 38.504524000225913 ], [ -76.172385499748515, 38.504630500076182 ], [ -76.172293999487422, 38.504669000159133 ], [ -76.172171999668393, 38.504675999456154 ], [ -76.17193600029286, 38.504661000174444 ], [ -76.17183599992461, 38.504679999360022 ], [ -76.17161499868989, 38.504740999448877 ], [ -76.171240999620039, 38.504874999923672 ], [ -76.170791000797493, 38.505095999605437 ], [ -76.170439999183969, 38.505340000372648 ], [ -76.170367999571127, 38.50534200067306 ], [ -76.170326000469473, 38.505146000289322 ], [ -76.170265000065669, 38.505053999185066 ], [ -76.170172999087796, 38.504962000939059 ], [ -76.170088999270391, 38.504898000768357 ], [ -76.169974999961227, 38.504843999877018 ], [ -76.169448000111046, 38.504775999892601 ], [ -76.169357001341737, 38.504744999232756 ], [ -76.169310999864479, 38.50471400043979 ], [ -76.169287999371079, 38.50465699991458 ], [ -76.169174000206027, 38.504267999995861 ], [ -76.169051999870391, 38.504050999572421 ], [ -76.169020999585186, 38.503974000001357 ], [ -76.16899799952202, 38.50387899969774 ], [ -76.169013000255845, 38.503802999455353 ], [ -76.16904400003439, 38.503767999904177 ], [ -76.16927299957915, 38.503657999844549 ], [ -76.169342000387999, 38.503578000045273 ], [ -76.16940299952627, 38.503238000023394 ], [ -76.169391499332704, 38.50313549991241 ], [ -76.169269051623701, 38.503046239119982 ], [ -76.169204499889432, 38.503039499908063 ], [ -76.169146999995348, 38.5031865009923 ], [ -76.169089749858671, 38.503183250031149 ], [ -76.169074499768385, 38.503135499633906 ], [ -76.168997999861901, 38.503119999928366 ], [ -76.168884000538796, 38.503180999814937 ], [ -76.168815000008863, 38.503192000020576 ], [ -76.168495000189395, 38.503189000070464 ], [ -76.168295999726212, 38.503204000103977 ], [ -76.168075000176003, 38.503246000360178 ], [ -76.167816000169381, 38.503345000098577 ], [ -76.167709236250687, 38.503376543880471 ], [ -76.167633000159114, 38.503364000169753 ], [ -76.167578999830369, 38.503375999928593 ], [ -76.167518000096607, 38.503420999598042 ], [ -76.167464999998572, 38.503494000269519 ], [ -76.167418999653293, 38.5036039994406 ], [ -76.167427000829761, 38.503645999817302 ], [ -76.167479999752672, 38.503688001047266 ], [ -76.167609999928047, 38.503738000082386 ], [ -76.167746999916773, 38.5037610000252 ], [ -76.167838499804148, 38.503785500940253 ], [ -76.167846500179252, 38.50383549960943 ], [ -76.167774427864444, 38.503918794601681 ], [ -76.167715999493112, 38.503970999401382 ], [ -76.166946000756269, 38.504393999985133 ], [ -76.166740000413753, 38.504539000677894 ], [ -76.166655999977706, 38.50458499980742 ], [ -76.166564000288915, 38.504608000569945 ], [ -76.166495999605189, 38.504584999715327 ], [ -76.166327999902094, 38.504446999178178 ], [ -76.166251999563158, 38.50442099928096 ], [ -76.166022999542051, 38.504382999986504 ], [ -76.165451083779672, 38.50437997216023 ], [ -76.165335998877566, 38.504374999340847 ], [ -76.165229886279448, 38.504353598713642 ], [ -76.165156500021993, 38.50432349969438 ], [ -76.165114999807358, 38.504191999266133 ], [ -76.165092000030299, 38.504085000658584 ], [ -76.165061498709321, 38.50403749957421 ], [ -76.165000000668854, 38.5040089994338 ], [ -76.164900999235684, 38.504000999386484 ], [ -76.164779000642355, 38.504034999485263 ], [ -76.164412999376054, 38.504187999831537 ], [ -76.164130999787176, 38.504257000252103 ], [ -76.164038999842077, 38.504261000499689 ], [ -76.163970000723779, 38.504249000166823 ], [ -76.163909000795712, 38.504219000304211 ], [ -76.163886999147479, 38.504153999424148 ], [ -76.16382949993465, 38.504056501057519 ], [ -76.163771999486514, 38.504019999172783 ], [ -76.163719001207085, 38.50401999965181 ], [ -76.163307000209585, 38.504085000840305 ], [ -76.163139000250027, 38.504081000596855 ], [ -76.163054999726569, 38.504044999355742 ], [ -76.16306300032943, 38.50386799995205 ], [ -76.163031999433116, 38.503729999501928 ], [ -76.162840999879649, 38.50343299932797 ], [ -76.162802999623381, 38.503336999531605 ], [ -76.162802999726239, 38.50329199967063 ], [ -76.162834000014044, 38.503245999770712 ], [ -76.162897804075499, 38.503191809078331 ], [ -76.162544000689479, 38.502902000131577 ], [ -76.162307000544445, 38.502777000072257 ], [ -76.162265500777096, 38.50273100003016 ], [ -76.162254000776102, 38.502681000031821 ], [ -76.162642347328003, 38.502241805035979 ], [ -76.162585498648042, 38.50222350034602 ], [ -76.162138999696126, 38.502551999990324 ], [ -76.162055000346854, 38.502573999905707 ], [ -76.161827000001139, 38.502578000206192 ], [ -76.161430000425341, 38.502489999409605 ], [ -76.161369000259072, 38.502451999854728 ], [ -76.161314999577627, 38.502387999903803 ], [ -76.161079000194931, 38.502021000372991 ], [ -76.161078999533331, 38.501734999952127 ], [ -76.16103299951827, 38.50163200021052 ], [ -76.160983499486974, 38.501578500347904 ], [ -76.160819999439809, 38.501540999800575 ], [ -76.160758000190057, 38.501510000025391 ], [ -76.160728000024918, 38.501463999612206 ], [ -76.160675000270444, 38.50127399990054 ], [ -76.160628999864272, 38.501219999933333 ], [ -76.160568000375378, 38.501170999758806 ], [ -76.160301000132478, 38.50108700017347 ], [ -76.159781999872408, 38.500968000386081 ], [ -76.159575999438474, 38.500929999666411 ], [ -76.159271000725255, 38.500896000236125 ], [ -76.159172000408404, 38.500858000159418 ], [ -76.159140999827571, 38.500792999860558 ], [ -76.159133000006975, 38.500690000516009 ], [ -76.159194000174438, 38.500503000040709 ], [ -76.159240000822763, 38.500438000314134 ], [ -76.159674999633225, 38.499968999102308 ], [ -76.15975099961463, 38.499862000135643 ], [ -76.159843000595941, 38.499656000704917 ], [ -76.159979999811938, 38.499580000045945 ], [ -76.160026000645615, 38.49952299925414 ], [ -76.160063999819968, 38.499431000338042 ], [ -76.160071999842458, 38.499354999198545 ], [ -76.160140000434978, 38.499279000341296 ], [ -76.160155999870227, 38.499237000867502 ], [ -76.160133000505979, 38.499137000406868 ], [ -76.160140000528017, 38.499075999501272 ], [ -76.160185998986236, 38.499007999339376 ], [ -76.160353999811917, 38.498863000447116 ], [ -76.160910999570319, 38.498480999602137 ], [ -76.161148000298553, 38.498401000000165 ], [ -76.161391999891805, 38.498343999493088 ], [ -76.161567000111503, 38.498270999298981 ], [ -76.161612999587987, 38.498225999889996 ], [ -76.161650999272268, 38.498103999950395 ], [ -76.161711999177172, 38.498007999766948 ], [ -76.161857000651779, 38.497885999820063 ], [ -76.161903000637622, 38.497820999954961 ], [ -76.161910999070784, 38.497710999897294 ], [ -76.161773000063292, 38.497730000001816 ], [ -76.161627999980695, 38.497794999763784 ], [ -76.161590000555719, 38.497828999971055 ], [ -76.161560000287466, 38.49794699990376 ], [ -76.161322999209176, 38.49819899972033 ], [ -76.161247000271175, 38.498248999612862 ], [ -76.160864999712146, 38.498347999236145 ], [ -76.1605680002193, 38.498466000505829 ], [ -76.160087000095999, 38.498611000964289 ], [ -76.159758999936869, 38.498790000520707 ], [ -76.159636999252015, 38.498954000148963 ], [ -76.159477000127197, 38.499130000600758 ], [ -76.159385000113389, 38.499290000753305 ], [ -76.159140999226935, 38.49950700077472 ], [ -76.159019000831975, 38.499651999449497 ], [ -76.158973000702531, 38.499724999233372 ], [ -76.158934998954805, 38.499931000683766 ], [ -76.158873999853483, 38.499977000367963 ], [ -76.158630000766834, 38.500064000670392 ], [ -76.15855400016342, 38.500110000543195 ], [ -76.158424000784763, 38.500225000482303 ], [ -76.158386000133859, 38.500372999848963 ], [ -76.158271000960255, 38.500404000512226 ], [ -76.158164000422346, 38.500469000165459 ], [ -76.158042000028516, 38.500507000440571 ], [ -76.157866999828727, 38.500525999835368 ], [ -76.157756499507173, 38.500479999717925 ], [ -76.157584999885245, 38.500155999997354 ], [ -76.15749299950923, 38.500011000498759 ], [ -76.157263999982987, 38.499712999013184 ], [ -76.157210999585885, 38.499675000315982 ], [ -76.157100000425615, 38.499631500488981 ], [ -76.157042999565348, 38.499588000516567 ], [ -76.157031500548968, 38.499517000497484 ], [ -76.156943998881303, 38.499458000483742 ], [ -76.156805999991263, 38.499389000363379 ], [ -76.156699999894471, 38.499389000271613 ], [ -76.156287999331227, 38.499485000417728 ], [ -76.156265000079301, 38.499549000277341 ], [ -76.156280000229302, 38.499610000403386 ], [ -76.156440000775945, 38.499793999903929 ], [ -76.156447999923813, 38.499843000304374 ], [ -76.15641700075102, 38.49991899997093 ], [ -76.156203999887694, 38.500240000140373 ], [ -76.156173000187536, 38.500323999881665 ], [ -76.156158000494656, 38.500503000413651 ], [ -76.155988002076214, 38.50054126338717 ], [ -76.155836002556256, 38.500552262730295 ], [ -76.155591003946085, 38.500545263063387 ], [ -76.155538002413422, 38.500575263005906 ], [ -76.155603002914489, 38.500641762814226 ], [ -76.155736002889341, 38.500667263280327 ], [ -76.156003003260452, 38.500648263470637 ], [ -76.156240002369458, 38.500651262650415 ], [ -76.15645949875038, 38.500629000470951 ], [ -76.156569999771733, 38.500698000437119 ], [ -76.156616000540581, 38.50075100022088 ], [ -76.156623000509583, 38.500849999641957 ], [ -76.156616000210491, 38.501007000248535 ], [ -76.156623000181, 38.501109999738787 ], [ -76.156694252006702, 38.501438402091779 ], [ -76.156645999613488, 38.501474000177311 ], [ -76.156582666822729, 38.501502167002663 ], [ -76.156695499516545, 38.50149699957074 ], [ -76.156747249512861, 38.501521499987213 ], [ -76.156852219493231, 38.501540838823743 ], [ -76.157054499437862, 38.501658500759106 ], [ -76.157054499466241, 38.501710499873845 ], [ -76.15710800032943, 38.501811500665774 ], [ -76.15709271261602, 38.501863856428528 ], [ -76.156949249792476, 38.502116749574505 ], [ -76.156989500383858, 38.502173999434369 ], [ -76.157035000241578, 38.502154999542157 ], [ -76.157324999934602, 38.501833999680088 ], [ -76.157424749775018, 38.501756001119766 ], [ -76.157515999304593, 38.501773000155929 ], [ -76.157600565201705, 38.501806477970163 ], [ -76.157668045888073, 38.501819991849665 ], [ -76.157980999315598, 38.501733500559837 ], [ -76.15805350072624, 38.501729500750486 ], [ -76.158278999837265, 38.501940999825841 ], [ -76.158420498993351, 38.502028999505399 ], [ -76.158462000090253, 38.50209799955298 ], [ -76.158560999135432, 38.502323000771412 ], [ -76.158591998907141, 38.502356999771287 ], [ -76.15872899890536, 38.502402999980134 ], [ -76.158920000792619, 38.502425999626553 ], [ -76.158972999993182, 38.502417999411115 ], [ -76.159033999849271, 38.502399000141615 ], [ -76.159262999165136, 38.502261999435397 ], [ -76.15945399999795, 38.50219300110647 ], [ -76.159537999992835, 38.50216999945242 ], [ -76.159614000606879, 38.502184999987747 ], [ -76.159644999806019, 38.502222999669826 ], [ -76.159666999624562, 38.502295999716118 ], [ -76.159721000205778, 38.502634999797472 ], [ -76.159729000241455, 38.502768999619811 ], [ -76.159766500543441, 38.502824500645367 ], [ -76.159816499941314, 38.502865999922754 ], [ -76.159950000248259, 38.502860999513416 ], [ -76.160010999732734, 38.502872001146443 ], [ -76.160057001050063, 38.502906000109611 ], [ -76.160208999502643, 38.50305900073419 ], [ -76.160377000005823, 38.503337000039778 ], [ -76.160483999942372, 38.503433000203167 ], [ -76.160559999952739, 38.503485999854384 ], [ -76.160674999980756, 38.503536001000349 ], [ -76.1607515947357, 38.503547203203794 ], [ -76.160873000048468, 38.50355499925162 ], [ -76.16102600047472, 38.503542999589904 ], [ -76.161247000965929, 38.503569999479218 ], [ -76.161330999556682, 38.503593000001402 ], [ -76.16139199928422, 38.503626999495374 ], [ -76.161430000188602, 38.503692001041699 ], [ -76.161437000493621, 38.503749000292501 ], [ -76.161421999703308, 38.503810000259151 ], [ -76.161308000439092, 38.504024000779445 ], [ -76.161253999330953, 38.504107999732518 ], [ -76.161201000785866, 38.504153999846196 ], [ -76.161154999990302, 38.504207000133782 ], [ -76.161109000033989, 38.50429100003754 ], [ -76.161093999667159, 38.504493000568651 ], [ -76.161093999386154, 38.504588999500484 ], [ -76.161102000633775, 38.5046499997596 ], [ -76.161139999088789, 38.504706999439065 ], [ -76.161888999601899, 38.505305999309229 ], [ -76.162034753741295, 38.505355566878457 ], [ -76.162132000507583, 38.505382000256205 ], [ -76.162277000154106, 38.505377999912085 ], [ -76.162330000032711, 38.505359000675504 ], [ -76.162391000337394, 38.505313000083589 ], [ -76.162436999772012, 38.505260000202618 ], [ -76.162490000124563, 38.505259999415877 ], [ -76.162596999950082, 38.505454999248059 ], [ -76.162796000894048, 38.505691000536736 ], [ -76.162886999773463, 38.505808998798564 ], [ -76.162894499314405, 38.505864500615836 ], [ -76.162673000595959, 38.506118000537654 ], [ -76.16260500005059, 38.506225000494801 ], [ -76.16251299945975, 38.506415999986416 ], [ -76.162445000052074, 38.506525999910373 ], [ -76.16231450010018, 38.506694499686887 ], [ -76.162345499630902, 38.506735999575938 ], [ -76.162399000427754, 38.506706000125739 ], [ -76.162695999338553, 38.506281999680965 ], [ -76.162757000176356, 38.506175000578331 ], [ -76.162886999623893, 38.50601100038655 ], [ -76.16293999981913, 38.505991999971556 ], [ -76.163009000075235, 38.505988998858903 ], [ -76.163093000289336, 38.506014999943112 ], [ -76.163161999174946, 38.506053000317365 ], [ -76.163397999909733, 38.506076000427854 ], [ -76.163489079341147, 38.506067864244372 ], [ -76.163588999613324, 38.506050000486475 ], [ -76.163658000734941, 38.506019000328571 ], [ -76.163824999288622, 38.505882000137191 ], [ -76.164038998995764, 38.505722000604507 ], [ -76.164108000530462, 38.505680000001959 ], [ -76.164191999462091, 38.505663999582417 ], [ -76.164276000765327, 38.505672000420283 ], [ -76.164633999013219, 38.505729000462082 ], [ -76.164794000597198, 38.505755999953685 ], [ -76.16492400046171, 38.505786000739967 ], [ -76.165007999376499, 38.505808999476564 ], [ -76.165077000279851, 38.505840000408398 ], [ -76.165152999765581, 38.505897000670707 ], [ -76.165175999990453, 38.50593899997903 ], [ -76.165183999802593, 38.506069000156664 ], [ -76.165168000131459, 38.506113999442981 ], [ -76.165138000484248, 38.506282000155998 ], [ -76.165106999686913, 38.506378000583624 ], [ -76.165053998883948, 38.506480999765813 ], [ -76.165007999550909, 38.506631500481809 ], [ -76.165016000547041, 38.506675000147283 ], [ -76.165053998987744, 38.506709999947915 ], [ -76.165122000272149, 38.506731999818527 ], [ -76.165305999566755, 38.506709999959249 ], [ -76.165359000054963, 38.506674999982458 ], [ -76.165390000200603, 38.506622000195414 ], [ -76.165419999824095, 38.506519000496148 ], [ -76.165428000389241, 38.506465000322244 ], [ -76.165451000303008, 38.506415999870619 ], [ -76.165481000242735, 38.506378000329484 ], [ -76.165541999418181, 38.506359000333276 ], [ -76.165687000514026, 38.506335999922392 ], [ -76.165744532399401, 38.506298176411839 ], [ -76.165824000317485, 38.506233000021766 ], [ -76.165893000349243, 38.506042000403639 ], [ -76.165968999674178, 38.505893000334453 ], [ -76.166014999489306, 38.505859000271641 ], [ -76.166075999432096, 38.505853000218259 ], [ -76.166171499320541, 38.505878000518365 ], [ -76.166205999361409, 38.505915999207261 ], [ -76.166216999877179, 38.505969500659575 ], [ -76.16627099977876, 38.506024999924072 ], [ -76.166418999660891, 38.506087999016252 ], [ -76.166465501019303, 38.506123999920383 ], [ -76.16651900051842, 38.506259000384347 ], [ -76.16657817740348, 38.506380425110947 ], [ -76.166668545716462, 38.506419484809101 ], [ -76.166747546623327, 38.506420110925646 ], [ -76.1669989999275, 38.506393000200994 ], [ -76.167071096281234, 38.506380498898793 ], [ -76.167136500879877, 38.506332000342503 ], [ -76.167160000065451, 38.506271000241391 ], [ -76.167129000578967, 38.506022999179656 ], [ -76.167139552197099, 38.505930865209464 ], [ -76.167175000650062, 38.505897000761998 ], [ -76.167250999758807, 38.505889000375753 ], [ -76.167372998902877, 38.505889000031864 ], [ -76.167633000111081, 38.505966000459402 ], [ -76.167777999679615, 38.506027000608142 ], [ -76.167969524188536, 38.506075993051432 ], [ -76.168219999609974, 38.506130000135705 ], [ -76.168635499685905, 38.506251499630125 ], [ -76.168662999697247, 38.506286000581461 ], [ -76.168670000123811, 38.506380999960307 ], [ -76.16880000045937, 38.506607000460008 ], [ -76.169328735703075, 38.507219494718676 ], [ -76.169433000900426, 38.507331000518917 ], [ -76.169485999543056, 38.507339000249374 ], [ -76.169539999176493, 38.507316000307405 ], [ -76.169593001182236, 38.507262999935961 ], [ -76.169691999137868, 38.507202000222115 ], [ -76.169761000543787, 38.507175000122395 ], [ -76.169837000018035, 38.50715200050255 ], [ -76.170020999405139, 38.50711400013099 ], [ -76.170089000081134, 38.507082999831695 ], [ -76.170157999557631, 38.507060999564054 ], [ -76.170227000981114, 38.507053000394336 ], [ -76.170272000033691, 38.507072000464802 ], [ -76.170326000655194, 38.507114000304732 ], [ -76.17038699989179, 38.507236000021251 ], [ -76.17049400007997, 38.507510999965831 ], [ -76.170524000299977, 38.5075639996913 ], [ -76.170630998767322, 38.507678000528223 ], [ -76.170700000141295, 38.507724000130331 ], [ -76.170906591421215, 38.507747085808099 ], [ -76.17103499862975, 38.507755000425028 ], [ -76.171119000162804, 38.50773200030585 ], [ -76.171203000254749, 38.507685999751487 ], [ -76.171263999779768, 38.507606000295731 ], [ -76.171713999447661, 38.507255000265914 ], [ -76.171820999780209, 38.507221000374685 ], [ -76.171919999445862, 38.507244000116117 ], [ -76.17199699966072, 38.507289000087759 ], [ -76.172073000000424, 38.50736600059431 ], [ -76.172195000168813, 38.507446000041242 ], [ -76.172606999151682, 38.507681999910787 ], [ -76.172691000399439, 38.507755000164316 ], [ -76.172767000089806, 38.507843000373818 ], [ -76.172813000772337, 38.507938000567044 ], [ -76.172827999945326, 38.508010000379819 ], [ -76.172798000648854, 38.508121000237018 ], [ -76.172737000158037, 38.508284999993677 ], [ -76.172652999332982, 38.50839599996376 ], [ -76.17254600014158, 38.50847600045654 ], [ -76.172499999785344, 38.5085219996703 ], [ -76.17247000017008, 38.508563000147234 ], [ -76.172439000926275, 38.508617000006154 ], [ -76.172446999581354, 38.508663000044308 ], [ -76.172470000142468, 38.50870799971598 ], [ -76.172522999779517, 38.508737000188333 ], [ -76.172606999644344, 38.50873100014492 ], [ -76.172767000392696, 38.508673999875612 ], [ -76.172880405415256, 38.508622945237555 ], [ -76.172959749033012, 38.508595750198474 ], [ -76.17296199988877, 38.508691500149247 ], [ -76.173034000783773, 38.508811000123202 ], [ -76.1730490005517, 38.508879999858245 ], [ -76.173080000496213, 38.508936999773717 ], [ -76.173144999834506, 38.508979499991725 ], [ -76.173216998964449, 38.509006000187441 ], [ -76.173423000795609, 38.509006000226485 ], [ -76.173552999984679, 38.508990999588704 ], [ -76.173797000048509, 38.508936999952461 ], [ -76.173979998756991, 38.508849999835903 ], [ -76.174076000058776, 38.50884000021216 ], [ -76.174110000724383, 38.508910999774564 ], [ -76.174239999979036, 38.509451999758362 ], [ -76.174414999653038, 38.509677000064364 ], [ -76.174514000084159, 38.509779999700079 ], [ -76.174643999381516, 38.509901999941548 ], [ -76.174873000431646, 38.51000899935498 ], [ -76.175238999415726, 38.510139000103223 ], [ -76.175460001189904, 38.510165999797934 ], [ -76.175513499654627, 38.51019249968661 ], [ -76.175500508800724, 38.510243358723415 ], [ -76.175399000470648, 38.510329999998604 ], [ -76.175346000097264, 38.510359999952023 ], [ -76.175215999220882, 38.51046700040051 ], [ -76.175117000422688, 38.510592999489297 ], [ -76.17504100000194, 38.510878999377894 ], [ -76.175010000163709, 38.511039000622318 ], [ -76.174888000304989, 38.511528000291975 ], [ -76.174896001298862, 38.511623000903661 ], [ -76.174934000040921, 38.511695000678003 ], [ -76.174979999527437, 38.511749000221215 ], [ -76.175056001144284, 38.511786999015797 ], [ -76.175703999830844, 38.511961999028294 ], [ -76.175811499557639, 38.512015500302418 ], [ -76.17584199947251, 38.512080999629902 ], [ -76.175810999405414, 38.512347999980115 ], [ -76.175749999365863, 38.512668000008624 ], [ -76.175674000576876, 38.513420000100673 ], [ -76.175697000773653, 38.513526000010792 ], [ -76.1757959991631, 38.513675000057034 ], [ -76.175887999657604, 38.513786000259337 ], [ -76.175964000741956, 38.513861999903753 ], [ -76.176002000406768, 38.51394200033031 ], [ -76.175993999942619, 38.514003000361726 ], [ -76.175971000311904, 38.514049000098176 ], [ -76.175834000088884, 38.51416000032269 ], [ -76.17568900008682, 38.514235999864646 ], [ -76.17554399971165, 38.514273999555115 ], [ -76.17543000057853, 38.514269999529489 ], [ -76.175224000057767, 38.514224999785625 ], [ -76.174666999613379, 38.513908000101075 ], [ -76.174513999405903, 38.513804999904643 ], [ -76.174445999620801, 38.513766999971665 ], [ -76.17437700017814, 38.513751000435633 ], [ -76.174300999582158, 38.513753500033715 ], [ -76.17411799960108, 38.513877000360353 ], [ -76.173926999727314, 38.514025999768393 ], [ -76.17387300018683, 38.514109999990815 ], [ -76.173851000143941, 38.514178999566688 ], [ -76.17384299975005, 38.514246999569117 ], [ -76.17385100014269, 38.514288999435585 ], [ -76.173873000355769, 38.514327999699127 ], [ -76.173942000111452, 38.514368999912236 ], [ -76.174185999586115, 38.514464999814614 ], [ -76.174277999427943, 38.514483999900442 ], [ -76.174349999608211, 38.514466499585865 ], [ -76.174426947318352, 38.51443527921888 ], [ -76.174368999286614, 38.514659000570667 ], [ -76.174307999452552, 38.51481600009874 ], [ -76.174277999338429, 38.514858001049731 ], [ -76.174200999495696, 38.514918999778736 ], [ -76.174090499494767, 38.514952999565516 ], [ -76.174029499802828, 38.514951000151029 ], [ -76.173991499310787, 38.514920499815808 ], [ -76.174002999403953, 38.514873000671905 ], [ -76.174040999490543, 38.514842000070253 ], [ -76.174041499670835, 38.514791000151419 ], [ -76.173903999508738, 38.514681999348021 ], [ -76.173645000239546, 38.514540999602225 ], [ -76.173492000483407, 38.514491999788682 ], [ -76.173370000335623, 38.514476000105233 ], [ -76.173240000358959, 38.514471999408322 ], [ -76.173125999980627, 38.514502999450109 ], [ -76.173011000490519, 38.514555999812131 ], [ -76.172903999857212, 38.514628999649155 ], [ -76.172850998819555, 38.514709000145736 ], [ -76.172813000647537, 38.514807999610923 ], [ -76.172828000458253, 38.514891999570835 ], [ -76.172858999738736, 38.514960999685279 ], [ -76.172942999253777, 38.515036999695035 ], [ -76.173103000630405, 38.515117000074312 ], [ -76.173392999991833, 38.515205000037589 ], [ -76.17343099994379, 38.515243000678673 ], [ -76.173484000168742, 38.51553300101925 ], [ -76.173530000183632, 38.515602000443863 ], [ -76.173659999653268, 38.515674000024106 ], [ -76.173750999757161, 38.515716000960381 ], [ -76.173903999645631, 38.515749999283031 ], [ -76.174316000708046, 38.515875999963157 ], [ -76.174453000176271, 38.515911000986549 ], [ -76.174521417722943, 38.515909693363717 ], [ -76.174598001097849, 38.515898999424344 ], [ -76.174948999923728, 38.515811000915527 ], [ -76.175185999769468, 38.515791999494198 ], [ -76.175399000360358, 38.515811000812377 ], [ -76.175613000261876, 38.51585699932226 ], [ -76.176025000116596, 38.515990999431843 ], [ -76.176216000052619, 38.516001999864216 ], [ -76.176305250405719, 38.51601649948568 ], [ -76.176307000362669, 38.51607499924549 ], [ -76.176123999848613, 38.516329999273097 ], [ -76.17581099934894, 38.516693000185732 ], [ -76.175688999841668, 38.516796000236859 ], [ -76.175436998831401, 38.5169370007672 ], [ -76.175246999900168, 38.517100999771451 ], [ -76.174841998962265, 38.517601000241925 ], [ -76.174804000923075, 38.517668999871432 ], [ -76.174804000845754, 38.517729999877517 ], [ -76.174819000421039, 38.517807000339296 ], [ -76.17503300083176, 38.518188000340729 ], [ -76.175009999655515, 38.518318000221917 ], [ -76.174979999411732, 38.518398000112732 ], [ -76.174933999874256, 38.518447000346448 ], [ -76.17464399990638, 38.518595999759391 ], [ -76.174559999084195, 38.51862699991527 ], [ -76.174423000007408, 38.518645999866351 ], [ -76.174301000071267, 38.518692000337722 ], [ -76.174240000930723, 38.51873299989834 ], [ -76.174178999427909, 38.518797999767479 ], [ -76.173911999827922, 38.51897399997614 ], [ -76.17331299994801, 38.519349499557578 ], [ -76.173186999344608, 38.519340000209844 ], [ -76.17314450960292, 38.519310400121995 ], [ -76.173094999418254, 38.519264000257479 ], [ -76.173064999557965, 38.519206999423382 ], [ -76.173057000392276, 38.519125999842608 ], [ -76.173064999838061, 38.519038999614772 ], [ -76.173048999755679, 38.51897800014823 ], [ -76.172989499987366, 38.518905499921182 ], [ -76.172873999689202, 38.5188099997983 ], [ -76.172599000544054, 38.518656999990654 ], [ -76.172537999808114, 38.518641999612754 ], [ -76.17232500045877, 38.518656999935168 ], [ -76.172164497298908, 38.518648968134912 ], [ -76.172072999676629, 38.51863799984401 ], [ -76.172005750379313, 38.518616156361418 ], [ -76.171927999795386, 38.518575500781274 ], [ -76.171866999098143, 38.518519500330974 ], [ -76.17181300069187, 38.518488999692238 ], [ -76.171699000188468, 38.518477999541247 ], [ -76.171638000828281, 38.518477999826189 ], [ -76.17152400045849, 38.518492999898143 ], [ -76.171413000845675, 38.518523500771259 ], [ -76.17134799979145, 38.518557999918485 ], [ -76.17126931593819, 38.518624939772209 ], [ -76.171173844467532, 38.518689928267342 ], [ -76.171051693127282, 38.518670857508496 ], [ -76.17084099913528, 38.518586499778266 ], [ -76.170763999800187, 38.518568999578029 ], [ -76.17072024941659, 38.518612250164075 ], [ -76.170897999032121, 38.518768000259023 ], [ -76.17093600084138, 38.518817000082144 ], [ -76.170958999807738, 38.518867000072831 ], [ -76.170949249970562, 38.518950249791018 ], [ -76.170880749349195, 38.518956500759643 ], [ -76.17082349921607, 38.518989249491554 ], [ -76.17085950000434, 38.519044500019021 ], [ -76.170866999834345, 38.519092000202221 ], [ -76.170844999161844, 38.519144999872502 ], [ -76.170822293088037, 38.519286085030856 ], [ -76.170880159692828, 38.519329080584839 ], [ -76.171015999876758, 38.519340000404434 ], [ -76.171065999063799, 38.519366999853958 ], [ -76.171188000637386, 38.519518999458732 ], [ -76.171279000234279, 38.519553999484266 ], [ -76.171485000496517, 38.519591999702037 ], [ -76.17157700004762, 38.519629999460257 ], [ -76.171584999926907, 38.51968300053678 ], [ -76.171417000364499, 38.519858999934129 ], [ -76.171188000539956, 38.520175000355096 ], [ -76.171018693210556, 38.520528733079054 ], [ -76.170951000776114, 38.520557000106812 ], [ -76.170630999604995, 38.520561000386834 ], [ -76.170524000153591, 38.520576000820981 ], [ -76.170463000231251, 38.520609999210237 ], [ -76.170409999997034, 38.520621999393136 ], [ -76.170332999565943, 38.520605999840228 ], [ -76.170074000263881, 38.520568000158185 ], [ -76.169943999599937, 38.520564999466558 ], [ -76.169890999419565, 38.520575999398361 ], [ -76.169844999606951, 38.520614000179208 ], [ -76.169638999496399, 38.520834999207423 ], [ -76.169574000217168, 38.520868000070877 ], [ -76.169501999401461, 38.520854000593339 ], [ -76.169433000005498, 38.520827499811745 ], [ -76.169357000413072, 38.520823999749133 ], [ -76.169219000500547, 38.520851000082821 ], [ -76.169157999694448, 38.52088500048891 ], [ -76.169112999854008, 38.520957000543319 ], [ -76.169054058798054, 38.521026804457733 ], [ -76.169006000432432, 38.52105999912564 ], [ -76.168707998702558, 38.520982000650044 ], [ -76.168623999193414, 38.520995999901537 ], [ -76.168563000413371, 38.521038000134666 ], [ -76.168495000132225, 38.521110000243112 ], [ -76.168387999406917, 38.521258999858333 ], [ -76.168312000551239, 38.521282000426822 ], [ -76.168136000569916, 38.521223999167141 ], [ -76.168059999304418, 38.521212999933809 ], [ -76.167990999963152, 38.521213000503792 ], [ -76.167921999754128, 38.521228000355755 ], [ -76.16786900001371, 38.521289000140797 ], [ -76.167823000721725, 38.521514000299199 ], [ -76.167792999487858, 38.52158300001107 ], [ -76.167731999125834, 38.521620999740769 ], [ -76.167503000613053, 38.521681999928262 ], [ -76.167448999422149, 38.521724000166643 ], [ -76.1674339994413, 38.521797000121531 ], [ -76.167533000972881, 38.522014000127982 ], [ -76.167540999970512, 38.522143999964896 ], [ -76.167565745256226, 38.522196083438544 ], [ -76.167617000604849, 38.522231999803751 ], [ -76.167651499321209, 38.522275499839637 ], [ -76.167647499108853, 38.522326499894291 ], [ -76.16758276872865, 38.52235293391513 ], [ -76.167558360256621, 38.522400360688039 ], [ -76.167602000090284, 38.522441000052225 ], [ -76.167654999247048, 38.522541000139881 ], [ -76.167639999562255, 38.522670000073902 ], [ -76.167708998821539, 38.522714000373426 ], [ -76.167777999621876, 38.522739000352395 ], [ -76.167906999774161, 38.522799999861512 ], [ -76.167961000614767, 38.522849999907372 ], [ -76.167967999065226, 38.522904999503901 ], [ -76.167987499922745, 38.522960500336943 ], [ -76.168144000410223, 38.523043999521583 ], [ -76.168258000084293, 38.523077999848759 ], [ -76.168402999133278, 38.523085999895542 ], [ -76.168494999750891, 38.523074999527893 ], [ -76.168555999855116, 38.523082000075512 ], [ -76.168647000120828, 38.523101000091742 ], [ -76.168750249907575, 38.523144500646332 ], [ -76.16873310628965, 38.523261735639288 ], [ -76.168785000093095, 38.523288000042626 ], [ -76.168884000378299, 38.52327299982489 ], [ -76.168945000207032, 38.523245999651174 ], [ -76.168982999917105, 38.523196999497323 ], [ -76.168990999384405, 38.523040000278208 ], [ -76.169012999528121, 38.522849999779361 ], [ -76.16900600031812, 38.522765999807042 ], [ -76.168991000400723, 38.522715999889272 ], [ -76.168990999514662, 38.522666000026959 ], [ -76.169020999948842, 38.522617000312685 ], [ -76.169082190996647, 38.522582450872868 ], [ -76.16921199970929, 38.52253699994678 ], [ -76.169418000678121, 38.522514000149243 ], [ -76.169768999890465, 38.522506000238984 ], [ -76.17009699936348, 38.522449000038442 ], [ -76.170372000605937, 38.522377000499844 ], [ -76.170852000800451, 38.52221200059271 ], [ -76.170973999842346, 38.522178000264041 ], [ -76.171157000685781, 38.522163000087048 ], [ -76.171272000705898, 38.522167000542538 ], [ -76.171431999819205, 38.522196999621535 ], [ -76.171585000446584, 38.522251000295633 ], [ -76.171713999795386, 38.522308000002809 ], [ -76.172621999682406, 38.522890999814528 ], [ -76.172835999859217, 38.522983000356795 ], [ -76.17290399961152, 38.523001999972827 ], [ -76.173019000162725, 38.523002000435689 ], [ -76.173202000139341, 38.522953000124645 ], [ -76.17326299966976, 38.522918000280242 ], [ -76.173332000260444, 38.522808000366076 ], [ -76.173338999098632, 38.522655000158508 ], [ -76.173354999632934, 38.522571000136693 ], [ -76.173377000444461, 38.522501999774093 ], [ -76.173549499233872, 38.522323499795931 ], [ -76.173675001068204, 38.522239000089094 ], [ -76.173758999494055, 38.522231999982004 ], [ -76.173865999134591, 38.522247000603336 ], [ -76.17402599926973, 38.522304000108335 ], [ -76.174124999843968, 38.522349999040614 ], [ -76.174437999872978, 38.522414999812042 ], [ -76.174537000210236, 38.522449000014952 ], [ -76.175270000525074, 38.522772999502706 ], [ -76.175490999420589, 38.52285700054675 ], [ -76.175544000261411, 38.522891000514406 ], [ -76.175567000069307, 38.522949000570577 ], [ -76.175764999687217, 38.523566999666819 ], [ -76.17629999974902, 38.524100999951536 ], [ -76.1767270001708, 38.524359999863037 ], [ -76.176895000409118, 38.524440000113415 ], [ -76.177040000618334, 38.524466999544465 ], [ -76.177168922949321, 38.524465264721911 ], [ -76.177352498912072, 38.524458999495103 ], [ -76.177434749449858, 38.524466999870455 ], [ -76.177451499927727, 38.524518500249819 ], [ -76.177390998763784, 38.524577999853456 ], [ -76.177330000800353, 38.524668999959374 ], [ -76.17720700037313, 38.52495499984456 ], [ -76.177177000160995, 38.525172999523704 ], [ -76.177177000664159, 38.525283000184089 ], [ -76.17718499948316, 38.52535599929567 ], [ -76.177268000611321, 38.525465999331146 ], [ -76.177368000584778, 38.525562000524523 ], [ -76.177383000060587, 38.525610999288752 ], [ -76.177382999834435, 38.525687999472957 ], [ -76.177344999851726, 38.525772001024301 ], [ -76.177077999041785, 38.525992999274528 ], [ -76.176666000846609, 38.526370999852752 ], [ -76.17628799903845, 38.526769500620112 ], [ -76.176182941734368, 38.526849147123798 ], [ -76.176040000448339, 38.526943000807577 ], [ -76.175955999669966, 38.526973000205338 ], [ -76.175887999649376, 38.527015000572554 ], [ -76.175834000354925, 38.527065000308802 ], [ -76.175780999823488, 38.527163999690501 ], [ -76.175460001109229, 38.527687000248598 ], [ -76.175345999646495, 38.527919000020056 ], [ -76.175178000344658, 38.528335000125097 ], [ -76.175064000006159, 38.528675000258794 ], [ -76.174758000103935, 38.529513999933371 ], [ -76.174674000229601, 38.529715999958547 ], [ -76.17453700071033, 38.529894999733969 ], [ -76.174467999268813, 38.529936999381924 ], [ -76.174392000278161, 38.529955999403249 ], [ -76.174277999795081, 38.529963999489041 ], [ -76.174148000128753, 38.529940999745271 ], [ -76.174064000259321, 38.529887999334044 ], [ -76.173957000377541, 38.529697000090195 ], [ -76.173912000526386, 38.529644000192867 ], [ -76.173851000028691, 38.52959400008799 ], [ -76.173599000065835, 38.529501999860173 ], [ -76.173255000029684, 38.529433999923434 ], [ -76.173087999782283, 38.529434000047495 ], [ -76.172843000862002, 38.52946400018088 ], [ -76.172491999375893, 38.529482999844276 ], [ -76.172279001042099, 38.529513999637345 ], [ -76.172203000478504, 38.529551999391416 ], [ -76.172126000568923, 38.529608999457473 ], [ -76.172080000137967, 38.529654999442286 ], [ -76.172022999400397, 38.529673999928022 ], [ -76.171958933251162, 38.529667310935729 ], [ -76.171844001154568, 38.529639999684683 ], [ -76.171729999536907, 38.529594000087016 ], [ -76.171645999680308, 38.529567000088193 ], [ -76.171317999739642, 38.529520999761829 ], [ -76.171081000260585, 38.529440999383617 ], [ -76.170905999872559, 38.529395999917618 ], [ -76.170822000286464, 38.529383999538673 ], [ -76.170677000562719, 38.529414999564679 ], [ -76.170417000595592, 38.529509999295627 ], [ -76.170303000363376, 38.529528999246104 ], [ -76.170196000127561, 38.529498999705169 ], [ -76.170088999789272, 38.529437999612078 ], [ -76.170012999824976, 38.529383999306113 ], [ -76.169775999973226, 38.529292999692309 ], [ -76.169631000219582, 38.529270000327173 ], [ -76.169525000026269, 38.529277000643681 ], [ -76.169409999600305, 38.529307999953197 ], [ -76.169272999970573, 38.529360999875216 ], [ -76.169120000587469, 38.529463999493807 ], [ -76.169067000930994, 38.529471999951923 ], [ -76.168906999477414, 38.529429999348473 ], [ -76.168830000091631, 38.529433999175751 ], [ -76.168395000028738, 38.52947199946906 ], [ -76.168251000349315, 38.529528999512351 ], [ -76.167755000142705, 38.529865000363721 ], [ -76.167647999677854, 38.530006000101388 ], [ -76.167304000040573, 38.530300000509207 ], [ -76.167247774415287, 38.530378513207935 ], [ -76.167151958062234, 38.530457409735476 ], [ -76.167106000315201, 38.530414000450463 ], [ -76.167079499787192, 38.530357000668438 ], [ -76.166975999947397, 38.530227000145459 ], [ -76.166839000032255, 38.530127999464128 ], [ -76.166510999471868, 38.530014000767352 ], [ -76.166412000457541, 38.530002000435303 ], [ -76.166267000636694, 38.530005999982045 ], [ -76.166136999621628, 38.529948999750651 ], [ -76.16603000090771, 38.52983799967032 ], [ -76.166000000699185, 38.529769000464462 ], [ -76.166000000628344, 38.529663000678227 ], [ -76.16603000064093, 38.529547999830108 ], [ -76.166022999776388, 38.529498999306512 ], [ -76.165984499840121, 38.529444999682759 ], [ -76.165924000801994, 38.529406999154602 ], [ -76.165770999842067, 38.529391999822934 ], [ -76.165473000503539, 38.529379999733059 ], [ -76.165099999298917, 38.529354000403103 ], [ -76.165034999562025, 38.529340000769672 ], [ -76.164931999704478, 38.529350000484826 ], [ -76.164862999479254, 38.529368999534505 ], [ -76.164809999458271, 38.529395999239725 ], [ -76.164763999994577, 38.529442999086776 ], [ -76.164726000412884, 38.529494999733501 ], [ -76.164731500295531, 38.529585249636455 ], [ -76.164764000293658, 38.52964000026423 ], [ -76.164847749570285, 38.529698250772839 ], [ -76.164817000289062, 38.529743000739714 ], [ -76.164176000598289, 38.530180999895954 ], [ -76.163925000628808, 38.530269000252488 ], [ -76.163832999943025, 38.530330000528217 ], [ -76.16374200035095, 38.530403000009429 ], [ -76.163657999049903, 38.530494000507119 ], [ -76.163435999911059, 38.53079600005313 ], [ -76.163124000366679, 38.531146999612496 ], [ -76.162948000019384, 38.531317999556592 ], [ -76.162727000890484, 38.53155500038384 ], [ -76.162627999173921, 38.531729999660818 ], [ -76.162574000611201, 38.531725999704271 ], [ -76.162344999445111, 38.531550999854922 ], [ -76.162246001067629, 38.53149699985493 ], [ -76.162086001074698, 38.531439999561883 ], [ -76.161781000153752, 38.531379000094731 ], [ -76.161734999531959, 38.531349000276933 ], [ -76.161719999320212, 38.531284000094594 ], [ -76.161723499508369, 38.53120749984668 ], [ -76.161673999899094, 38.531171499898271 ], [ -76.161574999737581, 38.531166000048351 ], [ -76.161476000220418, 38.531173000310318 ], [ -76.161360999973141, 38.531249999612257 ], [ -76.16129299989791, 38.531306999855801 ], [ -76.161230999855832, 38.531386999573066 ], [ -76.16116300023468, 38.531435999622197 ], [ -76.16105450032461, 38.531497001153596 ], [ -76.160804000306683, 38.531607999686173 ], [ -76.160713000360261, 38.531676999461979 ], [ -76.16039999961545, 38.531969999905094 ], [ -76.160353999639298, 38.532023999937138 ], [ -76.160247000656724, 38.532122999539851 ], [ -76.160133000315255, 38.532241000093244 ], [ -76.160025999605907, 38.532321000992312 ], [ -76.159816438938975, 38.532471861488702 ], [ -76.159728499205443, 38.53247049956078 ], [ -76.159682999488524, 38.532423999596183 ], [ -76.159622000901692, 38.532268000264757 ], [ -76.159561000260126, 38.532176000070585 ], [ -76.159408000640326, 38.531969999360435 ], [ -76.15936999919262, 38.531931999579726 ], [ -76.159301000833935, 38.531882999717197 ], [ -76.159224999923964, 38.531844999774179 ], [ -76.159080000748034, 38.531798999521371 ], [ -76.158881999909553, 38.531688000074759 ], [ -76.158637999355165, 38.531584999833008 ], [ -76.15854599946465, 38.531489999840893 ], [ -76.158530999975667, 38.53143300025792 ], [ -76.158537999433292, 38.531252999477495 ], [ -76.158568999612967, 38.531112000104635 ], [ -76.158621999476679, 38.53095200024152 ], [ -76.158660000286304, 38.530876000290945 ], [ -76.158728999192462, 38.530764999852124 ], [ -76.158905000185655, 38.530589999863849 ], [ -76.158965999408409, 38.530498000245345 ], [ -76.158988000916665, 38.530414000494602 ], [ -76.158980999301022, 38.530227000054012 ], [ -76.158943000191556, 38.529911000287903 ], [ -76.158943000405216, 38.529747000420876 ], [ -76.158958000348065, 38.529502000628021 ], [ -76.158996000244997, 38.529265999850701 ], [ -76.159018999329945, 38.529199000369331 ], [ -76.159094999700557, 38.529170000319624 ], [ -76.159213499467128, 38.529155500726752 ], [ -76.159255000961082, 38.529089999949591 ], [ -76.159262999376168, 38.528883999624497 ], [ -76.159255000358954, 38.528746999963012 ], [ -76.159187000025383, 38.528552999533147 ], [ -76.159117999457251, 38.528449999560898 ], [ -76.159010999301145, 38.528323999873102 ], [ -76.159007499496781, 38.528264499733595 ], [ -76.1591029996125, 38.52818600037677 ], [ -76.159301001101809, 38.528113999365445 ], [ -76.159468999913017, 38.528017999561115 ], [ -76.159515000154428, 38.527969000860253 ], [ -76.159568000131486, 38.527832000026514 ], [ -76.159553249579176, 38.527767749995832 ], [ -76.159464999077599, 38.527725000241766 ], [ -76.159301000901934, 38.527755000910602 ], [ -76.159163871251948, 38.527763431453103 ], [ -76.159088000253291, 38.527725000779604 ], [ -76.158835999899765, 38.527449999678048 ], [ -76.158781999891673, 38.527412000987752 ], [ -76.158714000033186, 38.527374000021929 ], [ -76.158615000066547, 38.527331999734216 ], [ -76.158339999803687, 38.527263000044222 ], [ -76.158180000095953, 38.527179001046065 ], [ -76.158134000041684, 38.527137000477957 ], [ -76.158118999627689, 38.527088000036343 ], [ -76.158125999946606, 38.526999999797248 ], [ -76.158179499857198, 38.526942500860095 ], [ -76.158522999819041, 38.526831999519288 ], [ -76.158614999786394, 38.526812999591471 ], [ -76.158682999912287, 38.526813000018514 ], [ -76.158759999714462, 38.526820999916275 ], [ -76.158889000438776, 38.526813000222425 ], [ -76.158945604629224, 38.526786850029744 ], [ -76.158919999568141, 38.526621999931159 ], [ -76.158896999498324, 38.526545999821579 ], [ -76.158859000029608, 38.526450999845842 ], [ -76.1588280003092, 38.526416000127774 ], [ -76.158766999761099, 38.526411999938858 ], [ -76.15853799968329, 38.526435000007005 ], [ -76.15843200007609, 38.52645100024214 ], [ -76.158349580515164, 38.526431577805582 ], [ -76.158294000542213, 38.526412000162175 ], [ -76.158264000501916, 38.526371000229098 ], [ -76.158232999703088, 38.526218000257607 ], [ -76.158218000245981, 38.526081000225986 ], [ -76.158226000204991, 38.525980999818529 ], [ -76.158255999957134, 38.52588200022393 ], [ -76.158309000308648, 38.525797999889704 ], [ -76.158369999689924, 38.525752999530539 ], [ -76.158701999931111, 38.525668500409296 ], [ -76.15877499951506, 38.525632500373462 ], [ -76.158812999421244, 38.525587999963385 ], [ -76.158812999635671, 38.525539000083178 ], [ -76.158774999521128, 38.525497000010525 ], [ -76.158645000290079, 38.525482000072408 ], [ -76.15852300045124, 38.525402000116422 ], [ -76.158363000321415, 38.525282999866263 ], [ -76.15832500018378, 38.525234000431311 ], [ -76.158301999855354, 38.525180000540558 ], [ -76.158316999911122, 38.52501600024781 ], [ -76.158256000356502, 38.524932000305093 ], [ -76.158210000097171, 38.524844999926643 ], [ -76.15821800004332, 38.52478700018807 ], [ -76.158653000331071, 38.524528000363262 ], [ -76.158737000531033, 38.524452000081332 ], [ -76.158789999903391, 38.524383000666276 ], [ -76.158804999874263, 38.524337000403641 ], [ -76.158842999478708, 38.524269000506557 ], [ -76.158839498595356, 38.524193000070966 ], [ -76.158775000279689, 38.524195999890665 ], [ -76.158725549893248, 38.524239239893504 ], [ -76.158659999639085, 38.524284000272878 ], [ -76.158301999636961, 38.524456000614038 ], [ -76.15794300048033, 38.5245389992957 ], [ -76.157722000906929, 38.524528000186841 ], [ -76.157553999681824, 38.524439999858501 ], [ -76.157492999447172, 38.524371500648961 ], [ -76.157492999902615, 38.524308500533429 ], [ -76.157507999911729, 38.524253000278563 ], [ -76.157507999819401, 38.524196000255898 ], [ -76.157485000158573, 38.524143000213947 ], [ -76.157424000808277, 38.524043999575582 ], [ -76.157302499576616, 38.523917500262911 ], [ -76.157278999972704, 38.523852999067906 ], [ -76.15727899998889, 38.523780000585141 ], [ -76.157264000835127, 38.523718998926327 ], [ -76.157142000583477, 38.523612000639893 ], [ -76.157011999390733, 38.523520999395821 ], [ -76.156989999453245, 38.523483000439867 ], [ -76.156943999123158, 38.523356999798757 ], [ -76.156893999757088, 38.5232954991029 ], [ -76.156798999531162, 38.523249999144085 ], [ -76.156603999874747, 38.523212000510114 ], [ -76.156546999717918, 38.523177500643023 ], [ -76.156524000282545, 38.523138999737824 ], [ -76.156523999705996, 38.523058999325428 ], [ -76.156509000087709, 38.523009999555484 ], [ -76.156447999960903, 38.522971999374448 ], [ -76.156340999428068, 38.522937000381006 ], [ -76.156149999847443, 38.522894999321558 ], [ -76.156105000330825, 38.522871999181518 ], [ -76.156050999483398, 38.522833999169272 ], [ -76.156036000337195, 38.522777000107766 ], [ -76.156044000397799, 38.522697000139246 ], [ -76.156036000272749, 38.522616999278824 ], [ -76.156044499521045, 38.522490000360136 ], [ -76.156111999452463, 38.522209000371298 ], [ -76.156150499647921, 38.522117000070757 ], [ -76.156172999541894, 38.522037000883131 ], [ -76.156194001072279, 38.521995259008236 ], [ -76.156217002154349, 38.521880258370466 ], [ -76.156812001993714, 38.521621258709864 ], [ -76.156907501626279, 38.52151025883088 ], [ -76.156904001787041, 38.521426259084649 ], [ -76.156759000901502, 38.52126625925829 ], [ -76.156202001721581, 38.52082425903928 ], [ -76.156103002093161, 38.520724259163281 ], [ -76.156103001970919, 38.520667259119378 ], [ -76.156423001887092, 38.519935258849721 ], [ -76.156415000729851, 38.519893259525631 ], [ -76.156331001919384, 38.51988525944995 ], [ -76.156194001586613, 38.520206259177577 ], [ -76.155950002133736, 38.520629258938847 ], [ -76.155904001612583, 38.520747259179188 ], [ -76.155919002334315, 38.520816258479314 ], [ -76.155958001611538, 38.520866258810749 ], [ -76.156064001528861, 38.520938258737566 ], [ -76.156446000974938, 38.521274258763462 ], [ -76.156659002338515, 38.521472258558809 ], [ -76.15667450108964, 38.521535258564974 ], [ -76.156621000869592, 38.521560258974667 ], [ -76.156377001980061, 38.52156725907254 ], [ -76.156164000467626, 38.521636258658546 ], [ -76.156003002070918, 38.521773258324323 ], [ -76.155876000052075, 38.521949000871054 ], [ -76.155837999908641, 38.522005999634125 ], [ -76.155586000267363, 38.522566999557093 ], [ -76.155540000012508, 38.522707999132308 ], [ -76.155525000465687, 38.522772999307399 ], [ -76.155524999945371, 38.523002000374532 ], [ -76.155532000242744, 38.5231169999877 ], [ -76.155563000356466, 38.52322299998395 ], [ -76.155608999681988, 38.52328800018072 ], [ -76.155699999975923, 38.523342000122746 ], [ -76.155807000084863, 38.523368000453438 ], [ -76.155951999672482, 38.523413999551899 ], [ -76.156065999751874, 38.523468000495143 ], [ -76.156401999703746, 38.523700000769907 ], [ -76.156547000852726, 38.523838000629787 ], [ -76.156615999290324, 38.523948000515382 ], [ -76.156737999795638, 38.524219000222452 ], [ -76.156799000606952, 38.524421000207589 ], [ -76.156783999535037, 38.524490000586219 ], [ -76.156744999417555, 38.524517000005673 ], [ -76.156615999482383, 38.524559000553843 ], [ -76.156562001271411, 38.524585000052745 ], [ -76.156512500133715, 38.52463700015975 ], [ -76.156486000315468, 38.524702999870371 ], [ -76.15648199927702, 38.524780000007638 ], [ -76.156508999898492, 38.524847999805232 ], [ -76.156584999775518, 38.524875000519124 ], [ -76.156691999714269, 38.524882999719999 ], [ -76.156845000726705, 38.524906000411569 ], [ -76.156936000583869, 38.524939999932101 ], [ -76.157011999854149, 38.524978000538361 ], [ -76.157057999918621, 38.525093000050063 ], [ -76.157076999591453, 38.525237499665593 ], [ -76.157028000546191, 38.52531000036042 ], [ -76.156973999884372, 38.525374999764516 ], [ -76.156775999388671, 38.5254970003054 ], [ -76.156714999369072, 38.525573000331356 ], [ -76.156714999760027, 38.525615000112964 ], [ -76.15676800069177, 38.525656999808291 ], [ -76.156851999677471, 38.525679999759383 ], [ -76.157142000366633, 38.525688000037015 ], [ -76.157206999181113, 38.525704499652647 ], [ -76.157286998855483, 38.526130000187635 ], [ -76.157271999040177, 38.526194999664604 ], [ -76.157225999224863, 38.52624100014377 ], [ -76.157157000225808, 38.526286999563084 ], [ -76.156875000446433, 38.526420000203018 ], [ -76.156836999643943, 38.526453999813192 ], [ -76.156799000105323, 38.526527000048809 ], [ -76.156761000210025, 38.526675999692081 ], [ -76.156660999774331, 38.527004000026487 ], [ -76.156660999182563, 38.527064999202103 ], [ -76.156676999744107, 38.527129999246519 ], [ -76.156790999877899, 38.527296999432778 ], [ -76.156924637466247, 38.5274367784682 ], [ -76.157279000660481, 38.527786000273906 ], [ -76.157417000284127, 38.527877000569454 ], [ -76.157592000321515, 38.527938000872318 ], [ -76.157676000449726, 38.527983999676835 ], [ -76.157767999985609, 38.528064000179526 ], [ -76.157783000087562, 38.528114000677206 ], [ -76.157783000326631, 38.528162999656608 ], [ -76.157638000192676, 38.5283729997983 ], [ -76.15756200058803, 38.52851099973357 ], [ -76.157568999006784, 38.528555998929335 ], [ -76.157676000521448, 38.528694000159184 ], [ -76.157798000550613, 38.528919000551575 ], [ -76.157835999932132, 38.529013999957982 ], [ -76.157851999800684, 38.529086999042129 ], [ -76.157851999509631, 38.529163000243521 ], [ -76.157835999965798, 38.529247000044528 ], [ -76.157797999758543, 38.529354000229027 ], [ -76.157691000290399, 38.529510000193341 ], [ -76.157585000558342, 38.529567000335277 ], [ -76.157500999597943, 38.529579000593841 ], [ -76.156554999728826, 38.529441000415993 ], [ -76.156418843642925, 38.529399615096096 ], [ -76.156302999034438, 38.529357000480296 ], [ -76.156210999323918, 38.52928899991641 ], [ -76.156196000109091, 38.529235000056921 ], [ -76.156210999014434, 38.529090000334385 ], [ -76.156204000024914, 38.528891999499486 ], [ -76.156165999488536, 38.528839000207242 ], [ -76.15608199942335, 38.528807999654227 ], [ -76.156001500158965, 38.528809998867999 ], [ -76.155943999606521, 38.528853999977294 ], [ -76.15591400013696, 38.528907000053714 ], [ -76.155883000030215, 38.529098000473375 ], [ -76.155829749895076, 38.529160000256731 ], [ -76.155768999833569, 38.529136000009203 ], [ -76.155639001132656, 38.528991000076317 ], [ -76.155569999276125, 38.528926000370149 ], [ -76.155516999995783, 38.528887999325363 ], [ -76.155448000191768, 38.528869000300176 ], [ -76.155196999579132, 38.528869000255021 ], [ -76.155104999379688, 38.528881000088255 ], [ -76.155058999398776, 38.528903000236653 ], [ -76.15502900022156, 38.528941999865616 ], [ -76.155012522147487, 38.529123755057498 ], [ -76.154952999811485, 38.529170000477002 ], [ -76.154533000278164, 38.529384000486445 ], [ -76.154128999777697, 38.529560000415259 ], [ -76.153724000199503, 38.529688999923607 ], [ -76.153449999890142, 38.529815000054398 ], [ -76.153387999433633, 38.529856999534104 ], [ -76.153331499724231, 38.529908501372994 ], [ -76.153247000008534, 38.529936999703558 ], [ -76.153143999312547, 38.529861000197165 ], [ -76.153068000923767, 38.529781000022716 ], [ -76.153014999173564, 38.529712000013944 ], [ -76.152954000103975, 38.529662999673803 ], [ -76.152823999937326, 38.529579000250038 ], [ -76.152740000791866, 38.529536999808563 ], [ -76.152541999568541, 38.529476000151838 ], [ -76.152373999355746, 38.529444999648653 ], [ -76.152266999663354, 38.529441000191412 ], [ -76.152130000010473, 38.52945700011167 ], [ -76.15198499940837, 38.529501999621282 ], [ -76.151335999851284, 38.529757999581058 ], [ -76.1512680003094, 38.529758000285113 ], [ -76.151068999641865, 38.529730999484443 ], [ -76.151015999953529, 38.529705000174573 ], [ -76.150961998783657, 38.529688999994818 ], [ -76.150886000770399, 38.529655000036577 ], [ -76.150725999293002, 38.529608999487877 ], [ -76.150656999760059, 38.529547999625009 ], [ -76.150611000787947, 38.529467999948459 ], [ -76.150580999817322, 38.529392000134145 ], [ -76.150474000248664, 38.529285000021709 ], [ -76.150390000456937, 38.529228000317545 ], [ -76.150259999109636, 38.529163000104205 ], [ -76.150115000646224, 38.529128999592217 ], [ -76.149375001240756, 38.528987000241258 ], [ -76.149269000221921, 38.528979999871744 ], [ -76.149161999295217, 38.52898700042698 ], [ -76.148993999597877, 38.529009999529229 ], [ -76.148894999883325, 38.529033000139812 ], [ -76.148848999947404, 38.529066999847778 ], [ -76.148482999976821, 38.529429999528134 ], [ -76.148368000468508, 38.529513999699667 ], [ -76.148223000437355, 38.529571000144507 ], [ -76.147926000027027, 38.529734999559686 ], [ -76.147742999837178, 38.529917999484859 ], [ -76.14730800013669, 38.530574000724677 ], [ -76.14710200083519, 38.531027999426904 ], [ -76.147003000246201, 38.531321999390741 ], [ -76.146865000019616, 38.531681000562756 ], [ -76.146780998910785, 38.531822000672207 ], [ -76.146735999314117, 38.53192900001897 ], [ -76.146682000010145, 38.532031999868863 ], [ -76.146583000580819, 38.532156999354399 ], [ -76.146522000306931, 38.532161000113916 ], [ -76.146446000418393, 38.532137999234401 ], [ -76.146348999788515, 38.532054500691395 ], [ -76.146140999692349, 38.531813999268216 ], [ -76.146140999519915, 38.53174899997353 ], [ -76.1461790002801, 38.531707000076487 ], [ -76.146254999371962, 38.531665000034558 ], [ -76.146277999858867, 38.531616000603712 ], [ -76.146293000473577, 38.531551000692112 ], [ -76.146286000824858, 38.531372000310611 ], [ -76.146208999849406, 38.531196000142984 ], [ -76.146194000528183, 38.531093000821748 ], [ -76.146170999280017, 38.531020999088049 ], [ -76.146018000140032, 38.530612000425506 ], [ -76.145934999981861, 38.530467000642588 ], [ -76.145874000043051, 38.530406000852608 ], [ -76.145728999739475, 38.530325999484873 ], [ -76.145668000095782, 38.530264999586201 ], [ -76.145529999484495, 38.530086000890407 ], [ -76.145476999954752, 38.529979000366339 ], [ -76.1454840004142, 38.52992599958597 ], [ -76.145537999615797, 38.52987999944596 ], [ -76.145599000412403, 38.529850000578982 ], [ -76.145674999880299, 38.52981899931136 ], [ -76.146064000257169, 38.529742999370868 ], [ -76.146133000368067, 38.529707999459795 ], [ -76.146422999154865, 38.52942599981688 ], [ -76.146468999721122, 38.529295999434524 ], [ -76.146446001009735, 38.52923199970077 ], [ -76.146408000078765, 38.529166999663566 ], [ -76.146385000157125, 38.529105999958638 ], [ -76.146376999514885, 38.529044999613589 ], [ -76.146385000538288, 38.528975999552273 ], [ -76.146376999567536, 38.528841999763564 ], [ -76.146354000923324, 38.528781000059617 ], [ -76.145766999773329, 38.527968999850778 ], [ -76.145728999503106, 38.527877000019366 ], [ -76.145689999846525, 38.527812000497917 ], [ -76.145645000094433, 38.527632999938753 ], [ -76.145636999484765, 38.527426999741976 ], [ -76.145659999507842, 38.527328000464337 ], [ -76.145729000184218, 38.527225000539126 ], [ -76.145729000067121, 38.527153000200968 ], [ -76.145668000060624, 38.526782000334244 ], [ -76.145529999846175, 38.526511999079325 ], [ -76.145507000169445, 38.526454000132709 ], [ -76.145514999672031, 38.526405000449728 ], [ -76.145538000282656, 38.526347999217847 ], [ -76.145591000427657, 38.526309000846425 ], [ -76.145660000358248, 38.526282999583046 ], [ -76.145812000437942, 38.526245000085297 ], [ -76.145979999752782, 38.526129999525587 ], [ -76.146056999697478, 38.526073000430671 ], [ -76.146071999363755, 38.526007999622927 ], [ -76.146056999458182, 38.525950999226438 ], [ -76.145644999569498, 38.525481999773348 ], [ -76.14557599983641, 38.525385999812002 ], [ -76.145544999145031, 38.52532499964321 ], [ -76.145538000523004, 38.525256999256037 ], [ -76.145621999605623, 38.524920999326923 ], [ -76.145628999821554, 38.524825999595457 ], [ -76.14562900063396, 38.524764999443157 ], [ -76.1455910004956, 38.524700000904538 ], [ -76.145483999437985, 38.524607999912284 ], [ -76.145338999962988, 38.524519999606603 ], [ -76.145270999787357, 38.524456000150195 ], [ -76.145225000633445, 38.524401999599746 ], [ -76.145171999960709, 38.52435599991783 ], [ -76.14497300082725, 38.524265000048452 ], [ -76.144866000592458, 38.524209500018991 ], [ -76.145118000892964, 38.523837999939019 ], [ -76.145179000786413, 38.523760999588177 ], [ -76.145286000313234, 38.523699999996872 ], [ -76.145438999913111, 38.523589999906868 ], [ -76.14557599960493, 38.523483000045367 ], [ -76.145621999624396, 38.523416000159223 ], [ -76.145567999668714, 38.523371999645576 ], [ -76.145454000481521, 38.523326000202601 ], [ -76.145317000608145, 38.523318999727287 ], [ -76.145042000000132, 38.523402999851776 ], [ -76.144727719119757, 38.523565463857956 ], [ -76.144671957723133, 38.523583415011515 ], [ -76.144599000701191, 38.523585999650052 ], [ -76.144484999937347, 38.523544000214564 ], [ -76.144469999465031, 38.523501999850424 ], [ -76.144545998996279, 38.523303000007111 ], [ -76.144584000740238, 38.523158999749889 ], [ -76.144590999446663, 38.523039999628153 ], [ -76.144560999435797, 38.522872000153242 ], [ -76.144600001055267, 38.522812499727621 ], [ -76.144887130310494, 38.52258456846284 ], [ -76.144943000827084, 38.522519500068462 ], [ -76.144934999158735, 38.522460000503237 ], [ -76.144873999710313, 38.522377000617418 ], [ -76.144759999795099, 38.522327000399926 ], [ -76.144431999986026, 38.522224000274839 ], [ -76.144324999244006, 38.522181999949218 ], [ -76.144219661300511, 38.522155486818491 ], [ -76.144141999879295, 38.522128999963364 ], [ -76.144110999578757, 38.522089998871103 ], [ -76.144019999307929, 38.521629000580027 ], [ -76.14399700012487, 38.521549000008122 ], [ -76.143942999643997, 38.521498999506939 ], [ -76.143867000959446, 38.521465000252689 ], [ -76.143233999820012, 38.521330999032237 ], [ -76.143135000631787, 38.521296999976158 ], [ -76.143035000003735, 38.521220999906561 ], [ -76.143028000070828, 38.521170999641626 ], [ -76.143050999741305, 38.521007000565156 ], [ -76.143164999427029, 38.520420000106661 ], [ -76.143218000138646, 38.520327999178214 ], [ -76.143272000279993, 38.520255999646501 ], [ -76.143287000557493, 38.52021400048131 ], [ -76.143280000557951, 38.520163999327536 ], [ -76.143234000277616, 38.520113999807876 ], [ -76.143157000708925, 38.520056999488112 ], [ -76.143058000321361, 38.520033999637988 ], [ -76.142867998718017, 38.520011000543434 ], [ -76.142821999014316, 38.51998900046366 ], [ -76.142744999595806, 38.51993499992205 ], [ -76.142676999880351, 38.519862500532092 ], [ -76.142639000031934, 38.519755999323259 ], [ -76.142578000269069, 38.519267999890289 ], [ -76.14256999894836, 38.519019999436942 ], [ -76.142554998941804, 38.518938999899305 ], [ -76.1425089996021, 38.518877999887494 ], [ -76.142401999670639, 38.518778999415261 ], [ -76.142349000523524, 38.518706999728003 ], [ -76.142325999371465, 38.518646000020077 ], [ -76.142272000761167, 38.518591999550694 ], [ -76.142204000495667, 38.518565999802298 ], [ -76.142027999264826, 38.518554000152683 ], [ -76.141955499677863, 38.518584999601032 ], [ -76.141876001150905, 38.518664999557011 ], [ -76.141791999710023, 38.518783000224573 ], [ -76.141852999182078, 38.519213999994264 ], [ -76.141928999782365, 38.519302000685826 ], [ -76.141959999097452, 38.519359000000406 ], [ -76.141974999016711, 38.519438999598286 ], [ -76.141974999202674, 38.519561000003527 ], [ -76.141928999104792, 38.519759999953436 ], [ -76.141891000996281, 38.519831999927725 ], [ -76.141837999534943, 38.51986300095777 ], [ -76.14178400089051, 38.519869999570496 ], [ -76.141676999101705, 38.51986300099189 ], [ -76.141563000700842, 38.519836000714299 ], [ -76.141349000119945, 38.519821000351612 ], [ -76.141281000667632, 38.519827999774634 ], [ -76.141235001230399, 38.519869999323525 ], [ -76.141241999255811, 38.519911999551667 ], [ -76.141258000244676, 38.519949999575246 ], [ -76.14135699947127, 38.520007999787722 ], [ -76.141646999094206, 38.52011399923996 ], [ -76.141777000168929, 38.520190999609419 ], [ -76.141924780488708, 38.520294493764169 ], [ -76.142112000675581, 38.520412000789577 ], [ -76.14221899993295, 38.520483999210988 ], [ -76.142364000568861, 38.52059900041111 ], [ -76.142440000514554, 38.520709000234518 ], [ -76.142440000772638, 38.520773999601523 ], [ -76.142387000549036, 38.520873999428566 ], [ -76.142325999941406, 38.520900000113961 ], [ -76.142250000311336, 38.520907999637032 ], [ -76.142051000803377, 38.520893000514384 ], [ -76.141913999743679, 38.520895999764157 ], [ -76.141860000359614, 38.520919000501806 ], [ -76.141815000591336, 38.520977000743528 ], [ -76.141814999996441, 38.5210379991344 ], [ -76.141830000037942, 38.521102000255873 ], [ -76.141860000699793, 38.521160000336174 ], [ -76.141937000706122, 38.52122799990935 ], [ -76.142295000271176, 38.521408000233976 ], [ -76.142326000776706, 38.521465000344087 ], [ -76.142326000767724, 38.521507000195598 ], [ -76.142295000008673, 38.521553000127746 ], [ -76.142105000351066, 38.521777999771921 ], [ -76.142044000855634, 38.521800000250678 ], [ -76.141959998890897, 38.521873000230556 ], [ -76.14194800035375, 38.521930000041039 ], [ -76.141983000023302, 38.521983999988073 ], [ -76.142044000810671, 38.52200600033806 ], [ -76.14254700019363, 38.521994999360032 ], [ -76.142715000328209, 38.522021998856658 ], [ -76.142875000559499, 38.522074999924591 ], [ -76.143066000127305, 38.522216000315886 ], [ -76.143112000527552, 38.522285000225025 ], [ -76.143134999670224, 38.522353999877083 ], [ -76.14315000044634, 38.522441000325308 ], [ -76.143119000475735, 38.522624000210705 ], [ -76.143130500135754, 38.522698999854448 ], [ -76.143202999913171, 38.522734999943836 ], [ -76.143454999787565, 38.522761999661498 ], [ -76.143569000090267, 38.5227889998542 ], [ -76.143614999790017, 38.522808000467165 ], [ -76.143851999222576, 38.523063000005386 ], [ -76.143859499628903, 38.523118500389778 ], [ -76.143797999817238, 38.523173999598093 ], [ -76.143524000007929, 38.523273000175706 ], [ -76.143272000414072, 38.523394999657881 ], [ -76.143164999969557, 38.523460000172065 ], [ -76.143126999545387, 38.523489999778114 ], [ -76.143080999576114, 38.523540000195027 ], [ -76.14305799980383, 38.523605000205684 ], [ -76.143050999643918, 38.523674000255049 ], [ -76.143074000075856, 38.523814999391682 ], [ -76.143164999789477, 38.524017000111563 ], [ -76.143264000137506, 38.524181000510588 ], [ -76.143286999655174, 38.524246000050795 ], [ -76.143302000163601, 38.524329999508673 ], [ -76.143294999404674, 38.524379000112198 ], [ -76.14324149965104, 38.524427001122554 ], [ -76.143211000049263, 38.524485999814104 ], [ -76.143210999462909, 38.524558999294939 ], [ -76.143241499473888, 38.524640499478949 ], [ -76.143394000226664, 38.524687999343371 ], [ -76.143431999874849, 38.52480999961422 ], [ -76.14345499999925, 38.524912999788427 ], [ -76.143459000257053, 38.524987500853655 ], [ -76.143474499789619, 38.525043000757456 ], [ -76.143530999913594, 38.525069999646909 ], [ -76.144064999580095, 38.525119000748688 ], [ -76.144118999424663, 38.525142000683736 ], [ -76.144179999995814, 38.525211000703599 ], [ -76.144217999896583, 38.525298999208189 ], [ -76.144293999311657, 38.525543000964262 ], [ -76.144308999335664, 38.525688000433931 ], [ -76.144271000626759, 38.526046000739996 ], [ -76.144210000090069, 38.526297999162942 ], [ -76.144171999687771, 38.526397000314631 ], [ -76.144126000043983, 38.52646600057637 ], [ -76.143455000052143, 38.526926999926133 ], [ -76.142974000567762, 38.527229000349386 ], [ -76.142791000174412, 38.527397000397464 ], [ -76.142004999731611, 38.528048999638663 ], [ -76.141685000572366, 38.528339000270933 ], [ -76.141482499884276, 38.528556001068736 ], [ -76.141204000036765, 38.528925999361931 ], [ -76.141005999342866, 38.529211999575018 ], [ -76.140945000302352, 38.529246999746988 ], [ -76.140869000200922, 38.529253999308949 ], [ -76.140777000839833, 38.529253999327665 ], [ -76.14062500075002, 38.529211999901278 ], [ -76.140548000718027, 38.529211999843895 ], [ -76.140486999708784, 38.529225999392956 ], [ -76.140406999561762, 38.529229999646304 ], [ -76.140036999434628, 38.529167000807959 ], [ -76.139800999701109, 38.529109000019552 ], [ -76.139601999472163, 38.529009999887649 ], [ -76.139365999849332, 38.528819999471622 ], [ -76.139182999533986, 38.528656000628985 ], [ -76.139099000481835, 38.528560000109835 ], [ -76.139059999406626, 38.528491000945792 ], [ -76.139029999597483, 38.528414999862029 ], [ -76.139037999713125, 38.528204999535269 ], [ -76.139052999512074, 38.528114000030868 ], [ -76.139119548719137, 38.527979423973946 ], [ -76.139152000241111, 38.527880999549531 ], [ -76.13919800017004, 38.527789999929936 ], [ -76.139258999802607, 38.527721000072688 ], [ -76.139305000168179, 38.52761800020086 ], [ -76.139312000497767, 38.527496000322252 ], [ -76.139297000429124, 38.527422999635696 ], [ -76.139274000524523, 38.527370000412411 ], [ -76.139235999453163, 38.527308499830042 ], [ -76.13917499970006, 38.527281999769727 ], [ -76.139098499692352, 38.527287999845079 ], [ -76.139068000053115, 38.527331999906799 ], [ -76.139067999880652, 38.52745400028379 ], [ -76.139059999870497, 38.527518999835046 ], [ -76.13902999975312, 38.527568000073465 ], [ -76.138816000109969, 38.527693999550259 ], [ -76.138763000585612, 38.527739999497356 ], [ -76.138717000435179, 38.527785999944584 ], [ -76.138640999966427, 38.5279459998726 ], [ -76.138542000618784, 38.528048999418772 ], [ -76.13836599987188, 38.528156000134594 ], [ -76.138135581745203, 38.528229139659004 ], [ -76.137671999206518, 38.52836199943016 ], [ -76.137489000795881, 38.528423000133728 ], [ -76.137229000051491, 38.528442001119963 ], [ -76.137100663204237, 38.528434107578349 ], [ -76.136916999691493, 38.528411000030687 ], [ -76.136863499655973, 38.528432500368879 ], [ -76.136833000109817, 38.528464999647859 ], [ -76.13682500016813, 38.528513999669777 ], [ -76.136772001194998, 38.528598000310481 ], [ -76.136588999337349, 38.528793000195648 ], [ -76.136375000285454, 38.528925999861556 ], [ -76.136256499748086, 38.529027500286077 ], [ -76.136207000012192, 38.529056000454531 ], [ -76.136150000402495, 38.529067000393127 ], [ -76.13608719398681, 38.529042872718499 ], [ -76.136046999852141, 38.529013999517375 ], [ -76.136028000005226, 38.52895100037086 ], [ -76.135910000380861, 38.528838999405977 ], [ -76.135806499037372, 38.528701500265171 ], [ -76.135733999791185, 38.528550499817428 ], [ -76.135604000502497, 38.528384999308024 ], [ -76.135574000225205, 38.52831999930229 ], [ -76.135573999793081, 38.528216999229059 ], [ -76.135565999590995, 38.528174999317024 ], [ -76.135527999746927, 38.528118000298747 ], [ -76.135466999667884, 38.528059999514646 ], [ -76.135385949425469, 38.528015056970617 ], [ -76.135321999182153, 38.527963000033225 ], [ -76.135272499936519, 38.527897999904276 ], [ -76.135226498768375, 38.527850499977092 ], [ -76.135154000052211, 38.527814500345379 ], [ -76.135082341391268, 38.527790443174133 ], [ -76.13500950024563, 38.527773999818329 ], [ -76.134941536131691, 38.527738981570465 ], [ -76.134918000871551, 38.527702001194157 ], [ -76.134921500604904, 38.527608501212754 ], [ -76.134902250800138, 38.527481250181559 ], [ -76.134837498958831, 38.527476499579862 ], [ -76.13479200022455, 38.527558500180824 ], [ -76.134738500384927, 38.527595000718883 ], [ -76.134612916350633, 38.527603859453812 ], [ -76.134494000739352, 38.527597000763372 ], [ -76.134422000353069, 38.527602999745952 ], [ -76.134300000558341, 38.527640999788886 ], [ -76.134216000100508, 38.527706000423258 ], [ -76.133929499288996, 38.527993500615672 ], [ -76.133779233940345, 38.528090322976986 ], [ -76.133692999386255, 38.528065999539159 ], [ -76.133674000394166, 38.528025999514952 ], [ -76.133635999509607, 38.527991999380028 ], [ -76.133566999822278, 38.527960999706046 ], [ -76.133407001202571, 38.527907999414836 ], [ -76.133284999659381, 38.527857999466711 ], [ -76.133200999959698, 38.527804999906913 ], [ -76.133151499314536, 38.527745500751706 ], [ -76.133101999418955, 38.527708999302121 ], [ -76.133044999516969, 38.527689999860748 ], [ -76.132953311584288, 38.527706991803981 ], [ -76.132759000023469, 38.527702000351717 ], [ -76.132675000458363, 38.527689999365194 ], [ -76.132529999977024, 38.527590999930688 ], [ -76.132368999568811, 38.527545000759062 ], [ -76.132201999766764, 38.527522999350587 ], [ -76.132079999164176, 38.527519000788885 ], [ -76.131980000287683, 38.527525999978238 ], [ -76.131781998863644, 38.527579999344141 ], [ -76.131668000550107, 38.527644999258733 ], [ -76.131499999030126, 38.527769999303366 ], [ -76.131294000233879, 38.527953999959323 ], [ -76.131179000352461, 38.528087000388503 ], [ -76.131114499420264, 38.528125499946739 ], [ -76.13104913880764, 38.52813896734942 ], [ -76.130981000536394, 38.5281140006147 ], [ -76.130972999384099, 38.528029999574997 ], [ -76.130919999469498, 38.527864000129256 ], [ -76.130860450020648, 38.527794225543254 ], [ -76.130821000007813, 38.527747999896306 ], [ -76.130858999275915, 38.527556999445594 ], [ -76.130832000565988, 38.527486500703567 ], [ -76.130805499753109, 38.527440499830902 ], [ -76.130790000557496, 38.527356500348596 ], [ -76.1308170010239, 38.5272324999764 ], [ -76.130775000249528, 38.527182999314064 ], [ -76.13057699920644, 38.527029999953022 ], [ -76.130401000873036, 38.526846999466905 ], [ -76.130180000356944, 38.526675999938476 ], [ -76.130081000141999, 38.526625999382681 ], [ -76.129882000484542, 38.526595999962382 ], [ -76.129744999896076, 38.526549999342606 ], [ -76.129663007505982, 38.526509693543169 ], [ -76.129611499841346, 38.526469500702611 ], [ -76.129584999564912, 38.526409000170553 ], [ -76.129584999509945, 38.526331999614094 ], [ -76.129630999744876, 38.526270999754544 ], [ -76.129699000007562, 38.526156999673866 ], [ -76.129829000440566, 38.525980999594651 ], [ -76.12988200029163, 38.525923999874351 ], [ -76.129913000337226, 38.525856000069126 ], [ -76.129959000321463, 38.525683999781641 ], [ -76.129981000284758, 38.525527000259252 ], [ -76.130027000092639, 38.525474000394411 ], [ -76.130072999506794, 38.525444000043272 ], [ -76.130156999814361, 38.525347999995994 ], [ -76.130278999581535, 38.525164999763639 ], [ -76.130393000288123, 38.525047000236157 ], [ -76.130393000405363, 38.525005000343107 ], [ -76.130355000391603, 38.524916999890856 ], [ -76.130313499539682, 38.52485799990032 ], [ -76.13026399950931, 38.524806000518204 ], [ -76.130218000094814, 38.524775999805065 ], [ -76.130141999183394, 38.524754999897389 ], [ -76.13003500047013, 38.524768500067907 ], [ -76.129989000004315, 38.524817999863544 ], [ -76.12995900022122, 38.524882999914617 ], [ -76.129951000557881, 38.524950999869539 ], [ -76.129924500498447, 38.525035500358442 ], [ -76.129875000323295, 38.525096000241312 ], [ -76.129837000408628, 38.525131000149287 ], [ -76.129738849683719, 38.525199915105169 ], [ -76.129623000040809, 38.525256499886055 ], [ -76.129576999838434, 38.525291000139475 ], [ -76.129531499698302, 38.525342499939178 ], [ -76.129382500120599, 38.525422499670775 ], [ -76.129355999529011, 38.525460500047068 ], [ -76.129439999992101, 38.525598001343639 ], [ -76.129432000194939, 38.525650000058292 ], [ -76.129409000388407, 38.52569899985437 ], [ -76.129386000670053, 38.525740999513722 ], [ -76.129341000260879, 38.525794000310221 ], [ -76.129187999824481, 38.52589699998974 ], [ -76.129126166723168, 38.525908827837995 ], [ -76.128967000444575, 38.52592400007331 ], [ -76.128902000297757, 38.525945499743614 ], [ -76.12888299997887, 38.52599999979315 ], [ -76.12889800079536, 38.526038999469264 ], [ -76.128929000270887, 38.526073000052854 ], [ -76.128944000551201, 38.52617200085875 ], [ -76.128889999728358, 38.526255999473257 ], [ -76.128829000299802, 38.52633199949954 ], [ -76.128784000090832, 38.526423999925854 ], [ -76.128650499309984, 38.526509499718863 ], [ -76.128611999138315, 38.526562999437473 ], [ -76.128604499901954, 38.526616500978243 ], [ -76.128584999784238, 38.526660000626485 ], [ -76.128555000833558, 38.526698999834679 ], [ -76.128471000562527, 38.526755999804067 ], [ -76.128349000776325, 38.526762999331204 ], [ -76.128021000463661, 38.526808999871804 ], [ -76.127959999822593, 38.526839999483791 ], [ -76.127882999905978, 38.526892999234647 ], [ -76.127726999819245, 38.526980499434629 ], [ -76.127657999501096, 38.526989999694727 ], [ -76.127513000008065, 38.526930999209462 ], [ -76.127449000007601, 38.526915999481915 ], [ -76.127395001104915, 38.52691199935115 ], [ -76.127295999505776, 38.526912000060229 ], [ -76.127150999594122, 38.526939000762596 ], [ -76.127051999334839, 38.526981000276493 ], [ -76.126990999968399, 38.527030500648486 ], [ -76.126906999677104, 38.527068999143879 ], [ -76.126823490392894, 38.527070180733496 ], [ -76.126730999893454, 38.527052999826587 ], [ -76.126608999959828, 38.526985000596206 ], [ -76.126483499830044, 38.526891500561909 ], [ -76.126414499305881, 38.526861000214879 ], [ -76.126357498853494, 38.526858999598538 ], [ -76.126319000386388, 38.526893000010176 ], [ -76.126288999661853, 38.526939000565946 ], [ -76.126266000164478, 38.52699199983428 ], [ -76.126205000615244, 38.527056999193611 ], [ -76.126151999712235, 38.527090999513383 ], [ -76.126029499262074, 38.527128000631151 ], [ -76.125792999794541, 38.527155999783488 ], [ -76.125639999814055, 38.527251999215785 ], [ -76.125539271328591, 38.52728174727374 ], [ -76.125426999488795, 38.527305000139251 ], [ -76.125373000224499, 38.527328000489717 ], [ -76.125282000384516, 38.527420000225227 ], [ -76.125159999611256, 38.527442000301022 ], [ -76.125110499312498, 38.527427499440428 ], [ -76.125060499935401, 38.527383500537269 ], [ -76.12477800063246, 38.527335999381897 ], [ -76.124732000465556, 38.527296999019903 ], [ -76.124663999163701, 38.527163999567392 ], [ -76.124588000307554, 38.527155999908729 ], [ -76.12440449913764, 38.527177000735222 ], [ -76.124251999533627, 38.527178999397705 ], [ -76.124129999702134, 38.527205999397026 ], [ -76.124076000594073, 38.527236000185752 ], [ -76.124031000077721, 38.527278000544506 ], [ -76.124008000092161, 38.52731699910229 ], [ -76.12398500003637, 38.527533999313185 ], [ -76.123947000116686, 38.527613999096253 ], [ -76.123962000281665, 38.527732000051664 ], [ -76.123954000041522, 38.527828000165535 ], [ -76.123927500150344, 38.527883000562419 ], [ -76.123830152497092, 38.527939290269202 ], [ -76.12375948884214, 38.527966249897226 ], [ -76.123641000140452, 38.528034000082819 ], [ -76.123419999976548, 38.528102000380891 ], [ -76.123115000145319, 38.528106000352622 ], [ -76.122984999805666, 38.528118000664229 ], [ -76.122924000013825, 38.528133000051938 ], [ -76.122863000202884, 38.528163000601211 ], [ -76.122806000349314, 38.528207000053186 ], [ -76.122779000157365, 38.528270000177827 ], [ -76.122763999902801, 38.528354000298258 ], [ -76.122772000294276, 38.528491000298217 ], [ -76.12277900060144, 38.528541000060549 ], [ -76.122855999516275, 38.528712999922838 ], [ -76.122817000257726, 38.52877000036279 ], [ -76.122778999898983, 38.528796999637663 ], [ -76.122734000330738, 38.528803999729313 ], [ -76.122688000272703, 38.528804000222408 ], [ -76.122664999872612, 38.528797000322918 ], [ -76.12262699990923, 38.528774000378824 ], [ -76.122565999677576, 38.528716999977227 ], [ -76.12254300053246, 38.528686000495462 ], [ -76.122519999816632, 38.52867500048643 ], [ -76.122450999500813, 38.528671000110563 ], [ -76.122413000677057, 38.528677999788663 ], [ -76.122344000485, 38.528717000189886 ], [ -76.12231400031115, 38.528755000487728 ], [ -76.12226099965207, 38.528910999634746 ], [ -76.122199999415429, 38.529021999617981 ], [ -76.122168998926412, 38.529060000431592 ], [ -76.122115999689711, 38.529082999630482 ], [ -76.122055000020055, 38.529098000371413 ], [ -76.121977999968607, 38.529097999721003 ], [ -76.121931999899374, 38.529082999623014 ], [ -76.121894000675127, 38.529036999895894 ], [ -76.121894000026089, 38.528964000265276 ], [ -76.121932000025609, 38.528906999786585 ], [ -76.121963000089664, 38.528877000089558 ], [ -76.121978000427845, 38.528846000203821 ], [ -76.121993999726371, 38.52877799993265 ], [ -76.121994000307353, 38.528723999781647 ], [ -76.121971000126479, 38.528670999746517 ], [ -76.121772000581174, 38.528511000129825 ], [ -76.12169600039698, 38.528465000536507 ], [ -76.121604000645121, 38.528446000309437 ], [ -76.121490000029937, 38.528445999833423 ], [ -76.121444000453394, 38.528452999973538 ], [ -76.121375999984437, 38.528495000212523 ], [ -76.121284000577404, 38.528591000192385 ], [ -76.121260999649593, 38.528746999607719 ], [ -76.121252999948027, 38.52885799985593 ], [ -76.121230999584299, 38.52894900014843 ], [ -76.121192000705946, 38.528976000367763 ], [ -76.121138999478717, 38.528990999851906 ], [ -76.121062999415855, 38.528983999712999 ], [ -76.120825999368179, 38.528827000308283 ], [ -76.120688999673092, 38.528812000436005 ], [ -76.120634999327805, 38.528820000100822 ], [ -76.120558999424716, 38.528864999755513 ], [ -76.120528999484023, 38.528899999542496 ], [ -76.120497999257168, 38.528963999530376 ], [ -76.120490999893491, 38.529101999727907 ], [ -76.120512999396126, 38.529228000232159 ], [ -76.120536000982668, 38.52928099967037 ], [ -76.120628000181668, 38.529383999680903 ], [ -76.120689000192328, 38.529494999461328 ], [ -76.120696999634802, 38.529597999848725 ], [ -76.120634999338449, 38.529772999925591 ], [ -76.120558999895579, 38.529906999534589 ], [ -76.120329999240951, 38.530356999532607 ], [ -76.120276999895452, 38.530436999921712 ], [ -76.120223000835068, 38.530502000532678 ], [ -76.120116999659501, 38.530589999758938 ], [ -76.119400000046724, 38.531124000282944 ], [ -76.114607999612801, 38.528881000822487 ], [ -76.114311000005287, 38.529101999842993 ], [ -76.113945000781143, 38.529395999669838 ], [ -76.113601000280298, 38.529704999793246 ], [ -76.113342000231029, 38.529959999507945 ], [ -76.112814999731739, 38.530590000345519 ], [ -76.112563999564458, 38.530956000432397 ], [ -76.112312000063099, 38.53137499974288 ], [ -76.112105999787559, 38.531780000122765 ], [ -76.111923000193855, 38.532202999696239 ], [ -76.111778000655605, 38.532630000306568 ], [ -76.111685999998159, 38.533011999519552 ], [ -76.111518000533195, 38.533774999310829 ], [ -76.109283000388317, 38.533072999786171 ], [ -76.105246999444418, 38.531779999880122 ], [ -76.103819999672041, 38.531360000265678 ], [ -76.103469000268873, 38.53317199924151 ], [ -76.09615999980717, 38.531561999217892 ], [ -76.096770999735071, 38.530013999901904 ], [ -76.097221000510501, 38.52884600031544 ], [ -76.098365000079454, 38.525649999946076 ], [ -76.099379999605475, 38.522937000408561 ], [ -76.093306999777752, 38.519878000183589 ], [ -76.092965000359868, 38.519725999601448 ], [ -76.092794000297047, 38.519674999507295 ], [ -76.092687000046851, 38.519624999834214 ], [ -76.092460000270762, 38.51938399987614 ], [ -76.092372000427801, 38.519216999627112 ], [ -76.092367999615249, 38.519128999654335 ], [ -76.09248100032039, 38.518765999912183 ], [ -76.092651000028795, 38.518702999924919 ], [ -76.092780999797967, 38.518671999851222 ], [ -76.092917999661921, 38.518626999898423 ], [ -76.093002000439654, 38.518611000289567 ], [ -76.093031999786433, 38.518595999869063 ], [ -76.093062999556892, 38.51856599969242 ], [ -76.093154000244397, 38.518428000414595 ], [ -76.093238000214427, 38.518352000133092 ], [ -76.093573999918021, 38.517704000301485 ], [ -76.093704001105166, 38.517414000390708 ], [ -76.093802999968545, 38.517055000187327 ], [ -76.093856000262662, 38.516943999224438 ], [ -76.094001000296799, 38.516711999291815 ], [ -76.094023999786927, 38.516658000788368 ], [ -76.094038999639352, 38.516487000239572 ], [ -76.094084999360746, 38.516390999895428 ], [ -76.094153999291478, 38.516315000034894 ], [ -76.094183999150331, 38.516264999412179 ], [ -76.094206999679301, 38.516200999746943 ], [ -76.094214999466217, 38.51603299962936 ], [ -76.094290999609086, 38.515796000049882 ], [ -76.094351999751225, 38.515693000149163 ], [ -76.094397999163192, 38.515636000592139 ], [ -76.094542999483394, 38.515293000110596 ], [ -76.094572999386486, 38.515173999579709 ], [ -76.094612000968155, 38.514915000146907 ], [ -76.094618999480176, 38.514774000033 ], [ -76.094603999638935, 38.514559999764749 ], [ -76.094527999129156, 38.514331000349181 ], [ -76.094322000288969, 38.514057000086034 ], [ -76.094153999659994, 38.513950000518911 ], [ -76.094000999396656, 38.513828000203326 ], [ -76.093963000313678, 38.513808999842318 ], [ -76.093848999455105, 38.513710000369777 ], [ -76.093719000474337, 38.513568000208338 ], [ -76.093353000077585, 38.513278000098332 ], [ -76.093001999727178, 38.513023000516199 ], [ -76.092880000060575, 38.512958000593663 ], [ -76.092788000773155, 38.512886000394133 ], [ -76.092734999069833, 38.512821000307603 ], [ -76.092712000298761, 38.512705999969789 ], [ -76.092750000535816, 38.512668000306419 ], [ -76.092796000392795, 38.512580000646345 ], [ -76.092811000024824, 38.512473999935423 ], [ -76.092802998818669, 38.512438999693849 ], [ -76.092727000746706, 38.512393000669491 ], [ -76.09266600002104, 38.5123709994647 ], [ -76.092627998906877, 38.512344000252554 ], [ -76.092627999927274, 38.512317000520113 ], [ -76.092642999054803, 38.512290000799574 ], [ -76.092666000014148, 38.512278999982428 ], [ -76.092719998924238, 38.512279000043605 ], [ -76.092788000360045, 38.512287000597034 ], [ -76.092863998947024, 38.512282999300851 ], [ -76.092903000258772, 38.512267999842443 ], [ -76.092933000808998, 38.512241000087712 ], [ -76.092964000703716, 38.512194999568138 ], [ -76.092986999745492, 38.512065000354141 ], [ -76.092994000693267, 38.511764000114312 ], [ -76.093055000243254, 38.51134399965175 ], [ -76.093009000620683, 38.511282999475895 ], [ -76.092979000499071, 38.511031999846615 ], [ -76.092994000076175, 38.510944000435529 ], [ -76.093054999847453, 38.510889999663021 ], [ -76.093246000695217, 38.510771999390087 ], [ -76.093428999675723, 38.510615999430158 ], [ -76.093489999556596, 38.510577999714954 ], [ -76.093543999874839, 38.510561999934858 ], [ -76.093620000179428, 38.510550999807307 ], [ -76.09379499996821, 38.51050899994177 ], [ -76.094032000318379, 38.510474999702787 ], [ -76.094169000241479, 38.51047100025351 ], [ -76.094313999917503, 38.510478001102257 ], [ -76.094420999467189, 38.510500999659449 ], [ -76.094482000051428, 38.510542999524731 ], [ -76.094511999487509, 38.51059699947541 ], [ -76.094641999833598, 38.510677000053221 ], [ -76.094717999658371, 38.510714999460895 ], [ -76.094885999559793, 38.510775999897639 ], [ -76.094977999604396, 38.510803000096999 ], [ -76.095130001131182, 38.510863999879767 ], [ -76.096435000467764, 38.511622999237694 ], [ -76.096838999459806, 38.511955000417998 ], [ -76.097114000081419, 38.512095999637772 ], [ -76.097266999547998, 38.512129999207083 ], [ -76.097403999506042, 38.512144999966104 ], [ -76.097541001324487, 38.512030999382148 ], [ -76.097656000161493, 38.511961999973515 ], [ -76.09796100059603, 38.511939999355064 ], [ -76.098059999422944, 38.511890000093381 ], [ -76.098120999980438, 38.511787000062114 ], [ -76.098320000161422, 38.51160400073703 ], [ -76.098425999966608, 38.511375000000591 ], [ -76.098747000125371, 38.510992999642681 ], [ -76.098875999853192, 38.510715000105414 ], [ -76.098952999432825, 38.510524000074149 ], [ -76.098967999430442, 38.510410000248413 ], [ -76.099020999159265, 38.510271999957709 ], [ -76.099020999278693, 38.510027999705109 ], [ -76.099074999972444, 38.509852999987125 ], [ -76.09913599998039, 38.509734999983536 ], [ -76.099204999794196, 38.509471000027006 ], [ -76.099258000387366, 38.509349000007433 ], [ -76.099280999430817, 38.509108998868044 ], [ -76.099249999550452, 38.509014000466898 ], [ -76.099188999947529, 38.508952999074943 ], [ -76.099174000075124, 38.508907000621228 ], [ -76.099112999613439, 38.508827000540954 ], [ -76.099005999563659, 38.508727999116324 ], [ -76.098982999721798, 38.508674000570629 ], [ -76.0988690009072, 38.508590000042147 ], [ -76.098808000144217, 38.508490999350144 ], [ -76.098769999753273, 38.508460000253024 ], [ -76.098204999843617, 38.508468000028039 ], [ -76.098060000006825, 38.508449000120152 ], [ -76.097716999574502, 38.508437999596772 ], [ -76.097343000221002, 38.508468000523052 ], [ -76.096587999663171, 38.508601999220836 ], [ -76.096221000824599, 38.508701000356112 ], [ -76.096053999656945, 38.508731000019864 ], [ -76.095740999979654, 38.508773000414493 ], [ -76.095603000128847, 38.508773000119703 ], [ -76.095404999288121, 38.508720000615526 ], [ -76.09518399932297, 38.508689000555087 ], [ -76.094893999576868, 38.50859000057298 ], [ -76.094832999348, 38.508537000649561 ], [ -76.094619000507947, 38.508463999902425 ], [ -76.094314000574755, 38.508284999476309 ], [ -76.093902000820719, 38.508070999879202 ], [ -76.093841000044549, 38.508045000064669 ], [ -76.093710999470062, 38.50802199899325 ], [ -76.093596999696999, 38.507987000703046 ], [ -76.093504999899665, 38.507887999454503 ], [ -76.093200000243073, 38.507719999025511 ], [ -76.093161999202479, 38.507614000771767 ], [ -76.093001999907472, 38.507442000800694 ], [ -76.092993999016286, 38.507376999840048 ], [ -76.093032000828742, 38.507198000325126 ], [ -76.093139000275485, 38.506865999690142 ], [ -76.093185000637405, 38.50658399972388 ], [ -76.093192999558255, 38.506297999425705 ], [ -76.093170000545101, 38.506159999468188 ], [ -76.093124000510812, 38.506031000355918 ], [ -76.093085999887109, 38.505980999807321 ], [ -76.092833999355776, 38.505802000071689 ], [ -76.092735000319493, 38.505671999524296 ], [ -76.092657999936208, 38.505610999397106 ], [ -76.092635999466921, 38.505568999526943 ], [ -76.092651000184347, 38.505401000014416 ], [ -76.092787999832169, 38.50510399969032 ], [ -76.092833999334033, 38.505049999931458 ], [ -76.092917999749915, 38.505016000056337 ], [ -76.093085999407137, 38.504904999978834 ], [ -76.093291999207096, 38.504744999571678 ], [ -76.093489999706918, 38.504416999899874 ], [ -76.09372699918724, 38.504146000109309 ], [ -76.093817999521733, 38.503967000251926 ], [ -76.093841000213999, 38.503887000254892 ], [ -76.094023999487703, 38.503748999877175 ], [ -76.094046999942748, 38.503665000643245 ], [ -76.094032000822082, 38.50344399996316 ], [ -76.094047000852427, 38.503298999927303 ], [ -76.094008999633161, 38.503139000608748 ], [ -76.094023999653089, 38.502745999084389 ], [ -76.093947999792434, 38.502632000000254 ], [ -76.093894000796951, 38.502429000044202 ], [ -76.093971000343757, 38.502230999413364 ], [ -76.094069999780004, 38.502132000622254 ], [ -76.09413900017347, 38.502032999358136 ], [ -76.094169000537178, 38.501937000336 ], [ -76.094406000466364, 38.501597999364677 ], [ -76.094863000488402, 38.50128900039828 ], [ -76.095160999927757, 38.501189999703463 ], [ -76.095768000253713, 38.501026999632494 ], [ -76.095800000353719, 38.501028000087601 ], [ -76.096106999901295, 38.500975999697935 ], [ -76.096382000669678, 38.50096500013418 ], [ -76.096647000161653, 38.500730999678488 ], [ -76.096594999674224, 38.500501999704092 ], [ -76.096351000019013, 38.500369999638941 ], [ -76.096274999718602, 38.500400000127925 ], [ -76.09620600050016, 38.500407999552642 ], [ -76.096114999811306, 38.500431000179994 ], [ -76.096060999592709, 38.500437999983902 ], [ -76.095953999889915, 38.50044199985647 ], [ -76.095787000397692, 38.50043399990075 ], [ -76.095748000354021, 38.500442000124004 ], [ -76.09567999955668, 38.500441999608682 ], [ -76.095305999720836, 38.500411000303998 ], [ -76.095207000002986, 38.500396000070651 ], [ -76.094955000523768, 38.50034999988641 ], [ -76.094863000175096, 38.500316000276584 ], [ -76.094627000195658, 38.500128999898472 ], [ -76.094535000634821, 38.500064000179599 ], [ -76.09446700033638, 38.499957999984751 ], [ -76.094429000043178, 38.499881000087434 ], [ -76.094382999599873, 38.49974400031406 ], [ -76.094290999832921, 38.499664000028474 ], [ -76.094222999162938, 38.499628999605669 ], [ -76.094177000061563, 38.499584000192684 ], [ -76.09413100009597, 38.499526000437591 ], [ -76.094092999155222, 38.49938899985812 ], [ -76.094061999566151, 38.499319999667222 ], [ -76.094023999480896, 38.499149000041214 ], [ -76.094008999736232, 38.498953999921859 ], [ -76.094084999380485, 38.498798000541655 ], [ -76.094108000099197, 38.498736999145009 ], [ -76.094207000523738, 38.498549999018159 ], [ -76.094245000119031, 38.498386000323983 ], [ -76.094276000173792, 38.498332000176873 ], [ -76.094375000011695, 38.498030998925387 ], [ -76.094474000760343, 38.49786700004131 ], [ -76.094511999692031, 38.49777600033498 ], [ -76.094588999585369, 38.497669000616725 ], [ -76.094634999551545, 38.497528000752261 ], [ -76.094618999536692, 38.497150000149574 ], [ -76.094589000046071, 38.496974000762108 ], [ -76.09448199960913, 38.49660399999371 ], [ -76.094490000145626, 38.496519999944276 ], [ -76.094535000362541, 38.496440001021753 ], [ -76.094673000425857, 38.496336999350426 ], [ -76.094718000162885, 38.496275999918929 ], [ -76.094725999193045, 38.496196000841238 ], [ -76.09468000017624, 38.496100999479474 ], [ -76.094673000200018, 38.495993999960632 ], [ -76.094787001214812, 38.495840999978221 ], [ -76.094833000463723, 38.495742000154991 ], [ -76.095084999882275, 38.495433000164297 ], [ -76.095184000116035, 38.495226999659558 ], [ -76.095298001114372, 38.4950629998186 ], [ -76.095351999652479, 38.494917999710417 ], [ -76.095443000287545, 38.494762000074452 ], [ -76.095572999737229, 38.494606000425598 ], [ -76.095686999201632, 38.494514000159541 ], [ -76.095787000371786, 38.494266000513257 ], [ -76.095778999681585, 38.49422000016969 ], [ -76.095535000707685, 38.493941999998185 ], [ -76.095489000944113, 38.493869000376527 ], [ -76.095435999305352, 38.493736000592634 ], [ -76.095466000138316, 38.49359800020386 ], [ -76.095504000237511, 38.493548999416497 ], [ -76.095619000060353, 38.493468999200125 ], [ -76.095664000583469, 38.493395999124445 ], [ -76.095695000680095, 38.493308999601325 ], [ -76.095747999945942, 38.492992000824906 ], [ -76.09575600057093, 38.492851000188431 ], [ -76.09574100026424, 38.492755000875142 ], [ -76.095686999478318, 38.492636999190339 ], [ -76.095717999056816, 38.492518999795379 ], [ -76.095793999773392, 38.492389000870823 ], [ -76.095839999240368, 38.492342999258994 ], [ -76.095938999948771, 38.492281999889194 ], [ -76.096037999983068, 38.492168000030397 ], [ -76.096084000991524, 38.492080000007121 ], [ -76.0961599999751, 38.49199599926196 ], [ -76.096228999046005, 38.491889001095885 ], [ -76.096427000184761, 38.491656999821188 ], [ -76.097236000513107, 38.492117999842293 ], [ -76.097280000189514, 38.491452999427231 ], [ -76.097211000145492, 38.491137999581021 ], [ -76.09703800068776, 38.490839999760929 ], [ -76.096646999896961, 38.490597000329444 ], [ -76.0956230007979, 38.490201000345195 ], [ -76.094920999454615, 38.490035000204415 ], [ -76.094855999699789, 38.490126999571189 ], [ -76.094825000351094, 38.49015800020284 ], [ -76.094764000460771, 38.490164999753816 ], [ -76.094596000525826, 38.490127000162893 ], [ -76.094558000083609, 38.490107999863092 ], [ -76.094490000489401, 38.490058000044989 ], [ -76.094406000245584, 38.489986000112353 ], [ -76.094290999957295, 38.489916999906193 ], [ -76.094230000055305, 38.489860000286157 ], [ -76.094139000772131, 38.489807000101891 ], [ -76.093811000627724, 38.489696000028395 ], [ -76.09299700089089, 38.489521999709218 ], [ -76.092498000030034, 38.489371999998895 ], [ -76.091674999909429, 38.48896799982537 ], [ -76.091216000122955, 38.488657999722967 ], [ -76.090858998985695, 38.488306000550629 ], [ -76.090738000235177, 38.487832999935449 ], [ -76.090771000555293, 38.48719099963904 ], [ -76.091109000424197, 38.486314000351591 ], [ -76.09127700086772, 38.485749999698101 ], [ -76.091252000626284, 38.485388999412045 ], [ -76.091190999974742, 38.484858999595751 ], [ -76.090959000888091, 38.484522999719978 ], [ -76.090645999747153, 38.484348999930411 ], [ -76.09045700090121, 38.484196999854696 ], [ -76.089566999943827, 38.484148000000786 ], [ -76.08912099956531, 38.484053999593044 ], [ -76.088476000803666, 38.483719999868335 ], [ -76.088225000383318, 38.483512999937524 ], [ -76.087960000526692, 38.483097000313208 ], [ -76.087365000349621, 38.482000000398536 ], [ -76.086935999993301, 38.480976000758325 ], [ -76.086677999510002, 38.480310999680022 ], [ -76.086740000377645, 38.479587999835317 ], [ -76.086970000244278, 38.479033000056795 ], [ -76.08727399975308, 38.478596999891401 ], [ -76.087769000386771, 38.478351999959564 ], [ -76.088721999142635, 38.478046000177876 ], [ -76.089458999479973, 38.477975999993468 ], [ -76.090330999801537, 38.477814998989025 ], [ -76.090651999650561, 38.47761000047965 ], [ -76.090764000243524, 38.477286000577614 ], [ -76.09071099976461, 38.476980999310278 ], [ -76.090438999619749, 38.476709000001428 ], [ -76.08971899991603, 38.476377000254551 ], [ -76.088270999986449, 38.475970999626519 ], [ -76.087635000544097, 38.475929000763294 ], [ -76.086969000130154, 38.475965999757399 ], [ -76.085980000318159, 38.47600899921094 ], [ -76.085188999848029, 38.475934999332139 ], [ -76.084419000575295, 38.475761000209125 ], [ -76.083793000634756, 38.475485999721506 ], [ -76.082877999242626, 38.474632000872823 ], [ -76.082061000177234, 38.473711999988005 ], [ -76.081496999795476, 38.472663000100141 ], [ -76.081230000146306, 38.471809000668451 ], [ -76.081214000399982, 38.471339999132326 ], [ -76.081382000258131, 38.471176000402444 ], [ -76.081786999837931, 38.471022999476077 ], [ -76.082603000009371, 38.470916000287993 ], [ -76.083702000475441, 38.471084000286162 ], [ -76.084624999733677, 38.471202000304274 ], [ -76.085685000204236, 38.471416000472708 ], [ -76.086432999817362, 38.47118300043558 ], [ -76.087355999836248, 38.470592000384997 ], [ -76.087783000908942, 38.469959000086114 ], [ -76.088347999688153, 38.468811000525989 ], [ -76.088317000005944, 38.468700000128457 ], [ -76.088317000591289, 38.468460000052218 ], [ -76.088386000027441, 38.468260999550992 ], [ -76.088417000497031, 38.46808999963995 ], [ -76.088447000077934, 38.468005999585039 ], [ -76.08847800016683, 38.467956000173984 ], [ -76.088615000038587, 38.467910000474681 ], [ -76.088552000714145, 38.467369000573811 ], [ -76.088425000198825, 38.46685499979565 ], [ -76.087975001004992, 38.466187999580264 ], [ -76.08739899936198, 38.465736999537739 ], [ -76.085784000336147, 38.465040999407137 ], [ -76.084203999385153, 38.464156999720224 ], [ -76.083349999939358, 38.463344999727568 ], [ -76.083154000191755, 38.462911999744797 ], [ -76.083222999676948, 38.462515000357286 ], [ -76.083476999943869, 38.462046000022895 ], [ -76.083881000442844, 38.461613000028201 ], [ -76.086497000628214, 38.460663999868736 ], [ -76.088306999660375, 38.460212999491894 ], [ -76.089090999132623, 38.459634999829312 ], [ -76.089228999973116, 38.459094000338126 ], [ -76.089217999565676, 38.458525999625031 ], [ -76.088697999926453, 38.457766999491326 ], [ -76.088133000229206, 38.457324999834988 ], [ -76.087682999985546, 38.457199000711988 ], [ -76.087002998984687, 38.457315999738185 ], [ -76.086587999000344, 38.457380000210549 ], [ -76.085444999823039, 38.457441999955002 ], [ -76.08481100056153, 38.45735200051972 ], [ -76.084385000588881, 38.45700000035766 ], [ -76.084039000168033, 38.456540000682821 ], [ -76.083277000193192, 38.455249999978378 ], [ -76.083035000013055, 38.454618000040441 ], [ -76.082988999970041, 38.454040999906454 ], [ -76.083172999222057, 38.45359000007317 ], [ -76.083633999781242, 38.453563000415279 ], [ -76.084245000656068, 38.453698000276098 ], [ -76.085351999466496, 38.453833000372221 ], [ -76.086240000250015, 38.453544000623893 ], [ -76.086746999626271, 38.453084000028433 ], [ -76.086746999921559, 38.452651000735251 ], [ -76.086435999327833, 38.452217999463642 ], [ -76.085133000500733, 38.451333999234627 ], [ -76.083540000080973, 38.450791000015286 ], [ -76.08277899947133, 38.450422000975209 ], [ -76.082030000838245, 38.44973599998238 ], [ -76.081661000689934, 38.449123000176584 ], [ -76.08166100086035, 38.448491000352476 ], [ -76.082350999620786, 38.447577000537912 ], [ -76.083134999904345, 38.447000000081722 ], [ -76.084979000964609, 38.446435000326183 ], [ -76.088193999262231, 38.446149999870229 ], [ -76.088181000920258, 38.446063000768454 ], [ -76.088900999266102, 38.446084999900386 ], [ -76.089027999959995, 38.446061999625883 ], [ -76.089525999849371, 38.444173999882096 ], [ -76.089976000523407, 38.443703999571618 ], [ -76.090176000380865, 38.443137000436423 ], [ -76.090051000174228, 38.442608999722474 ], [ -76.089475999075461, 38.442177999417879 ], [ -76.088436999496466, 38.441777000825425 ], [ -76.087386999947029, 38.441435000787543 ], [ -76.086936999932917, 38.44120000115538 ], [ -76.086216000187108, 38.440838999982191 ], [ -76.08621200034267, 38.440791999606304 ], [ -76.086129000469967, 38.440685999923403 ], [ -76.085887000025437, 38.440256000226007 ], [ -76.085480999960879, 38.439847999548064 ], [ -76.0852279994226, 38.439360000190803 ], [ -76.084980000600211, 38.438622000175705 ], [ -76.08498700046934, 38.438185998881707 ], [ -76.085414999652571, 38.437566999799245 ], [ -76.08669199979758, 38.436995999743992 ], [ -76.087058999276081, 38.436820001051558 ], [ -76.087539000124778, 38.436537999290046 ], [ -76.088073000523778, 38.43610000017798 ], [ -76.088356000337072, 38.435523000044299 ], [ -76.088698999701691, 38.434852000170395 ], [ -76.088927999616615, 38.43381800060542 ], [ -76.089041999619383, 38.432639999363559 ], [ -76.089149000515548, 38.43162899999934 ], [ -76.089034998968131, 38.430659999586787 ], [ -76.088638000041811, 38.428730000281504 ], [ -76.088287000030888, 38.427356000795541 ], [ -76.088134000226631, 38.425823000218287 ], [ -76.088195000369964, 38.424167000016588 ], [ -76.088652999340738, 38.422678999651502 ], [ -76.089385000265025, 38.419219000091552 ], [ -76.089568999787957, 38.41809399925716 ], [ -76.089653000098707, 38.417288999324484 ], [ -76.089568999715283, 38.416172000251457 ], [ -76.09013299936062, 38.416397000079193 ], [ -76.091711999849466, 38.417597999824771 ], [ -76.092979000141654, 38.418453000636873 ], [ -76.094367000484155, 38.419563000185917 ], [ -76.095442999552503, 38.420368000190848 ], [ -76.09632800085916, 38.420948000110222 ], [ -76.097213000783057, 38.42132500016254 ], [ -76.098320000289803, 38.421527000325256 ], [ -76.099104999571381, 38.421604000505013 ], [ -76.099891000780488, 38.421580999504769 ], [ -76.101554000299458, 38.421833000515655 ], [ -76.103271000772367, 38.422137999949889 ], [ -76.105353999361668, 38.422496000318596 ], [ -76.107771999286086, 38.423000000014419 ], [ -76.110388999794608, 38.423698000600716 ], [ -76.11203000032863, 38.424243000548259 ], [ -76.113243000555187, 38.424682000064522 ], [ -76.115103999168397, 38.425429999930579 ], [ -76.11602000012077, 38.42597099947271 ], [ -76.117316999088786, 38.426524999599025 ], [ -76.118606000147935, 38.426966999891022 ], [ -76.11996400004972, 38.427303000052163 ], [ -76.121467000855489, 38.427631000744519 ], [ -76.123382000145327, 38.428069999291665 ], [ -76.124663999823539, 38.428847999700153 ], [ -76.125319999440606, 38.428881999833408 ], [ -76.127372000412862, 38.428962000089257 ], [ -76.128829000093958, 38.429278999271112 ], [ -76.130645000620817, 38.429617999272821 ], [ -76.1324689996259, 38.429865999547303 ], [ -76.135047001252318, 38.430294000953758 ], [ -76.137168000099223, 38.430766999537219 ], [ -76.139328000774171, 38.431498999331481 ], [ -76.140807999929564, 38.432247000590095 ], [ -76.142303000324489, 38.433741999500747 ], [ -76.142715000489844, 38.434280000587179 ], [ -76.143371000436247, 38.435089000160104 ], [ -76.143730000220103, 38.435672000091699 ], [ -76.144225999207734, 38.436430999456263 ], [ -76.14464499970471, 38.43709500095764 ], [ -76.145194999756697, 38.437793000721221 ], [ -76.145782000211199, 38.438438000474768 ], [ -76.146316000227017, 38.437999000869063 ], [ -76.147285000655685, 38.437103000049767 ], [ -76.147795999550837, 38.436653000198824 ], [ -76.147948999141519, 38.436531000143702 ], [ -76.148184999784775, 38.436374000219132 ], [ -76.148482999539326, 38.436187000003798 ], [ -76.149107998633085, 38.435809999943281 ], [ -76.149466998844304, 38.435569000026085 ], [ -76.149985999490482, 38.435180000189469 ], [ -76.1501989995147, 38.435050000423836 ], [ -76.150344000230191, 38.434982000212017 ], [ -76.150672000233456, 38.43484400071015 ], [ -76.151015999815897, 38.434737999095596 ], [ -76.15135900035942, 38.434658000530924 ], [ -76.151779000837664, 38.434574000586949 ], [ -76.152206000653763, 38.434452000799887 ], [ -76.152297000808062, 38.434416999891795 ], [ -76.152717000286273, 38.434226000592645 ], [ -76.153098999829965, 38.434020000562853 ], [ -76.153366000071941, 38.433886999829085 ], [ -76.153564000137678, 38.433798999835993 ], [ -76.153778000165318, 38.43372299930779 ], [ -76.154402999827425, 38.433516999904008 ], [ -76.155569999901942, 38.433154999966938 ], [ -76.157379000198873, 38.432579000020674 ], [ -76.157942999599527, 38.432380000194136 ], [ -76.158469999953553, 38.432167000251638 ], [ -76.158966000604678, 38.431949000215447 ], [ -76.159530000531078, 38.431673999279383 ], [ -76.159834999548934, 38.431513998965336 ], [ -76.160254999471633, 38.43130400017543 ], [ -76.160765999623976, 38.43105600043679 ], [ -76.161125000181713, 38.430912000204366 ], [ -76.161514000043795, 38.430789000735082 ], [ -76.161689000438784, 38.430747000152095 ], [ -76.162116998877792, 38.430678999517319 ], [ -76.162619999659427, 38.430621999996916 ], [ -76.163275999538072, 38.430571999839486 ], [ -76.163939999360082, 38.430529999721493 ], [ -76.16629700053906, 38.430346999940497 ], [ -76.166885000428238, 38.430313000229233 ], [ -76.167243000002827, 38.430270999457683 ], [ -76.167365999793873, 38.430239999397401 ], [ -76.167648000008597, 38.430144999682376 ], [ -76.167877000707932, 38.4300340000432 ], [ -76.168059999543928, 38.429901000386884 ], [ -76.168502000897462, 38.429515000077132 ], [ -76.168852999198023, 38.429186999796237 ], [ -76.170127000341679, 38.42805800019466 ], [ -76.170546999506939, 38.427677000754542 ], [ -76.171408999246466, 38.426936999966642 ], [ -76.17260700015764, 38.425937000133061 ], [ -76.172866000614391, 38.425785000268597 ], [ -76.173033998790729, 38.425715999835639 ], [ -76.173088000231601, 38.425707999808161 ], [ -76.173125999484739, 38.42569300001194 ], [ -76.174231999737444, 38.42538400009262 ], [ -76.174399999558261, 38.425304000197862 ], [ -76.174544999399174, 38.425216000268613 ], [ -76.174658999285725, 38.425132000482733 ], [ -76.174742999432027, 38.42504499979978 ], [ -76.174834999779776, 38.424934000524516 ], [ -76.175346000388913, 38.424040999500271 ], [ -76.176634999469428, 38.421717999635462 ], [ -76.177306999259372, 38.420558000304396 ], [ -76.177406000737065, 38.420393999909244 ], [ -76.177557998832611, 38.420185000330264 ], [ -76.177794999914212, 38.419895000436377 ], [ -76.178275999759904, 38.419403000028012 ], [ -76.178619000123263, 38.419094000976258 ], [ -76.180686000281355, 38.41718599960339 ], [ -76.181312000273778, 38.416629000368189 ], [ -76.181861000105798, 38.416113999845955 ], [ -76.182083000452721, 38.41589700049996 ], [ -76.183211999406325, 38.414855000533692 ], [ -76.183609000344973, 38.414500999603156 ], [ -76.184051000894641, 38.414085000021196 ], [ -76.184149999589437, 38.413981999644101 ], [ -76.184219000187483, 38.413859999625188 ], [ -76.184241999199855, 38.413802999894493 ], [ -76.184318000492766, 38.41382899957464 ], [ -76.184393999918598, 38.413870999492744 ], [ -76.184508999432879, 38.413940000112973 ], [ -76.184729998868377, 38.414089000139228 ], [ -76.187629000677759, 38.416149000853231 ], [ -76.187835000212004, 38.416252000705768 ], [ -76.187994999640466, 38.416294000579832 ], [ -76.188078998957607, 38.416304999408105 ], [ -76.188208999895011, 38.416296999860009 ], [ -76.188377000011911, 38.41627499905043 ], [ -76.18864399985668, 38.416209999430379 ], [ -76.194037999952698, 38.414775000058675 ], [ -76.195662999676316, 38.414370999867934 ], [ -76.196296000489639, 38.414198999484377 ], [ -76.196922001070149, 38.414058000013711 ], [ -76.199531000026965, 38.413420999787107 ], [ -76.201460999797604, 38.412810999268359 ], [ -76.201728000528576, 38.412737999303125 ], [ -76.203529000153111, 38.412166000169975 ], [ -76.203673999016146, 38.412108999893988 ], [ -76.204062999547688, 38.411906999948052 ], [ -76.205001000546602, 38.411476000284495 ], [ -76.20585600021991, 38.411101999846132 ], [ -76.207648999053049, 38.410361999489851 ], [ -76.207801000256751, 38.410284999246066 ], [ -76.208022999904315, 38.410159999272757 ], [ -76.208389000432732, 38.409877000487903 ], [ -76.208708999630346, 38.409595000360362 ], [ -76.208891999946701, 38.40944999998694 ], [ -76.209242999739388, 38.409106999771851 ], [ -76.209334999861724, 38.408991999657033 ], [ -76.209785000287752, 38.408031000086993 ], [ -76.209914999749898, 38.407801999695835 ], [ -76.210028999358627, 38.407652999650814 ], [ -76.210158999939651, 38.40750800039077 ], [ -76.210365000163421, 38.407321000476166 ], [ -76.210547999562522, 38.407184000371721 ], [ -76.210844999405026, 38.407050999879246 ], [ -76.212387000147629, 38.406436000054981 ], [ -76.213768000808827, 38.405899000080858 ], [ -76.21514100020616, 38.405356999858547 ], [ -76.216742999408908, 38.404749999977845 ], [ -76.217673999719423, 38.404365000131108 ], [ -76.217863999915139, 38.404315000277514 ], [ -76.217948000088498, 38.404303999728434 ], [ -76.218070000130751, 38.404303999568718 ], [ -76.219412999960724, 38.404242999611768 ], [ -76.220123000224518, 38.404220000497993 ], [ -76.220488999841436, 38.404197000519581 ], [ -76.220893001090673, 38.404144000083932 ], [ -76.221129999342907, 38.40410599989837 ], [ -76.221252000769752, 38.40407500042506 ], [ -76.221976999520251, 38.403808000383677 ], [ -76.222708999540572, 38.403530000243485 ], [ -76.223227999459183, 38.403353999014342 ], [ -76.223434000093604, 38.403300998970899 ], [ -76.223555999408703, 38.403273998939085 ], [ -76.224066999994221, 38.403204999742975 ], [ -76.224525000815746, 38.403132999841255 ], [ -76.225128000933879, 38.403059999157598 ], [ -76.225433000176182, 38.403029999484232 ], [ -76.225585000053186, 38.403021999721602 ], [ -76.225715000571952, 38.403021999898733 ], [ -76.226135000630691, 38.403041000861641 ], [ -76.227347999566831, 38.40311400074566 ], [ -76.229499000376393, 38.403232000733162 ], [ -76.230078999607343, 38.403258999632008 ], [ -76.229665000273087, 38.402794999357958 ], [ -76.229520000010226, 38.402604999356917 ], [ -76.229406000343019, 38.402377000027521 ], [ -76.229345000474908, 38.402149999539994 ], [ -76.229173000301074, 38.400927999804281 ], [ -76.229127999328639, 38.400692999963454 ], [ -76.229098000287934, 38.400573999731336 ], [ -76.229022000046442, 38.400349000291548 ], [ -76.228860998959604, 38.399934000501069 ], [ -76.228800999921773, 38.399747000634314 ], [ -76.228778999613041, 38.399575000438112 ], [ -76.228763998957831, 38.399424000241844 ], [ -76.228797000217384, 38.399035999398286 ], [ -76.228923999548797, 38.39818499931819 ], [ -76.228085999669773, 38.397730999285365 ], [ -76.227749999360526, 38.39756500093285 ], [ -76.227193000531287, 38.39735299995116 ], [ -76.226918000132727, 38.39724100005499 ], [ -76.22624299988108, 38.397277000077089 ], [ -76.225582000398774, 38.397277999919204 ], [ -76.225281999915097, 38.397271999322562 ], [ -76.224498999382121, 38.397183001059361 ], [ -76.224647000237013, 38.397028999738872 ], [ -76.224738999431707, 38.396952999948724 ], [ -76.224777000319563, 38.396880999649269 ], [ -76.22480699942605, 38.396766000153988 ], [ -76.224814999911288, 38.396640001220241 ], [ -76.224784000220438, 38.396536999667468 ], [ -76.224684999741498, 38.396354000036396 ], [ -76.224472000475274, 38.396117999548203 ], [ -76.224243000079852, 38.395900000035908 ], [ -76.223999000390407, 38.395678999672214 ], [ -76.223937000260364, 38.395568000272604 ], [ -76.223875999970588, 38.395397000286721 ], [ -76.223905060234458, 38.395322993570069 ], [ -76.223976000086239, 38.395286000041096 ], [ -76.224052000215394, 38.395300999687898 ], [ -76.224532999742607, 38.395256000287311 ], [ -76.224738344280354, 38.395239914984913 ], [ -76.224807000035838, 38.395228999783249 ], [ -76.224853000047048, 38.395209999687005 ], [ -76.224884000322646, 38.395171999947927 ], [ -76.224849500476509, 38.395112500014847 ], [ -76.22480699987068, 38.395072000050504 ], [ -76.224829999562559, 38.395032499988105 ], [ -76.224898999396984, 38.395011000382226 ], [ -76.224959999717512, 38.395036500266535 ], [ -76.22499049876167, 38.395106498823637 ], [ -76.225050999936371, 38.395136999906271 ], [ -76.225105000493031, 38.395155999695007 ], [ -76.225123999635471, 38.395163999711372 ], [ -76.225306875344941, 38.395167575322347 ], [ -76.225425000006339, 38.395085999848696 ], [ -76.225501999991053, 38.395069000222968 ], [ -76.225607999726179, 38.395071999867376 ], [ -76.225708000221402, 38.39510300034145 ], [ -76.2257400000383, 38.395111250104456 ], [ -76.225813999146823, 38.395102999745603 ], [ -76.225859999898219, 38.395071999973219 ], [ -76.225914000239641, 38.395052999698343 ], [ -76.226043000961951, 38.395050000093136 ], [ -76.226172999800582, 38.395056999949738 ], [ -76.226302998908068, 38.39508800003113 ], [ -76.226524000922851, 38.395083999977722 ], [ -76.22663800090011, 38.39510300002005 ], [ -76.226706999325941, 38.395121999953354 ], [ -76.226783500751452, 38.395099498773448 ], [ -76.226859998904317, 38.395069000101799 ], [ -76.22701999920352, 38.395071999811144 ], [ -76.227133999831182, 38.395042000422137 ], [ -76.227253232664637, 38.394917210004998 ], [ -76.227355088170754, 38.39491936241464 ], [ -76.227447000219712, 38.394931000005982 ], [ -76.227506402582577, 38.394913234990469 ], [ -76.227554000426238, 38.394893000307164 ], [ -76.227667999892446, 38.394797999397724 ], [ -76.227706000581819, 38.394748000297859 ], [ -76.22769500010051, 38.394588000292124 ], [ -76.227744500026105, 38.394538500272709 ], [ -76.227760000414293, 38.394531000651035 ], [ -76.227864397491714, 38.394492181525848 ], [ -76.227950999544689, 38.394451000587814 ], [ -76.227995999478338, 38.394397000172368 ], [ -76.228065000402381, 38.39436300031204 ], [ -76.228129999743928, 38.39434600016795 ], [ -76.228222251450759, 38.394365603494549 ], [ -76.22836999978577, 38.394397000443746 ], [ -76.228644999755559, 38.394359500098332 ], [ -76.228675000259486, 38.394312999790927 ], [ -76.228706000881047, 38.394228999251126 ], [ -76.228740500246687, 38.394187500088968 ], [ -76.228796999272149, 38.394138000218241 ], [ -76.228873999163028, 38.394016000377441 ], [ -76.228949999973054, 38.393962000281412 ], [ -76.229019000255136, 38.393939499127988 ], [ -76.229124999949008, 38.393950999300749 ], [ -76.229201999518338, 38.393981000643358 ], [ -76.229301000607535, 38.394030999774714 ], [ -76.229377001004437, 38.394141999188562 ], [ -76.229629000881417, 38.394840000747841 ], [ -76.229835000665545, 38.395133000124723 ], [ -76.230499000438869, 38.395800999791689 ], [ -76.23091099997049, 38.396121000020351 ], [ -76.231041000384053, 38.39624849981486 ], [ -76.231467999355445, 38.396731999887578 ], [ -76.231819000760041, 38.39701000015679 ], [ -76.23188699953306, 38.397079000115781 ], [ -76.232031999590632, 38.397171000273701 ], [ -76.232551000262021, 38.397280999819699 ], [ -76.233420999267196, 38.397514000007206 ], [ -76.234702999480461, 38.397810999907826 ], [ -76.235702000522707, 38.398200000110585 ], [ -76.236754999865923, 38.398558999659208 ], [ -76.237647999421924, 38.398821999884262 ], [ -76.23814300076441, 38.39888699969385 ], [ -76.238387999634639, 38.398894999599563 ], [ -76.238707999817819, 38.398834000161841 ], [ -76.238830000666098, 38.398829999802295 ], [ -76.239012998912671, 38.398859999960699 ], [ -76.239104999159764, 38.398909999657342 ], [ -76.239166000389673, 38.398978999839173 ], [ -76.239203999883998, 38.399191999809617 ], [ -76.239158000155143, 38.399317999887053 ], [ -76.239027999306899, 38.399413999863611 ], [ -76.238960000012554, 38.399496999986276 ], [ -76.238937000047343, 38.399580999825069 ], [ -76.238882999769785, 38.399607999966562 ], [ -76.238776999045697, 38.399630999347409 ], [ -76.238738999950854, 38.399657999918006 ], [ -76.238739000419798, 38.399710999767557 ], [ -76.238776998954364, 38.399768000377243 ], [ -76.238868000754522, 38.39981800090942 ], [ -76.238944999888318, 38.399818000691944 ], [ -76.239012998673431, 38.399729999602052 ], [ -76.239096999941125, 38.399664999258967 ], [ -76.23963100010188, 38.39966899986733 ], [ -76.239830000055008, 38.399619999796734 ], [ -76.239921000273284, 38.399561999779458 ], [ -76.240027999644028, 38.399535999550459 ], [ -76.240142000297297, 38.399523999334022 ], [ -76.24024199938998, 38.399554999796301 ], [ -76.240324999336181, 38.399626999332078 ], [ -76.240561999668458, 38.39995099980311 ], [ -76.240623000257301, 38.400107999521644 ], [ -76.240622999633203, 38.400440000533216 ], [ -76.240660999645627, 38.400550000357988 ], [ -76.24074500039157, 38.400652999355486 ], [ -76.240837000764273, 38.40070700041224 ], [ -76.240928000130879, 38.400737000818417 ], [ -76.240988999884223, 38.400798000796847 ], [ -76.241050000114612, 38.400897000371302 ], [ -76.241073000536872, 38.400970000506533 ], [ -76.241058001001448, 38.401038999728257 ], [ -76.240927999516614, 38.401217999375987 ], [ -76.240905000056856, 38.401298000438281 ], [ -76.240920999598842, 38.40139300014178 ], [ -76.240959000713829, 38.401485000518583 ], [ -76.24104999988684, 38.401546000348468 ], [ -76.241263999226533, 38.401542000148282 ], [ -76.241371000017722, 38.401569000307987 ], [ -76.241477000429583, 38.401573000717207 ], [ -76.241676000738053, 38.401561000671272 ], [ -76.242050000281182, 38.401477000476781 ], [ -76.242202000677764, 38.401473000655599 ], [ -76.242407998793723, 38.401500000558755 ], [ -76.242766999879834, 38.40164099958519 ], [ -76.242903999769865, 38.401659999437854 ], [ -76.243164000280089, 38.40173299969414 ], [ -76.243232000133517, 38.401809000202938 ], [ -76.243285999323689, 38.40208000029002 ], [ -76.243216999689395, 38.402400000490353 ], [ -76.243132999524306, 38.402575999922334 ], [ -76.243125000808121, 38.402686998797662 ], [ -76.243156000391238, 38.402767000332474 ], [ -76.243208999496176, 38.402804999759844 ], [ -76.24320900025667, 38.402866000594841 ], [ -76.24307199982286, 38.403060000411685 ], [ -76.243002999438659, 38.403120999660025 ], [ -76.242767000358441, 38.403243999861083 ], [ -76.242735999486257, 38.403305000136612 ], [ -76.24277400027627, 38.403369000409285 ], [ -76.242834999953573, 38.403427000247284 ], [ -76.242949999768044, 38.403499000395691 ], [ -76.243003000052084, 38.403568000343029 ], [ -76.24310300015469, 38.403628999606134 ], [ -76.243232000155558, 38.403667000261272 ], [ -76.243499000984968, 38.403700999804428 ], [ -76.243582999546859, 38.403700999782167 ], [ -76.243693999836665, 38.403670499646914 ], [ -76.24372099968646, 38.403586999759661 ], [ -76.243614000117901, 38.403507000183225 ], [ -76.24349199961479, 38.403475999745744 ], [ -76.243202000829498, 38.403452999852647 ], [ -76.243079999273448, 38.403407999683701 ], [ -76.243064001232199, 38.403366000134945 ], [ -76.243277999571603, 38.403105999906785 ], [ -76.243392000472582, 38.402884999932667 ], [ -76.243643999099646, 38.402595000522759 ], [ -76.243697999938732, 38.402389000242984 ], [ -76.243849999791195, 38.402164000654651 ], [ -76.244009999891716, 38.402091000113842 ], [ -76.244613000891533, 38.401900999465688 ], [ -76.244720000492066, 38.401893000548917 ], [ -76.244834000169917, 38.401927000821615 ], [ -76.244888000183906, 38.402140999359524 ], [ -76.245116998745871, 38.402439000041504 ], [ -76.24514000010204, 38.402530000486017 ], [ -76.245093999668981, 38.40263299893423 ], [ -76.245017999830068, 38.402736000330442 ], [ -76.244765999899215, 38.402980000261323 ], [ -76.24475799933245, 38.40305700056399 ], [ -76.244879999668825, 38.403198000248743 ], [ -76.244940999981097, 38.403404000061343 ], [ -76.245063000105802, 38.403700999835941 ], [ -76.245070999747185, 38.403838999690407 ], [ -76.24493399981732, 38.40393000030133 ], [ -76.24491800057838, 38.404047999552454 ], [ -76.244934000234977, 38.404193000228851 ], [ -76.244978999709048, 38.404308000050946 ], [ -76.245124000223029, 38.404483000050327 ], [ -76.245132000485953, 38.404563000024915 ], [ -76.245161999488573, 38.404623999640144 ], [ -76.245345999758129, 38.404750000195136 ], [ -76.245635499857926, 38.404988499724567 ], [ -76.245727000027046, 38.404974999892346 ], [ -76.24577300014333, 38.404941001211995 ], [ -76.245795999367417, 38.404898999724963 ], [ -76.245773000258254, 38.404724000124496 ], [ -76.245711999718168, 38.404646999795396 ], [ -76.245536000276843, 38.404540999870434 ], [ -76.245162000368182, 38.404215999590086 ], [ -76.245131999534749, 38.404147999867327 ], [ -76.245132000277835, 38.404094000049668 ], [ -76.2451620003214, 38.404048000042401 ], [ -76.245215999538601, 38.404013999577131 ], [ -76.245475000374, 38.403930000389913 ], [ -76.24554400023429, 38.40388799993184 ], [ -76.245558999497135, 38.403842000465481 ], [ -76.245559000279442, 38.403694000293925 ], [ -76.245628000234134, 38.403597999967168 ], [ -76.245749999412553, 38.403472000549826 ], [ -76.245871999857883, 38.403137000025446 ], [ -76.24600900020809, 38.402636999169914 ], [ -76.246032000407993, 38.40231700023709 ], [ -76.246016999644297, 38.402118000080925 ], [ -76.245985999750957, 38.401976999410863 ], [ -76.245886999927336, 38.401805000439744 ], [ -76.245719000491206, 38.401653000776669 ], [ -76.245474999744829, 38.401504000297614 ], [ -76.244483000734519, 38.40125600091902 ], [ -76.243231999420146, 38.401053999806742 ], [ -76.243018499825979, 38.401032999339073 ], [ -76.242813000409356, 38.400828999541417 ], [ -76.242744000361157, 38.400809999334577 ], [ -76.242576000502851, 38.400858999614535 ], [ -76.242454000204859, 38.400927999425228 ], [ -76.242256000695036, 38.400989000797225 ], [ -76.241935000313461, 38.401015499446721 ], [ -76.241966000727302, 38.400543000917921 ], [ -76.24191199998468, 38.400390000881558 ], [ -76.241675999871063, 38.399996999797359 ], [ -76.241454999982196, 38.399768000373335 ], [ -76.241386000621233, 38.399551000212853 ], [ -76.24133299978871, 38.399474999388907 ], [ -76.241263999119312, 38.399394000128211 ], [ -76.240981999904776, 38.399185000162014 ], [ -76.240782999823566, 38.399078000022477 ], [ -76.240699000716191, 38.398967000034673 ], [ -76.240699000912613, 38.398875999668007 ], [ -76.240828999423471, 38.398741999996354 ], [ -76.240858999644658, 38.398693000150082 ], [ -76.240881999809986, 38.398616000043681 ], [ -76.240881999161317, 38.398535999825505 ], [ -76.240844000227327, 38.398429000111243 ], [ -76.240783000180187, 38.398333999562418 ], [ -76.240691999237654, 38.398226999736728 ], [ -76.240420999566325, 38.397968000289829 ], [ -76.240416999892602, 38.397895000105002 ], [ -76.240509000093866, 38.39784199995281 ], [ -76.240843999855642, 38.397720000126398 ], [ -76.241087999723192, 38.397598000418199 ], [ -76.241766999946947, 38.397189998988594 ], [ -76.242156000621534, 38.397037000194622 ], [ -76.242285999098812, 38.397033000723518 ], [ -76.242454000887392, 38.397186000118772 ], [ -76.242613999711054, 38.39729300043129 ], [ -76.24266800060947, 38.397346000581393 ], [ -76.242656500115828, 38.397450999919464 ], [ -76.242659999109307, 38.397583000261349 ], [ -76.242728999778762, 38.39764400022267 ], [ -76.242790000268286, 38.397731000530499 ], [ -76.242889000565341, 38.398040000534401 ], [ -76.242935000258043, 38.398096999738151 ], [ -76.243011000546517, 38.398155000121797 ], [ -76.243186000077429, 38.398238999899327 ], [ -76.243536999900485, 38.398361000045249 ], [ -76.24385799957119, 38.398417999980836 ], [ -76.244094000213394, 38.398394999935647 ], [ -76.244231999860773, 38.398338000134537 ], [ -76.244429999783421, 38.398281000005809 ], [ -76.244598001004917, 38.398326000174698 ], [ -76.244788999509979, 38.398413999955856 ], [ -76.24503999886673, 38.398558999714453 ], [ -76.245185000791267, 38.398654000467594 ], [ -76.245551999898368, 38.398932999804288 ], [ -76.245645550425266, 38.398982763822296 ], [ -76.245772999719904, 38.399039999625174 ], [ -76.245840999829383, 38.399051000437574 ], [ -76.245910000595302, 38.399044000265285 ], [ -76.24611600032641, 38.39897900050341 ], [ -76.246170000606341, 38.398929000309693 ], [ -76.246222999914934, 38.398784000417905 ], [ -76.24629199947745, 38.398715000080038 ], [ -76.246345000051946, 38.398676999778644 ], [ -76.246397999580438, 38.398681000010775 ], [ -76.246864000316009, 38.398852999913373 ], [ -76.247481999684325, 38.399184999704588 ], [ -76.24754332692082, 38.399192075095407 ], [ -76.24761900040231, 38.399192000164618 ], [ -76.247665000297658, 38.399165999962548 ], [ -76.247726000886146, 38.399077999801655 ], [ -76.247882500751018, 38.398929000004472 ], [ -76.247882500591686, 38.398868000093522 ], [ -76.247840499452451, 38.398806999926329 ], [ -76.247695000070536, 38.398727000392135 ], [ -76.247504999111442, 38.398658000437543 ], [ -76.247421000063127, 38.398608999901676 ], [ -76.247420999538889, 38.398559000132067 ], [ -76.247565999689684, 38.398333999917256 ], [ -76.247678990640665, 38.398236202639424 ], [ -76.247650000592159, 38.398391000468564 ], [ -76.247711000390098, 38.398555000065876 ], [ -76.247816999104685, 38.398647000373394 ], [ -76.247893999081342, 38.398696000286641 ], [ -76.24799300021985, 38.398731000249178 ], [ -76.248076998979599, 38.398799000617672 ], [ -76.248137999034071, 38.39886400046997 ], [ -76.248183499050668, 38.39894250001268 ], [ -76.2482369990595, 38.398979000374496 ], [ -76.248312165121533, 38.398978709990054 ], [ -76.248428000283553, 38.398937000526857 ], [ -76.248475749871631, 38.398891000266659 ], [ -76.248373999337147, 38.398634999795775 ], [ -76.248358999171572, 38.398590000203605 ], [ -76.248352000088047, 38.398538000108736 ], [ -76.248397499377305, 38.398484500516311 ], [ -76.248458000260712, 38.398445000086248 ], [ -76.24853499929084, 38.398414000308861 ], [ -76.248595499914089, 38.398448499885149 ], [ -76.248717999171689, 38.398696000193524 ], [ -76.248779000053801, 38.398796000173618 ], [ -76.248825000101206, 38.398928999814999 ], [ -76.248832000403539, 38.398982999912612 ], [ -76.248832000197865, 38.399089000409937 ], [ -76.248794000501647, 38.399169000439493 ], [ -76.248634000775482, 38.399268999761595 ], [ -76.248389999604726, 38.399330000059777 ], [ -76.248153000488671, 38.399294999813165 ], [ -76.248084999964817, 38.399310999814425 ], [ -76.24800800042027, 38.39934500023724 ], [ -76.247946999925375, 38.399363999629728 ], [ -76.247855539407112, 38.399415986618855 ], [ -76.247737000062955, 38.399436500221647 ], [ -76.24768000056568, 38.399486000600831 ], [ -76.247695000531692, 38.399585000096806 ], [ -76.247748999374309, 38.399634999591434 ], [ -76.24790899924696, 38.399719000316743 ], [ -76.248054000080543, 38.399836999540447 ], [ -76.248084999992471, 38.399871000030402 ], [ -76.248191000926724, 38.399935999634181 ], [ -76.248404999445412, 38.399989999668463 ], [ -76.248488999986179, 38.399985999685725 ], [ -76.248603000777265, 38.399990000380306 ], [ -76.24878600059067, 38.400062000053154 ], [ -76.248847000236026, 38.400065999614021 ], [ -76.248926354832008, 38.400038592345645 ], [ -76.248991999962882, 38.399985999541272 ], [ -76.249031000459325, 38.399944000119923 ], [ -76.249113999771168, 38.399889999753093 ], [ -76.249246250010202, 38.399841000129072 ], [ -76.249285999881707, 38.399890500369153 ], [ -76.249237000068732, 38.399970999630952 ], [ -76.249168000574656, 38.400066000248039 ], [ -76.249156498822217, 38.400136499702334 ], [ -76.249182999852053, 38.400191999886331 ], [ -76.249236999645362, 38.40019899992101 ], [ -76.249312999670394, 38.400198999866547 ], [ -76.249388999445841, 38.400149500012006 ], [ -76.249523126505906, 38.400137745135673 ], [ -76.249641648571853, 38.400153141774354 ], [ -76.249816000111522, 38.40016500020225 ], [ -76.250006999475445, 38.40020299967594 ], [ -76.2501329991848, 38.400210999914947 ], [ -76.250197500270716, 38.400182501154291 ], [ -76.250395999655126, 38.399833000168208 ], [ -76.250450001211775, 38.399799000017104 ], [ -76.250579000162432, 38.399767999728539 ], [ -76.250636974814938, 38.399735142290723 ], [ -76.250686500109637, 38.399684000278825 ], [ -76.250693999758298, 38.399603999932708 ], [ -76.250656000114688, 38.399375000138491 ], [ -76.250656000895233, 38.39933300049718 ], [ -76.250678500124693, 38.399274500026358 ], [ -76.250732000450768, 38.399229999976157 ], [ -76.250784999709651, 38.399222999856477 ], [ -76.250830999577943, 38.399247499964424 ], [ -76.250885000716025, 38.39929899982338 ], [ -76.251017999394946, 38.399448000194958 ], [ -76.251029000318113, 38.399539000333128 ], [ -76.250987498968442, 38.399573500388875 ], [ -76.250923000126349, 38.399600000473086 ], [ -76.25079474922272, 38.399683249895681 ], [ -76.250784999476849, 38.399734000199473 ], [ -76.250822999530399, 38.399791000414446 ], [ -76.250975999124122, 38.39984799997216 ], [ -76.251047677728025, 38.399841783412441 ], [ -76.251091000932689, 38.39980999963614 ], [ -76.251105999916021, 38.39972999993369 ], [ -76.251112624708156, 38.3996289999494 ], [ -76.251201500102937, 38.399680500467234 ], [ -76.251449000890716, 38.399702999909699 ], [ -76.251723998788634, 38.399757000026284 ], [ -76.251968000280613, 38.399752999768943 ], [ -76.252250000072678, 38.399691999962236 ], [ -76.252570999607713, 38.399523998936338 ], [ -76.252738000228589, 38.399417000486217 ], [ -76.25280700025408, 38.399413998962913 ], [ -76.25293700018581, 38.399444000590051 ], [ -76.253166000014858, 38.399562000066759 ], [ -76.253211499621855, 38.399591000565266 ], [ -76.253203666435851, 38.399719653585251 ], [ -76.25331100000372, 38.399817999830056 ], [ -76.253364000950071, 38.399844999877175 ], [ -76.253516999533105, 38.399833000588245 ], [ -76.253570000121371, 38.399852000436312 ], [ -76.253607999316102, 38.399879000237036 ], [ -76.25363899988028, 38.39993600042397 ], [ -76.25368399979979, 38.399963000196337 ], [ -76.253828999704922, 38.400005000172243 ], [ -76.253981999793268, 38.400019999720435 ], [ -76.254050499053207, 38.399993500241415 ], [ -76.254088999248722, 38.399936000229104 ], [ -76.254103999073948, 38.399890000598091 ], [ -76.254112000268265, 38.399832999969441 ], [ -76.254008999370114, 38.399718500148069 ], [ -76.253874999264099, 38.399658000638517 ], [ -76.253790999074937, 38.399612000278481 ], [ -76.253767999260702, 38.399574000490404 ], [ -76.25379099961539, 38.399523999160529 ], [ -76.253790999479833, 38.399471000286006 ], [ -76.253752999413464, 38.39942900034707 ], [ -76.253608000212054, 38.399406000514851 ], [ -76.253481999208958, 38.399327500431625 ], [ -76.253344999671128, 38.399280000084417 ], [ -76.253340999595864, 38.39919200023899 ], [ -76.253349000956391, 38.399138999710722 ], [ -76.253318001068791, 38.399005000261972 ], [ -76.253279999311019, 38.398937000721297 ], [ -76.253279999896691, 38.398867998940474 ], [ -76.253295000229286, 38.398807000122893 ], [ -76.253355999663626, 38.398715000592141 ], [ -76.253439999463637, 38.398609000229868 ], [ -76.253493999615841, 38.398551000161504 ], [ -76.253555000216551, 38.398518999501825 ], [ -76.253638999685123, 38.398516999424977 ], [ -76.253714999366665, 38.398540000393361 ], [ -76.253791000132921, 38.398578000609248 ], [ -76.253867999318075, 38.398642999433129 ], [ -76.253967000060527, 38.398772999992289 ], [ -76.254027999547162, 38.398967000154748 ], [ -76.254103999112957, 38.399271999947857 ], [ -76.254173000326972, 38.399440000696117 ], [ -76.254310000047099, 38.39960799978914 ], [ -76.254455000474238, 38.399730000003025 ], [ -76.25487500080375, 38.399908999917898 ], [ -76.255134000489406, 38.399947999788338 ], [ -76.256378000316388, 38.399886999972537 ], [ -76.256644999745021, 38.39989799964836 ], [ -76.256813000209206, 38.399928999890015 ], [ -76.256874000057451, 38.399962999206537 ], [ -76.256958000165952, 38.400069999879015 ], [ -76.256950000674721, 38.40022600013036 ], [ -76.256813000130265, 38.400366999940417 ], [ -76.256339999241973, 38.400325000580466 ], [ -76.256033999772214, 38.400371000364764 ], [ -76.255980999480343, 38.400412999712586 ], [ -76.255989000137959, 38.400488999725724 ], [ -76.256125999605416, 38.400626999856094 ], [ -76.256232999558279, 38.400775000400067 ], [ -76.256225000291096, 38.40084800047471 ], [ -76.256155999513126, 38.400931999640711 ], [ -76.25595800011989, 38.401020000337915 ], [ -76.255843999566011, 38.401099999829427 ], [ -76.255805000085388, 38.401184000248833 ], [ -76.255813000194337, 38.401268000369733 ], [ -76.255851000071686, 38.401331999891774 ], [ -76.255843999900492, 38.401424000282255 ], [ -76.255812999373035, 38.401507999763837 ], [ -76.255889000248629, 38.40180900006068 ], [ -76.255874000414352, 38.401930999963824 ], [ -76.255721999438293, 38.40214499960102 ], [ -76.255409000542699, 38.402350999928515 ], [ -76.255335998740307, 38.402354999863967 ], [ -76.255294000199612, 38.402320000995914 ], [ -76.255217999496253, 38.402118000643398 ], [ -76.255225999609678, 38.401942999358759 ], [ -76.255157000648936, 38.40177100014477 ], [ -76.255064999830751, 38.401766999438593 ], [ -76.254882000591437, 38.401915999914912 ], [ -76.254813999873448, 38.401954000537785 ], [ -76.254744999707569, 38.401950499583378 ], [ -76.254698998786552, 38.401881999587062 ], [ -76.254722000532396, 38.40173299953954 ], [ -76.254707000458737, 38.401621999970544 ], [ -76.254615000342426, 38.401484999935519 ], [ -76.254272000645557, 38.401194999958676 ], [ -76.253859999578466, 38.400816999982538 ], [ -76.253500999267345, 38.400561999714242 ], [ -76.253241999686892, 38.400432000451374 ], [ -76.253036000941833, 38.400378999635826 ], [ -76.252852999848614, 38.40036300020239 ], [ -76.25271899845329, 38.400382500377177 ], [ -76.252685000027554, 38.400423999909847 ], [ -76.252685000431171, 38.400512000139521 ], [ -76.252707999575804, 38.400554000190027 ], [ -76.252722999827142, 38.400676000184099 ], [ -76.2527540011273, 38.400721999571559 ], [ -76.252936999333045, 38.4008250002491 ], [ -76.253111999268185, 38.400962000022993 ], [ -76.253349000356778, 38.401214000070382 ], [ -76.253462999672507, 38.401297999685852 ], [ -76.25372300027523, 38.401423999413012 ], [ -76.253768000697363, 38.401469999389924 ], [ -76.253898000228475, 38.401527000251662 ], [ -76.254012999934915, 38.401556999663171 ], [ -76.254180000383514, 38.401644999791181 ], [ -76.254280000443799, 38.401659999608029 ], [ -76.254313999407302, 38.401703999794641 ], [ -76.254142000810219, 38.401911999399083 ], [ -76.254111999921363, 38.401965999982302 ], [ -76.254096000917357, 38.40204599992628 ], [ -76.254103999815371, 38.402106999876651 ], [ -76.254134999127359, 38.402167999961343 ], [ -76.254249000001423, 38.402263000737285 ], [ -76.254469999932851, 38.402354999858019 ], [ -76.254546999827141, 38.402457999578672 ], [ -76.254631000741227, 38.40251499950628 ], [ -76.254951000376678, 38.402674999467024 ], [ -76.255049999589929, 38.40278599969205 ], [ -76.255210000115525, 38.403117999655947 ], [ -76.255516000383579, 38.40337700037869 ], [ -76.255580499886634, 38.40336750065169 ], [ -76.25558399949341, 38.403305000706766 ], [ -76.255531000442858, 38.403209000848925 ], [ -76.25543200008515, 38.403113999435028 ], [ -76.255362999906836, 38.40308299941259 ], [ -76.25525600046241, 38.402792999915093 ], [ -76.255133999607196, 38.402640999414693 ], [ -76.255133999700533, 38.402586999639077 ], [ -76.255218000197814, 38.4025529997962 ], [ -76.255401000344676, 38.402534000419919 ], [ -76.255537999843554, 38.402488000720361 ], [ -76.25565299960067, 38.402377999444447 ], [ -76.255709999825072, 38.402348999937693 ], [ -76.255911999582068, 38.402393000821519 ], [ -76.255965999995311, 38.402430999901007 ], [ -76.256057000662125, 38.402465000153079 ], [ -76.256446000795847, 38.402492000753291 ], [ -76.257315999039278, 38.402621999694048 ], [ -76.25736900043114, 38.402606000061333 ], [ -76.257475999980244, 38.402515000069691 ], [ -76.25748400032019, 38.402445999975299 ], [ -76.257468998986653, 38.40230899956417 ], [ -76.257422999386208, 38.402202001100854 ], [ -76.257330999450289, 38.402087999941685 ], [ -76.257041000301911, 38.401877999883204 ], [ -76.256720999773492, 38.401740999664682 ], [ -76.256625499652131, 38.401685499657809 ], [ -76.256805000367649, 38.401499999716734 ], [ -76.256805000302975, 38.40141999962345 ], [ -76.256759000637146, 38.401377999889903 ], [ -76.256629000199482, 38.401374000197691 ], [ -76.256514999292719, 38.401316999539638 ], [ -76.256423499876234, 38.401336500711139 ], [ -76.256401001177395, 38.401396999592535 ], [ -76.256438999980929, 38.401496000247874 ], [ -76.25643100066236, 38.401572999483044 ], [ -76.256271000211612, 38.401541999551995 ], [ -76.256209999325137, 38.401484999633063 ], [ -76.256125999671156, 38.401202999847882 ], [ -76.256347000110097, 38.401076999893029 ], [ -76.256416000684197, 38.401092000045551 ], [ -76.256515000170197, 38.401149000155677 ], [ -76.256584000202224, 38.40115300006714 ], [ -76.256720999534011, 38.401138000275935 ], [ -76.256796999816004, 38.401100000246707 ], [ -76.25681299987825, 38.40099999970689 ], [ -76.256796999408067, 38.40094700014339 ], [ -76.256659999505217, 38.400801999827955 ], [ -76.256637001107123, 38.400741000344752 ], [ -76.256530000135527, 38.400623000545842 ], [ -76.256537999348609, 38.400568999787524 ], [ -76.256958000123277, 38.400615000351692 ], [ -76.257109999772851, 38.400646000363054 ], [ -76.257217000199887, 38.400680000376788 ], [ -76.257415000705436, 38.400858999959603 ], [ -76.257553000723647, 38.40088999985894 ], [ -76.257759000472277, 38.400913000365946 ], [ -76.258636000495216, 38.400862999678338 ], [ -76.258772999620987, 38.400871000453442 ], [ -76.258917999638527, 38.400917000392639 ], [ -76.259184999800794, 38.401054000244443 ], [ -76.259520999681882, 38.401279000461429 ], [ -76.260107999120066, 38.401840000416826 ], [ -76.260535999908839, 38.402277999575631 ], [ -76.260710999094186, 38.402481000267414 ], [ -76.260741999727728, 38.402552999590796 ], [ -76.260784975777568, 38.402759286740547 ], [ -76.260800976021216, 38.402972286751904 ], [ -76.260754976828864, 38.403224286759027 ], [ -76.260731976680489, 38.403270286691523 ], [ -76.260670976549477, 38.40331228674502 ], [ -76.260456975940102, 38.403346287088588 ], [ -76.26024397565152, 38.403361286881918 ], [ -76.259938976626316, 38.403300286799841 ], [ -76.25973997613076, 38.403228286535274 ], [ -76.259579976321334, 38.403201286750196 ], [ -76.259495976176126, 38.403201286629468 ], [ -76.259350975889703, 38.403308286601344 ], [ -76.258961977062512, 38.403388286278343 ], [ -76.258740975703773, 38.403487286383168 ], [ -76.258564975725008, 38.403598286449487 ], [ -76.258435977313539, 38.40372428689092 ], [ -76.25838997744934, 38.403857286355262 ], [ -76.258366977200723, 38.404048286698306 ], [ -76.258381976089453, 38.404239286715807 ], [ -76.258442976386732, 38.404418286045299 ], [ -76.258679976710525, 38.404803286507097 ], [ -76.258831975596053, 38.405002286232467 ], [ -76.258831975740677, 38.405074286206606 ], [ -76.258801975713951, 38.405143286369501 ], [ -76.25863917180844, 38.405319597796705 ], [ -76.258830530809846, 38.405422598319113 ], [ -76.2583388112714, 38.40567525980034 ], [ -76.257566157567354, 38.406153541577638 ], [ -76.257400471673819, 38.406207643068846 ], [ -76.256890670236416, 38.406037737001498 ], [ -76.256733976575561, 38.406219285896981 ], [ -76.256558976838846, 38.40637528633242 ], [ -76.256466975918613, 38.406417285540776 ], [ -76.256390976655339, 38.406432286009363 ], [ -76.256085977541403, 38.406337286256104 ], [ -76.25587997794608, 38.406329285767285 ], [ -76.255528976578475, 38.406348285479609 ], [ -76.25505597717779, 38.406425286232732 ], [ -76.254628978169947, 38.406516286197458 ], [ -76.254361978329385, 38.406627285363278 ], [ -76.254322976920875, 38.406749285764043 ], [ -76.254254977192232, 38.406859286090565 ], [ -76.254193976930722, 38.407180285362571 ], [ -76.254246978347254, 38.407275285815629 ], [ -76.25426197725217, 38.407348285842275 ], [ -76.254292978274705, 38.407611285688127 ], [ -76.254292978341311, 38.407729285358108 ], [ -76.254132976511826, 38.408160285618052 ], [ -76.254101976783758, 38.408359285195687 ], [ -76.254063977749908, 38.40844328517651 ], [ -76.253930477453636, 38.408992284953911 ], [ -76.253751477636996, 38.409064785090244 ], [ -76.2538694770886, 38.409261285209283 ], [ -76.25388097702465, 38.409347285462765 ], [ -76.254002977616892, 38.409709285300679 ], [ -76.254139978411985, 38.409961285471574 ], [ -76.25421697797259, 38.410064285336972 ], [ -76.254246978263225, 38.41017828499573 ], [ -76.2541859781781, 38.410300285387912 ], [ -76.254071976622939, 38.410441284875198 ], [ -76.253933978230464, 38.410575284812808 ], [ -76.253887977643885, 38.410701285158105 ], [ -76.253628977046588, 38.411040284753945 ], [ -76.253613977421168, 38.411159285234042 ], [ -76.253522477910906, 38.41126928442101 ], [ -76.253521976497836, 38.411346284854666 ], [ -76.253552977086429, 38.411380284728693 ], [ -76.253712977439264, 38.411441285034115 ], [ -76.25388797819636, 38.41159428452363 ], [ -76.253994977050027, 38.411731285064235 ], [ -76.254040976501642, 38.411838284849473 ], [ -76.253849977052525, 38.411941284979356 ], [ -76.253674977967179, 38.412067284403705 ], [ -76.253636977540793, 38.412112284659678 ], [ -76.253765977440779, 38.412559284824624 ], [ -76.253758976342652, 38.412631284829885 ], [ -76.25377397701503, 38.412704284915165 ], [ -76.253941976860347, 38.41285628430186 ], [ -76.253964977703504, 38.413215284375269 ], [ -76.254048977871904, 38.413375284090471 ], [ -76.25417797708883, 38.413470284821145 ], [ -76.254528978113115, 38.413638284059182 ], [ -76.254734977528756, 38.413684284572902 ], [ -76.254895977588191, 38.413783284683838 ], [ -76.255062977798033, 38.414043284516893 ], [ -76.255162976538898, 38.414241283876166 ], [ -76.25518497663117, 38.414435284225121 ], [ -76.255215976494256, 38.414531284388275 ], [ -76.255375977315623, 38.414794283898132 ], [ -76.255383976265747, 38.415061284421988 ], [ -76.255406977533752, 38.415114284026458 ], [ -76.255474977451598, 38.415176284201308 ], [ -76.255520976779891, 38.415244283787089 ], [ -76.255513976697628, 38.415324283986074 ], [ -76.255421976786522, 38.415507284148504 ], [ -76.255390976809238, 38.415698283924343 ], [ -76.255421976877557, 38.415748284368107 ], [ -76.255520976801918, 38.415797284182112 ], [ -76.255555475740621, 38.415858283748683 ], [ -76.255352976758729, 38.41599928424457 ], [ -76.255299976766608, 38.416083283849311 ], [ -76.255291976128646, 38.416190284246575 ], [ -76.255238977716218, 38.416228284177841 ], [ -76.255169975884797, 38.416312283715222 ], [ -76.255101976357793, 38.416423283668195 ], [ -76.255070976228566, 38.416511283912904 ], [ -76.255062977715895, 38.416701283513412 ], [ -76.255024976129846, 38.416774283658611 ], [ -76.254795977352629, 38.416926283460803 ], [ -76.254711976163648, 38.416972283233889 ], [ -76.25460597734002, 38.417003283794287 ], [ -76.254505977347549, 38.417007283733675 ], [ -76.254467977890044, 38.41696528411704 ], [ -76.254452977597566, 38.416728283949631 ], [ -76.254383977048064, 38.416686283302624 ], [ -76.254277977493828, 38.416656283714353 ], [ -76.253910273104609, 38.416924736710676 ], [ -76.253933978089421, 38.416965283322355 ], [ -76.254040977083221, 38.417087283563212 ], [ -76.253994976670597, 38.417331283589455 ], [ -76.253910977227505, 38.417441283580501 ], [ -76.253834976136034, 38.41751028309541 ], [ -76.25368997750526, 38.417495283714366 ], [ -76.253239976274216, 38.417327283700089 ], [ -76.253071978383019, 38.417144283908939 ], [ -76.253068494627399, 38.417055241469988 ], [ -76.252880029897142, 38.417191939698682 ], [ -76.252888977949297, 38.417319283565014 ], [ -76.252880976813998, 38.417369283111817 ], [ -76.25259897640565, 38.417571283893643 ], [ -76.252503477280982, 38.417588783342836 ], [ -76.252392976553125, 38.417556283639442 ], [ -76.25234697650005, 38.417575283877781 ], [ -76.252293978376187, 38.417651283850432 ], [ -76.252285977513964, 38.417705283409681 ], [ -76.252331976901075, 38.417792283596967 ], [ -76.252385978112471, 38.417949283031469 ], [ -76.252377976678758, 38.418086283615004 ], [ -76.252339977964724, 38.418208283521871 ], [ -76.252331977464436, 38.418346283219243 ], [ -76.252377977315078, 38.418742283583477 ], [ -76.252377977252692, 38.418853283145815 ], [ -76.252354977648977, 38.418948282968842 ], [ -76.252296000002488, 38.419017000183779 ], [ -76.25223499985988, 38.418983000369778 ], [ -76.252159000137638, 38.41899799995047 ], [ -76.251992749181795, 38.419082000550766 ], [ -76.251939135778571, 38.419057405972097 ], [ -76.251896780182278, 38.419022045079423 ], [ -76.251861000330294, 38.418975000298431 ], [ -76.251872499750363, 38.418887500388919 ], [ -76.251948500375164, 38.418832500508799 ], [ -76.251994499683306, 38.418770999894598 ], [ -76.252005999644226, 38.418681999957535 ], [ -76.252044000447711, 38.418506000405138 ], [ -76.25197600045675, 38.418338000522347 ], [ -76.251960000239748, 38.418186000001349 ], [ -76.25195649919678, 38.418069500316044 ], [ -76.251830999405513, 38.417777999278755 ], [ -76.25181500057765, 38.417719999004007 ], [ -76.251791999874499, 38.417678000621891 ], [ -76.251753998908811, 38.417640000149298 ], [ -76.251685999965787, 38.417587000613665 ], [ -76.251655000668194, 38.417525999031675 ], [ -76.251643499794795, 38.417480000862696 ], [ -76.251605500684846, 38.41742249920916 ], [ -76.251528999611395, 38.417359500472479 ], [ -76.251456999840173, 38.417343000670343 ], [ -76.251384000903855, 38.417337000813674 ], [ -76.251220000930871, 38.41734300033125 ], [ -76.251029000210949, 38.417368999456762 ], [ -76.250975999554242, 38.417381000724653 ], [ -76.250848399956993, 38.417445429111396 ], [ -76.250754999195252, 38.417478000318802 ], [ -76.250671000357954, 38.417466500087173 ], [ -76.25066750002766, 38.41737900071346 ], [ -76.250674999130936, 38.417291000295187 ], [ -76.250655999877011, 38.417243000421145 ], [ -76.250605999402723, 38.417188500243981 ], [ -76.250578999792751, 38.417026000406459 ], [ -76.250560500090103, 38.416972499168679 ], [ -76.250512499918671, 38.416914750566953 ], [ -76.25051100118533, 38.416858000535754 ], [ -76.250540999949848, 38.416800999898129 ], [ -76.250686000387631, 38.416633000048797 ], [ -76.250822999909261, 38.416488000001252 ], [ -76.250914999110705, 38.416350999473671 ], [ -76.251045000881206, 38.416235999411612 ], [ -76.251060000692434, 38.416187001025236 ], [ -76.251045000258244, 38.416007000148774 ], [ -76.251060001021926, 38.415603000030366 ], [ -76.251106000538115, 38.415496000103261 ], [ -76.251158999298724, 38.415430999910917 ], [ -76.251182000210704, 38.415366999806622 ], [ -76.251196999184813, 38.415218000146162 ], [ -76.251197000122872, 38.415134000001743 ], [ -76.251173998998055, 38.415038999918686 ], [ -76.251152000339246, 38.414996999757086 ], [ -76.251045001148825, 38.414867000294329 ], [ -76.250999000307928, 38.41482900017192 ], [ -76.250968000708426, 38.414793999614787 ], [ -76.250960999699984, 38.414646000308672 ], [ -76.250975999814528, 38.414546000393166 ], [ -76.250995000094264, 38.414502499980941 ], [ -76.250999001074618, 38.414413000360796 ], [ -76.250956999311853, 38.414359499713889 ], [ -76.25089999972468, 38.41431400052106 ], [ -76.250739999241844, 38.41422200048131 ], [ -76.25052599999978, 38.414168999664795 ], [ -76.250473000357914, 38.41413800015355 ], [ -76.250404000523787, 38.414127000203848 ], [ -76.250258999842131, 38.414115000113277 ], [ -76.250090999658141, 38.414136000257805 ], [ -76.250015000268647, 38.414111499710415 ], [ -76.249977000001962, 38.414043000053411 ], [ -76.24997699948122, 38.413954999836584 ], [ -76.249961000241925, 38.413917000435518 ], [ -76.249896500279178, 38.413835000443093 ], [ -76.249855000120391, 38.41361200048177 ], [ -76.249823999608665, 38.413562500321675 ], [ -76.249779760554532, 38.413518545254391 ], [ -76.249702000543408, 38.413475000438027 ], [ -76.2496599998383, 38.413364000388043 ], [ -76.24959500035213, 38.413314000100442 ], [ -76.249534000738905, 38.413310999218616 ], [ -76.249327999062828, 38.413348999506859 ], [ -76.249266999700225, 38.413382999858946 ], [ -76.249191000826315, 38.413482000342512 ], [ -76.249106999489285, 38.413546999905087 ], [ -76.249053000052584, 38.413570000262631 ], [ -76.248946499821216, 38.41356400003 ], [ -76.248855000374562, 38.413539000175767 ], [ -76.248786000322838, 38.413490000572871 ], [ -76.24870999947882, 38.413489500361436 ], [ -76.248557999876837, 38.41358100008631 ], [ -76.248497000031492, 38.413599999841722 ], [ -76.248343999685417, 38.413663000550116 ], [ -76.248238750020889, 38.413623500132942 ], [ -76.24820700025775, 38.413561999930408 ], [ -76.248168500020938, 38.413531500518879 ], [ -76.248096000206331, 38.413512999837913 ], [ -76.24802749989297, 38.413520000135229 ], [ -76.247940325393103, 38.413514600812597 ], [ -76.247695000565685, 38.413478000013875 ], [ -76.247412999552736, 38.413454999718631 ], [ -76.247191999830719, 38.413394000362558 ], [ -76.247072710288094, 38.413341532842097 ], [ -76.246982500160655, 38.413281999784779 ], [ -76.246958999425772, 38.413217000471477 ], [ -76.247009000102565, 38.413108000145904 ], [ -76.24700900036953, 38.413035999214522 ], [ -76.246985999455788, 38.412872000064141 ], [ -76.246920999563159, 38.412786000495785 ], [ -76.246833000300981, 38.412803000677712 ], [ -76.246784936575636, 38.412829712434643 ], [ -76.246719000312211, 38.412852999984395 ], [ -76.246558999740088, 38.412844998814961 ], [ -76.246500460627701, 38.412826238233883 ], [ -76.246437000357417, 38.412796000466429 ], [ -76.246376000147649, 38.412737999902916 ], [ -76.24628400004525, 38.412670000501684 ], [ -76.246269000736888, 38.412624000660578 ], [ -76.246223000353098, 38.41254399987313 ], [ -76.246170000510489, 38.412505999183225 ], [ -76.246116000705101, 38.412494000418924 ], [ -76.246039999869737, 38.412490000207761 ], [ -76.245918000350159, 38.4124940001971 ], [ -76.245834000253694, 38.412528500616482 ], [ -76.245787999175036, 38.412589500592695 ], [ -76.245780000096289, 38.412661999993666 ], [ -76.245787998976709, 38.412734000680075 ], [ -76.245834000091108, 38.412878999793676 ], [ -76.245925000384233, 38.413024000366271 ], [ -76.246039998716654, 38.413157999912094 ], [ -76.24636799865884, 38.413449500434723 ], [ -76.246543499877717, 38.413476500063403 ], [ -76.246585500514456, 38.413528000499007 ], [ -76.246630999549197, 38.413634500023917 ], [ -76.246596499736853, 38.413724499697906 ], [ -76.246581999681041, 38.41379100009889 ], [ -76.246620000154735, 38.413836999698773 ], [ -76.246826000088987, 38.413950999851622 ], [ -76.247550000219746, 38.41418400037616 ], [ -76.247824999358116, 38.41433299978987 ], [ -76.247901001070133, 38.414343999814783 ], [ -76.247984999579572, 38.4143709995734 ], [ -76.248106999388867, 38.414440000130391 ], [ -76.248190999521483, 38.414549999911252 ], [ -76.248236999486608, 38.414569000008207 ], [ -76.248321000675517, 38.414595999538236 ], [ -76.24861900026319, 38.414600000057717 ], [ -76.248763999644666, 38.414588000076733 ], [ -76.249014999329361, 38.414656999692816 ], [ -76.249069000657784, 38.41468800004769 ], [ -76.249095499675931, 38.414723499926154 ], [ -76.249087999164203, 38.414782999888793 ], [ -76.249106999308253, 38.414829000014677 ], [ -76.249167999714203, 38.41489700014202 ], [ -76.249243999952526, 38.414970000059689 ], [ -76.249419999197613, 38.415054000151294 ], [ -76.249457999776524, 38.415163999615572 ], [ -76.249557000597974, 38.415229000254364 ], [ -76.249595000191647, 38.415339999677506 ], [ -76.249603000030234, 38.415385999745382 ], [ -76.249869999526808, 38.415656999908364 ], [ -76.249907999826235, 38.415709999396753 ], [ -76.249934500059936, 38.415812999936399 ], [ -76.250049000323529, 38.415849000875355 ], [ -76.250216999704563, 38.415885499683306 ], [ -76.250258999450054, 38.415930999578705 ], [ -76.250251000169342, 38.41598449991411 ], [ -76.250308499575951, 38.416045501039903 ], [ -76.250430500027974, 38.416104500797736 ], [ -76.250469000289655, 38.41617900089436 ], [ -76.250441999179287, 38.416247999407169 ], [ -76.250388999693214, 38.416308999223482 ], [ -76.250319999921786, 38.416350999903962 ], [ -76.250241999120092, 38.416381311604361 ], [ -76.249725000329988, 38.416548999777007 ], [ -76.249610000271744, 38.416534000963402 ], [ -76.249548999634172, 38.416511000749303 ], [ -76.249526000097134, 38.416472999260641 ], [ -76.249518499952941, 38.416411499523115 ], [ -76.249495999710476, 38.416373499455716 ], [ -76.249438999493307, 38.416339500594646 ], [ -76.249320499909501, 38.416312499423007 ], [ -76.249259000221613, 38.416286000286 ], [ -76.249190999821607, 38.416232999256238 ], [ -76.249026500161349, 38.416070501099469 ], [ -76.248962000129055, 38.416040000350989 ], [ -76.248862749733732, 38.416049500342211 ], [ -76.248747998815929, 38.416121999788885 ], [ -76.248747999700981, 38.416183000569639 ], [ -76.248878000555635, 38.416316499756242 ], [ -76.248863000778059, 38.416403999259742 ], [ -76.248847000256049, 38.416442000663807 ], [ -76.248874498945028, 38.4164885008921 ], [ -76.248950498838425, 38.416486000930988 ], [ -76.249011499769665, 38.416509500568452 ], [ -76.249053000666493, 38.416542000211429 ], [ -76.249176000455066, 38.4166869998352 ], [ -76.249224998928341, 38.416735999491166 ], [ -76.249336000101053, 38.41674600067865 ], [ -76.249435250340781, 38.416767500667355 ], [ -76.24946499995778, 38.416811999971841 ], [ -76.249450000029611, 38.416877000161925 ], [ -76.249565000047951, 38.416991999490094 ], [ -76.249675000290338, 38.417058500894591 ], [ -76.249824000056051, 38.41711400015059 ], [ -76.249838999568496, 38.417198000884788 ], [ -76.249824000313694, 38.417292999700422 ], [ -76.249873499642561, 38.417365500807705 ], [ -76.249869999595774, 38.417406999422539 ], [ -76.249846999922056, 38.417448999005963 ], [ -76.249793999584924, 38.417465000688779 ], [ -76.249739999681836, 38.417472000275716 ], [ -76.249678999568346, 38.417487999729133 ], [ -76.249625999466261, 38.417510000511783 ], [ -76.249587999630648, 38.417544999346802 ], [ -76.249571999540251, 38.417621000428674 ], [ -76.249519018720875, 38.417646184210831 ], [ -76.24946015053844, 38.41761123813928 ], [ -76.24941199952481, 38.417569500018281 ], [ -76.249351000116661, 38.417559998983364 ], [ -76.249305499708825, 38.417602000642674 ], [ -76.249214000467347, 38.417633000014895 ], [ -76.249099499598643, 38.417611500250729 ], [ -76.24901500019368, 38.417556000429677 ], [ -76.248954000562406, 38.417536999965023 ], [ -76.248846999916495, 38.417530000031732 ], [ -76.24879399901549, 38.417533000190502 ], [ -76.248710529707054, 38.417520162309692 ], [ -76.248648999733263, 38.417502500609359 ], [ -76.248596000559999, 38.417468999325187 ], [ -76.24858000033241, 38.417415000429955 ], [ -76.248610998931696, 38.417295000551626 ], [ -76.248610999323915, 38.417237500725825 ], [ -76.2486759992251, 38.41720750052842 ], [ -76.248748499759799, 38.417150000762177 ], [ -76.248760000570698, 38.417098500697691 ], [ -76.248756000142578, 38.417020500835335 ], [ -76.248709999998809, 38.416987999883403 ], [ -76.248504000015402, 38.416931000282453 ], [ -76.248312999573159, 38.416819999502202 ], [ -76.24829100036618, 38.416766999550624 ], [ -76.248283000570396, 38.416724999441087 ], [ -76.248279000892609, 38.416610000893456 ], [ -76.248260000945351, 38.416548999543537 ], [ -76.248221999987919, 38.416518999800665 ], [ -76.248152999866733, 38.416385000559316 ], [ -76.248045999909053, 38.416300999798118 ], [ -76.247932000062306, 38.41622499961381 ], [ -76.247839999548049, 38.416171999879701 ], [ -76.247741000341406, 38.416125999831628 ], [ -76.247665000404751, 38.41610700052464 ], [ -76.247615499420974, 38.416058999656229 ], [ -76.247580999331419, 38.415986500234311 ], [ -76.2475429990793, 38.415939000945912 ], [ -76.247298500179667, 38.415785999621335 ], [ -76.247238000159896, 38.415762999628633 ], [ -76.247177001082846, 38.415752001024977 ], [ -76.247122999252113, 38.415759500282498 ], [ -76.247069999514551, 38.415778999865822 ], [ -76.247031500617794, 38.415820501019233 ], [ -76.247020000389014, 38.415885499296913 ], [ -76.247033499968822, 38.415953749942922 ], [ -76.247337000146189, 38.416175000310943 ], [ -76.247374999614394, 38.41621700049182 ], [ -76.247393999121542, 38.41627250011755 ], [ -76.247481999811257, 38.416381000201831 ], [ -76.247496999706101, 38.416446000117659 ], [ -76.247527999219301, 38.416495999095375 ], [ -76.247561499292971, 38.416527999635456 ], [ -76.247618999775725, 38.416544999747138 ], [ -76.247672999173076, 38.416571999779983 ], [ -76.2477410002477, 38.416663999504031 ], [ -76.247763999160966, 38.416720999788907 ], [ -76.247885998977694, 38.416854000464483 ], [ -76.248122998898509, 38.417006999669084 ], [ -76.248255999676516, 38.417037500558912 ], [ -76.248298000510019, 38.417087000323157 ], [ -76.248321000820269, 38.417288999642317 ], [ -76.248373999236023, 38.417480000346444 ], [ -76.248404999502583, 38.41757500055823 ], [ -76.24848324879116, 38.417693498982516 ], [ -76.248611000727024, 38.417716000493613 ], [ -76.248809000263421, 38.417785000497602 ], [ -76.248859000090491, 38.417835750051267 ], [ -76.248824500211882, 38.417892000393984 ], [ -76.248817000039651, 38.417941999317819 ], [ -76.248839999674132, 38.417995000233844 ], [ -76.248916000147133, 38.418018000610992 ], [ -76.249007347102818, 38.41800578540628 ], [ -76.249041999595306, 38.417964500150539 ], [ -76.249046000635587, 38.417915000195052 ], [ -76.249107557034449, 38.417875415184533 ], [ -76.249289999439284, 38.417921998987396 ], [ -76.249450001033111, 38.417900000447908 ], [ -76.249815999366291, 38.417819000526414 ], [ -76.249922999587326, 38.417807999334045 ], [ -76.24998049966635, 38.41783100013901 ], [ -76.250048999492847, 38.417831000550748 ], [ -76.250117499288791, 38.41778899949469 ], [ -76.250193999937551, 38.417781000076189 ], [ -76.250255500220149, 38.417806500498997 ], [ -76.250257249632043, 38.417871250450986 ], [ -76.250244001149454, 38.417937999914912 ], [ -76.250289498580372, 38.417976000673526 ], [ -76.25038845480853, 38.417981315749273 ], [ -76.250441999075235, 38.417956999185414 ], [ -76.250548999248409, 38.417947000130063 ], [ -76.250655999767631, 38.41796100037697 ], [ -76.250826998990846, 38.417996500508806 ], [ -76.250850000673296, 38.418063500303333 ], [ -76.250808000113594, 38.418121000111526 ], [ -76.250784999509605, 38.418182000108516 ], [ -76.250778000940628, 38.418224000487399 ], [ -76.250793000484094, 38.418273000650892 ], [ -76.250838499555073, 38.418302000188234 ], [ -76.250922500992701, 38.418374500166479 ], [ -76.250953000101489, 38.418528999877495 ], [ -76.250942000053712, 38.418583999820825 ], [ -76.25089954239148, 38.418632383985937 ], [ -76.250812000017717, 38.41865000008989 ], [ -76.250750999423303, 38.418704500587097 ], [ -76.250579500570097, 38.418818999897169 ], [ -76.250556000755296, 38.418889500347731 ], [ -76.250548999616598, 38.418972000299938 ], [ -76.250503249702746, 38.41901825041915 ], [ -76.250518499190107, 38.419066999976067 ], [ -76.250590999792934, 38.419060999700882 ], [ -76.250655999834109, 38.4190900000265 ], [ -76.250609999821549, 38.419257999636471 ], [ -76.250567499326749, 38.41932249982306 ], [ -76.250533500924689, 38.419391000004339 ], [ -76.250487999228397, 38.419461499771344 ], [ -76.250430499881617, 38.419495999949 ], [ -76.250395999335566, 38.419527999996461 ], [ -76.250373001043769, 38.419574000643244 ], [ -76.25048049956051, 38.419673499910893 ], [ -76.250456999722218, 38.419714999981096 ], [ -76.250384653699044, 38.419737284260911 ], [ -76.250292999780129, 38.419726500994969 ], [ -76.250228000092051, 38.419695999552061 ], [ -76.250147999244831, 38.41968499957315 ], [ -76.250098999282656, 38.419712000365834 ], [ -76.250098999321224, 38.419753999988814 ], [ -76.250113999262609, 38.419799000191226 ], [ -76.250174999590229, 38.419871999806531 ], [ -76.250183000842924, 38.419913999781294 ], [ -76.250160000010311, 38.419959999469619 ], [ -76.250101788154367, 38.419987010105103 ], [ -76.249931000150937, 38.419978999832608 ], [ -76.249855000608775, 38.419997999766608 ], [ -76.249785999805667, 38.420027999992932 ], [ -76.249724999435912, 38.420062999718802 ], [ -76.2496030006659, 38.420150000201545 ], [ -76.249542000814401, 38.420204000073191 ], [ -76.249473000172614, 38.420317999365004 ], [ -76.249450001031931, 38.420467000214472 ], [ -76.24946500128172, 38.42052399975244 ], [ -76.249465000938955, 38.420573999474193 ], [ -76.249450000215703, 38.420639000557046 ], [ -76.249403999920943, 38.420688000017904 ], [ -76.249252000251332, 38.420771999728338 ], [ -76.249176000358105, 38.420825000547808 ], [ -76.249083999929695, 38.420902000777765 ], [ -76.249045999817298, 38.420947999580633 ], [ -76.249030999330245, 38.421016000650589 ], [ -76.248979250211519, 38.421061999640052 ], [ -76.248924000464982, 38.421031000208977 ], [ -76.248901000386581, 38.420974001070405 ], [ -76.248840000361469, 38.420878999610899 ], [ -76.248778999440788, 38.420760999625301 ], [ -76.248732999804901, 38.420653999571591 ], [ -76.248683500195895, 38.420587000762886 ], [ -76.248618499147881, 38.420520499760293 ], [ -76.248535000085027, 38.420478000850515 ], [ -76.248390000179711, 38.420439999987089 ], [ -76.248152998656494, 38.420420999499505 ], [ -76.248054000571372, 38.420428999552477 ], [ -76.247985000408065, 38.420447999481041 ], [ -76.247901000691456, 38.420481999636216 ], [ -76.247832999750727, 38.420523999935973 ], [ -76.247741000717227, 38.420600000006047 ], [ -76.247680000187984, 38.420688000236368 ], [ -76.247566000796212, 38.42088599961459 ], [ -76.247443499238116, 38.421169000675519 ], [ -76.247364965054274, 38.421193533973494 ], [ -76.247214999261402, 38.421027999623107 ], [ -76.246955000946812, 38.420683999231535 ], [ -76.246901999705102, 38.420649999870214 ], [ -76.246855999192562, 38.42062700101809 ], [ -76.246794999078347, 38.42061200038227 ], [ -76.246536000930888, 38.420600000745438 ], [ -76.246482499979209, 38.420560499677507 ], [ -76.246444001038924, 38.42051299951158 ], [ -76.246390999769304, 38.420474999862982 ], [ -76.246337000209394, 38.420447999251799 ], [ -76.246260999706863, 38.420440000093087 ], [ -76.246196499575959, 38.420407499605091 ], [ -76.246162000186928, 38.420363999250768 ], [ -76.246108999941214, 38.420321999426903 ], [ -76.246040000351258, 38.420288001129876 ], [ -76.2459859993251, 38.42027599963528 ], [ -76.245948499626991, 38.420304500462855 ], [ -76.245924999817433, 38.420348999671326 ], [ -76.245924999705153, 38.420390999308239 ], [ -76.246008999806648, 38.42051999996626 ], [ -76.24618849989993, 38.420646499343164 ], [ -76.246208000450693, 38.420688000427482 ], [ -76.246185000174194, 38.420867000147865 ], [ -76.246214999565041, 38.421039000830511 ], [ -76.246196000217154, 38.421107500806073 ], [ -76.246177000814811, 38.421146000395041 ], [ -76.246177000303291, 38.421214999471175 ], [ -76.246184999942272, 38.421259999761745 ], [ -76.246490000929555, 38.421543000551679 ], [ -76.246551001142848, 38.421641999709394 ], [ -76.246558999655562, 38.421707000218802 ], [ -76.246600090352004, 38.421742868370849 ], [ -76.246643000982331, 38.421794000769843 ], [ -76.246573999733144, 38.421909000181991 ], [ -76.246566000884499, 38.421951000131536 ], [ -76.246588999161943, 38.421996999589545 ], [ -76.246719000392346, 38.422161000615731 ], [ -76.246794999900615, 38.422209999975436 ], [ -76.246833000071788, 38.422264000463407 ], [ -76.246958998943299, 38.422353500417692 ], [ -76.247023998907181, 38.422381999154375 ], [ -76.247107999363976, 38.422391000167806 ], [ -76.247325611895022, 38.422455481163929 ], [ -76.247461104009247, 38.422508500240696 ], [ -76.247523500691045, 38.422527000605342 ], [ -76.247516000464174, 38.422572500290201 ], [ -76.247474000537153, 38.422622000622425 ], [ -76.247458999926749, 38.422739999423918 ], [ -76.247462499317123, 38.422815000540602 ], [ -76.247393043493204, 38.422806107635658 ], [ -76.247317500204204, 38.422725500425038 ], [ -76.247256999316448, 38.422710000574533 ], [ -76.247183999571945, 38.422725000171525 ], [ -76.247023999628965, 38.422821000206881 ], [ -76.247001000736802, 38.422878000336254 ], [ -76.247039000766193, 38.422999999808667 ], [ -76.247050500625065, 38.423062500442548 ], [ -76.247100500009481, 38.423108500215896 ], [ -76.247107999443614, 38.423169500094005 ], [ -76.247039499284838, 38.423223000454264 ], [ -76.246916999153143, 38.423266999768607 ], [ -76.24686749916232, 38.423293500470344 ], [ -76.246829500867747, 38.423361999758143 ], [ -76.246818000469588, 38.423495999780343 ], [ -76.246843832866759, 38.423536737329684 ], [ -76.246894499767265, 38.423595000235593 ], [ -76.246967000188661, 38.423652500291347 ], [ -76.247050500309285, 38.423688500231833 ], [ -76.246979966930198, 38.423772683249204 ], [ -76.246875000878845, 38.423753500012474 ], [ -76.246765000153374, 38.423748000389246 ], [ -76.246688000897251, 38.423758999795737 ], [ -76.246612000312297, 38.423782000381351 ], [ -76.246520000069253, 38.42383500011254 ], [ -76.246481999836206, 38.423888999994162 ], [ -76.246474999983647, 38.423946000306785 ], [ -76.246481999967585, 38.42402999997686 ], [ -76.246505000127129, 38.424137000227738 ], [ -76.246505000086159, 38.424235999677073 ], [ -76.246490000962993, 38.424354000170759 ], [ -76.24640600103865, 38.424513999963843 ], [ -76.246321999395946, 38.42460199967725 ], [ -76.246230999744981, 38.424644000140091 ], [ -76.246109000210566, 38.424647999561763 ], [ -76.245765000218086, 38.424612999805554 ], [ -76.245597000631662, 38.42463299990154 ], [ -76.24544500004184, 38.424685999702177 ], [ -76.245306999493664, 38.424785000851045 ], [ -76.245216000203342, 38.424899999653121 ], [ -76.244894999649759, 38.425456999510565 ], [ -76.244833999412322, 38.42552899987944 ], [ -76.244552000011765, 38.425689000694369 ], [ -76.24449100043914, 38.425750000749758 ], [ -76.244452999619654, 38.425826999368851 ], [ -76.244461000069691, 38.425903000175857 ], [ -76.244491000220279, 38.425986999268886 ], [ -76.244833999725884, 38.426372000703083 ], [ -76.244925999726433, 38.426501999202159 ], [ -76.244971999929646, 38.426596999706398 ], [ -76.244986999985073, 38.426727000751114 ], [ -76.244971999486964, 38.426814999767466 ], [ -76.244918000307038, 38.426887000689241 ], [ -76.244734999681512, 38.427023999846583 ], [ -76.244697000084713, 38.427065999909971 ], [ -76.244621000400613, 38.427249000353889 ], [ -76.244285000434104, 38.427539000248501 ], [ -76.244193999601407, 38.427669000254141 ], [ -76.244170999477689, 38.427814000048649 ], [ -76.244209000076069, 38.427997000319472 ], [ -76.244292999867625, 38.428164999938495 ], [ -76.244377000208644, 38.428294999915508 ], [ -76.24436900025951, 38.428386000331756 ], [ -76.244277000162768, 38.428561999887158 ], [ -76.244163000332279, 38.42883999972554 ], [ -76.243965000217258, 38.429122000047826 ], [ -76.243804000157581, 38.429335999735549 ], [ -76.243727999908231, 38.429469999884951 ], [ -76.24369800053509, 38.429583999526251 ], [ -76.243713000220239, 38.429697999626207 ], [ -76.243812000292323, 38.429827999551236 ], [ -76.243957000155362, 38.429962000023707 ], [ -76.244307999283649, 38.430232999474242 ], [ -76.244460999547087, 38.430319999455143 ], [ -76.244536999945211, 38.43033899986122 ], [ -76.244620999496519, 38.43031649950855 ], [ -76.244644000192409, 38.430263000794795 ], [ -76.244627999602528, 38.430141000518631 ], [ -76.244582999187102, 38.430026999863955 ], [ -76.244582999789628, 38.429954000749255 ], [ -76.244605999696489, 38.429885000040485 ], [ -76.24466699982716, 38.429804999675454 ], [ -76.244704999728356, 38.429725000040278 ], [ -76.244720001196598, 38.429626000028229 ], [ -76.244696999366099, 38.429504000139254 ], [ -76.244727500210132, 38.42944300057863 ], [ -76.244833999659917, 38.429405000366259 ], [ -76.245063000459481, 38.429401000148978 ], [ -76.245276999219968, 38.429434999692155 ], [ -76.245474999401694, 38.429491999616353 ], [ -76.245597000406121, 38.429556999880738 ], [ -76.245658000540885, 38.429614999830804 ], [ -76.245688999901702, 38.429673501155968 ], [ -76.245638999492272, 38.429703999958562 ], [ -76.245513532084175, 38.429703350984127 ], [ -76.24539899931591, 38.429714000143427 ], [ -76.245299999336822, 38.429739999945021 ], [ -76.245201000497701, 38.429805000159888 ], [ -76.245124001128914, 38.429901000538202 ], [ -76.245079000340311, 38.429991999950211 ], [ -76.245085999176041, 38.430109999211972 ], [ -76.245155001117425, 38.430209999750694 ], [ -76.245269000844928, 38.430296999936054 ], [ -76.245505999774963, 38.430397000790755 ], [ -76.245619999880887, 38.43047999967758 ], [ -76.245689000705255, 38.430567999733221 ], [ -76.245697000689006, 38.430678999963142 ], [ -76.245643000605611, 38.430819999379231 ], [ -76.245398999733652, 38.431091000268822 ], [ -76.245170000005047, 38.431243000339904 ], [ -76.245094000932809, 38.431239999664299 ], [ -76.245010000101715, 38.431217000687283 ], [ -76.244956000663663, 38.431175000206558 ], [ -76.244873000791912, 38.430998999416417 ], [ -76.244827001108078, 38.430926999197546 ], [ -76.244750001215891, 38.430881000250842 ], [ -76.244643999747993, 38.430850000069782 ], [ -76.244490999941689, 38.430834999448138 ], [ -76.244383999836927, 38.430831000074555 ], [ -76.244231999841105, 38.430843000555583 ], [ -76.244102000184199, 38.430834999739339 ], [ -76.243988000139097, 38.430809000075229 ], [ -76.243903999801901, 38.4307670000548 ], [ -76.243826999740406, 38.430678999057108 ], [ -76.243713000541788, 38.43056399980059 ], [ -76.243644000504617, 38.430534000195522 ], [ -76.243475999671418, 38.430511000360696 ], [ -76.24336199992203, 38.430476999075907 ], [ -76.243269999849801, 38.430411999295266 ], [ -76.243225000380917, 38.430346999632562 ], [ -76.243140999390306, 38.430178999246252 ], [ -76.243103000555195, 38.430118000195733 ], [ -76.243034000230665, 38.43005299977505 ], [ -76.242881000690133, 38.429958000502374 ], [ -76.24256099917848, 38.429724999493367 ], [ -76.242309000091325, 38.429495999298361 ], [ -76.242088001142761, 38.429327999987919 ], [ -76.241942999590307, 38.429251999683743 ], [ -76.241766999164213, 38.429187000410622 ], [ -76.241539000822371, 38.429088001144002 ], [ -76.241454999219272, 38.429042000166802 ], [ -76.241363000336037, 38.429004000105728 ], [ -76.241188000173338, 38.42895499948547 ], [ -76.241026999843697, 38.428885999810333 ], [ -76.240730000259006, 38.428810000200343 ], [ -76.240538999760645, 38.428775000398886 ], [ -76.24034799969597, 38.428755999592347 ], [ -76.240219000322696, 38.42874900005836 ], [ -76.23988305444658, 38.428757043481411 ], [ -76.239699999452881, 38.428752000135212 ], [ -76.23959300086706, 38.428725999647305 ], [ -76.239440000136824, 38.428656999722442 ], [ -76.239294999846862, 38.428611000086747 ], [ -76.239211999436137, 38.428615000187854 ], [ -76.239143000472367, 38.428633999432535 ], [ -76.239005999239907, 38.428713999482717 ], [ -76.238898999446334, 38.428756000141512 ], [ -76.238623999787677, 38.428824999877122 ], [ -76.238371999569637, 38.428836000494705 ], [ -76.238273000150201, 38.428824999231182 ], [ -76.238188999581141, 38.428790999643063 ], [ -76.238166000196188, 38.428577000783093 ], [ -76.238135999674554, 38.428408999806713 ], [ -76.238052000288391, 38.428169000093121 ], [ -76.2379829999186, 38.428000999759014 ], [ -76.237875999506173, 38.427847999579143 ], [ -76.237770000237362, 38.427721999925609 ], [ -76.237662999828871, 38.427645999667298 ], [ -76.237547999582148, 38.427618999654584 ], [ -76.237419000205222, 38.427611999695401 ], [ -76.237312000634105, 38.4276190002238 ], [ -76.237228000396144, 38.427618999482 ], [ -76.237149207674975, 38.427585367596876 ], [ -76.237097999423298, 38.427519999459754 ], [ -76.237091000377646, 38.427462999531919 ], [ -76.237106000539342, 38.427360000368353 ], [ -76.237143999074888, 38.42730699990404 ], [ -76.237242999792073, 38.427222999983123 ], [ -76.237373000385645, 38.427150000247728 ], [ -76.237434000463594, 38.427085000235749 ], [ -76.237449000510452, 38.427020999748919 ], [ -76.237449000546889, 38.426929000321266 ], [ -76.237426000065398, 38.426856000458031 ], [ -76.23735800044409, 38.426712000317693 ], [ -76.237281000612384, 38.426502000457361 ], [ -76.237236000061714, 38.426429000099233 ], [ -76.237197000246823, 38.426382999889896 ], [ -76.237128749904372, 38.42637199974358 ], [ -76.237051999551994, 38.42643300049621 ], [ -76.236984000251383, 38.426539999896171 ], [ -76.23686199890733, 38.426619999638831 ], [ -76.236754999293325, 38.426627999657704 ], [ -76.236678999584882, 38.426642999980885 ], [ -76.23659499978028, 38.426677000134688 ], [ -76.236480000345821, 38.426738000240164 ], [ -76.236373000192557, 38.426761000106772 ], [ -76.236258999654211, 38.426761000340456 ], [ -76.236179920017875, 38.426729170427571 ], [ -76.236152000682921, 38.426662000167255 ], [ -76.2362359997651, 38.426338000018148 ], [ -76.236228500131247, 38.426234999718382 ], [ -76.236152000892915, 38.426189000087199 ], [ -76.236076000582415, 38.426192999860824 ], [ -76.236022000174799, 38.426212000479737 ], [ -76.23593899981833, 38.42625799969283 ], [ -76.235770999464933, 38.426414000055161 ], [ -76.23567100032956, 38.426474999947281 ], [ -76.235571999715262, 38.426502000465476 ], [ -76.235412464245343, 38.426494136736018 ], [ -76.235260000347381, 38.426479000370797 ], [ -76.23516000010666, 38.426445000329032 ], [ -76.235079485896847, 38.426384393147238 ], [ -76.235015000137636, 38.426325999708567 ], [ -76.234991999916389, 38.426250000205613 ], [ -76.23499199980624, 38.42615099975751 ], [ -76.235107000123534, 38.425636000350764 ], [ -76.235159999614993, 38.425323000365374 ], [ -76.23516800048121, 38.425188999018637 ], [ -76.235136999738401, 38.425060000140334 ], [ -76.235083999631073, 38.424952999787088 ], [ -76.23500799958336, 38.424876999563757 ], [ -76.234885999513224, 38.424777000181827 ], [ -76.23467199861652, 38.424677999363041 ], [ -76.234527000098808, 38.424628999967389 ], [ -76.234435999040542, 38.424613000330922 ], [ -76.234351999852748, 38.424636000509729 ], [ -76.234251999407945, 38.424701000121715 ], [ -76.234130000610392, 38.424854000719861 ], [ -76.234085000234259, 38.424967999878071 ], [ -76.234061999398079, 38.425085999237012 ], [ -76.234068999782423, 38.425167000609264 ], [ -76.23411499997566, 38.425354000478094 ], [ -76.234115000096466, 38.425472000296907 ], [ -76.23408499982483, 38.425623999875889 ], [ -76.234045999512603, 38.425701000275112 ], [ -76.233992999954211, 38.425757999871799 ], [ -76.233711000191022, 38.425884000162078 ], [ -76.233535000515502, 38.425993999716091 ], [ -76.233138999025087, 38.426379999642791 ], [ -76.232985999400043, 38.426493999967917 ], [ -76.232901999117814, 38.426525000117273 ], [ -76.232794999542421, 38.426532000077003 ], [ -76.232733999137906, 38.426509000062232 ], [ -76.232521001014817, 38.426314999711629 ], [ -76.232360000337664, 38.426196999843512 ], [ -76.232222999603778, 38.426115999591737 ], [ -76.23201700018943, 38.426016999975595 ], [ -76.23157500057988, 38.42582300013482 ], [ -76.231474999605652, 38.425754000009547 ], [ -76.231338000418162, 38.425590000252569 ], [ -76.231231000069457, 38.425486999921162 ], [ -76.231109000073246, 38.425403000370885 ], [ -76.230910999817951, 38.4253080004707 ], [ -76.230727998849034, 38.425230999914696 ], [ -76.230654999212277, 38.425162999698124 ], [ -76.230650999512832, 38.425060000562056 ], [ -76.230674000165635, 38.424945000081181 ], [ -76.230681999054553, 38.424842000310704 ], [ -76.230701000655728, 38.424765999987045 ], [ -76.230772998855244, 38.42472399920068 ], [ -76.230893562147756, 38.424701085389856 ], [ -76.230995000032507, 38.424674000511729 ], [ -76.231048000500721, 38.424633000700481 ], [ -76.231094000346275, 38.42455999997614 ], [ -76.23111699916177, 38.42435000076815 ], [ -76.231109000394014, 38.424148000788179 ], [ -76.231079000112047, 38.423988000656955 ], [ -76.231033000207489, 38.423884999800215 ], [ -76.230948999582381, 38.423797000450818 ], [ -76.230880000442497, 38.423739999103688 ], [ -76.230803999694885, 38.423693999206833 ], [ -76.230705000031378, 38.423667000212568 ], [ -76.230628000462147, 38.423667000532802 ], [ -76.230545000910212, 38.423690000080605 ], [ -76.230468000189859, 38.423731999078477 ], [ -76.230368999375116, 38.423828000626507 ], [ -76.230262000103679, 38.423988000390963 ], [ -76.230177999519725, 38.424060000038217 ], [ -76.229850000046895, 38.424181999241753 ], [ -76.22967377134627, 38.424220085012919 ], [ -76.229392999819382, 38.424269999918081 ], [ -76.229248000046269, 38.424330999956219 ], [ -76.229208999829552, 38.424364999954172 ], [ -76.229201999481262, 38.424406999998716 ], [ -76.22921699949876, 38.424453000286704 ], [ -76.229369999748599, 38.424571000101736 ], [ -76.229415000057543, 38.424632499806997 ], [ -76.229277999680718, 38.424774000094878 ], [ -76.229248000050873, 38.424850000121168 ], [ -76.229247999709386, 38.42495299977908 ], [ -76.229269999303412, 38.425048000396899 ], [ -76.2293159998639, 38.425148000120174 ], [ -76.229393000205704, 38.425231000039425 ], [ -76.22944600006808, 38.425356999709344 ], [ -76.229454000786617, 38.425457000196637 ], [ -76.229430999566944, 38.425498000297395 ], [ -76.229385000311524, 38.425520999671299 ], [ -76.229187000981739, 38.42553300014221 ], [ -76.229071999779435, 38.425509999843243 ], [ -76.228964999462079, 38.425459999954541 ], [ -76.228835999923589, 38.425410999734758 ], [ -76.228781999520251, 38.425403000213727 ], [ -76.228728999840158, 38.425421999594583 ], [ -76.228583999960691, 38.425494999890823 ], [ -76.22836300016094, 38.425529000424618 ], [ -76.228285999983314, 38.425517999944077 ], [ -76.228225000180757, 38.425491000192672 ], [ -76.227966000314623, 38.42534599963637 ], [ -76.227843998799159, 38.425331000306223 ], [ -76.227736999316406, 38.425338000099224 ], [ -76.227661000525529, 38.425365000104073 ], [ -76.227546000588873, 38.425429999557572 ], [ -76.227447000260511, 38.425445000193001 ], [ -76.227362999225832, 38.425437000281789 ], [ -76.227233000873824, 38.425411000060812 ], [ -76.227141999881496, 38.42537599983357 ], [ -76.227049999821674, 38.425311999669901 ], [ -76.226981999562099, 38.425273000206879 ], [ -76.226927999238271, 38.42527299993673 ], [ -76.226782999225719, 38.425323000363662 ], [ -76.226706999242396, 38.425327000307483 ], [ -76.22663800087507, 38.425311999742114 ], [ -76.226302999847363, 38.425128000071517 ], [ -76.226097000281285, 38.425032999836979 ], [ -76.225966999936446, 38.424986999688088 ], [ -76.225890999727795, 38.424979999835365 ], [ -76.225814000144581, 38.425006000050551 ], [ -76.22572299980105, 38.425071000158027 ], [ -76.225554999645141, 38.425139999918919 ], [ -76.225372000365255, 38.425169999650066 ], [ -76.225196205818236, 38.425169517925703 ], [ -76.224983000442137, 38.425159000356359 ], [ -76.224890999638021, 38.425173999613506 ], [ -76.224815000631594, 38.425215999779944 ], [ -76.224623999771595, 38.425372999891948 ], [ -76.224547999920745, 38.425394999587787 ], [ -76.22432700075673, 38.425421999555311 ], [ -76.224181999371865, 38.425421999608346 ], [ -76.224052000358199, 38.425395000301478 ], [ -76.223960000678233, 38.425353999811676 ], [ -76.223861000372466, 38.425234999929799 ], [ -76.223730999188675, 38.425112999750276 ], [ -76.223669999123203, 38.425086000291422 ], [ -76.223616999958381, 38.425078999668905 ], [ -76.223540999058017, 38.425093999496319 ], [ -76.223418999509107, 38.425159000299949 ], [ -76.223250999573153, 38.425216000169542 ], [ -76.222908001234003, 38.425277000185048 ], [ -76.222740000045974, 38.42527300021073 ], [ -76.222557000354755, 38.425238999968123 ], [ -76.222114000267723, 38.425074999970327 ], [ -76.22202299964124, 38.425059999612259 ], [ -76.221931000239522, 38.425067000020178 ], [ -76.221686999934704, 38.425159000263271 ], [ -76.221534000572362, 38.425169999380898 ], [ -76.22075599922907, 38.424980000953632 ], [ -76.220359000499798, 38.424854000077374 ], [ -76.220153499309362, 38.424742999548336 ], [ -76.220161000077141, 38.424689999608383 ], [ -76.220206999595462, 38.424670999431264 ], [ -76.220283000169701, 38.424654999966457 ], [ -76.220328999681215, 38.424613000296461 ], [ -76.220309499296505, 38.424562000040702 ], [ -76.220229499644333, 38.424521999735376 ], [ -76.220138000651914, 38.424530000294354 ], [ -76.220084999986085, 38.424556000342257 ], [ -76.220034999184691, 38.424596500927827 ], [ -76.219977999628483, 38.42462500021329 ], [ -76.219902000903843, 38.424617000030217 ], [ -76.219634999881208, 38.42453700000835 ], [ -76.219398000170074, 38.424433999936333 ], [ -76.219291000283732, 38.424339000301678 ], [ -76.219238000561418, 38.424205000249572 ], [ -76.219260999469199, 38.424124999722991 ], [ -76.219352000398715, 38.423983999898851 ], [ -76.219428999498575, 38.423896000317399 ], [ -76.219679999756693, 38.423804999661257 ], [ -76.219787000383349, 38.423740000131595 ], [ -76.219817999581807, 38.423697999808745 ], [ -76.219824999561865, 38.423652000230121 ], [ -76.219859500357828, 38.423548999993947 ], [ -76.219916999562258, 38.423503000261853 ], [ -76.220046000611987, 38.423431000538159 ], [ -76.220077000884487, 38.423369999867866 ], [ -76.22006149996281, 38.423297499994582 ], [ -76.220016000055551, 38.423271000077278 ], [ -76.219795000746672, 38.423278000089056 ], [ -76.219550999507547, 38.423351000034565 ], [ -76.219390000507374, 38.423381000445673 ], [ -76.219283499611038, 38.423369500008491 ], [ -76.219215000624587, 38.423291500111624 ], [ -76.219238000248993, 38.42315200049201 ], [ -76.219260999595122, 38.423099000377761 ], [ -76.219256998509124, 38.423020500193616 ], [ -76.219211499520867, 38.422977000606288 ], [ -76.219154000480771, 38.42296199996467 ], [ -76.219023999668366, 38.422984500225802 ], [ -76.218934722488513, 38.422969808125622 ], [ -76.218772000673212, 38.422912000147043 ], [ -76.218718999257575, 38.422881500503323 ], [ -76.218741999467056, 38.422809500205631 ], [ -76.218757249769922, 38.422724999789239 ], [ -76.21870749885781, 38.422691000348102 ], [ -76.218543999226938, 38.422748000271206 ], [ -76.218478999130497, 38.422740500243854 ], [ -76.218402499953285, 38.422698500579145 ], [ -76.218337999878415, 38.422676000007399 ], [ -76.218246000153655, 38.422702000467488 ], [ -76.218184999502455, 38.42272749979572 ], [ -76.218121321627166, 38.422774955263009 ], [ -76.218064110939864, 38.422751702742083 ], [ -76.21806649966436, 38.422696499975203 ], [ -76.218256672135269, 38.422625425246025 ], [ -76.218312736727427, 38.422584894201826 ], [ -76.218314500647537, 38.42252500066374 ], [ -76.218253249791871, 38.422484500034294 ], [ -76.218180999241184, 38.422425500654633 ], [ -76.21817725036577, 38.42237875035643 ], [ -76.218264420186301, 38.422411790390868 ], [ -76.21832199347088, 38.42238287869354 ], [ -76.218339498888824, 38.422323750664162 ], [ -76.218315000230376, 38.422267000082144 ], [ -76.218390998967664, 38.422191000038296 ], [ -76.218436999130617, 38.422157000343759 ], [ -76.218467500615986, 38.422099500392932 ], [ -76.218459499426444, 38.422027500357842 ], [ -76.218405999528798, 38.421992998948205 ], [ -76.218340999848067, 38.421981000574398 ], [ -76.218276000035075, 38.421997000790149 ], [ -76.218193000508052, 38.422041999062536 ], [ -76.218054999920966, 38.42206100013366 ], [ -76.217977180338025, 38.42202624094395 ], [ -76.217986999785111, 38.421942999536171 ], [ -76.218001999865947, 38.421900999078574 ], [ -76.218025000140926, 38.421863000340892 ], [ -76.218085999948713, 38.421825000002258 ], [ -76.218086001015436, 38.421768000035989 ], [ -76.218070000830267, 38.421730000645624 ], [ -76.218077999537897, 38.421581000006029 ], [ -76.218043500218144, 38.42150450058837 ], [ -76.217946171951141, 38.421473633390171 ], [ -76.217863999363857, 38.421493000568574 ], [ -76.217810999470316, 38.421524000553994 ], [ -76.217673999899006, 38.421557999135743 ], [ -76.217609611192415, 38.421535481783302 ], [ -76.217566999279896, 38.421488999154263 ], [ -76.217551999576784, 38.421443500014142 ], [ -76.217558999300522, 38.421401000612597 ], [ -76.217642999634208, 38.421340000287323 ], [ -76.217654500199046, 38.421273500225766 ], [ -76.217612499209068, 38.421231499277589 ], [ -76.217535999463934, 38.421230000546466 ], [ -76.217474999558277, 38.421253000363443 ], [ -76.217376000214855, 38.421253000268102 ], [ -76.217314999915658, 38.421233999350655 ], [ -76.217253999495512, 38.421165000330902 ], [ -76.217223999508334, 38.421115500798273 ], [ -76.217276999419681, 38.421038999477496 ], [ -76.217322999615661, 38.420992999138704 ], [ -76.217345999836709, 38.420931999277677 ], [ -76.217338000984299, 38.420832999653712 ], [ -76.217288500048099, 38.420781499202548 ], [ -76.217223999868907, 38.420780000121901 ], [ -76.217027421342237, 38.42091203175579 ], [ -76.216965808411729, 38.420906296092873 ], [ -76.216368999454929, 38.420645999218749 ], [ -76.215972000141406, 38.420519999314493 ], [ -76.215873000735499, 38.420503000367269 ], [ -76.215781999926676, 38.42053899946292 ], [ -76.215675000564914, 38.420599999749612 ], [ -76.21564399982698, 38.420638999821179 ], [ -76.215629000712255, 38.420886000486107 ], [ -76.215651999768241, 38.420993000861152 ], [ -76.215681999440562, 38.421233999286528 ], [ -76.215660000271114, 38.421363000347149 ], [ -76.215065000275132, 38.422598999934351 ], [ -76.214904000687255, 38.422991999784131 ], [ -76.215025999112754, 38.423297000145013 ], [ -76.215255000198482, 38.42365599964689 ], [ -76.215697999654481, 38.424433999468363 ], [ -76.216246999795374, 38.424433999689043 ], [ -76.216566999540404, 38.424708999883656 ], [ -76.216949000164902, 38.424869000487746 ], [ -76.217239000175169, 38.425212000099492 ], [ -76.21710899915324, 38.425380000471428 ], [ -76.217215999257235, 38.425594000341249 ], [ -76.217322999001169, 38.425948999554613 ], [ -76.217353000343877, 38.426082000322936 ], [ -76.21773500063081, 38.426173999035456 ], [ -76.218574000535426, 38.42612800054156 ], [ -76.218811286968972, 38.426225579784536 ], [ -76.21883300016853, 38.426722999230364 ], [ -76.21956599945031, 38.426516999153854 ], [ -76.219650000018959, 38.426631000890431 ], [ -76.219473999847224, 38.426975000805278 ], [ -76.219825000849582, 38.427089000628293 ], [ -76.220291000670471, 38.427042999438029 ], [ -76.220436000629377, 38.427227000656998 ], [ -76.220413000118612, 38.427683999814114 ], [ -76.221022999767811, 38.427638998981614 ], [ -76.221252000389455, 38.427203999737088 ], [ -76.221633000258592, 38.427227000327839 ], [ -76.221778000383466, 38.427433000169934 ], [ -76.221831999985397, 38.428050000230215 ], [ -76.222067999533365, 38.428050000504705 ], [ -76.222534001235289, 38.427661000558011 ], [ -76.223525999377983, 38.427638999538999 ], [ -76.223609000231207, 38.427845000217154 ], [ -76.223548000727646, 38.428234000488374 ], [ -76.223350000844789, 38.428599998929066 ], [ -76.22346399956885, 38.428691000060653 ], [ -76.223929998950268, 38.428553999996225 ], [ -76.224487000454261, 38.428164999877076 ], [ -76.225097000355007, 38.427677000039971 ], [ -76.2257910007649, 38.427501000721193 ], [ -76.226141999163104, 38.427729999204658 ], [ -76.226432000903557, 38.427661000166999 ], [ -76.226776000617917, 38.427748999392421 ], [ -76.227248998867097, 38.427993000313577 ], [ -76.227766999438643, 38.427752999077093 ], [ -76.227943000026073, 38.427889999094695 ], [ -76.228294000291115, 38.427845000650265 ], [ -76.228614000236036, 38.427833000961705 ], [ -76.228843000320907, 38.427882999301175 ], [ -76.229049000175721, 38.427978000881389 ], [ -76.229636999968491, 38.428184000450813 ], [ -76.230137131038475, 38.427887044934891 ], [ -76.230392000144505, 38.427908999716685 ], [ -76.230505999802006, 38.428070000270239 ], [ -76.230566999840789, 38.428413000508201 ], [ -76.230712000545708, 38.428596000387394 ], [ -76.230766000225401, 38.42903100042448 ], [ -76.230950826272462, 38.429031000159071 ], [ -76.231387234382638, 38.429031000354364 ], [ -76.231519664135945, 38.429031000795035 ], [ -76.231986000030489, 38.429031000518343 ], [ -76.232162000192275, 38.428870999871812 ], [ -76.232551000627581, 38.428577000497434 ], [ -76.232696000190487, 38.428268000999331 ], [ -76.232894000057087, 38.42804700063693 ], [ -76.233070000234889, 38.428253000959458 ], [ -76.233558000152598, 38.42832099975864 ], [ -76.23387899978691, 38.428436000185869 ], [ -76.234343999480274, 38.428297999581218 ], [ -76.234465999688638, 38.428366999966549 ], [ -76.234519000027163, 38.428962000897464 ], [ -76.234642000302372, 38.429007999264336 ], [ -76.235045999384525, 38.428938999855028 ], [ -76.235800999925218, 38.429533999143686 ], [ -76.23545000041311, 38.42999199974696 ], [ -76.235481000560696, 38.430107000111128 ], [ -76.23562599979897, 38.430107000277971 ], [ -76.236186059689118, 38.429756580346755 ], [ -76.236375040293467, 38.429649000038992 ], [ -76.23661619179623, 38.42964900008959 ], [ -76.23667900048892, 38.429649000613445 ], [ -76.237510000056815, 38.429259999754464 ], [ -76.237594000477003, 38.429346999633403 ], [ -76.237612999792503, 38.429414000112722 ], [ -76.237551390915471, 38.429493019834993 ], [ -76.237472000287326, 38.429560999119843 ], [ -76.237419000495777, 38.429622000325764 ], [ -76.237379999638307, 38.429697999105656 ], [ -76.237341999849775, 38.429820999670028 ], [ -76.237273999686153, 38.429961999690889 ], [ -76.237181999809408, 38.430061000825894 ], [ -76.237045000407065, 38.430144999555267 ], [ -76.236731999875289, 38.430281999977936 ], [ -76.23631200029773, 38.430572000248247 ], [ -76.236244000038823, 38.430697999478959 ], [ -76.236243999763417, 38.430785999750313 ], [ -76.236282000644621, 38.430866000446862 ], [ -76.236380999862106, 38.430938000599255 ], [ -76.236494999808073, 38.430999000109217 ], [ -76.2366790004005, 38.431056000429265 ], [ -76.236884999831673, 38.431090999774433 ], [ -76.237067999684825, 38.431091000246298 ], [ -76.237189999588253, 38.431068000096012 ], [ -76.237281000025746, 38.431030000396198 ], [ -76.23744200036586, 38.430912000079651 ], [ -76.237875999548777, 38.430500000481203 ], [ -76.237990999529956, 38.430373999916611 ], [ -76.23806699966282, 38.430312999909937 ], [ -76.238196999346343, 38.430273999670575 ], [ -76.23828799937273, 38.430278000641579 ], [ -76.23837199923986, 38.430305000047767 ], [ -76.238426001034682, 38.430351000087207 ], [ -76.238456000520202, 38.430389000151699 ], [ -76.238502000133451, 38.430430998942711 ], [ -76.238585999262241, 38.430500000540881 ], [ -76.238646999211824, 38.43051900008895 ], [ -76.238730999629709, 38.430526000775295 ], [ -76.238882999645497, 38.430518999454847 ], [ -76.238990000397465, 38.430537999601448 ], [ -76.23942499978601, 38.43069799929949 ], [ -76.23957000052512, 38.430786000192526 ], [ -76.239692000698312, 38.430892000003134 ], [ -76.239761000471631, 38.430988000120365 ], [ -76.239790998853366, 38.431094999821781 ], [ -76.239852000222953, 38.431190000628604 ], [ -76.239921000460782, 38.431282000597477 ], [ -76.23999700053011, 38.431338999963579 ], [ -76.240112000070084, 38.431381000393323 ], [ -76.240279999618238, 38.431404000577928 ], [ -76.240462999411733, 38.431407000234195 ], [ -76.241042999801664, 38.431467999980164 ], [ -76.24118000036124, 38.431498999838297 ], [ -76.24133999928911, 38.431574999105351 ], [ -76.241759999964387, 38.431896000288155 ], [ -76.241897000369079, 38.432032999744777 ], [ -76.24195000008369, 38.432125000268037 ], [ -76.241973000523473, 38.432228000463148 ], [ -76.241965999577161, 38.432327000143353 ], [ -76.241996000118064, 38.432532999620065 ], [ -76.242033999174055, 38.432636000462978 ], [ -76.242094999407513, 38.432739000151976 ], [ -76.242155999584071, 38.4328150003643 ], [ -76.242340000228822, 38.43295599992031 ], [ -76.242453999594218, 38.432987000340908 ], [ -76.24255300060986, 38.432993999755979 ], [ -76.242683000355058, 38.432979000189611 ], [ -76.242851000552577, 38.43290699992771 ], [ -76.242941999775184, 38.432876000381192 ], [ -76.243049000355953, 38.432876000116224 ], [ -76.243133000164548, 38.432913999784496 ], [ -76.243193999983731, 38.432987000303356 ], [ -76.24321700027869, 38.433054999792525 ], [ -76.243246999501679, 38.433104999641422 ], [ -76.24330900046057, 38.433138999827399 ], [ -76.243423000063785, 38.433162000093056 ], [ -76.243643999693958, 38.433138999748465 ], [ -76.243718979695046, 38.433417280161144 ], [ -76.243771979895428, 38.433486279540141 ], [ -76.243908979897355, 38.433604279931671 ], [ -76.243931757897357, 38.433657251509274 ], [ -76.243925936320011, 38.433771431231072 ], [ -76.243869346041635, 38.434167308053425 ], [ -76.24388118122242, 38.434268137773074 ], [ -76.243897093104209, 38.434317278087939 ], [ -76.243948033374551, 38.434410338133453 ], [ -76.243982510091087, 38.434453242537579 ], [ -76.244301630090902, 38.434803778386701 ], [ -76.244390099162928, 38.434869595759324 ], [ -76.244493315805826, 38.434920562033696 ], [ -76.244607277009536, 38.434954701542651 ], [ -76.244788811833189, 38.434994509563488 ], [ -76.244915978961231, 38.434802279640152 ], [ -76.245114979585708, 38.43459227967125 ], [ -76.245243979063602, 38.434562279539158 ], [ -76.2453889795447, 38.434486280031244 ], [ -76.245457979102468, 38.434478279893902 ], [ -76.245518978379238, 38.434486280157557 ], [ -76.245579977997394, 38.434527279897964 ], [ -76.245762979684827, 38.434737280014602 ], [ -76.24629697837797, 38.435191279874324 ], [ -76.246495978319359, 38.435462279840038 ], [ -76.246533977767669, 38.435569279197637 ], [ -76.246640978158183, 38.435760279728036 ], [ -76.246716979261151, 38.435954279899725 ], [ -76.24672397799344, 38.436034279452279 ], [ -76.24669397820314, 38.436130279604967 ], [ -76.246510979004015, 38.436515279275604 ], [ -76.246449978575043, 38.4366142790414 ], [ -76.246342978342753, 38.436729279378817 ], [ -76.245701979464414, 38.436572279114813 ], [ -76.245625978565542, 38.436538279333625 ], [ -76.245579978143212, 38.43650027896782 ], [ -76.245533978201181, 38.436408279725072 ], [ -76.245526979423815, 38.436191279310449 ], [ -76.245541978557952, 38.436053279620729 ], [ -76.245526979671965, 38.435931279718368 ], [ -76.245488978874747, 38.435866279631327 ], [ -76.245358978704289, 38.435775279258571 ], [ -76.245251977682017, 38.435756279642305 ], [ -76.245175978987533, 38.435767279227214 ], [ -76.24491597986966, 38.435531279666925 ], [ -76.244763977871671, 38.435260279188668 ], [ -76.244768977310628, 38.435203129931615 ], [ -76.24463240786703, 38.435285809758327 ], [ -76.244500008038244, 38.435280686649158 ], [ -76.244369263959626, 38.435297814986008 ], [ -76.24424619718117, 38.435336403345488 ], [ -76.244043592078881, 38.435420628156329 ], [ -76.243918987698663, 38.435409950586973 ], [ -76.243794220829258, 38.435419381084778 ], [ -76.243674523129286, 38.435448524909042 ], [ -76.243502005192582, 38.435506042707395 ], [ -76.243269441976594, 38.435395178368154 ], [ -76.243214679863144, 38.435374042656633 ], [ -76.243097975447881, 38.435346419107638 ], [ -76.243037435022543, 38.435340263833979 ], [ -76.242915595602454, 38.43534362862043 ], [ -76.24279760551326, 38.435367661895945 ], [ -76.242689105323535, 38.435411209472832 ], [ -76.242595283791715, 38.435472192600841 ], [ -76.242555315142823, 38.435508339424103 ], [ -76.242611980292892, 38.435664279651839 ], [ -76.242703979545979, 38.435859279727538 ], [ -76.242886979097435, 38.436057279732097 ], [ -76.242756979889251, 38.436191279255922 ], [ -76.24266597917746, 38.43626327918625 ], [ -76.242588979338123, 38.436275279571909 ], [ -76.24244397999729, 38.436248279737796 ], [ -76.242321978974999, 38.436195279084153 ], [ -76.242199978943958, 38.436092279479439 ], [ -76.241856979995219, 38.43585927974047 ], [ -76.241688980106645, 38.435767279236607 ], [ -76.241345980489001, 38.435638279279587 ], [ -76.240834979359903, 38.435344279208771 ], [ -76.240658979232123, 38.435260279021307 ], [ -76.240406980908446, 38.43520327973966 ], [ -76.240315980258075, 38.435199279567527 ], [ -76.240246980878069, 38.435210279398255 ], [ -76.240208979979613, 38.435248279767031 ], [ -76.240040981127635, 38.435805278871747 ], [ -76.239994981406852, 38.435897278839633 ], [ -76.23982797979734, 38.436111278879615 ], [ -76.239552980949611, 38.436328279277397 ], [ -76.239521980997296, 38.436400778892036 ], [ -76.239674980250655, 38.43644227911922 ], [ -76.240353980826242, 38.436378279397971 ], [ -76.240567979659716, 38.436366278800534 ], [ -76.240696981022793, 38.43637427878155 ], [ -76.240826980056369, 38.436408279168973 ], [ -76.240918980429754, 38.436484279175794 ], [ -76.241124980032353, 38.43674427913097 ], [ -76.241192979177768, 38.436801279398168 ], [ -76.241268980205533, 38.436832279353794 ], [ -76.241505979485822, 38.436877279447401 ], [ -76.241879979422251, 38.436992279403249 ], [ -76.242009979116602, 38.437007279120103 ], [ -76.242138980149846, 38.43700327913848 ], [ -76.24225398029769, 38.43697727922212 ], [ -76.242573978964742, 38.436828279609216 ], [ -76.242703979548978, 38.436805278980628 ], [ -76.242794978912812, 38.436809279059439 ], [ -76.242878979351488, 38.436839278780852 ], [ -76.243153979048842, 38.437022279162271 ], [ -76.243321978474981, 38.437102279159042 ], [ -76.243450978944466, 38.437141279150929 ], [ -76.243595979967409, 38.4371602794252 ], [ -76.243725979740333, 38.43715227873232 ], [ -76.24384097902508, 38.437118278942762 ], [ -76.243924979639786, 38.437068279613264 ], [ -76.244152978198997, 38.436851279073039 ], [ -76.244206979997841, 38.436847279339382 ], [ -76.244358978326574, 38.436923278987997 ], [ -76.244458979236626, 38.43693527880685 ], [ -76.244557977865554, 38.436915278827499 ], [ -76.244656978526692, 38.436858279221468 ], [ -76.244694979579648, 38.436774279544366 ], [ -76.244702978335567, 38.43670227935737 ], [ -76.244679979696954, 38.436614279051611 ], [ -76.244641977851529, 38.436545279530975 ], [ -76.244419977906276, 38.436309279326935 ], [ -76.244389978325273, 38.436240279563513 ], [ -76.244389978581452, 38.436095279569514 ], [ -76.244625978564983, 38.436248278937988 ], [ -76.24470997939585, 38.436282279187999 ], [ -76.244809978317008, 38.436294279598123 ], [ -76.245015977967569, 38.43628627916663 ], [ -76.245144979509348, 38.436317278990657 ], [ -76.245182979734963, 38.436362278939654 ], [ -76.24525197847835, 38.43658727907291 ], [ -76.245304979510905, 38.436648279427686 ], [ -76.245381979401785, 38.436698278903748 ], [ -76.245739977996365, 38.436809279417595 ], [ -76.246205977335762, 38.436908279252457 ], [ -76.246022979208718, 38.437186279575535 ], [ -76.245922978298296, 38.437236279163102 ], [ -76.245335978759726, 38.437308279189601 ], [ -76.244946978728649, 38.437400279166511 ], [ -76.244694979401572, 38.437541279090901 ], [ -76.244595978582169, 38.43769727905164 ], [ -76.244572979475421, 38.437896278658144 ], [ -76.244587979727982, 38.438281279224093 ], [ -76.244747978480277, 38.438583279127229 ], [ -76.245053978807974, 38.438743279060532 ], [ -76.245579977996528, 38.438838278733549 ], [ -76.246075979126303, 38.438861278485732 ], [ -76.246464978762191, 38.438781279335458 ], [ -76.246884978555784, 38.438571279371715 ], [ -76.247036977806104, 38.438453279437816 ], [ -76.247181978157357, 38.438392278743436 ], [ -76.247334977532205, 38.438380278980766 ], [ -76.24746497789387, 38.438392278837767 ], [ -76.247563978290103, 38.438422278702447 ], [ -76.247624977898838, 38.438476279290519 ], [ -76.247647977776438, 38.438541278710886 ], [ -76.247624977780191, 38.438598278953485 ], [ -76.247479977838537, 38.438743279411476 ], [ -76.247410977553201, 38.438872278620899 ], [ -76.247219978620279, 38.439323278761556 ], [ -76.247036977772424, 38.43968127891322 ], [ -76.246968978571189, 38.43978827869055 ], [ -76.246876977260342, 38.439868279122727 ], [ -76.246807977955214, 38.439967278528407 ], [ -76.246746978720537, 38.440253278908649 ], [ -76.246708977091089, 38.440337278337935 ], [ -76.246456977457399, 38.440646278731293 ], [ -76.246167979065831, 38.440929278527392 ], [ -76.245785977179693, 38.441188278440379 ], [ -76.245198978863598, 38.441432278264813 ], [ -76.244809977745916, 38.441646278488129 ], [ -76.244686978380841, 38.441680278568391 ], [ -76.244534978972865, 38.441657278267407 ], [ -76.244374978021597, 38.441577278135334 ], [ -76.244107978069579, 38.44130227863333 ], [ -76.243985979541435, 38.441131278375401 ], [ -76.243992979306711, 38.441039278697339 ], [ -76.244061978637816, 38.440978278699838 ], [ -76.244557978467185, 38.440730278826962 ], [ -76.244778977653141, 38.440578278207163 ], [ -76.244969977982876, 38.440349278392269 ], [ -76.245091977617591, 38.440101278828102 ], [ -76.245114979528708, 38.439868278744555 ], [ -76.245098978504984, 38.439784279057264 ], [ -76.245022978897225, 38.439712278450486 ], [ -76.24488597854706, 38.439685278796986 ], [ -76.244770979109134, 38.439708278605657 ], [ -76.24470297846841, 38.439773278356398 ], [ -76.24455797874235, 38.440131278718816 ], [ -76.244404978051918, 38.440364278443958 ], [ -76.244168977790437, 38.440562278529903 ], [ -76.243840978088301, 38.440738278560296 ], [ -76.243702978973545, 38.440765277984241 ], [ -76.243603978578719, 38.440753278664488 ], [ -76.243519979168198, 38.440692278228717 ], [ -76.243389978430557, 38.440406278707876 ], [ -76.243222979133378, 38.4401582788133 ], [ -76.24312297907349, 38.440055278641658 ], [ -76.242726978900777, 38.439895278367665 ], [ -76.242619978298961, 38.439818278348859 ], [ -76.242436980273581, 38.439719278350324 ], [ -76.24226898024439, 38.439700278770829 ], [ -76.24212397943576, 38.439735278447245 ], [ -76.242039979282154, 38.439807278575842 ], [ -76.241963979935477, 38.439944278555231 ], [ -76.241940979680507, 38.440097278895912 ], [ -76.241986979847795, 38.440322278519467 ], [ -76.24208597931964, 38.440566278500533 ], [ -76.242138979616882, 38.440738278060692 ], [ -76.242153980114793, 38.440890277891206 ], [ -76.242138979371163, 38.440990278485771 ], [ -76.242062980309868, 38.441066278675933 ], [ -76.241932978677852, 38.441112278012547 ], [ -76.241635980252767, 38.441131278680118 ], [ -76.241299978717649, 38.441115278167068 ], [ -76.240109979379696, 38.4409592780816 ], [ -76.239819980557826, 38.440902278426478 ], [ -76.239727981053008, 38.440860278026484 ], [ -76.239613980233926, 38.440745278444084 ], [ -76.239483980072137, 38.440665277963149 ], [ -76.23934697961954, 38.440623277886601 ], [ -76.239193980893177, 38.44063127792289 ], [ -76.239018980387868, 38.440684278226534 ], [ -76.238880981171818, 38.440772278109492 ], [ -76.238690980826021, 38.440822278621631 ], [ -76.238285980579562, 38.440833278388084 ], [ -76.238026980469954, 38.440795277910112 ], [ -76.23746198173518, 38.440631277941428 ], [ -76.237370980067396, 38.440627278201191 ], [ -76.237324980563741, 38.440650278051983 ], [ -76.237309979880678, 38.440692278222357 ], [ -76.23731698153513, 38.440749278116236 ], [ -76.237385979812544, 38.44082627841312 ], [ -76.237477980233564, 38.440879278123326 ], [ -76.237713979701383, 38.440963278010528 ], [ -76.238743980453421, 38.441215278084066 ], [ -76.239407979314535, 38.441302278118151 ], [ -76.23949198106304, 38.44134127858095 ], [ -76.239529979278188, 38.441386278562639 ], [ -76.23955298041362, 38.441501278459242 ], [ -76.23954498095047, 38.44160427780087 ], [ -76.239575981098838, 38.441695278443383 ], [ -76.239628979205534, 38.441775278001494 ], [ -76.239758980087004, 38.441852278269167 ], [ -76.239994980237213, 38.441909277646495 ], [ -76.240269979918622, 38.441939278322053 ], [ -76.240498980415893, 38.441920277650354 ], [ -76.240666980276458, 38.441863277906322 ], [ -76.240757979542622, 38.441848278401103 ], [ -76.240841980547529, 38.441856278385721 ], [ -76.240925978706358, 38.441901277851926 ], [ -76.241192979426145, 38.442157278193946 ], [ -76.241551978441706, 38.442443277655784 ], [ -76.241673979797639, 38.442462277719997 ], [ -76.241780980111187, 38.442447278343181 ], [ -76.242024978453131, 38.442351277976769 ], [ -76.242207979599655, 38.442313277803606 ], [ -76.24230697830734, 38.442321278240385 ], [ -76.242344979697705, 38.442367278217837 ], [ -76.242306978710701, 38.442432277811257 ], [ -76.242253980270689, 38.44248927758624 ], [ -76.242054978550684, 38.442618278081063 ], [ -76.242031980284267, 38.442691278353429 ], [ -76.242047979395906, 38.442794277794235 ], [ -76.242123979996947, 38.442905278123263 ], [ -76.242207979684096, 38.442966277754735 ], [ -76.242321979148997, 38.44297727794396 ], [ -76.242421979294704, 38.44295027807626 ], [ -76.242520980046109, 38.442882278303763 ], [ -76.242642979921087, 38.442763278339108 ], [ -76.242726978038959, 38.442649278135264 ], [ -76.242779979812468, 38.442519278171666 ], [ -76.242787978788954, 38.4423702780716 ], [ -76.242756979496633, 38.442180278005942 ], [ -76.24277197931589, 38.442062278013502 ], [ -76.242855978475717, 38.441978278095867 ], [ -76.243008978126511, 38.44194727834558 ], [ -76.243763977916842, 38.441939278101934 ], [ -76.24404697830353, 38.44197427786127 ], [ -76.244297978225688, 38.442088278560107 ], [ -76.244442979346999, 38.442229278288927 ], [ -76.244526979494182, 38.442390278354353 ], [ -76.244541979399784, 38.442554277972775 ], [ -76.244511978461787, 38.442645278406431 ], [ -76.244381979376968, 38.442817278433935 ], [ -76.244358978193844, 38.442893278268308 ], [ -76.244366979462114, 38.443080277670191 ], [ -76.244427978614937, 38.443309277531213 ], [ -76.244412979537984, 38.443435277817443 ], [ -76.244603979491359, 38.443530277985445 ], [ -76.244626479403465, 38.443603277544398 ], [ -76.244549979334025, 38.443675277848868 ], [ -76.244244978524179, 38.443774277384428 ], [ -76.244213979287409, 38.443816277856328 ], [ -76.24422197941152, 38.443870277447324 ], [ -76.244252978660825, 38.443923278123386 ], [ -76.244313978877045, 38.443942278204304 ], [ -76.24464897949909, 38.443957277789202 ], [ -76.244755979449124, 38.443984277966258 ], [ -76.244801978597877, 38.444038277902663 ], [ -76.244809977636663, 38.444083277334151 ], [ -76.244747978366505, 38.444118277972336 ], [ -76.244625977670822, 38.44413327797475 ], [ -76.244389977582046, 38.444121277823157 ], [ -76.24424897945994, 38.444177277680645 ], [ -76.244286978487267, 38.444241778113557 ], [ -76.244404977963569, 38.44425127794095 ], [ -76.244450978512774, 38.44428227774798 ], [ -76.244458979369881, 38.444339277361102 ], [ -76.244412978929546, 38.444446277422223 ], [ -76.244290978594179, 38.444594277783985 ], [ -76.244221978898551, 38.4446102773842 ], [ -76.244145979389799, 38.444602277919749 ], [ -76.243962977549984, 38.444549277367607 ], [ -76.243847979711106, 38.444549277843628 ], [ -76.243779978202284, 38.444568277414021 ], [ -76.243733978068761, 38.444648277788289 ], [ -76.243725978928282, 38.444739277224798 ], [ -76.243740978884915, 38.444861277332414 ], [ -76.243710978992013, 38.444913277998815 ], [ -76.243649977956821, 38.444915277855259 ], [ -76.243588978193884, 38.444881277251454 ], [ -76.243527838787614, 38.444825310573776 ], [ -76.243425249912676, 38.444866974891582 ], [ -76.243290489845734, 38.444838701520659 ], [ -76.243163893957714, 38.444831098593312 ], [ -76.243037959701866, 38.444843753242203 ], [ -76.242917913940673, 38.444876139194562 ], [ -76.242808745868714, 38.444926914223814 ], [ -76.242759677976863, 38.444958565690051 ], [ -76.242817979800307, 38.444980277811702 ], [ -76.242932978779123, 38.445056277482841 ], [ -76.243023977959112, 38.445174277797378 ], [ -76.243046979727396, 38.445335277502835 ], [ -76.243016979793367, 38.445438277712199 ], [ -76.242901978749146, 38.445499277080444 ], [ -76.24246697964908, 38.445556277576109 ], [ -76.242306978880492, 38.445632277455175 ], [ -76.242169980051841, 38.445678277373439 ], [ -76.241917979868163, 38.445716277388229 ], [ -76.241520979083063, 38.445720277711004 ], [ -76.241330978558508, 38.445705277303276 ], [ -76.241246979539639, 38.445685277568913 ], [ -76.241146978726405, 38.445685277013197 ], [ -76.241062979630158, 38.445705277637551 ], [ -76.240948979735805, 38.445773777217575 ], [ -76.24099097964266, 38.44580627748001 ], [ -76.241116978415889, 38.445796276844781 ], [ -76.241169979448529, 38.445808277540074 ], [ -76.241185980005824, 38.445846277200893 ], [ -76.241169980418533, 38.445888277629933 ], [ -76.241040979925458, 38.445960277478825 ], [ -76.241009980064987, 38.445998277056326 ], [ -76.2410629799936, 38.446006276842127 ], [ -76.241223979359646, 38.445975277637679 ], [ -76.241326978565169, 38.446006277381727 ], [ -76.241436980074681, 38.445968276901574 ], [ -76.241551978422493, 38.44597527708666 ], [ -76.2415979782335, 38.446040277534038 ], [ -76.241650978847559, 38.44620427716437 ], [ -76.24171922898239, 38.446245777589702 ], [ -76.241749979499502, 38.446189276870633 ], [ -76.241719979180615, 38.445985277498949 ], [ -76.241749980230864, 38.44594527749161 ], [ -76.242054978060636, 38.445891276860451 ], [ -76.242344979841562, 38.445861276942402 ], [ -76.242497979364231, 38.44586127729108 ], [ -76.242619978564946, 38.445876277156962 ], [ -76.242665978239174, 38.44590727766186 ], [ -76.242718979583685, 38.445972277393203 ], [ -76.242783978380459, 38.446004277485052 ], [ -76.242871978241197, 38.445933277668964 ], [ -76.242947978758579, 38.445796277105615 ], [ -76.243023978521165, 38.445705277047288 ], [ -76.243298979424068, 38.445609277028034 ], [ -76.24348597782874, 38.445497277434612 ], [ -76.243580978963905, 38.445518277884979 ], [ -76.24369597796516, 38.445586277591993 ], [ -76.243733977639991, 38.445636277128713 ], [ -76.243725978890396, 38.445689277006736 ], [ -76.243680478939396, 38.445798277366706 ], [ -76.243725978607046, 38.445823277722262 ], [ -76.243779977773215, 38.445815277178227 ], [ -76.243885977510246, 38.445735277539825 ], [ -76.243992978890915, 38.44567827739963 ], [ -76.243985979607331, 38.445636277252966 ], [ -76.243939979162562, 38.445586277039183 ], [ -76.243920978531108, 38.445510277586756 ], [ -76.243969978588169, 38.445464277268513 ], [ -76.244473979224921, 38.445388277720681 ], [ -76.245076978178147, 38.445327277720494 ], [ -76.245190977550649, 38.445342277813715 ], [ -76.245243978215782, 38.445380277856096 ], [ -76.245267478748445, 38.445462277584753 ], [ -76.24515297918721, 38.445556277420607 ], [ -76.245121978286704, 38.445605277305432 ], [ -76.245114978998572, 38.4456662775616 ], [ -76.245129978575775, 38.445724277602153 ], [ -76.24517947736129, 38.445765777462846 ], [ -76.245388978037568, 38.445769277477581 ], [ -76.245426977868703, 38.445796277079147 ], [ -76.245465978169776, 38.445907277865892 ], [ -76.245503977398727, 38.445949277616144 ], [ -76.245594977622304, 38.446002277812262 ], [ -76.245632978476507, 38.446048277577411 ], [ -76.245640977741161, 38.446113277182342 ], [ -76.245700228747182, 38.446147527494311 ], [ -76.245785977148856, 38.44610127781732 ], [ -76.245823978336873, 38.446017277779127 ], [ -76.245922977563851, 38.445891277111329 ], [ -76.246327976888054, 38.445499277535504 ], [ -76.246441977212896, 38.445438277304483 ], [ -76.246517977705409, 38.445422277683015 ], [ -76.246579977565304, 38.445441277643297 ], [ -76.246640976948498, 38.44550627792718 ], [ -76.246785976992228, 38.445735277468287 ], [ -76.246838977762948, 38.445747277369392 ], [ -76.246998977267381, 38.445710277130239 ], [ -76.247128976963992, 38.445781277964393 ], [ -76.247181977562008, 38.44578827764834 ], [ -76.247334976682239, 38.445743277397575 ], [ -76.247456976932327, 38.445743277410749 ], [ -76.247578977836639, 38.445766277569682 ], [ -76.247677976534547, 38.445819277520556 ], [ -76.247738976315304, 38.445869277945754 ], [ -76.247761977719449, 38.445926277224558 ], [ -76.247753978273465, 38.445987277449511 ], [ -76.247662976599941, 38.446055277660996 ], [ -76.247288976975355, 38.446239277737362 ], [ -76.247082977459741, 38.4463002776018 ], [ -76.246724478420603, 38.446347777510262 ], [ -76.246655977694473, 38.446307277532007 ], [ -76.24661797867013, 38.446197277364327 ], [ -76.246563977338013, 38.446124277357264 ], [ -76.246495978043328, 38.446090277010086 ], [ -76.246441977437968, 38.44609427785938 ], [ -76.246403977874081, 38.446124277467561 ], [ -76.24638897785394, 38.446246277021636 ], [ -76.246365977243585, 38.446300276980246 ], [ -76.246243978038677, 38.446471276954099 ], [ -76.246228978011771, 38.446567277081655 ], [ -76.246250978790698, 38.446658276874778 ], [ -76.246312977099834, 38.446727277550316 ], [ -76.246403978158355, 38.446784277152808 ], [ -76.246479977761581, 38.446799277006427 ], [ -76.246647976574152, 38.446796277310838 ], [ -76.246731978532694, 38.446815277629554 ], [ -76.246823978140256, 38.446864276979227 ], [ -76.246892478604678, 38.446839776989194 ], [ -76.246884977539466, 38.446670277682891 ], [ -76.246907976732473, 38.446616277614886 ], [ -76.246975976624071, 38.446593277049807 ], [ -76.24706797722699, 38.446597277487356 ], [ -76.247197978073473, 38.446632276915189 ], [ -76.247311977567151, 38.446700277331686 ], [ -76.247380976838969, 38.446727277289035 ], [ -76.247433978214616, 38.446727277677013 ], [ -76.24747997742152, 38.44669627732965 ], [ -76.247517977675315, 38.44660127751591 ], [ -76.24757097661292, 38.446380277042593 ], [ -76.24764797737852, 38.446239277193975 ], [ -76.247799978182869, 38.446078277509073 ], [ -76.247982977239261, 38.445987277472483 ], [ -76.248181976665066, 38.445941277704499 ], [ -76.248269477216269, 38.445952777865841 ], [ -76.248280978055433, 38.44601027734015 ], [ -76.248188978098497, 38.446197277387725 ], [ -76.247898976570738, 38.446612277474514 ], [ -76.247837977286068, 38.446822277473409 ], [ -76.247837977172381, 38.447097277074157 ], [ -76.247921977795158, 38.447349277427882 ], [ -76.248043977871575, 38.447562277477651 ], [ -76.248082976145341, 38.447723277010645 ], [ -76.247965345628231, 38.448226946064125 ], [ -76.248040476686953, 38.448289276741434 ], [ -76.248242976118647, 38.448054277498294 ], [ -76.248330477707285, 38.448043277342407 ], [ -76.248432976004835, 38.448135277209623 ], [ -76.248516977960549, 38.448196276707179 ], [ -76.248600976257734, 38.448230276708671 ], [ -76.248852976750442, 38.448276276637877 ], [ -76.248913976135171, 38.448310277136038 ], [ -76.248959976733971, 38.448363277176576 ], [ -76.249020977338219, 38.448405276816501 ], [ -76.249356975796005, 38.448482277043063 ], [ -76.249523976838802, 38.448489276732928 ], [ -76.249668976192197, 38.448474276961797 ], [ -76.249867977265708, 38.448367277188758 ], [ -76.249958976876471, 38.44829527699261 ], [ -76.250073976315747, 38.448251277139718 ], [ -76.250141975901755, 38.448268276973728 ], [ -76.250180977003737, 38.448352276707688 ], [ -76.250157977504301, 38.448703277182013 ], [ -76.250187975786346, 38.44898127681612 ], [ -76.250302976380269, 38.449393276504814 ], [ -76.250408976227305, 38.449637276404374 ], [ -76.250561976203016, 38.449828277241316 ], [ -76.250660977050302, 38.449943277103607 ], [ -76.250782976104148, 38.450027277216158 ], [ -76.2511109751741, 38.450111276605114 ], [ -76.251156976077198, 38.450137276352962 ], [ -76.251301976830902, 38.450328276841319 ], [ -76.25140097637204, 38.450431276816197 ], [ -76.251507976358667, 38.450503276591924 ], [ -76.25174497590973, 38.450564276321515 ], [ -76.251911975260199, 38.450580277136524 ], [ -76.252095975149373, 38.450572277064602 ], [ -76.252240976260865, 38.450629276671314 ], [ -76.252590975671481, 38.450717276666893 ], [ -76.252644975121896, 38.450744276876897 ], [ -76.252682976557466, 38.450820276416884 ], [ -76.252705974883511, 38.451148276741556 ], [ -76.252735976042828, 38.451194276681107 ], [ -76.25283597619358, 38.451255276881007 ], [ -76.253208974329127, 38.451312276723655 ], [ -76.25357547480661, 38.451455776874518 ], [ -76.253552975275952, 38.451541276382493 ], [ -76.253384975478454, 38.451678276791782 ], [ -76.253338975875252, 38.451732276122527 ], [ -76.253331475631953, 38.451791276275827 ], [ -76.253460974154024, 38.451881276783553 ], [ -76.253498975993949, 38.451930276651552 ], [ -76.253514975171001, 38.451995276640169 ], [ -76.253514975457719, 38.452148276512332 ], [ -76.253537974456421, 38.452216276495434 ], [ -76.253712975019283, 38.452525276179614 ], [ -76.253765975496123, 38.452586276109002 ], [ -76.253826975700406, 38.452613276612553 ], [ -76.253880974368485, 38.452617275978156 ], [ -76.253933975402859, 38.45259027667835 ], [ -76.253964975331712, 38.452544276302191 ], [ -76.254032975735839, 38.452201276220485 ], [ -76.254093975443425, 38.452174276896351 ], [ -76.254208974445106, 38.452145776699922 ], [ -76.254208973978152, 38.452071276788381 ], [ -76.254177974791759, 38.452025276233115 ], [ -76.254040974751419, 38.451903276630212 ], [ -76.254010975066592, 38.451839276849981 ], [ -76.254010975689297, 38.451789276309199 ], [ -76.254040975120674, 38.451728276528172 ], [ -76.254116974625944, 38.451671276856324 ], [ -76.254185975925338, 38.451663276852422 ], [ -76.254345975252605, 38.451705276302178 ], [ -76.254467975248872, 38.451797276185246 ], [ -76.254650974346234, 38.451884276558047 ], [ -76.254925975345785, 38.45213627615216 ], [ -76.255017975297292, 38.452193276212661 ], [ -76.255104974428605, 38.452208776095858 ], [ -76.255146974645783, 38.45212827625236 ], [ -76.255146975301386, 38.451995276624224 ], [ -76.255123973916369, 38.451854276165363 ], [ -76.255078975506748, 38.451720276967748 ], [ -76.255032974783887, 38.4516212762016 ], [ -76.254971975387633, 38.451537276617444 ], [ -76.254834974779314, 38.451392777704122 ], [ -76.255017975574276, 38.451232276637256 ], [ -76.255078975046032, 38.451156276270027 ], [ -76.255139975426687, 38.451064276604882 ], [ -76.255360974941908, 38.450576276533148 ], [ -76.255406974750429, 38.450519277282773 ], [ -76.255474975569186, 38.450477276942422 ], [ -76.255646974029887, 38.450461777976038 ], [ -76.255688974745794, 38.450523276775435 ], [ -76.25569697385491, 38.450618276837048 ], [ -76.255734974670077, 38.450740276751226 ], [ -76.25578097456301, 38.45100327720035 ], [ -76.25583397544078, 38.4511712764387 ], [ -76.255833974499353, 38.451373276803444 ], [ -76.255902974198293, 38.451511276439227 ], [ -76.255909975395269, 38.451572276925404 ], [ -76.255886973440781, 38.451625276901972 ], [ -76.255734974547323, 38.45176627698465 ], [ -76.255818974462088, 38.451865276921836 ], [ -76.255940974959728, 38.451945276918828 ], [ -76.256054975064018, 38.451991276502994 ], [ -76.25609297336085, 38.452033276313145 ], [ -76.256149020861841, 38.452238760179277 ], [ -76.256281367391963, 38.452231324269924 ], [ -76.256464924568689, 38.452277702380499 ], [ -76.256367974734061, 38.452132276229285 ], [ -76.256375974638203, 38.452090276575909 ], [ -76.256459975049594, 38.452010276836752 ], [ -76.256474974957257, 38.451942276689046 ], [ -76.256466974219506, 38.451881277046454 ], [ -76.25642097335674, 38.451839276550871 ], [ -76.25635297534653, 38.451808276685668 ], [ -76.256245973427113, 38.451800276690243 ], [ -76.256192975392054, 38.45177427648926 ], [ -76.256176974984939, 38.451709276876464 ], [ -76.25619297489979, 38.451648276939146 ], [ -76.256253975419511, 38.451602276289428 ], [ -76.256367974867302, 38.451583276671634 ], [ -76.256443975204832, 38.451587277047118 ], [ -76.256497973312662, 38.451614276342625 ], [ -76.256680975247519, 38.451942276990607 ], [ -76.256840973102072, 38.452041276287211 ], [ -76.256909974108481, 38.452041276548968 ], [ -76.256947974717164, 38.452010276216072 ], [ -76.256947974654281, 38.451926276223972 ], [ -76.256863974230185, 38.45180027682386 ], [ -76.256779973562104, 38.451606276634294 ], [ -76.256810973988166, 38.451549276297499 ], [ -76.256855974324054, 38.4515182766634 ], [ -76.256909975058605, 38.451511276322357 ], [ -76.256977974802055, 38.451526276603694 ], [ -76.257191974841945, 38.451659276369064 ], [ -76.257229974619179, 38.451705276757387 ], [ -76.257298972955113, 38.451934276497916 ], [ -76.25734497384488, 38.45202527625986 ], [ -76.257405972974624, 38.452075276916226 ], [ -76.257496974239018, 38.452109276476726 ], [ -76.257603974582409, 38.452113276163757 ], [ -76.257702973263974, 38.452090276554898 ], [ -76.257794973155896, 38.452022276686009 ], [ -76.257931974647505, 38.451774276934685 ], [ -76.257977974591896, 38.451751277035953 ], [ -76.258038974238616, 38.451743276751088 ], [ -76.258091974493809, 38.451751276830706 ], [ -76.258129972700459, 38.451793276868131 ], [ -76.258160973524298, 38.451873276721216 ], [ -76.258297973623399, 38.45242227680064 ], [ -76.258305973786719, 38.452586276480268 ], [ -76.258282973734197, 38.452724276921785 ], [ -76.258229974481765, 38.452792276836306 ], [ -76.258023974441926, 38.452914276076157 ], [ -76.257931974237991, 38.45300227633772 ], [ -76.257771974688097, 38.45323527664371 ], [ -76.257664974714416, 38.453353276604695 ], [ -76.257672973197344, 38.453414276138872 ], [ -76.257702972977896, 38.453452276472866 ], [ -76.257763973753853, 38.45345627645672 ], [ -76.257855973994253, 38.453437276147682 ], [ -76.258213974609177, 38.453273276032618 ], [ -76.258290973982739, 38.453258275966171 ], [ -76.25841997425735, 38.453265276739948 ], [ -76.258587974148497, 38.45330727636378 ], [ -76.258816973344281, 38.453387276419051 ], [ -76.258976972359449, 38.453422276573676 ], [ -76.259106974282957, 38.453433276710605 ], [ -76.259201972943941, 38.453415776470884 ], [ -76.259243973630348, 38.453361276347515 ], [ -76.259251973463009, 38.452853276178274 ], [ -76.259228974084479, 38.452708276562582 ], [ -76.259152973770199, 38.452682276889597 ], [ -76.25896997346166, 38.452651276131995 ], [ -76.25887797314283, 38.45260227660674 ], [ -76.258831973077477, 38.452533276803209 ], [ -76.258839974084651, 38.452476276840173 ], [ -76.258885974440275, 38.45243427638578 ], [ -76.259114972769424, 38.452354276902945 ], [ -76.25919097238959, 38.452289276552541 ], [ -76.259198973628088, 38.45217027682277 ], [ -76.259175973439127, 38.452025276284132 ], [ -76.259098973127223, 38.451831276543409 ], [ -76.258892973305208, 38.451472276775966 ], [ -76.258831972726711, 38.451324276767238 ], [ -76.258831972539909, 38.451255276943314 ], [ -76.258854974647846, 38.451190277173033 ], [ -76.258900974275178, 38.451140276627129 ], [ -76.258969972517434, 38.451106277097772 ], [ -76.25905397258461, 38.451106277241045 ], [ -76.25922897349875, 38.451140276428561 ], [ -76.259602972461423, 38.451243276978964 ], [ -76.259838972994146, 38.451358276834881 ], [ -76.260014973393368, 38.451648276651717 ], [ -76.260052972920818, 38.451774276931651 ], [ -76.260037973032198, 38.451850276702366 ], [ -76.259938973409291, 38.452041276426783 ], [ -76.259946473568306, 38.45209277702569 ], [ -76.260090973342528, 38.452109276662782 ], [ -76.260273972201915, 38.452052276543746 ], [ -76.260380972034454, 38.451984276528144 ], [ -76.260472973596336, 38.451892277019496 ], [ -76.260563973979785, 38.45183527682822 ], [ -76.260632972312507, 38.451820276508606 ], [ -76.260830973124925, 38.451816277016313 ], [ -76.260899972410968, 38.45179327646229 ], [ -76.260945972127345, 38.451743276916353 ], [ -76.260960972546499, 38.451690276373192 ], [ -76.260937972970737, 38.451583276597219 ], [ -76.260876973208269, 38.451472277176599 ], [ -76.260868972013213, 38.451396276801347 ], [ -76.260914972623169, 38.451306776867142 ], [ -76.261158973095093, 38.451259277340945 ], [ -76.261235972799881, 38.451228276977034 ], [ -76.261311973871102, 38.451163277065888 ], [ -76.261380973753234, 38.451045277060267 ], [ -76.261448971945612, 38.450767277105854 ], [ -76.261494972036814, 38.450679276958738 ], [ -76.261586972415202, 38.450572277321079 ], [ -76.261647972919505, 38.450473276921919 ], [ -76.261669971871498, 38.450355276891713 ], [ -76.261647973846948, 38.450057277155359 ], [ -76.261654972281562, 38.44995827740636 ], [ -76.261708973080204, 38.449798276872251 ], [ -76.261868972520489, 38.449557277459434 ], [ -76.261975973740078, 38.449481277728154 ], [ -76.262074971821121, 38.449454277078182 ], [ -76.262158472983472, 38.449479777483212 ], [ -76.262165973428068, 38.449534277067599 ], [ -76.262104972167236, 38.449706277576972 ], [ -76.262196972560432, 38.449943277388947 ], [ -76.262142973291887, 38.450191277252081 ], [ -76.262142972560213, 38.450275277206579 ], [ -76.26222697276944, 38.450824277066971 ], [ -76.262242972600532, 38.451022277167525 ], [ -76.262204973534608, 38.451118277186978 ], [ -76.261998971827936, 38.451331277126492 ], [ -76.261967971526119, 38.451404277184608 ], [ -76.261987472660564, 38.451455776463362 ], [ -76.262051972883185, 38.451472276758714 ], [ -76.262112972608193, 38.451453276928589 ], [ -76.262303973480869, 38.451282277385872 ], [ -76.262402971660194, 38.451224277029432 ], [ -76.262524972499847, 38.451179276909542 ], [ -76.262585972424631, 38.451175276986689 ], [ -76.262646972409556, 38.451202277346958 ], [ -76.262738972526918, 38.451369276880314 ], [ -76.262776971605447, 38.451511277300789 ], [ -76.262808999353041, 38.451908000021128 ], [ -76.262839999811973, 38.452017999792467 ], [ -76.263434999467805, 38.452769999390483 ], [ -76.263473000194367, 38.452834999701842 ], [ -76.263480999115473, 38.452898999739865 ], [ -76.263447380392861, 38.452976600733592 ], [ -76.263389000135959, 38.452968000497314 ], [ -76.26311400111102, 38.45269699936977 ], [ -76.262839999361688, 38.452471999866461 ], [ -76.262725000041243, 38.452403999509713 ], [ -76.262573000262947, 38.452330999990956 ], [ -76.262434999965549, 38.452296999522218 ], [ -76.262229000285089, 38.452273999298214 ], [ -76.261908999711224, 38.452277999443133 ], [ -76.261763999661895, 38.452238999564265 ], [ -76.26164199970161, 38.452228000133218 ], [ -76.261511999959069, 38.45223199938652 ], [ -76.261360000196831, 38.452247000069548 ], [ -76.2612379988214, 38.452277999733511 ], [ -76.261169000610408, 38.45231599974975 ], [ -76.261077000405209, 38.452399999732798 ], [ -76.260993000507625, 38.452502999416701 ], [ -76.260955000535972, 38.452624999297058 ], [ -76.260939999144043, 38.452777000846041 ], [ -76.26093999887425, 38.452906999471971 ], [ -76.26097099914449, 38.45301399972125 ], [ -76.261015999775211, 38.453125000835847 ], [ -76.26105400054773, 38.453375999344559 ], [ -76.261100000502381, 38.45361300086018 ], [ -76.261206998738885, 38.453978999977167 ], [ -76.261191500628541, 38.454053500302557 ], [ -76.261126431870224, 38.454084236045681 ], [ -76.261047000647878, 38.454067000565253 ], [ -76.2607420004245, 38.453875999143627 ], [ -76.260635000410872, 38.453841999359973 ], [ -76.26045899917348, 38.453834000740322 ], [ -76.260283999646518, 38.453875999739722 ], [ -76.260161999772691, 38.453945000492439 ], [ -76.260062999548467, 38.454032000151891 ], [ -76.259994000308993, 38.454132000111308 ], [ -76.259979001026537, 38.454215999956148 ], [ -76.259848999893251, 38.454367999782015 ], [ -76.259810999285435, 38.454455999844583 ], [ -76.259795999686816, 38.454597000249208 ], [ -76.259818999672731, 38.454700000203722 ], [ -76.259879999391941, 38.454803000075472 ], [ -76.259963000284472, 38.454883000288362 ], [ -76.260398000558581, 38.455032000050593 ], [ -76.260535999865766, 38.455107999726636 ], [ -76.260672998739935, 38.455237999720012 ], [ -76.260749000254265, 38.455284000386641 ], [ -76.26081000065885, 38.45530299980927 ], [ -76.261061999772622, 38.455317999717067 ], [ -76.261276000569879, 38.455351999826505 ], [ -76.261465999694423, 38.455425000400567 ], [ -76.261634000165955, 38.455538999900277 ], [ -76.261748999628026, 38.455677000204957 ], [ -76.261839999543184, 38.455837000270947 ], [ -76.261894000393966, 38.455977999979147 ], [ -76.261894000087082, 38.45604699976704 ], [ -76.261856000114037, 38.456100000135962 ], [ -76.261787000440776, 38.456123000374916 ], [ -76.261565999512385, 38.456156999724342 ], [ -76.261369041474993, 38.456216943778124 ], [ -76.261253000214467, 38.456271999675351 ], [ -76.261145999554088, 38.456347999691701 ], [ -76.261062000394574, 38.456424000070349 ], [ -76.261016000493413, 38.456500999941269 ], [ -76.261024000501521, 38.45660000050875 ], [ -76.261077000609973, 38.456637999499641 ], [ -76.261177000594557, 38.456644999971061 ], [ -76.261366999617763, 38.456610999608145 ], [ -76.261516757900878, 38.456556623847106 ], [ -76.261715013368629, 38.45644012506115 ], [ -76.261870999814747, 38.456335999667814 ], [ -76.261917000284996, 38.456314000017514 ], [ -76.261981499537214, 38.456325000259767 ], [ -76.262007999527341, 38.456374999848158 ], [ -76.262001000464068, 38.456419999949652 ], [ -76.261939999746716, 38.456549999944997 ], [ -76.261946999359211, 38.456600000798886 ], [ -76.261985000425668, 38.456652999662793 ], [ -76.262183999840929, 38.456790000125508 ], [ -76.262228999142408, 38.456870999516923 ], [ -76.262274999514162, 38.456974000064392 ], [ -76.262381999184569, 38.457167999882188 ], [ -76.262488999439981, 38.457423999312397 ], [ -76.262702000790682, 38.457878000846726 ], [ -76.262724999133042, 38.457980999265985 ], [ -76.262709999310914, 38.458048999273146 ], [ -76.262641000914684, 38.458087000183745 ], [ -76.262503999609805, 38.458133000703761 ], [ -76.26235099925951, 38.458194000460161 ], [ -76.262260000045302, 38.458243999314121 ], [ -76.262221999170166, 38.458297000698494 ], [ -76.262206999852225, 38.458362000616731 ], [ -76.262221999552182, 38.458446000370735 ], [ -76.262283000800281, 38.458533999683205 ], [ -76.262541999440444, 38.458728000197169 ], [ -76.262718000196855, 38.458877000563689 ], [ -76.262855000010617, 38.459036999090195 ], [ -76.262954000749886, 38.45922399972968 ], [ -76.263061000344109, 38.459402999623251 ], [ -76.263235999709806, 38.459639999989065 ], [ -76.263435000630238, 38.45996000000639 ], [ -76.263542000305989, 38.460052000396125 ], [ -76.263640999558987, 38.460085999832906 ], [ -76.263854000342207, 38.460075000019906 ], [ -76.263961000476357, 38.46008300011227 ], [ -76.264052999853902, 38.460108999787145 ], [ -76.264228000317431, 38.460188999818797 ], [ -76.264578999375843, 38.460403000516742 ], [ -76.264770000552247, 38.460558999998625 ], [ -76.264914999196748, 38.460739000029953 ], [ -76.265083000147683, 38.461101000362092 ], [ -76.26515099966997, 38.461539999800941 ], [ -76.265205000115984, 38.461746000278744 ], [ -76.265265998920583, 38.46186800007743 ], [ -76.265457000887167, 38.462024000191356 ], [ -76.265944999849864, 38.462230000184107 ], [ -76.266273000254756, 38.462383000118251 ], [ -76.266479000339984, 38.462454999729758 ], [ -76.266623999475428, 38.46248199974405 ], [ -76.266700000114199, 38.462470999495523 ], [ -76.266852999480832, 38.462473999978826 ], [ -76.266898999949504, 38.462451000137975 ], [ -76.267005000201735, 38.462309999614618 ], [ -76.267134999308809, 38.462169000032326 ], [ -76.26721149936553, 38.462126999613893 ], [ -76.267310999632784, 38.462141999776257 ], [ -76.267455999470386, 38.462264999645377 ], [ -76.267532000271146, 38.462291000097885 ], [ -76.267692000123574, 38.462302999580395 ], [ -76.267752999138295, 38.462290999509904 ], [ -76.267807000415615, 38.46225700012014 ], [ -76.267905999901501, 38.462115999681508 ], [ -76.267603999873643, 38.462211001309647 ], [ -76.267462999635171, 38.462073999704295 ], [ -76.267387001139141, 38.462023999898115 ], [ -76.267310999414661, 38.461997000234071 ], [ -76.267149999761273, 38.462004999501829 ], [ -76.267065999584133, 38.462039000206758 ], [ -76.266966999461147, 38.462120000279064 ], [ -76.266737999921148, 38.462370999822546 ], [ -76.266685000158205, 38.462280000277936 ], [ -76.266440999721112, 38.462027999805798 ], [ -76.266188999880683, 38.461893999804573 ], [ -76.265791999858365, 38.46173000013264 ], [ -76.265715998788664, 38.461657999899657 ], [ -76.265632000301466, 38.46153199987338 ], [ -76.265617000165065, 38.461429000419024 ], [ -76.265639999129135, 38.461020999695563 ], [ -76.265608999621534, 38.46069700054943 ], [ -76.265533000418486, 38.460517000073565 ], [ -76.265380000490936, 38.460319000471344 ], [ -76.26509800056111, 38.460078999094328 ], [ -76.26491499916726, 38.459865000690982 ], [ -76.264403999939333, 38.45940000025945 ], [ -76.264235999420038, 38.459186000303134 ], [ -76.264007000018069, 38.458774000686802 ], [ -76.263838999940248, 38.458273999154628 ], [ -76.263732000628735, 38.458084000766 ], [ -76.263663998681068, 38.457911999342699 ], [ -76.263610000205929, 38.457714000859561 ], [ -76.263488000332984, 38.45674499943442 ], [ -76.263236000376125, 38.455982000138128 ], [ -76.26317899979118, 38.455745000000213 ], [ -76.263258999358925, 38.455699500054237 ], [ -76.263488000384839, 38.455734000277644 ], [ -76.263876999820624, 38.455867000324275 ], [ -76.26428200041039, 38.456050000051114 ], [ -76.265121000318885, 38.456366999933742 ], [ -76.265356999459371, 38.456489000154164 ], [ -76.265510000198461, 38.456583999783525 ], [ -76.265663000197478, 38.456664999969476 ], [ -76.265906999766401, 38.456747999738162 ], [ -76.266249999838905, 38.456909000260815 ], [ -76.266600999953752, 38.457167999881399 ], [ -76.266943999955785, 38.457466000530601 ], [ -76.267181000344166, 38.457611000832124 ], [ -76.267432999768872, 38.457724999498829 ], [ -76.26765399967455, 38.457789999807169 ], [ -76.267889999361316, 38.457817001131886 ], [ -76.268065999958537, 38.457797999871921 ], [ -76.268095999793971, 38.457762999484387 ], [ -76.268088999672386, 38.457716999966927 ], [ -76.268005000213293, 38.457678999750478 ], [ -76.267669000527107, 38.457606999914589 ], [ -76.267463000457553, 38.457522999502331 ], [ -76.267265000114492, 38.45734699969082 ], [ -76.267051000538885, 38.457138000015455 ], [ -76.266616000701177, 38.45677499989818 ], [ -76.266470999645065, 38.456615000310045 ], [ -76.26633400004846, 38.45652000037385 ], [ -76.266203999154257, 38.456465999858935 ], [ -76.266006000478029, 38.456412999950302 ], [ -76.265730999451023, 38.456356000056466 ], [ -76.265586000214824, 38.456298000340446 ], [ -76.265448999573493, 38.456211000319165 ], [ -76.265281000068398, 38.456134000450795 ], [ -76.265128999626867, 38.456085000081593 ], [ -76.264800999447374, 38.456031000344382 ], [ -76.264656000191025, 38.455986000484877 ], [ -76.263930999085545, 38.45558900033177 ], [ -76.263426999865345, 38.455322000180971 ], [ -76.263182999478545, 38.455131000374351 ], [ -76.262985000740429, 38.454916999975502 ], [ -76.262350999970238, 38.454101000222948 ], [ -76.261870999835295, 38.453514000106459 ], [ -76.2617110004512, 38.453349999937629 ], [ -76.2616269995858, 38.453238999700652 ], [ -76.26157299959344, 38.453120999173279 ], [ -76.26153499892223, 38.452945000705448 ], [ -76.261557999779839, 38.452906999782357 ], [ -76.261619000275218, 38.452865000876251 ], [ -76.261741000413735, 38.452841999979881 ], [ -76.261901000087107, 38.452853999478513 ], [ -76.262015999704971, 38.452896000388904 ], [ -76.262152999594036, 38.452964000739883 ], [ -76.262373999336617, 38.453116999510769 ], [ -76.262611000565187, 38.453268999484628 ], [ -76.262794000064432, 38.453371999704721 ], [ -76.262954000260692, 38.453417999889304 ], [ -76.263083999176359, 38.453425999123304 ], [ -76.263244000004832, 38.453407000962713 ], [ -76.263388999003809, 38.453337999686845 ], [ -76.263663999043587, 38.453155001019176 ], [ -76.263771000881889, 38.45304799931781 ], [ -76.263823998913253, 38.452925999963902 ], [ -76.263832000928602, 38.452792999831701 ], [ -76.263801000955226, 38.452517999596196 ], [ -76.263762999684729, 38.452319999860045 ], [ -76.263701999467955, 38.452143999503235 ], [ -76.26366897238762, 38.452071276679753 ], [ -76.263493972110211, 38.451904027925124 ], [ -76.263539972680107, 38.451865277030578 ], [ -76.263851972590842, 38.451846276472281 ], [ -76.264141971757425, 38.451781276601267 ], [ -76.264859971715367, 38.451484276764134 ], [ -76.265004971604512, 38.451392276879389 ], [ -76.265362970614788, 38.451049277411848 ], [ -76.265416972156714, 38.450965276867031 ], [ -76.265507970510313, 38.450759276745465 ], [ -76.265560972148805, 38.450683277095109 ], [ -76.265667972093127, 38.450591277415498 ], [ -76.265881970996233, 38.450473277510767 ], [ -76.265934971956682, 38.450477277579019 ], [ -76.265995971710581, 38.450507277105174 ], [ -76.266133970455655, 38.450622276847021 ], [ -76.266316970276577, 38.450824277017482 ], [ -76.266415970323848, 38.450904277334104 ], [ -76.26657597123625, 38.450992277473105 ], [ -76.266850970430696, 38.451140277284232 ], [ -76.267239971244294, 38.451324277523398 ], [ -76.267643970782245, 38.451446276773147 ], [ -76.267742971585406, 38.451491277408657 ], [ -76.267826970482218, 38.45154927716068 ], [ -76.267895971470779, 38.451625277036143 ], [ -76.26793397059312, 38.451747277310432 ], [ -76.267987970712554, 38.451854277423635 ], [ -76.268200969840663, 38.452025276937938 ], [ -76.268429970541675, 38.452083276710304 ], [ -76.268521971357998, 38.452079277133222 ], [ -76.26874297128964, 38.452018276984091 ], [ -76.269017971120618, 38.451873276914426 ], [ -76.269154969449943, 38.451823276847904 ], [ -76.269291971367636, 38.45179327683428 ], [ -76.269612970824227, 38.451758276758632 ], [ -76.269787970456932, 38.45172027731202 ], [ -76.270031969110534, 38.451640276863735 ], [ -76.270207969431667, 38.451633277066712 ], [ -76.270268969053603, 38.451659276992672 ], [ -76.270321970375534, 38.451705277251982 ], [ -76.27071896920242, 38.452235276937657 ], [ -76.270977969893792, 38.452502277399702 ], [ -76.271084969720718, 38.452590277146925 ], [ -76.271168970682311, 38.452636277056513 ], [ -76.271267969515009, 38.452659277144434 ], [ -76.27166496952205, 38.4527052771179 ], [ -76.271864999378622, 38.452709000425479 ], [ -76.272185999822284, 38.453082999707767 ], [ -76.272506000933433, 38.453124999570555 ], [ -76.272612999319307, 38.453170000187903 ], [ -76.272681999494978, 38.453242999841763 ], [ -76.272712000179339, 38.453319000205717 ], [ -76.272696999499587, 38.453406999827685 ], [ -76.272635999585802, 38.453520999774703 ], [ -76.272537000576307, 38.453654999602179 ], [ -76.272445000334088, 38.453730999433368 ], [ -76.272322999492687, 38.453757999886079 ], [ -76.272262000023318, 38.453753999459131 ], [ -76.272178000441812, 38.453700999398514 ], [ -76.272101999645315, 38.45359799941928 ], [ -76.272048000119483, 38.453490999476543 ], [ -76.271987000392983, 38.453430000177356 ], [ -76.271866224458805, 38.453416807458147 ], [ -76.271781000046275, 38.453433000063249 ], [ -76.271690000103789, 38.453506001042598 ], [ -76.271605998810585, 38.453536000420549 ], [ -76.271514000454886, 38.453495000248409 ], [ -76.27144600049202, 38.45338799955033 ], [ -76.271392000463138, 38.453341999858061 ], [ -76.271239999701834, 38.453329999707137 ], [ -76.27114799934283, 38.453345999759968 ], [ -76.271079999753169, 38.453376000121743 ], [ -76.270706000501804, 38.453669999897919 ], [ -76.270575999798609, 38.453727000794515 ], [ -76.269813000636901, 38.453907000469542 ], [ -76.269638000073826, 38.453909999648204 ], [ -76.269577000576746, 38.453871999291458 ], [ -76.269546000706711, 38.453822999274728 ], [ -76.26951500113843, 38.4537079995292 ], [ -76.269515000839206, 38.453536000605723 ], [ -76.269537999204516, 38.453356999482651 ], [ -76.269614999374923, 38.453196999563652 ], [ -76.269598999302318, 38.453125000918909 ], [ -76.269546000618192, 38.453052000097053 ], [ -76.269454001108556, 38.452971999705277 ], [ -76.269286999916318, 38.452899000210962 ], [ -76.269225999789825, 38.452891999952122 ], [ -76.269015999514096, 38.452939499896658 ], [ -76.268942999951761, 38.452921999506863 ], [ -76.268920000176394, 38.452837999811948 ], [ -76.268912999320378, 38.452704999500362 ], [ -76.268863000044774, 38.452674499635819 ], [ -76.268745000384683, 38.452716000043424 ], [ -76.268684000381697, 38.452857000012159 ], [ -76.26845500036471, 38.452864999593835 ], [ -76.268263999805725, 38.452949000239322 ], [ -76.268249000277024, 38.452994999827496 ], [ -76.26826400045644, 38.453051999428382 ], [ -76.268309999814406, 38.453093999675062 ], [ -76.268455000186989, 38.453120999338402 ], [ -76.268707000476326, 38.453093999415394 ], [ -76.268775000099652, 38.45313200018613 ], [ -76.268844000628334, 38.453238999769226 ], [ -76.268920500181665, 38.453403001131079 ], [ -76.268981000327472, 38.453429999490169 ], [ -76.269172000262998, 38.453425999319776 ], [ -76.269248499334751, 38.453452500954604 ], [ -76.269225999874735, 38.45362799972628 ], [ -76.269187000267607, 38.453703999986843 ], [ -76.269141999421763, 38.453761999219893 ], [ -76.268950999434196, 38.453899000607642 ], [ -76.268928000155896, 38.453948000382567 ], [ -76.268919999996911, 38.454013000167755 ], [ -76.268942999911886, 38.45405899949688 ], [ -76.268989000181875, 38.454081999291901 ], [ -76.269087999803688, 38.454101000295417 ], [ -76.269759999804208, 38.454138999905638 ], [ -76.270239999098862, 38.454066999528095 ], [ -76.270667999935398, 38.453971000013041 ], [ -76.270827999869354, 38.453922000129424 ], [ -76.270934999599902, 38.453834001061473 ], [ -76.270980000256088, 38.453769000175193 ], [ -76.271033999927752, 38.453739001150346 ], [ -76.271101998696707, 38.453715999972729 ], [ -76.271202000637942, 38.45371199984767 ], [ -76.271438000344872, 38.453800000011746 ], [ -76.27174300008258, 38.453757999829001 ], [ -76.271835000073992, 38.453757999447923 ], [ -76.271971999801877, 38.45397099938522 ], [ -76.272139999543924, 38.454050999504069 ], [ -76.272232000137137, 38.454058999784209 ], [ -76.272299999744476, 38.454047999822983 ], [ -76.272468000149743, 38.453978999903704 ], [ -76.272476001040303, 38.454085999673829 ], [ -76.272322999354714, 38.454329999730632 ], [ -76.272299999298554, 38.45439499939998 ], [ -76.27218600010201, 38.454902000217039 ], [ -76.272185999337609, 38.455023999526937 ], [ -76.272209000259323, 38.455134999693314 ], [ -76.272307999351099, 38.45532900043073 ], [ -76.272307999438524, 38.455402000196365 ], [ -76.272282263673802, 38.455495756849636 ], [ -76.272139999544336, 38.455795000159064 ], [ -76.272086999451545, 38.455982000194304 ], [ -76.272044999555419, 38.456019500251223 ], [ -76.271903500732776, 38.456063498900164 ], [ -76.271911001143607, 38.456138000673413 ], [ -76.271964999725981, 38.456221999539807 ], [ -76.272048000017008, 38.456290999917258 ], [ -76.272124999788048, 38.456317000059769 ], [ -76.272276999581791, 38.456306000596634 ], [ -76.272322999056797, 38.456264000259118 ], [ -76.272331000967768, 38.456199000274637 ], [ -76.272285001077307, 38.456027000468779 ], [ -76.272276999744491, 38.455916999763147 ], [ -76.272300000577417, 38.455814000659345 ], [ -76.27238399904185, 38.455668999703036 ], [ -76.272445000310682, 38.455524000512348 ], [ -76.27246799947244, 38.455394000218526 ], [ -76.272452999772653, 38.454989999831042 ], [ -76.272521000687817, 38.45450199989223 ], [ -76.272598001149021, 38.45428399931 ], [ -76.272696999707222, 38.454105000817009 ], [ -76.272749999492987, 38.453971000088536 ], [ -76.272765999883191, 38.453879999489409 ], [ -76.27275800018964, 38.45373099936382 ], [ -76.272887999471493, 38.453467999546056 ], [ -76.272941000900843, 38.453127999557601 ], [ -76.2729329997088, 38.453009999715974 ], [ -76.272911000443585, 38.45294100003818 ], [ -76.272857000002602, 38.452896000135958 ], [ -76.272795999799314, 38.452864999732313 ], [ -76.272560000078954, 38.452827000074265 ], [ -76.272498999964526, 38.452789000350265 ], [ -76.27249899974953, 38.45260600046295 ], [ -76.27261096923327, 38.452594276762909 ], [ -76.27280196970068, 38.452537277358196 ], [ -76.272869968630403, 38.452537277168901 ], [ -76.273040000703944, 38.45258300013181 ], [ -76.273169999203546, 38.452609999957609 ], [ -76.273353000294804, 38.452663000120808 ], [ -76.273558999709891, 38.452793000469697 ], [ -76.273788000075541, 38.453033000291441 ], [ -76.274161999674646, 38.453635999704957 ], [ -76.274322000178088, 38.453861000202394 ], [ -76.274353000140337, 38.453968001247979 ], [ -76.274360000303417, 38.45413199963302 ], [ -76.274391000316669, 38.45426100086425 ], [ -76.274458999997293, 38.454340999556344 ], [ -76.27496299961453, 38.454634999602014 ], [ -76.27509999977859, 38.454788000645195 ], [ -76.275160999558523, 38.454970999366786 ], [ -76.275177000256818, 38.455211000499773 ], [ -76.275138001231412, 38.455435999541855 ], [ -76.275138000420952, 38.455630999464489 ], [ -76.275215000831366, 38.45585600022234 ], [ -76.275328999622602, 38.456038999073819 ], [ -76.275360000006827, 38.456142000693276 ], [ -76.275351999894724, 38.456192000748409 ], [ -76.275321000124237, 38.456230000375385 ], [ -76.275123000845682, 38.45624500043423 ], [ -76.274931999308109, 38.456275000750061 ], [ -76.274832999519504, 38.456348000169129 ], [ -76.274802999541691, 38.456423999034122 ], [ -76.274833000251107, 38.456516000760622 ], [ -76.274977999934791, 38.456625999249518 ], [ -76.27517700008039, 38.456684000017532 ], [ -76.275351999224185, 38.456687000600951 ], [ -76.275543000628687, 38.456625999315769 ], [ -76.275680000415434, 38.456603999894185 ], [ -76.275772000101256, 38.456606999998385 ], [ -76.275856000152217, 38.456630000757769 ], [ -76.275954999170324, 38.45668400067688 ], [ -76.276488999884108, 38.457072998970467 ], [ -76.27661099951456, 38.457107000045283 ], [ -76.276778999777648, 38.457088000616388 ], [ -76.276946999868017, 38.457035000649931 ], [ -76.277251999889728, 38.45688999946244 ], [ -76.277579999745569, 38.456755999255726 ], [ -76.277899999608948, 38.456707000450898 ], [ -76.278082999939684, 38.456707000711319 ], [ -76.278198000126906, 38.456721999673981 ], [ -76.278380999879232, 38.456764000720192 ], [ -76.278434499362234, 38.456794500173814 ], [ -76.278480000025553, 38.456831999500139 ], [ -76.278525999363495, 38.456854999081067 ], [ -76.279060000599983, 38.456993000448804 ], [ -76.279131999103285, 38.456998000723758 ], [ -76.279205000640886, 38.456981500693473 ], [ -76.279266000916479, 38.4569580008286 ], [ -76.279342000053916, 38.456962000576077 ], [ -76.279472000710555, 38.456993000530026 ], [ -76.27951749902607, 38.457019499338017 ], [ -76.279529000619121, 38.457059500782186 ], [ -76.279456999771668, 38.457107000280942 ], [ -76.279380000283425, 38.457141000126249 ], [ -76.279272516004184, 38.457152856433495 ], [ -76.279211999868451, 38.457153000552637 ], [ -76.279144000037931, 38.457170000117365 ], [ -76.27909800058525, 38.457195000288223 ], [ -76.279074998958492, 38.45723250011595 ], [ -76.279113499370197, 38.457290000032707 ], [ -76.279144000616597, 38.457350999847741 ], [ -76.279159000435783, 38.457400999710728 ], [ -76.279177999791131, 38.457603000460189 ], [ -76.279227999505991, 38.457706000043622 ], [ -76.279288999694245, 38.457774999139389 ], [ -76.2793190001357, 38.457847000393002 ], [ -76.279373000607492, 38.457931000261581 ], [ -76.279402999793518, 38.458022999850229 ], [ -76.279403000545585, 38.458113999717156 ], [ -76.279365000133993, 38.458248000107751 ], [ -76.279281000435105, 38.458656000116449 ], [ -76.279281000207035, 38.458929999704253 ], [ -76.279288999255456, 38.459032999770699 ], [ -76.27930399882905, 38.459109999832265 ], [ -76.279342000762057, 38.459165000149419 ], [ -76.279425917959202, 38.459176690481755 ], [ -76.279541000564535, 38.459171000137168 ], [ -76.279601998958569, 38.459178000329345 ], [ -76.279670000186016, 38.459200999927027 ], [ -76.279739000040024, 38.459250999597877 ], [ -76.279799999723039, 38.459320000207839 ], [ -76.279845999811258, 38.459395999694756 ], [ -76.279876000264935, 38.45947999999003 ], [ -76.279890999861593, 38.459575000118861 ], [ -76.279944999500614, 38.459626499428744 ], [ -76.280020999725039, 38.459666999922732 ], [ -76.280188999786134, 38.459681999412766 ], [ -76.280302999763407, 38.459662999684774 ], [ -76.280418000230426, 38.45962499958349 ], [ -76.280714999483166, 38.459491000152489 ], [ -76.280951999518848, 38.459316000121589 ], [ -76.281172999412377, 38.459197000106514 ], [ -76.281272000372951, 38.459124999826123 ], [ -76.2813259997572, 38.459053000182365 ], [ -76.281386999490877, 38.459006999912354 ], [ -76.281447999196359, 38.458983999798406 ], [ -76.281714999434072, 38.458965000486131 ], [ -76.281798999289435, 38.458961000296888 ], [ -76.281874999577283, 38.458974500258066 ], [ -76.281883000858073, 38.459025999717618 ], [ -76.281813999630174, 38.459143999983716 ], [ -76.281798999557793, 38.459194000392067 ], [ -76.281791000016639, 38.459266000139749 ], [ -76.281828999086358, 38.459364999969736 ], [ -76.281905999750606, 38.459464999590097 ], [ -76.28208900084708, 38.459662999603111 ], [ -76.282202999169044, 38.459849999664812 ], [ -76.282279000174981, 38.459945000015701 ], [ -76.282332999834679, 38.460025000232996 ], [ -76.282394000542524, 38.460074500208648 ], [ -76.282554000501463, 38.460102500076694 ], [ -76.282569000347721, 38.460250000256536 ], [ -76.282530999316648, 38.460326999378431 ], [ -76.282348000372593, 38.460440999902822 ], [ -76.282263999551091, 38.460506000082546 ], [ -76.282211000406335, 38.460570999980114 ], [ -76.282180000386973, 38.460631999801564 ], [ -76.282118999931967, 38.460814999784276 ], [ -76.282011999980227, 38.460895000037041 ], [ -76.281935999802968, 38.461001999346927 ], [ -76.281897999947461, 38.461104999382727 ], [ -76.281828998877685, 38.461214999595491 ], [ -76.28169999988188, 38.461341000791215 ], [ -76.281584999980836, 38.461466999280134 ], [ -76.281477999897618, 38.461624000567916 ], [ -76.281355999220366, 38.461719000303539 ], [ -76.280791999668892, 38.46192100057619 ], [ -76.279898999943697, 38.462207000192599 ], [ -76.279593999920252, 38.462405999838445 ], [ -76.279311999993652, 38.4625390003796 ], [ -76.279052000389171, 38.46267299992487 ], [ -76.27896099970971, 38.462698999903104 ], [ -76.278910999679766, 38.462752999734015 ], [ -76.278929999621724, 38.462821000275149 ], [ -76.278990998634512, 38.462842499990153 ], [ -76.27908300064982, 38.462856000222487 ], [ -76.279190000030709, 38.46299299990612 ], [ -76.279258000587816, 38.463042999936015 ], [ -76.279319000345026, 38.463043000206653 ], [ -76.279405248999211, 38.463067499694468 ], [ -76.279452999485912, 38.463109499988235 ], [ -76.279388000502607, 38.46319499998885 ], [ -76.279205000267709, 38.463333000313071 ], [ -76.27912099996837, 38.463436000364233 ], [ -76.279005999770433, 38.46364199968977 ], [ -76.278999000274965, 38.463690999867715 ], [ -76.279036999700793, 38.463737000170546 ], [ -76.279105500280977, 38.463788499797822 ], [ -76.279129000461097, 38.463863000366672 ], [ -76.279136000273269, 38.463939000300876 ], [ -76.279129000011906, 38.464018999832255 ], [ -76.279006000238795, 38.464106999881544 ], [ -76.27890700047756, 38.464148999834741 ], [ -76.278671000183962, 38.464214000194104 ], [ -76.278610000004051, 38.464259999962593 ], [ -76.278572000729056, 38.464298000208835 ], [ -76.27852600062991, 38.464373999686536 ], [ -76.278449999673867, 38.464476999417627 ], [ -76.278288999215022, 38.464614000793894 ], [ -76.278221000629983, 38.464632999881651 ], [ -76.278136999764897, 38.464633000187298 ], [ -76.277991999842371, 38.464614001155034 ], [ -76.27773200044065, 38.464549999768899 ], [ -76.277667750195349, 38.464550750528794 ], [ -76.277655999344191, 38.464595499413996 ], [ -76.277831999023107, 38.464697999576558 ], [ -76.277884999888897, 38.464743999866613 ], [ -76.277892999285115, 38.464789999544429 ], [ -76.277870000388333, 38.464862000340545 ], [ -76.277792999947025, 38.464987999927139 ], [ -76.277702000544409, 38.465042000075762 ], [ -76.277572000036116, 38.465048999451611 ], [ -76.277465000685012, 38.465037999328104 ], [ -76.277415840973291, 38.465007803962841 ], [ -76.277350999470997, 38.464953999970028 ], [ -76.277282000024684, 38.464911999886425 ], [ -76.277220999797549, 38.464892999296488 ], [ -76.277113999154309, 38.464884999765253 ], [ -76.277007999833614, 38.46488100009725 ], [ -76.276877999973806, 38.464884999574771 ], [ -76.276785999619207, 38.46489999965889 ], [ -76.276687000584673, 38.464931000348393 ], [ -76.27663400025277, 38.464957999217205 ], [ -76.276645094192133, 38.464998167765671 ], [ -76.276718001063244, 38.465000000344908 ], [ -76.276930999364211, 38.464945999517056 ], [ -76.277003999115436, 38.464946000948707 ], [ -76.277137001077392, 38.46500299980336 ], [ -76.277205999838003, 38.465079999356746 ], [ -76.277221000099473, 38.465125999420529 ], [ -76.277197999084564, 38.465182999950308 ], [ -76.277137000129557, 38.465251000944839 ], [ -76.27712381658877, 38.465308140960204 ], [ -76.277194656084973, 38.465329483951244 ], [ -76.277282000609759, 38.465281999338181 ], [ -76.277389000204309, 38.465212999872072 ], [ -76.277478749551022, 38.465192500571284 ], [ -76.277472999564324, 38.465316000040126 ], [ -76.27749600054419, 38.465361999402809 ], [ -76.277525999877739, 38.465395999866232 ], [ -76.277586999871247, 38.465412000266234 ], [ -76.277647999359289, 38.46541200049964 ], [ -76.277769999749083, 38.465357999535847 ], [ -76.277908000694765, 38.465335000010164 ], [ -76.277999000102767, 38.465338999272838 ], [ -76.278137000574858, 38.465372999937976 ], [ -76.278205000540069, 38.46537000103465 ], [ -76.278258999686742, 38.465346999584213 ], [ -76.278305000632486, 38.465292999493784 ], [ -76.278327000251906, 38.46521299954582 ], [ -76.278319999939853, 38.465110000240394 ], [ -76.278274000706887, 38.464964999623426 ], [ -76.278304499846811, 38.464910000463291 ], [ -76.278380999124494, 38.46489700015276 ], [ -76.278541000191396, 38.464884999763285 ], [ -76.278662999947699, 38.464838999732628 ], [ -76.278914999874601, 38.464640999465857 ], [ -76.278991000415431, 38.46453399939918 ], [ -76.279074999693265, 38.464472999772987 ], [ -76.279349999538255, 38.464343999597645 ], [ -76.279501999814059, 38.464343999681589 ], [ -76.279814865407815, 38.464404224996223 ], [ -76.279875999547727, 38.464396999616255 ], [ -76.279908517316045, 38.464348743247328 ], [ -76.279861000270174, 38.46424099992371 ], [ -76.27979199974682, 38.464201999550845 ], [ -76.279739000934171, 38.464186999497521 ], [ -76.279708000802785, 38.464144999640304 ], [ -76.279700999593942, 38.46400000007938 ], [ -76.279753999811973, 38.463905000171145 ], [ -76.279907000201959, 38.463756000226248 ], [ -76.280142999278709, 38.463607000287858 ], [ -76.280211999976018, 38.463539000494599 ], [ -76.280417999532887, 38.463309999863 ], [ -76.280562999608264, 38.463042999883157 ], [ -76.280662001107657, 38.46291300053592 ], [ -76.280784000484644, 38.462772000237152 ], [ -76.280905998982817, 38.462696000329878 ], [ -76.280966999686029, 38.462673000458324 ], [ -76.281021000318219, 38.462665000571008 ], [ -76.281150000203937, 38.462665000231624 ], [ -76.281325999689628, 38.462702999092265 ], [ -76.281517000695942, 38.462768000644253 ], [ -76.281732495781839, 38.462859181547906 ], [ -76.28180639654073, 38.462874159540448 ], [ -76.281889999458883, 38.462866999119647 ], [ -76.282042999831759, 38.462820999914982 ], [ -76.282102249978607, 38.462835750184702 ], [ -76.282112000552203, 38.462909000244125 ], [ -76.2820510007206, 38.46301200045523 ], [ -76.282051000036986, 38.463069000002214 ], [ -76.282095999761225, 38.46311100020786 ], [ -76.282165000183284, 38.46313800001748 ], [ -76.28224100037275, 38.463146000565516 ], [ -76.282287000364363, 38.463180000510079 ], [ -76.282348000215819, 38.463252999765707 ], [ -76.28278299991311, 38.46355399996461 ], [ -76.28292799957201, 38.463714000428546 ], [ -76.282988999942745, 38.463771000117902 ], [ -76.28305800030158, 38.463809000376415 ], [ -76.283194999860441, 38.46383600051243 ], [ -76.283309000199282, 38.463874000048477 ], [ -76.28351500004969, 38.463878000298173 ], [ -76.283561000906701, 38.463901000551033 ], [ -76.283781999060551, 38.464114999903025 ], [ -76.283836000657573, 38.464183000196364 ], [ -76.283882000238478, 38.464255999797047 ], [ -76.283889000743528, 38.464400999948325 ], [ -76.283911999882591, 38.464519000363495 ], [ -76.284033999558488, 38.464800999937232 ], [ -76.284064998970763, 38.464931000192372 ], [ -76.284079999774633, 38.465002999545959 ], [ -76.284072000811207, 38.465098999608891 ], [ -76.284018999105115, 38.465148000190361 ], [ -76.283920000579784, 38.465311999944191 ], [ -76.28379799975292, 38.46541899963664 ], [ -76.283675999499707, 38.465483999784652 ], [ -76.283568999194529, 38.465499000084662 ], [ -76.283484999381542, 38.465525999975299 ], [ -76.283423999715879, 38.465563999496737 ], [ -76.283299749754335, 38.465732250127438 ], [ -76.28322149916319, 38.465688500087161 ], [ -76.283141499398312, 38.4656329994638 ], [ -76.283034999944391, 38.465620999454622 ], [ -76.282927999714957, 38.46564800016013 ], [ -76.282874999704362, 38.465655999918681 ], [ -76.282798000138612, 38.465655999998624 ], [ -76.282721999978932, 38.465671000011433 ], [ -76.282661000155457, 38.465721000127971 ], [ -76.282630000148046, 38.465759000789028 ], [ -76.282507999404942, 38.465823999715838 ], [ -76.282431999649177, 38.465891999954295 ], [ -76.282393999715367, 38.465957000745981 ], [ -76.282393999555026, 38.466032999533233 ], [ -76.282417000791554, 38.466091000695933 ], [ -76.282408999719109, 38.466143999406469 ], [ -76.282371000431183, 38.4661860000164 ], [ -76.28221799967335, 38.466208999508069 ], [ -76.282095999609965, 38.466243000473433 ], [ -76.281974000149461, 38.466334999964751 ], [ -76.281856186574359, 38.466454572280711 ], [ -76.281784000133143, 38.466517999254108 ], [ -76.281767999516362, 38.46662499931147 ], [ -76.281761000071782, 38.466819000768034 ], [ -76.281742965860985, 38.466899274520379 ], [ -76.281697965628325, 38.466964274127264 ], [ -76.281605965976794, 38.46699827458788 ], [ -76.281308964823211, 38.467063274081198 ], [ -76.281048965427942, 38.467097274664283 ], [ -76.280819966507721, 38.46709427450066 ], [ -76.2804009659977, 38.466964274792169 ], [ -76.280293965379855, 38.4669602746417 ], [ -76.280186965235004, 38.466994274696006 ], [ -76.280064966634214, 38.46708227397675 ], [ -76.279988966643771, 38.467101274047067 ], [ -76.279721966349314, 38.467082274676656 ], [ -76.27962196572787, 38.467094274214659 ], [ -76.279438966740841, 38.467200274694221 ], [ -76.279370965761558, 38.467277274012709 ], [ -76.279209966893816, 38.467288273879227 ], [ -76.279126967357016, 38.467269274678287 ], [ -76.279011966060523, 38.467288274311436 ], [ -76.278881966391566, 38.467395274181435 ], [ -76.278813966914115, 38.467433273775889 ], [ -76.278637966790626, 38.467445274279434 ], [ -76.278500967560262, 38.467479273799682 ], [ -76.278439966770151, 38.467441274612753 ], [ -76.278274228208602, 38.467429910217483 ], [ -76.278249244632775, 38.467531373758334 ], [ -76.278324966568604, 38.467555274339126 ], [ -76.278324967083066, 38.467597273779148 ], [ -76.278401967570844, 38.467650274381185 ], [ -76.278462966345998, 38.467662274266502 ], [ -76.278576966405737, 38.467650274413529 ], [ -76.278866965738729, 38.467578274374219 ], [ -76.279011966264264, 38.467486274092899 ], [ -76.279080966502008, 38.467471274473674 ], [ -76.279278965610928, 38.467467273878114 ], [ -76.27945496695628, 38.467422273950426 ], [ -76.279660966449569, 38.467322273841617 ], [ -76.280278966009263, 38.467219274704497 ], [ -76.280438966471081, 38.467216274440652 ], [ -76.280743966366529, 38.467277274548529 ], [ -76.28100296571219, 38.46728827420862 ], [ -76.281544964534731, 38.467280274120327 ], [ -76.281773966501532, 38.467231274267505 ], [ -76.281971964749275, 38.467097274378922 ], [ -76.282025966173407, 38.467033274478091 ], [ -76.282040965886083, 38.466903274328125 ], [ -76.281993499882205, 38.466828999162409 ], [ -76.281974000052855, 38.466773000666329 ], [ -76.281973999757668, 38.46671999935208 ], [ -76.28198199985853, 38.466669999786966 ], [ -76.282011999936643, 38.466594000925753 ], [ -76.282051000015969, 38.466552000313357 ], [ -76.28210399950315, 38.466513999789555 ], [ -76.282179999461846, 38.466483999157042 ], [ -76.282263999749688, 38.466467999389067 ], [ -76.282484999729164, 38.466467999516262 ], [ -76.282660999627907, 38.466410999157368 ], [ -76.282736999909574, 38.466357999788563 ], [ -76.282751999334408, 38.466289000020602 ], [ -76.282730000135402, 38.466204999510708 ], [ -76.282675999488518, 38.466132499584333 ], [ -76.282660999320527, 38.466074999261146 ], [ -76.282669000269834, 38.466032999717726 ], [ -76.282744499990983, 38.465976500829662 ], [ -76.282828999619923, 38.465884999554348 ], [ -76.282904999290082, 38.465875000406953 ], [ -76.283088000501479, 38.465971999693231 ], [ -76.283149000482624, 38.466018000093634 ], [ -76.283187000189443, 38.466060000781965 ], [ -76.283209999331774, 38.466105999876511 ], [ -76.283226000568945, 38.466151999911055 ], [ -76.283217999246531, 38.466212999634358 ], [ -76.283244608414392, 38.466261940849286 ], [ -76.283355000009863, 38.466247000511864 ], [ -76.283514999690894, 38.466147999787957 ], [ -76.28356100076013, 38.466091000319054 ], [ -76.283598999570401, 38.465990999777802 ], [ -76.283629999903795, 38.465938000549933 ], [ -76.283629999378832, 38.465849999872376 ], [ -76.283648999866884, 38.465791500434555 ], [ -76.283736999764443, 38.465789000062408 ], [ -76.283943000453107, 38.465819999729803 ], [ -76.284042000602511, 38.465805001103909 ], [ -76.284194000410267, 38.465716999758342 ], [ -76.284254998938465, 38.465662999705472 ], [ -76.284323999750995, 38.465506999519967 ], [ -76.284492000481947, 38.465305000051252 ], [ -76.284683000086176, 38.465030000038887 ], [ -76.28470599911077, 38.464934999563276 ], [ -76.28465999923543, 38.464781999687432 ], [ -76.284584000419287, 38.464611000400289 ], [ -76.284567999736666, 38.46448499994451 ], [ -76.284621999728159, 38.464415999708706 ], [ -76.284674999741924, 38.464302000150546 ], [ -76.284666999802042, 38.464236999915883 ], [ -76.284622000238528, 38.464098999988245 ], [ -76.284193999922962, 38.46347399965773 ], [ -76.284149000177635, 38.463443000359831 ], [ -76.284049000023856, 38.463309999854012 ], [ -76.283950000315699, 38.463207000256439 ], [ -76.283843000384692, 38.463134000107708 ], [ -76.283714000570285, 38.463085000360628 ], [ -76.283622000440573, 38.463026999866308 ], [ -76.283569000045574, 38.462955000204481 ], [ -76.283538000277474, 38.462828998922312 ], [ -76.283514999273066, 38.462688000027036 ], [ -76.283538000021593, 38.462515999175544 ], [ -76.283598999952048, 38.462382999764202 ], [ -76.283644999898044, 38.462260999751457 ], [ -76.283699000938327, 38.462038999651639 ], [ -76.283766999378742, 38.46199699989927 ], [ -76.283812999968262, 38.461978000631717 ], [ -76.283942999881518, 38.461939999464747 ], [ -76.283996001058782, 38.461944000236855 ], [ -76.28406827341513, 38.462037177271355 ], [ -76.284118092191193, 38.462072249596837 ], [ -76.284239999218372, 38.462074000308817 ], [ -76.284346999786194, 38.46205499939088 ], [ -76.284637000024105, 38.461981999509334 ], [ -76.284808830127204, 38.461909017893298 ], [ -76.284865999592796, 38.461902000615879 ], [ -76.284919000331413, 38.461944000356887 ], [ -76.284956999866111, 38.462028000804409 ], [ -76.284987999809033, 38.462180999205899 ], [ -76.285049000836167, 38.462314000206696 ], [ -76.285156000430604, 38.462450999737044 ], [ -76.285246999644727, 38.462534999358596 ], [ -76.285468999706453, 38.462623000711496 ], [ -76.285621000377361, 38.462711000689609 ], [ -76.285736000499028, 38.462749000395696 ], [ -76.285910999626068, 38.462783000519771 ], [ -76.286414999506661, 38.462814000347223 ], [ -76.286621000086399, 38.462837000657416 ], [ -76.286705000169604, 38.462856000671643 ], [ -76.286766001038615, 38.462889999996477 ], [ -76.286834000214796, 38.46294400008378 ], [ -76.28683400022453, 38.463008000565345 ], [ -76.286666000273144, 38.463275000261099 ], [ -76.286635999520271, 38.463409000729833 ], [ -76.286643001050479, 38.463539000580603 ], [ -76.286841999706624, 38.463886000431508 ], [ -76.287535999812675, 38.464935000375853 ], [ -76.287590000231972, 38.465164000072868 ], [ -76.287582000101281, 38.465315999851761 ], [ -76.287520999862167, 38.465384999934145 ], [ -76.287398999636935, 38.465450000369493 ], [ -76.287284000507341, 38.465529999619321 ], [ -76.287131998983369, 38.465758999707482 ], [ -76.287146999446605, 38.465930000269687 ], [ -76.287352999607165, 38.466181999997701 ], [ -76.287452000405864, 38.466338999728563 ], [ -76.287513000699462, 38.466461000175286 ], [ -76.287513000284221, 38.466659000716824 ], [ -76.287483000428338, 38.466776999469168 ], [ -76.28749800027677, 38.466911000599033 ], [ -76.287597000044343, 38.467209999415971 ], [ -76.287726998656382, 38.467754000882252 ], [ -76.287985999688487, 38.468414000433036 ], [ -76.288063000051736, 38.468563000668858 ], [ -76.288199999900357, 38.468711000196244 ], [ -76.288368000130916, 38.468845000264579 ], [ -76.288916999988047, 38.469012999939288 ], [ -76.289290999087399, 38.469257000411012 ], [ -76.289343998959964, 38.469321999125206 ], [ -76.289382000330846, 38.469393999768592 ], [ -76.289398000304232, 38.469572999839322 ], [ -76.289382000711328, 38.469715000214599 ], [ -76.289398000697844, 38.47111499975653 ], [ -76.289077000010465, 38.471416000960708 ], [ -76.288870999912902, 38.471961000106361 ], [ -76.289076998850817, 38.472763000335078 ], [ -76.287910000559179, 38.473608999833147 ], [ -76.287795999513236, 38.473815000321999 ], [ -76.287849000515465, 38.474684999843277 ], [ -76.287536000529002, 38.475143000171059 ], [ -76.287444999453029, 38.475462999871759 ], [ -76.287207999903814, 38.47557800022922 ], [ -76.286978999918702, 38.475737999985988 ], [ -76.286972000440898, 38.475997001135489 ], [ -76.287123999421098, 38.476172999497571 ], [ -76.287093999712141, 38.476378999628082 ], [ -76.286162999603832, 38.477546000238689 ], [ -76.285986999640414, 38.478302000015773 ], [ -76.285460999683139, 38.479400000243473 ], [ -76.285842000066282, 38.480247000043974 ], [ -76.285841999468474, 38.480589999654697 ], [ -76.285171000006599, 38.481025000527453 ], [ -76.284881000465475, 38.481505999515377 ], [ -76.284735999110708, 38.482765000657579 ], [ -76.284530000453898, 38.483062000443468 ], [ -76.283538000163873, 38.483818000013756 ], [ -76.283339999433252, 38.484663999422018 ], [ -76.282957999348284, 38.484892999920277 ], [ -76.281295000571049, 38.485626000651934 ], [ -76.280952000360145, 38.485900000216766 ], [ -76.280829999923299, 38.486197999143336 ], [ -76.28100500068453, 38.486770000069001 ], [ -76.281035999928193, 38.487297000066498 ], [ -76.280745999652311, 38.487662999822135 ], [ -76.279518000835267, 38.487937000496551 ], [ -76.279174000889185, 38.488166000085961 ], [ -76.279082999553736, 38.488327000356769 ], [ -76.279143999814323, 38.488989999756285 ], [ -76.27887699942994, 38.489402000136117 ], [ -76.279021999174773, 38.489768001006027 ], [ -76.279021999061641, 38.490089000497811 ], [ -76.278846000196069, 38.490271999221349 ], [ -76.277686999766971, 38.490592000507966 ], [ -76.277450000305663, 38.490798000817264 ], [ -76.277388999499635, 38.491279000330479 ], [ -76.277481000336522, 38.49134800016143 ], [ -76.277480999570798, 38.491508000358166 ], [ -76.277625999703858, 38.491508000437008 ], [ -76.277625999808976, 38.491965999976152 ], [ -76.277420000226044, 38.492034000189328 ], [ -76.276924000321557, 38.491896999973491 ], [ -76.276457999685974, 38.491943000191505 ], [ -76.275732999731247, 38.492282000310354 ], [ -76.275352000849821, 38.49267099968236 ], [ -76.274887000077797, 38.493544999378614 ], [ -76.274825999970773, 38.494067999693712 ], [ -76.274536000467364, 38.494503000878787 ], [ -76.274597000520913, 38.495142999806454 ], [ -76.274162000424042, 38.495399000416697 ], [ -76.271156001044261, 38.496402000402469 ], [ -76.270781999723326, 38.496767999899539 ], [ -76.269378000352944, 38.497386000048749 ], [ -76.268447000829525, 38.498142000173189 ], [ -76.268394000208346, 38.49848499951392 ], [ -76.268126999990699, 38.498600000434145 ], [ -76.267516999753099, 38.498439000351866 ], [ -76.266792000442265, 38.498129999868269 ], [ -76.266386999627784, 38.498053999915527 ], [ -76.265235499845204, 38.497407500868732 ], [ -76.265196999738691, 38.497370999397965 ], [ -76.265174000428814, 38.497317999449656 ], [ -76.26514400098749, 38.4972760003416 ], [ -76.265089999994657, 38.497252999974108 ], [ -76.265036999760767, 38.49724500062262 ], [ -76.264960999356717, 38.497248999945462 ], [ -76.26489999917851, 38.497234000306065 ], [ -76.264862000374151, 38.497207001066649 ], [ -76.264853999120476, 38.497165000557601 ], [ -76.264887999181482, 38.497035499419432 ], [ -76.264846000536437, 38.496996999997876 ], [ -76.264723999125337, 38.496943999478034 ], [ -76.264701000171982, 38.496905999549504 ], [ -76.264686001004833, 38.496855999713532 ], [ -76.264686000180475, 38.496810000254641 ], [ -76.264754999074256, 38.496619999508383 ], [ -76.264846001058203, 38.496299000028976 ], [ -76.264899999868433, 38.495863999664323 ], [ -76.264877000488625, 38.49579999956255 ], [ -76.264816000555783, 38.49575399963102 ], [ -76.264777999561957, 38.495700000133233 ], [ -76.264761999939296, 38.495635000159808 ], [ -76.264801000169285, 38.495502000030747 ], [ -76.2648080000112, 38.495421999568528 ], [ -76.264793000044023, 38.495356999618878 ], [ -76.264731999811104, 38.495250000063095 ], [ -76.264656001260846, 38.49506300039728 ], [ -76.264578999508331, 38.494937000208523 ], [ -76.264503000523419, 38.494873000495147 ], [ -76.264366000378914, 38.494795999903772 ], [ -76.264146285426605, 38.494720179693303 ], [ -76.264022000016126, 38.494669999990705 ], [ -76.263954000240247, 38.49461300020041 ], [ -76.263915999476737, 38.494541000268434 ], [ -76.263907999599368, 38.494468000347005 ], [ -76.263915999943336, 38.494387999962186 ], [ -76.263960999632388, 38.49433099998155 ], [ -76.264045000132128, 38.49425800012277 ], [ -76.264098999534966, 38.494182000203537 ], [ -76.264113999804167, 38.494113000095815 ], [ -76.264114000521118, 38.494029000336539 ], [ -76.264083000335063, 38.493952998829144 ], [ -76.263984000309065, 38.493864999691446 ], [ -76.26374800050894, 38.493693999980501 ], [ -76.263702000003676, 38.493618000582963 ], [ -76.263686999840417, 38.493545000410151 ], [ -76.263710000593463, 38.493434000280061 ], [ -76.263770999698011, 38.493262999978768 ], [ -76.263778000147298, 38.493197999686451 ], [ -76.263748000020001, 38.493118000784683 ], [ -76.26370200070096, 38.493057000609106 ], [ -76.263618000291203, 38.493003000101858 ], [ -76.263457999494676, 38.492931000371144 ], [ -76.263168000234543, 38.492813000687704 ], [ -76.262962000234779, 38.492773999715666 ], [ -76.262747999984072, 38.492755000913071 ], [ -76.261992999729529, 38.492766999201535 ], [ -76.261932000972195, 38.492766999004253 ], [ -76.261856000179293, 38.492758999770508 ], [ -76.261816999262905, 38.492721000254683 ], [ -76.261779000690481, 38.492614000223874 ], [ -76.261771999997094, 38.492523000929665 ], [ -76.261786999363764, 38.492267000463222 ], [ -76.261832999263703, 38.49213699984756 ], [ -76.261894000047562, 38.492027001010719 ], [ -76.2619699996294, 38.49194299946101 ], [ -76.262335999510086, 38.491584000777983 ], [ -76.262374000912061, 38.491504000916414 ], [ -76.262413000010781, 38.491373999760448 ], [ -76.262416499943726, 38.491286999649382 ], [ -76.262374000109347, 38.491221999495025 ], [ -76.262298000124815, 38.491190999454588 ], [ -76.262076999927245, 38.491176000002596 ], [ -76.261969999488485, 38.49109200055225 ], [ -76.261908999731915, 38.49100799963238 ], [ -76.261862999794999, 38.490862999804705 ], [ -76.261832999743461, 38.490714999814472 ], [ -76.261824999757096, 38.490504999479889 ], [ -76.261916999957279, 38.490032000023568 ], [ -76.261996999401191, 38.48984699961332 ], [ -76.262297999497775, 38.48923800038402 ], [ -76.262770999391208, 38.488327000555124 ], [ -76.262610999427594, 38.488311000041335 ], [ -76.261839999783078, 38.489802999772309 ], [ -76.261779952264419, 38.489839577902224 ], [ -76.261717999877987, 38.489826000231027 ], [ -76.261679999932767, 38.489734000256931 ], [ -76.261664999956409, 38.489601000188799 ], [ -76.261671999944951, 38.489547000089736 ], [ -76.261694999458385, 38.489493999899921 ], [ -76.261703000202189, 38.489443999887506 ], [ -76.261702999468739, 38.48937200018014 ], [ -76.261665000311424, 38.489166000145907 ], [ -76.261665000456873, 38.489082000341966 ], [ -76.26168000041028, 38.489039999845211 ], [ -76.2617409998917, 38.488971000520735 ], [ -76.261908999514674, 38.488822000324483 ], [ -76.261924000204402, 38.488773000643668 ], [ -76.261927999569721, 38.488717500366832 ], [ -76.261908999820605, 38.488673999984044 ], [ -76.261839999537244, 38.488646999992234 ], [ -76.261778999815334, 38.488650998818962 ], [ -76.261717999593387, 38.48868100053226 ], [ -76.26161900025923, 38.48881100022983 ], [ -76.261571165764721, 38.488830523314057 ], [ -76.261489000437862, 38.488853000191654 ], [ -76.261428000295822, 38.48889900008782 ], [ -76.261382999871856, 38.488964000059006 ], [ -76.261343999059022, 38.489092999969564 ], [ -76.261322000156909, 38.489203999737242 ], [ -76.261314000099361, 38.489299000109078 ], [ -76.261282999969239, 38.489375999993349 ], [ -76.26118399957501, 38.489482000018334 ], [ -76.261154000710349, 38.489539999771395 ], [ -76.26114600004685, 38.489615999967739 ], [ -76.261146000331934, 38.489757000255501 ], [ -76.261245000533151, 38.490085000301988 ], [ -76.261238000014828, 38.490131000305659 ], [ -76.261180460476595, 38.490185449185404 ], [ -76.261085000314068, 38.490261000221828 ], [ -76.261009000541407, 38.490286999806436 ], [ -76.260864000429649, 38.490290999722681 ], [ -76.260803000020474, 38.49026799961598 ], [ -76.260696000496026, 38.490215000137809 ], [ -76.26062749970022, 38.490203500041808 ], [ -76.260589000703291, 38.490230000231151 ], [ -76.260596500672889, 38.490275500611986 ], [ -76.260673000650286, 38.490321999685889 ], [ -76.260925000562196, 38.490443999986311 ], [ -76.260986000365463, 38.490489000208242 ], [ -76.261016000652532, 38.490553999736775 ], [ -76.26103200033711, 38.49075599961887 ], [ -76.261046999729388, 38.491249000967059 ], [ -76.261023999998201, 38.491488999884623 ], [ -76.260992999740751, 38.491564999681124 ], [ -76.260902000030953, 38.491640999678047 ], [ -76.260574000177058, 38.491854999457985 ], [ -76.260383000023324, 38.491950000402703 ], [ -76.260001999973809, 38.492095000146101 ], [ -76.259923043938912, 38.492142881282795 ], [ -76.259865353962482, 38.49216210124041 ], [ -76.259810999578306, 38.492145000679244 ], [ -76.258650999338499, 38.491286999910493 ], [ -76.258559999719111, 38.491236999712186 ], [ -76.258505999539778, 38.491217999876866 ], [ -76.258445000856881, 38.491221999676604 ], [ -76.258323000459754, 38.491263999452563 ], [ -76.258148000027859, 38.491355000665706 ], [ -76.257972000507024, 38.49145500071775 ], [ -76.257643999934132, 38.49165699937555 ], [ -76.257506999473051, 38.491755999319267 ], [ -76.257460998823035, 38.491817000375526 ], [ -76.257453000232928, 38.491877999317573 ], [ -76.25746499991773, 38.492001250065016 ], [ -76.257371164589756, 38.491981561701913 ], [ -76.257247000296474, 38.49193099977763 ], [ -76.257147999049963, 38.491927999063904 ], [ -76.257011000761523, 38.491969999750999 ], [ -76.256743999108238, 38.492011999994112 ], [ -76.256668000101641, 38.492046000435742 ], [ -76.256598999491672, 38.49209900073955 ], [ -76.256500000758294, 38.492210000482252 ], [ -76.256393000405296, 38.492275000768252 ], [ -76.256270998939712, 38.492301000061261 ], [ -76.256163999834868, 38.492290000384649 ], [ -76.256018999386399, 38.492217999920236 ], [ -76.255920000226382, 38.492149000300969 ], [ -76.255859000718814, 38.492130000343622 ], [ -76.25580499911139, 38.492137000372807 ], [ -76.255667999844235, 38.492195000517917 ], [ -76.255507999558816, 38.49227500011785 ], [ -76.255400999248792, 38.49228599992297 ], [ -76.255335999942815, 38.492263500145505 ], [ -76.255203001253847, 38.492179000715382 ], [ -76.255110999534097, 38.492134000436735 ], [ -76.255004000037587, 38.492118000542966 ], [ -76.254814000142716, 38.492103000525709 ], [ -76.25466099989751, 38.492115000027454 ], [ -76.254570000396271, 38.49214900014303 ], [ -76.254516000074801, 38.49218300072252 ], [ -76.254446999678862, 38.49225599993742 ], [ -76.254390000032643, 38.492303500245896 ], [ -76.254309813344406, 38.492318303632537 ], [ -76.254092749652756, 38.492334750589677 ], [ -76.254097036913834, 38.49240751300308 ], [ -76.254150000336494, 38.492424000100876 ], [ -76.254341000615199, 38.492408000139214 ], [ -76.254432000261303, 38.49237799933622 ], [ -76.254661000271355, 38.492237000209705 ], [ -76.25476799975236, 38.492206000002817 ], [ -76.254837000145429, 38.492210000379387 ], [ -76.254913000128056, 38.492243999934601 ], [ -76.255011999596931, 38.492313000419095 ], [ -76.255072999852729, 38.492388999526739 ], [ -76.255118999815124, 38.492462000578342 ], [ -76.255165000037124, 38.492515000535683 ], [ -76.255293999785167, 38.49259100041678 ], [ -76.255386000132475, 38.492614000343167 ], [ -76.255546000647783, 38.492621999877358 ], [ -76.25562999978608, 38.492607000247673 ], [ -76.255683000133715, 38.49257599997803 ], [ -76.255736999619458, 38.492572000016175 ], [ -76.25581300048168, 38.492584000591954 ], [ -76.256172000662943, 38.492702000253104 ], [ -76.256316998951732, 38.492771000477482 ], [ -76.256454000184306, 38.492805000374922 ], [ -76.256919000640394, 38.492824000584335 ], [ -76.257285999623818, 38.492870000487777 ], [ -76.257552998969899, 38.492918998845894 ], [ -76.25767500018874, 38.492958000559376 ], [ -76.257714749683714, 38.49299325038308 ], [ -76.25766700004877, 38.493071999954807 ], [ -76.257530000098626, 38.493179000006656 ], [ -76.257492000019369, 38.493235999929794 ], [ -76.257468999498741, 38.493293000232562 ], [ -76.25748399954557, 38.493385000510614 ], [ -76.257521999630498, 38.493473000025872 ], [ -76.257637000156748, 38.493582999969611 ], [ -76.257773750291662, 38.493694000047341 ], [ -76.257720000388105, 38.493762000396693 ], [ -76.257667000513024, 38.49381599999046 ], [ -76.257605999931656, 38.493919000192996 ], [ -76.257422999654622, 38.494357999923409 ], [ -76.257262999708416, 38.494445000209375 ], [ -76.257147999821683, 38.494480000243385 ], [ -76.257102000451752, 38.494514000038905 ], [ -76.25709500013069, 38.494563999836622 ], [ -76.257101999817507, 38.494621000044283 ], [ -76.257140999870245, 38.494673999468681 ], [ -76.257193999795504, 38.494708999966278 ], [ -76.25737700043193, 38.494762000263613 ], [ -76.257407999638019, 38.494803999702562 ], [ -76.257430999910284, 38.49487299957736 ], [ -76.257475999697604, 38.494944999563771 ], [ -76.257613999409912, 38.495055999685832 ], [ -76.257735999556516, 38.495139999877452 ], [ -76.257849999830327, 38.495173999757554 ], [ -76.257948999722387, 38.495181999876912 ], [ -76.258040999461628, 38.495166000042012 ], [ -76.258147999850578, 38.495121000200108 ], [ -76.258232000058328, 38.495112999642018 ], [ -76.258765999566592, 38.495150999780698 ], [ -76.258850000560429, 38.495165999873187 ], [ -76.258994999499095, 38.495234999403756 ], [ -76.259184999634556, 38.495341999590622 ], [ -76.259261999665398, 38.49541799938163 ], [ -76.259307000105636, 38.495539999960698 ], [ -76.259322998987187, 38.49565799934809 ], [ -76.259352999818063, 38.495738000311334 ], [ -76.259445000544687, 38.49582200109284 ], [ -76.259475000380618, 38.495917999445027 ], [ -76.259459999738468, 38.49600600093305 ], [ -76.25936099976829, 38.496162000755355 ], [ -76.259346000219409, 38.496233999401497 ], [ -76.259353000722427, 38.496288000337195 ], [ -76.259437000345102, 38.496398000765218 ], [ -76.259445000621852, 38.496444000795528 ], [ -76.259407000395527, 38.496493999475909 ], [ -76.259245999314899, 38.496619999137664 ], [ -76.258956000593898, 38.496920999669648 ], [ -76.258635999575162, 38.497366999292424 ], [ -76.258537000483443, 38.497524000239501 ], [ -76.258499000214698, 38.497634000020902 ], [ -76.258499000517787, 38.497741000000168 ], [ -76.258528999396859, 38.497863000597995 ], [ -76.258766000349326, 38.498103999805735 ], [ -76.258902999389051, 38.498206999982806 ], [ -76.258955999986611, 38.498282999985122 ], [ -76.258972000317613, 38.498378000125626 ], [ -76.25896399960061, 38.498470000284883 ], [ -76.258972000320071, 38.498568999874927 ], [ -76.259002000699837, 38.498661000103894 ], [ -76.259048000493848, 38.498748000535755 ], [ -76.259216000012373, 38.498996000134277 ], [ -76.259238999769622, 38.49908399976497 ], [ -76.259239000030078, 38.499190999728064 ], [ -76.2592010003805, 38.499382000383491 ], [ -76.259009999655149, 38.500118000717265 ], [ -76.259016999878781, 38.500209000153525 ], [ -76.259055998675834, 38.500258999758621 ], [ -76.259139999609317, 38.500311999902216 ], [ -76.259239000368069, 38.500395999486351 ], [ -76.25930000035406, 38.500487999996544 ], [ -76.25940699966317, 38.50086199958745 ], [ -76.259468000256717, 38.500953000899905 ], [ -76.25954400013201, 38.501006999294795 ], [ -76.259719000275282, 38.501067999792319 ], [ -76.259826000363745, 38.501117000011654 ], [ -76.259886999402113, 38.501177999950663 ], [ -76.259970999846871, 38.501292999964697 ], [ -76.260092999682229, 38.501407000502105 ], [ -76.26032200061367, 38.501509999298946 ], [ -76.260536000331001, 38.501564000867475 ], [ -76.260924999868436, 38.50162099934883 ], [ -76.261359999057007, 38.501669999764594 ], [ -76.261611106096893, 38.501678125017087 ], [ -76.261984998618885, 38.501678000954463 ], [ -76.262114999864437, 38.501716000042656 ], [ -76.262244999711001, 38.501811000311967 ], [ -76.262381999569797, 38.501952999292385 ], [ -76.262451000519974, 38.502081999639721 ], [ -76.262519000171793, 38.502161999521192 ], [ -76.262907999543472, 38.502398999895192 ], [ -76.263046001300438, 38.50250999969149 ], [ -76.263167999774879, 38.502642999784022 ], [ -76.263213999302423, 38.502758000507967 ], [ -76.26320600012356, 38.502898999479712 ], [ -76.263168000542279, 38.503005000701336 ], [ -76.26304600100319, 38.503246000709098 ], [ -76.262634000151706, 38.503997000099332 ], [ -76.262488999998126, 38.504188000011972 ], [ -76.262344000029046, 38.504341000364171 ], [ -76.262244999950227, 38.504477999757107 ], [ -76.262183999817381, 38.504599999758888 ], [ -76.262115000300639, 38.504974000353009 ], [ -76.262053999873757, 38.505106999466349 ], [ -76.26193999973033, 38.505251999776931 ], [ -76.260726000202979, 38.506476999957826 ], [ -76.25974200007181, 38.507514000592842 ], [ -76.259231000179753, 38.508083000038631 ], [ -76.258506000316558, 38.509021000203475 ], [ -76.258330999653637, 38.50931099977133 ], [ -76.258307999404991, 38.509413999663465 ], [ -76.258316000663982, 38.509502000054553 ], [ -76.258361000425424, 38.509562999489688 ], [ -76.258589999979947, 38.509716000064863 ], [ -76.258644000362906, 38.50980300026221 ], [ -76.258644001015639, 38.509902000106116 ], [ -76.258604999355398, 38.509997999694896 ], [ -76.258501895853584, 38.51013297335021 ], [ -76.257521999440399, 38.511340999168333 ], [ -76.256477000212797, 38.512767000074909 ], [ -76.25449300011455, 38.515643999506281 ], [ -76.25376100007405, 38.516753998961384 ], [ -76.252807000121152, 38.518057999491717 ], [ -76.25266199956927, 38.518301999431969 ], [ -76.252304000268381, 38.51875599972692 ], [ -76.251975999459859, 38.519107000292891 ], [ -76.251501999979055, 38.519530999756334 ], [ -76.251174000985628, 38.51980499932305 ], [ -76.251021999205676, 38.519912000646698 ], [ -76.250900000123366, 38.519958000143028 ], [ -76.2507850010021, 38.519992000411598 ], [ -76.250647999449157, 38.520050000299847 ], [ -76.250488000492723, 38.520144999717857 ], [ -76.250349999983769, 38.520251999491741 ], [ -76.249823999324263, 38.520874000541774 ], [ -76.248153000084329, 38.522707999409015 ], [ -76.248049988559828, 38.522839978913304 ], [ -76.247900999860477, 38.523013999817515 ], [ -76.247825000693879, 38.523067001100053 ], [ -76.247726000287912, 38.52307799995657 ], [ -76.247383001024232, 38.523062999546369 ], [ -76.247130999363193, 38.523085999729055 ], [ -76.246887000055963, 38.523158999362963 ], [ -76.246130999550644, 38.523506000846446 ], [ -76.245979000045381, 38.523562999778846 ], [ -76.245818999504792, 38.523635000756606 ], [ -76.245642999824881, 38.523746000661902 ], [ -76.245139999646341, 38.524020999475361 ], [ -76.244987000162723, 38.524063000417328 ], [ -76.244903000240129, 38.52406999971538 ], [ -76.24431600019112, 38.524023999756466 ], [ -76.244040998994336, 38.523985999069076 ], [ -76.243812000348058, 38.523937000611653 ], [ -76.243644000433264, 38.523859999427032 ], [ -76.243515000429511, 38.523773000460857 ], [ -76.243423000479751, 38.523685000804498 ], [ -76.243384999584705, 38.523601000459564 ], [ -76.243377000151156, 38.523498000703547 ], [ -76.243362000872409, 38.523414000565324 ], [ -76.243316001229402, 38.523344999583699 ], [ -76.243186000038605, 38.523253999094599 ], [ -76.242949999618659, 38.523132000474746 ], [ -76.242922999351578, 38.523095500849763 ], [ -76.242927000137925, 38.523016999254907 ], [ -76.242964999572251, 38.522932999294184 ], [ -76.243079999898256, 38.522724000807386 ], [ -76.24310299983857, 38.52265099958241 ], [ -76.243095000398199, 38.522560000795309 ], [ -76.243019000641596, 38.522440999361756 ], [ -76.242819999539023, 38.522280999723556 ], [ -76.242774000368271, 38.522220000384209 ], [ -76.242766999934261, 38.522140000060453 ], [ -76.242819999442617, 38.521682000247644 ], [ -76.242865999637772, 38.52095700035386 ], [ -76.242881000500361, 38.520889000240189 ], [ -76.242911499960869, 38.520837500340313 ], [ -76.242950000046619, 38.520797000395866 ], [ -76.243029999302564, 38.520814500094218 ], [ -76.243103000254109, 38.520973000352015 ], [ -76.243140999706625, 38.521179000000679 ], [ -76.243163999484409, 38.521567999825329 ], [ -76.243117999879104, 38.521853999836537 ], [ -76.243117999426318, 38.521914999428432 ], [ -76.243160313787399, 38.52194603565038 ], [ -76.243225000187024, 38.521953000247279 ], [ -76.243270000851098, 38.521933999463869 ], [ -76.243537000723691, 38.521643999544153 ], [ -76.243666999595561, 38.521540999882774 ], [ -76.243765999513826, 38.521494999702035 ], [ -76.2438650009383, 38.521487999762819 ], [ -76.243948999702127, 38.521498999568941 ], [ -76.244209000363227, 38.521548999469871 ], [ -76.244300000669014, 38.521553000360257 ], [ -76.244766000624765, 38.52148799977126 ], [ -76.244895000906922, 38.521484000256791 ], [ -76.245101000842922, 38.521499000106438 ], [ -76.24517799979543, 38.521488000219726 ], [ -76.245291998788701, 38.52144599981218 ], [ -76.245451999665946, 38.521362000385878 ], [ -76.245657999787312, 38.521282000299138 ], [ -76.245765000286525, 38.521183000392966 ], [ -76.245924999603005, 38.520977000245047 ], [ -76.245978999767274, 38.520922999787565 ], [ -76.246115999749648, 38.520824000532585 ], [ -76.246288310910998, 38.520725283320665 ], [ -76.246329999919183, 38.52069400032363 ], [ -76.246367999998384, 38.520652000508981 ], [ -76.246398000020349, 38.52059899916177 ], [ -76.246474999868028, 38.520502999557912 ], [ -76.246519999402437, 38.520430999801775 ], [ -76.246611999348517, 38.520323999990204 ], [ -76.246639357855074, 38.520270037303177 ], [ -76.246631124052399, 38.52021350058947 ], [ -76.246467000491009, 38.520346999601387 ], [ -76.246371707425126, 38.520451431074285 ], [ -76.246292000457956, 38.52052600026871 ], [ -76.24619199955292, 38.520586999814071 ], [ -76.245834000438393, 38.520758999830733 ], [ -76.24575800006815, 38.520804999699969 ], [ -76.245658000642464, 38.52088899988378 ], [ -76.245536000030739, 38.520957000250327 ], [ -76.245345999983428, 38.521022000307035 ], [ -76.245147000337042, 38.521044999815146 ], [ -76.244917999535389, 38.521026000094849 ], [ -76.244803999936551, 38.520980000324116 ], [ -76.244659000878173, 38.520881000311121 ], [ -76.244552000515583, 38.520759000129637 ], [ -76.244491000366239, 38.520568000186479 ], [ -76.24446799942011, 38.52041999988765 ], [ -76.244499000070917, 38.520252000091276 ], [ -76.244537000411313, 38.520201999904742 ], [ -76.244666999810434, 38.520099000045789 ], [ -76.244742999626467, 38.520049999959589 ], [ -76.244780999696516, 38.519989000504488 ], [ -76.244766000842546, 38.519855000131969 ], [ -76.244720000650048, 38.519705999031281 ], [ -76.244644000127238, 38.519537999133902 ], [ -76.244543999995457, 38.519466000690905 ], [ -76.244421999741263, 38.519415998924245 ], [ -76.244025999268686, 38.51940500061685 ], [ -76.243834999631105, 38.519424000319233 ], [ -76.243705000204685, 38.519466000551418 ], [ -76.243392000273857, 38.519657000508595 ], [ -76.24326999942835, 38.519690999120485 ], [ -76.243086686437309, 38.519716533297057 ], [ -76.24300300010303, 38.519702000623795 ], [ -76.242659999798462, 38.519542000261104 ], [ -76.242392999938431, 38.519476998821304 ], [ -76.241947079678809, 38.51937842306139 ], [ -76.241920000602619, 38.519336000095663 ], [ -76.241965499392307, 38.519275500021351 ], [ -76.242095000383728, 38.519237000310426 ], [ -76.242324000434266, 38.51915300026684 ], [ -76.242568000173705, 38.519007999745035 ], [ -76.242682999838209, 38.518905000712223 ], [ -76.242721000698381, 38.51883599915449 ], [ -76.242752000037285, 38.518760000545939 ], [ -76.242805000363546, 38.518698999481231 ], [ -76.242834999395427, 38.518652999087571 ], [ -76.242934999611819, 38.518439999345979 ], [ -76.242996000090656, 38.518360000611459 ], [ -76.243117999739937, 38.518267999103145 ], [ -76.243514999948189, 38.518035000519696 ], [ -76.24391899983857, 38.517825999493333 ], [ -76.244064000172386, 38.517730000687514 ], [ -76.244147999681871, 38.517638999539074 ], [ -76.244194000010012, 38.517555000771452 ], [ -76.244209000427091, 38.517458999348086 ], [ -76.244200999348564, 38.517355999601087 ], [ -76.244139999797071, 38.517184999578177 ], [ -76.243880999591667, 38.516806999567457 ], [ -76.243705000109955, 38.516661999753339 ], [ -76.243560000131623, 38.516596999456574 ], [ -76.242950000382606, 38.516475000349622 ], [ -76.242834999738065, 38.516426000138871 ], [ -76.242712999402045, 38.516325999704222 ], [ -76.242552999737683, 38.516143000270269 ], [ -76.242445999225879, 38.516056000144033 ], [ -76.242347000916496, 38.515991000033942 ], [ -76.242148999889736, 38.515894999819913 ], [ -76.242056999997914, 38.51580799987115 ], [ -76.241988999603649, 38.51565499999414 ], [ -76.241989000163429, 38.51557900024315 ], [ -76.242011999522816, 38.515522000243998 ], [ -76.242224999344842, 38.515345999782937 ], [ -76.242408000460699, 38.515102000051336 ], [ -76.242469000650544, 38.51499500045589 ], [ -76.242485000644351, 38.514827000619512 ], [ -76.242445999794981, 38.514682000043393 ], [ -76.242369999813945, 38.5145790000036 ], [ -76.242279000894811, 38.51448400036557 ], [ -76.241950000033569, 38.514270000218907 ], [ -76.241912000224318, 38.51423600064242 ], [ -76.241911999256374, 38.514194000269882 ], [ -76.24193500023091, 38.514151999524053 ], [ -76.241989000172126, 38.514118000183629 ], [ -76.242111000872882, 38.514072000154506 ], [ -76.242301000581449, 38.514010999186169 ], [ -76.242485000661262, 38.513931000069633 ], [ -76.242691000527643, 38.513820000547909 ], [ -76.242789999191331, 38.51371299980385 ], [ -76.242850999573122, 38.513622000150058 ], [ -76.242896999301934, 38.513473000413207 ], [ -76.242927000787063, 38.513338999247658 ], [ -76.242896999044035, 38.513275000494232 ], [ -76.242843000090517, 38.513198000193718 ], [ -76.242797000032681, 38.513087999457454 ], [ -76.242773999671229, 38.512942999646498 ], [ -76.242728999138649, 38.512873999445695 ], [ -76.242561000045626, 38.512743999610414 ], [ -76.242445999419488, 38.512644999425319 ], [ -76.242378000803072, 38.512568999518756 ], [ -76.242332000831098, 38.512434999277374 ], [ -76.242263000277774, 38.512335999771352 ], [ -76.242155999547322, 38.512278999581355 ], [ -76.242019000508066, 38.512233000082951 ], [ -76.241806000340759, 38.512175999881137 ], [ -76.241621999411024, 38.512134000422492 ], [ -76.241447000442847, 38.51210700011751 ], [ -76.241317500276182, 38.512057500966115 ], [ -76.241278999789756, 38.5119590000267 ], [ -76.241302000009526, 38.511851999718978 ], [ -76.241332999802225, 38.511763999559946 ], [ -76.241461999892834, 38.511576999631259 ], [ -76.241568999767694, 38.5114509997371 ], [ -76.241637498690082, 38.511333750326109 ], [ -76.241729000461063, 38.511305999551368 ], [ -76.241873999652711, 38.51130199981386 ], [ -76.242022434249932, 38.511273787858507 ], [ -76.242066265605814, 38.511214448051547 ], [ -76.242060999544421, 38.511093000005012 ], [ -76.242111000831699, 38.51102800038138 ], [ -76.242132005983706, 38.510978039658937 ], [ -76.242114499380179, 38.510936499866297 ], [ -76.241912000160212, 38.510867999757949 ], [ -76.24178299948575, 38.510780000420461 ], [ -76.241668000334599, 38.510718999775904 ], [ -76.241576999485488, 38.510704000232437 ], [ -76.241476999755903, 38.510703999658979 ], [ -76.241141999789008, 38.510741999789602 ], [ -76.24094413065194, 38.510714690759485 ], [ -76.240805999948378, 38.510687999699904 ], [ -76.240631000861484, 38.510620000469132 ], [ -76.240477999896541, 38.510585000037452 ], [ -76.240126999402904, 38.510551000092669 ], [ -76.239584999514392, 38.510558999985072 ], [ -76.239402001021134, 38.510547000203466 ], [ -76.239264999282867, 38.510528000352814 ], [ -76.239142999467802, 38.510490000212791 ], [ -76.239036000325271, 38.51039800040035 ], [ -76.238975000163194, 38.51027199968663 ], [ -76.238929000261109, 38.510078000176549 ], [ -76.238937000014474, 38.509960000137632 ], [ -76.238974999499405, 38.509879999663475 ], [ -76.239073999422502, 38.509777000302684 ], [ -76.239151000310031, 38.509719000452563 ], [ -76.239195999600724, 38.509653999940355 ], [ -76.239211999380757, 38.509597000582126 ], [ -76.239196000298051, 38.509539999791393 ], [ -76.239150999835999, 38.509494000169262 ], [ -76.238997999703628, 38.50937600060476 ], [ -76.238661999470551, 38.509090000200644 ], [ -76.238585999711205, 38.509039999874538 ], [ -76.238464000449582, 38.508979000589513 ], [ -76.238273000055386, 38.508864500543787 ], [ -76.23825400061115, 38.50878500045269 ], [ -76.238310999015795, 38.508739000751106 ], [ -76.238475000406936, 38.508708499889089 ], [ -76.238516999654593, 38.508658999936586 ], [ -76.238532999788575, 38.508571000378126 ], [ -76.238533000346067, 38.508433999998154 ], [ -76.238555000183041, 38.508022000679979 ], [ -76.238577999796306, 38.507942000216758 ], [ -76.238654999994111, 38.507849999474047 ], [ -76.238731000200602, 38.507793000565783 ], [ -76.238806999543868, 38.507765999181892 ], [ -76.23888300011653, 38.507761999774402 ], [ -76.238983212738262, 38.507772565362238 ], [ -76.239073999536913, 38.507772000555185 ], [ -76.239104999623706, 38.507730000494703 ], [ -76.239074000113717, 38.50767099961223 ], [ -76.238884999514056, 38.507531000792845 ], [ -76.238845000001135, 38.507494999659571 ], [ -76.23880700017348, 38.5074039993846 ], [ -76.238777000470165, 38.507271999777331 ], [ -76.238777000309184, 38.507170999724693 ], [ -76.238792000461345, 38.507015000140207 ], [ -76.238784000328664, 38.506907999864318 ], [ -76.23873100050703, 38.506766999900314 ], [ -76.23866200016154, 38.506687000136807 ], [ -76.238478999790885, 38.506506999928092 ], [ -76.238409999767271, 38.506396999726938 ], [ -76.238341998900253, 38.506240000180107 ], [ -76.238295998829841, 38.506163999667244 ], [ -76.238227000644983, 38.506106999869324 ], [ -76.238121000898005, 38.506071999931251 ], [ -76.238044000251634, 38.506010999756207 ], [ -76.238020999881087, 38.505938999563881 ], [ -76.238006000381702, 38.505812999975689 ], [ -76.237952999255228, 38.505714000026785 ], [ -76.23787599922133, 38.505633999557119 ], [ -76.237799998993609, 38.505587999615244 ], [ -76.237739000828597, 38.505580000225144 ], [ -76.237608999082653, 38.505584000357615 ], [ -76.237502999928608, 38.505580000150452 ], [ -76.237410999904014, 38.505549999597086 ], [ -76.237246999331347, 38.505435500224088 ], [ -76.237166999661682, 38.505408999919773 ], [ -76.237098000054843, 38.505404999942542 ], [ -76.236983999191665, 38.505424000089626 ], [ -76.236938000169246, 38.505455000068025 ], [ -76.236945499925341, 38.505509500307284 ], [ -76.237044999777993, 38.50555000013626 ], [ -76.237135999818733, 38.505572999751692 ], [ -76.237205000093908, 38.5056190001158 ], [ -76.237289000130346, 38.505706000212655 ], [ -76.237547999766264, 38.506125999846638 ], [ -76.237800000995094, 38.506648999888704 ], [ -76.237988999749305, 38.506916000806292 ], [ -76.238028999012229, 38.507007000059296 ], [ -76.238011999909162, 38.507065000829087 ], [ -76.237936999704473, 38.507166999949476 ], [ -76.237846000343339, 38.507384999672063 ], [ -76.237838000600817, 38.507426999842906 ], [ -76.23784200010563, 38.507481999576456 ], [ -76.237910998888353, 38.507613500302512 ], [ -76.237892000842749, 38.507663000473812 ], [ -76.237731000553495, 38.507826999837491 ], [ -76.237685999836472, 38.507896000720052 ], [ -76.237669999092859, 38.507971999152495 ], [ -76.237678000299397, 38.508025999012951 ], [ -76.237846000076274, 38.508205000237851 ], [ -76.237976000030173, 38.508403000803767 ], [ -76.237973611766606, 38.508466996553395 ], [ -76.237936999129019, 38.50850600001413 ], [ -76.237769999794637, 38.508593999007616 ], [ -76.237709000727847, 38.508654999364765 ], [ -76.237685998849614, 38.508731000508703 ], [ -76.237663000431112, 38.509570999854304 ], [ -76.237648000391189, 38.509754000443664 ], [ -76.23761416616982, 38.509805740173867 ], [ -76.237433999312842, 38.510035999575095 ], [ -76.237396000214503, 38.510119999596398 ], [ -76.237380000512857, 38.510223000045819 ], [ -76.237380000050848, 38.510349000323018 ], [ -76.237396000799606, 38.510447999971717 ], [ -76.237448998820582, 38.510551000145739 ], [ -76.237486999913799, 38.510600999572297 ], [ -76.237648000035747, 38.510718999556488 ], [ -76.237678000392734, 38.510779999675876 ], [ -76.237823000503141, 38.511244999452146 ], [ -76.238005999987138, 38.511774999296861 ], [ -76.238059000427995, 38.511996999383264 ], [ -76.238098000430341, 38.512106999394234 ], [ -76.238150999541659, 38.512190999956488 ], [ -76.238158999882799, 38.512243000641398 ], [ -76.238139499083701, 38.512323000532291 ], [ -76.238065873452555, 38.512355118019926 ], [ -76.23797600059163, 38.512366999887149 ], [ -76.23791050052715, 38.512391500229391 ], [ -76.237895500592344, 38.512444999629473 ], [ -76.237929999643555, 38.512485000157994 ], [ -76.238036999594428, 38.51254599978612 ], [ -76.238167657587582, 38.512584063241697 ], [ -76.238258000288155, 38.512602999902633 ], [ -76.238410000193468, 38.512602999954204 ], [ -76.23855416824756, 38.51255551020845 ], [ -76.238619319316697, 38.512524885539499 ], [ -76.238654999343353, 38.512481000931693 ], [ -76.238676999372942, 38.512423999527009 ], [ -76.238654500090647, 38.512387499509551 ], [ -76.23859349942046, 38.512387499765637 ], [ -76.238497504510235, 38.512463231688542 ], [ -76.238444465430803, 38.512455183974751 ], [ -76.238418000877459, 38.51238199992649 ], [ -76.238440999748462, 38.512301999496444 ], [ -76.238525000051808, 38.512184000333654 ], [ -76.238609000414954, 38.51212300073221 ], [ -76.238676999741855, 38.512103999308991 ], [ -76.238746000384012, 38.512111001040914 ], [ -76.238799999660827, 38.512134000992042 ], [ -76.238844999236818, 38.51218400076403 ], [ -76.238876000110068, 38.512267999214096 ], [ -76.238844999470274, 38.512481000770073 ], [ -76.238799999545748, 38.51258799972527 ], [ -76.238731000263599, 38.512640999484994 ], [ -76.238540000016883, 38.512736999189428 ], [ -76.238127999955637, 38.513034000109613 ], [ -76.237975999590404, 38.5131830001541 ], [ -76.237860999742921, 38.513313000200419 ], [ -76.237769999870878, 38.513473000202261 ], [ -76.237670000006844, 38.513702000272758 ], [ -76.237648000368651, 38.513854000558624 ], [ -76.23764800035066, 38.513968999806359 ], [ -76.237678000596532, 38.514083000387089 ], [ -76.237738999509062, 38.514179000563928 ], [ -76.23781499960846, 38.514240000597887 ], [ -76.238182000349056, 38.514391999873659 ], [ -76.238287999904742, 38.514503000343019 ], [ -76.238638999408963, 38.515026000190602 ], [ -76.238722999851362, 38.515189999809394 ], [ -76.23873899997136, 38.515265999915563 ], [ -76.238730999842161, 38.515312000163249 ], [ -76.238700001075657, 38.515361000198659 ], [ -76.238613501395989, 38.515407890581244 ], [ -76.23826499998178, 38.515574999747727 ], [ -76.238128000359339, 38.515665999624723 ], [ -76.238005999599707, 38.515803999931016 ], [ -76.237922000077731, 38.515913999559793 ], [ -76.237884000813153, 38.515978999555372 ], [ -76.237846000239799, 38.516062999700644 ], [ -76.237845999609846, 38.516180999854356 ], [ -76.237857499888264, 38.516293751074834 ], [ -76.237823000249065, 38.516361000152067 ], [ -76.23773899965785, 38.51646399958112 ], [ -76.237700999848812, 38.516558999782781 ], [ -76.237678000449677, 38.516718999871472 ], [ -76.237693000195648, 38.517001999910818 ], [ -76.237730999789164, 38.517288000407881 ], [ -76.237784999540821, 38.517433000086953 ], [ -76.237869001347235, 38.517527999689044 ], [ -76.23796800018799, 38.517585000850652 ], [ -76.238142999735402, 38.517635000208401 ], [ -76.238311000098037, 38.517654000893117 ], [ -76.238379999066481, 38.517682500281282 ], [ -76.238403000056977, 38.517748999378497 ], [ -76.238334000168152, 38.518080999573179 ], [ -76.238288000618084, 38.518165000574804 ], [ -76.238273000417976, 38.518263999508228 ], [ -76.238273000272713, 38.518356000316551 ], [ -76.238288000713325, 38.518450999487129 ], [ -76.238348999745071, 38.518577000452666 ], [ -76.238380000642678, 38.518718000387913 ], [ -76.238394998969298, 38.518909000367238 ], [ -76.238387999469737, 38.519012000434664 ], [ -76.238371999218145, 38.519069000562148 ], [ -76.238273000188755, 38.519184000367851 ], [ -76.238243000325909, 38.519267999929419 ], [ -76.238234999471004, 38.519370999728579 ], [ -76.238250000040694, 38.519447000533781 ], [ -76.238295999470211, 38.51956100037345 ], [ -76.238304000230116, 38.519630000268293 ], [ -76.238295999370621, 38.519694999738185 ], [ -76.238243000302305, 38.519828000308216 ], [ -76.23808999906899, 38.520164000101644 ], [ -76.238067000599543, 38.520251999613244 ], [ -76.238081999940817, 38.520350999726624 ], [ -76.238127999444529, 38.520461999598673 ], [ -76.238166000697689, 38.520518999697366 ], [ -76.238189000034524, 38.520598999827314 ], [ -76.238182000077416, 38.520645000278883 ], [ -76.238089999888231, 38.520739999699522 ], [ -76.238058999180595, 38.520789999561337 ], [ -76.238037000577719, 38.520870000146751 ], [ -76.238028999362768, 38.520949999723065 ], [ -76.237982999731997, 38.521076000064873 ], [ -76.237976001057277, 38.521120999602665 ], [ -76.237991000255988, 38.521246999954144 ], [ -76.237967999975922, 38.521376999793809 ], [ -76.237910208297833, 38.521437437523538 ], [ -76.237739001117333, 38.52151399989485 ], [ -76.237669999284606, 38.52155600074633 ], [ -76.237608999354038, 38.521620999301888 ], [ -76.237564000098232, 38.521693999279051 ], [ -76.23744899916359, 38.521773999403848 ], [ -76.237219999537857, 38.5218880009919 ], [ -76.23637299968307, 38.52240300007756 ], [ -76.235832000625351, 38.522772999097604 ], [ -76.235457999914274, 38.523086000298349 ], [ -76.234969999845973, 38.523554999863158 ], [ -76.234870000192288, 38.523681000231889 ], [ -76.234847999572565, 38.523730999951773 ], [ -76.234840000590026, 38.52377699993702 ], [ -76.234847999090917, 38.523841000011295 ], [ -76.234930998894896, 38.524005000184538 ], [ -76.234947000543841, 38.524150000495339 ], [ -76.234901000081535, 38.524279999669609 ], [ -76.234786000013401, 38.524428999602065 ], [ -76.23464200001564, 38.524599999607965 ], [ -76.234534999334016, 38.52476799989504 ], [ -76.23445799885198, 38.524962999761776 ], [ -76.234405000670193, 38.525042999954266 ], [ -76.234190999679441, 38.525202999369419 ], [ -76.234001000757772, 38.525386000056237 ], [ -76.233855999985849, 38.525596000053554 ], [ -76.233810000601991, 38.525775001039506 ], [ -76.233801999495128, 38.525856000343467 ], [ -76.233771999105841, 38.525913000330398 ], [ -76.233703000726365, 38.525981000007917 ], [ -76.233366999463627, 38.526186999174428 ], [ -76.233093001067701, 38.526370999179257 ], [ -76.23298494494999, 38.526410634115933 ], [ -76.232905499524691, 38.526397499696145 ], [ -76.232901999351753, 38.526343999545496 ], [ -76.232932999433118, 38.526274999966226 ], [ -76.232977999850362, 38.526210000931037 ], [ -76.233009000257582, 38.526149000503146 ], [ -76.233009000135183, 38.526088000867844 ], [ -76.232986000229516, 38.52600799971087 ], [ -76.232932999317754, 38.525939000617342 ], [ -76.232673000449381, 38.525829000262014 ], [ -76.232413999748374, 38.525656999957469 ], [ -76.232330000505442, 38.525615000567434 ], [ -76.232192000493157, 38.52556899925132 ], [ -76.231979000424403, 38.525512001113292 ], [ -76.23155899976949, 38.52545499969807 ], [ -76.231215999588784, 38.525375000582983 ], [ -76.231032998956195, 38.525363000470321 ], [ -76.230880000270574, 38.525375000661008 ], [ -76.23060599954718, 38.525443999183935 ], [ -76.230040999827068, 38.525630000130171 ], [ -76.229674999611973, 38.525824999726076 ], [ -76.229330999555557, 38.526058000285836 ], [ -76.229240000404346, 38.526095999809364 ], [ -76.229187000477197, 38.526091999584544 ], [ -76.229132999685362, 38.526080500735858 ], [ -76.229025999842094, 38.525950999625088 ], [ -76.228949999798886, 38.525817000458972 ], [ -76.228758999457241, 38.5256190005394 ], [ -76.228591000125633, 38.525504999706165 ], [ -76.228454000147636, 38.525436000359427 ], [ -76.228316999803724, 38.525404999396663 ], [ -76.228163999837193, 38.525390000260785 ], [ -76.227728999891013, 38.525379000195628 ], [ -76.227620630152643, 38.525350823836675 ], [ -76.227455001141379, 38.525202999844431 ], [ -76.227347999434429, 38.525176999911103 ], [ -76.227240999262307, 38.525173000996013 ], [ -76.227127001171297, 38.525184000626041 ], [ -76.227049261213168, 38.525200442274475 ], [ -76.226981500296176, 38.525199499639605 ], [ -76.22693599950226, 38.525145999153665 ], [ -76.2268979998763, 38.525061999618011 ], [ -76.226889999661381, 38.524916999983049 ], [ -76.226921000821591, 38.524786999597353 ], [ -76.227019999874443, 38.524580999466153 ], [ -76.227203001020797, 38.524008999510855 ], [ -76.227240999962461, 38.523871999563745 ], [ -76.227240999281946, 38.523711999847194 ], [ -76.227217999946788, 38.52358599975922 ], [ -76.227164999736416, 38.523456000104055 ], [ -76.227104000142447, 38.523158999682728 ], [ -76.226974000224999, 38.522750000414518 ], [ -76.226905000180167, 38.522422000400205 ], [ -76.226905000259023, 38.522261999767835 ], [ -76.226936000234744, 38.522132000256683 ], [ -76.227057999667522, 38.521839000009898 ], [ -76.227118999450113, 38.521727999279506 ], [ -76.227339999332557, 38.521499000133851 ], [ -76.227371000033486, 38.52144600035102 ], [ -76.227386000108396, 38.521377000325714 ], [ -76.227386000001871, 38.521324000716866 ], [ -76.227370999516907, 38.521057000211762 ], [ -76.227394000406122, 38.520934999719209 ], [ -76.227431999778304, 38.520851000209326 ], [ -76.227469999659391, 38.520786000873585 ], [ -76.227565499930918, 38.520656000265461 ], [ -76.227614999537906, 38.520564999599124 ], [ -76.227645001260768, 38.520441999636425 ], [ -76.227691000223061, 38.520369999276348 ], [ -76.227806000207565, 38.520285999690635 ], [ -76.227844000027886, 38.520247999593295 ], [ -76.227873999848811, 38.520194999333413 ], [ -76.227934999746594, 38.520137000493854 ], [ -76.228041999339936, 38.52008400097121 ], [ -76.228202000016893, 38.520026999308918 ], [ -76.228279000176443, 38.520007999732712 ], [ -76.228485000253713, 38.520010999247056 ], [ -76.228706000308861, 38.520042000033044 ], [ -76.228767000693495, 38.520033999441011 ], [ -76.228828000811532, 38.520007999544184 ], [ -76.228888999936473, 38.519946999274595 ], [ -76.22896499988758, 38.519824000623416 ], [ -76.228988000960243, 38.519737000162223 ], [ -76.228980999362989, 38.519671999929187 ], [ -76.228927000699599, 38.519614999625432 ], [ -76.22884299984689, 38.519550000109703 ], [ -76.228782499090926, 38.519482999732134 ], [ -76.22878200004925, 38.519358999734187 ], [ -76.22879699945409, 38.519297999601918 ], [ -76.22882799912297, 38.519247999458372 ], [ -76.228881000221023, 38.519195000243762 ], [ -76.228934998923805, 38.519126000264386 ], [ -76.228945999058041, 38.51905799963329 ], [ -76.228903999189043, 38.51899299957806 ], [ -76.228851000698057, 38.518965999852377 ], [ -76.228774499407692, 38.518941499990049 ], [ -76.228736000018586, 38.518897999889518 ], [ -76.228736000546974, 38.518790999762516 ], [ -76.228697999529572, 38.518691999717923 ], [ -76.228599001181777, 38.518546999686237 ], [ -76.228599000313238, 38.518469999836547 ], [ -76.228621999761799, 38.518420999797264 ], [ -76.228804999595965, 38.51829499979069 ], [ -76.228828000013493, 38.518237999640455 ], [ -76.228842999355393, 38.518142000061701 ], [ -76.228842999521433, 38.518062000189566 ], [ -76.228816499275581, 38.51801450042732 ], [ -76.228751499459975, 38.518012500517735 ], [ -76.228681819580174, 38.518031853495735 ], [ -76.228445999885523, 38.518081000038258 ], [ -76.228378001245247, 38.518073999778515 ], [ -76.228346999195324, 38.518027999755986 ], [ -76.228293999412713, 38.517992999682043 ], [ -76.228225000394914, 38.517981999856339 ], [ -76.228140999831268, 38.517974000367225 ], [ -76.228079999469998, 38.517977999680738 ], [ -76.227972047559973, 38.51799640336997 ], [ -76.227867000321908, 38.518005000039317 ], [ -76.227805499382825, 38.51798200012302 ], [ -76.227783000303134, 38.517906000305537 ], [ -76.227835999609781, 38.517818000309184 ], [ -76.227943000548279, 38.5177260005199 ], [ -76.227966000216057, 38.517676999707319 ], [ -76.227965499524018, 38.517627000395763 ], [ -76.227827999496839, 38.517547000345431 ], [ -76.227760000081247, 38.51754299974435 ], [ -76.227642372647125, 38.517663529911609 ], [ -76.227564999463993, 38.517732500037049 ], [ -76.227355000543383, 38.517761000494666 ], [ -76.227310000526771, 38.517779999639082 ], [ -76.227217999711058, 38.517845000150437 ], [ -76.227195000162055, 38.517889999878726 ], [ -76.227187999825475, 38.517931999678837 ], [ -76.227195000371708, 38.518013000189349 ], [ -76.227187999511116, 38.518103999566549 ], [ -76.227157000065517, 38.518142000064927 ], [ -76.227103999999756, 38.518169000053049 ], [ -76.227050400565759, 38.518169256127408 ], [ -76.226982000390819, 38.518161000114716 ], [ -76.226776000188607, 38.518043000367697 ], [ -76.226702999107601, 38.518019999913442 ], [ -76.2266309992673, 38.51802400003772 ], [ -76.226569999837892, 38.518042999614792 ], [ -76.22650382529477, 38.518044449220973 ], [ -76.226401998873385, 38.51800499976639 ], [ -76.226295000703431, 38.518004999959821 ], [ -76.226118999859395, 38.518039000299972 ], [ -76.226065337308, 38.518060946705482 ], [ -76.225999249432377, 38.518072001201759 ], [ -76.225952000494686, 38.518031999571392 ], [ -76.225883000003975, 38.517985999796331 ], [ -76.225501999994322, 38.517883000367235 ], [ -76.225418001080101, 38.517783999808572 ], [ -76.225333999420997, 38.517715000370437 ], [ -76.225241999189379, 38.51767300006096 ], [ -76.225173000635337, 38.51764600006171 ], [ -76.225111999645463, 38.517642000434527 ], [ -76.225016999989947, 38.517654000305363 ], [ -76.224967001084806, 38.51761949980154 ], [ -76.224989999680744, 38.517577999632813 ], [ -76.225196000015615, 38.517402000525315 ], [ -76.225256999591878, 38.517311000045986 ], [ -76.225253499674906, 38.517259000510691 ], [ -76.225189000240576, 38.517196000424171 ], [ -76.225081999577583, 38.517134999761751 ], [ -76.224899000386173, 38.517005000364833 ], [ -76.224715999350465, 38.516845000357797 ], [ -76.224554999878322, 38.516665999851526 ], [ -76.224493999493745, 38.516609000259656 ], [ -76.224449000325492, 38.516582000537873 ], [ -76.224295999758809, 38.516536000354343 ], [ -76.224227000034901, 38.516475000327858 ], [ -76.224136000197987, 38.516372000675815 ], [ -76.22408199982543, 38.516268999386227 ], [ -76.224075000465106, 38.516169999379208 ], [ -76.224120999600501, 38.515975000049472 ], [ -76.224097999947233, 38.51571600056468 ], [ -76.224075000722323, 38.515582999665547 ], [ -76.224048499361487, 38.515504500256981 ], [ -76.223982999780233, 38.515452999221914 ], [ -76.223673278743334, 38.515349234568269 ], [ -76.223770000417943, 38.51529599914408 ], [ -76.223884000029116, 38.515270000054564 ], [ -76.224104832233238, 38.515252772057849 ], [ -76.224178000597618, 38.515237499220284 ], [ -76.224372000409346, 38.515051999729813 ], [ -76.224501999679021, 38.514956999827419 ], [ -76.224600999523972, 38.514904000547311 ], [ -76.224814999462694, 38.51481199962145 ], [ -76.224880000367634, 38.514771500424246 ], [ -76.22485899978615, 38.514707250655832 ], [ -76.224639000207617, 38.514681999608179 ], [ -76.224601000630329, 38.514651999766485 ], [ -76.224585999942079, 38.514609999224994 ], [ -76.22457099975037, 38.514518000872592 ], [ -76.224585999777645, 38.514460999491867 ], [ -76.224739000597239, 38.514240001086542 ], [ -76.224765000456188, 38.51417100088257 ], [ -76.224754000252531, 38.5141059997895 ], [ -76.224707999569446, 38.514082999819102 ], [ -76.224639000413831, 38.514059999509577 ], [ -76.224563000305338, 38.514014999955386 ], [ -76.224525000142094, 38.513972999957105 ], [ -76.224516999038315, 38.513876999616599 ], [ -76.224533000159724, 38.51380100022169 ], [ -76.2245329998985, 38.513713000210309 ], [ -76.22450999968548, 38.513583999416717 ], [ -76.224479500390657, 38.51350749955764 ], [ -76.224739000511875, 38.513419999827825 ], [ -76.224692999816156, 38.51330899983693 ], [ -76.224388000585591, 38.51340100029141 ], [ -76.224258000377077, 38.513175000316842 ], [ -76.224265998963602, 38.513117999974071 ], [ -76.224303999807276, 38.513000000204016 ], [ -76.224440998927804, 38.512679999726551 ], [ -76.2245019989669, 38.512518999811647 ], [ -76.224524999877573, 38.512378000510374 ], [ -76.224501998717571, 38.51231000033227 ], [ -76.224379999816307, 38.512138000385107 ], [ -76.224319000143765, 38.512039000223716 ], [ -76.224258000662374, 38.511970000344377 ], [ -76.224152750639774, 38.511892749906877 ], [ -76.224158499248901, 38.511834500295315 ], [ -76.224288000490674, 38.51180199978247 ], [ -76.224463999837226, 38.511779000602345 ], [ -76.224532998753816, 38.511749000477558 ], [ -76.224638999982503, 38.511660999800412 ], [ -76.224807000034971, 38.511573499198562 ], [ -76.224845000124063, 38.511497000581684 ], [ -76.224853000103565, 38.511416999965661 ], [ -76.224829999066969, 38.511340500661291 ], [ -76.224768999791152, 38.511310000550402 ], [ -76.224554999828854, 38.511294999318196 ], [ -76.224411000841087, 38.511268000015434 ], [ -76.22415899966451, 38.511203000597561 ], [ -76.223983655967615, 38.511179722117419 ], [ -76.223945000386522, 38.511140500444405 ], [ -76.223952999517834, 38.511024000391714 ], [ -76.224005999565392, 38.510779999561954 ], [ -76.224127999749825, 38.510070000521296 ], [ -76.224162499012692, 38.510005499590271 ], [ -76.224311000164818, 38.509902000869275 ], [ -76.224388000659019, 38.509830000662973 ], [ -76.224410999588954, 38.509773000441186 ], [ -76.22441800003989, 38.509692999478574 ], [ -76.224410999269452, 38.509567000956494 ], [ -76.224379999507022, 38.509464000120651 ], [ -76.224327000360972, 38.509360999246709 ], [ -76.224166000268255, 38.509158999552938 ], [ -76.224112999624154, 38.509113000075054 ], [ -76.224060000494234, 38.509093999969913 ], [ -76.223898999853049, 38.509055999842843 ], [ -76.223838499150773, 38.509030500805849 ], [ -76.223793000190298, 38.508986999971135 ], [ -76.223708999839189, 38.508856999497283 ], [ -76.22358700018539, 38.508719999901388 ], [ -76.223480001238386, 38.508647000223469 ], [ -76.223051999554428, 38.508411000173759 ], [ -76.222975999853716, 38.50832299995762 ], [ -76.222876998836071, 38.508102000249906 ], [ -76.222731999546255, 38.508093999536364 ], [ -76.222671243668017, 38.508079357752109 ], [ -76.222618000079478, 38.507994999679049 ], [ -76.222533999833587, 38.50782699971451 ], [ -76.222472500004486, 38.50774149982098 ], [ -76.222413249098821, 38.507729999537048 ], [ -76.2223119994581, 38.507761999649624 ], [ -76.22236600064717, 38.50808999982889 ], [ -76.222366000542749, 38.508177999885696 ], [ -76.222351000136214, 38.508269999581316 ], [ -76.222297000337775, 38.508475999819915 ], [ -76.222281999753335, 38.508578999624419 ], [ -76.222297000692507, 38.508700999565413 ], [ -76.222343000247719, 38.508818999748044 ], [ -76.222411999858608, 38.508917999591354 ], [ -76.222533999734168, 38.50899799981687 ], [ -76.222723999935042, 38.509066999798229 ], [ -76.222846000352618, 38.509135999576351 ], [ -76.222937999926344, 38.509268999259866 ], [ -76.222968999604802, 38.509425999274654 ], [ -76.222999000339826, 38.509489999706609 ], [ -76.223044999406682, 38.509563000008868 ], [ -76.223113999746829, 38.509628000861433 ], [ -76.223143999595564, 38.509674000153815 ], [ -76.223148000137755, 38.509685000895601 ], [ -76.223132799406841, 38.509724843825524 ], [ -76.223013999348595, 38.509756999281095 ], [ -76.222685999512436, 38.509792000223982 ], [ -76.222090999237338, 38.509825999286356 ], [ -76.221664000086903, 38.509815000610679 ], [ -76.22157999997458, 38.509833999304583 ], [ -76.221526999503141, 38.509879999642095 ], [ -76.221487999848236, 38.509952000362368 ], [ -76.221434999730889, 38.510191999164114 ], [ -76.221404999917297, 38.510246000511941 ], [ -76.221244000124983, 38.510364000218871 ], [ -76.221205999955487, 38.510425000218731 ], [ -76.221175999821966, 38.510494000768325 ], [ -76.221176000139835, 38.51057000069472 ], [ -76.221191000299058, 38.510611999900519 ], [ -76.221259999082022, 38.510700000291585 ], [ -76.221313000659009, 38.510725999058678 ], [ -76.221374000594992, 38.51074199994477 ], [ -76.221480999448303, 38.510757000017655 ], [ -76.221526999109926, 38.510776000340613 ], [ -76.22156099984079, 38.51082350073964 ], [ -76.221471900780514, 38.51088823326063 ], [ -76.221351000401071, 38.510948000283157 ], [ -76.221252000418488, 38.511009000475788 ], [ -76.221148999872355, 38.511023000284766 ], [ -76.221133999595821, 38.511081000355546 ], [ -76.221191000849075, 38.51119199988149 ], [ -76.221213998851411, 38.511252999745338 ], [ -76.221221000474486, 38.511314000489818 ], [ -76.221217499312829, 38.511388500348936 ], [ -76.221191000293132, 38.51142500059445 ], [ -76.221046000928183, 38.511527999922706 ], [ -76.220977000794832, 38.511596000189968 ], [ -76.220946998912481, 38.511650000506357 ], [ -76.220931999806055, 38.511717999765828 ], [ -76.220946998938871, 38.51179800030409 ], [ -76.220976999829446, 38.511856000289704 ], [ -76.221145000349665, 38.512016000414405 ], [ -76.22118299882068, 38.512096000139174 ], [ -76.221228999332055, 38.512264000379183 ], [ -76.22117200022744, 38.512291999691897 ], [ -76.221069000237435, 38.512310000389014 ], [ -76.220984999996801, 38.512331999602829 ], [ -76.220649000444482, 38.512598999596037 ], [ -76.220504000698583, 38.512722000276625 ], [ -76.220153139928669, 38.512932104840395 ], [ -76.220100000099052, 38.512905000111331 ], [ -76.219932000121759, 38.512762999582321 ], [ -76.219848000848998, 38.512722000005319 ], [ -76.219787000874916, 38.512718000260783 ], [ -76.219640678717028, 38.51275203056845 ], [ -76.219566000434256, 38.51276300026143 ], [ -76.219412999376146, 38.512752000245719 ], [ -76.219329000197007, 38.512751999837832 ], [ -76.21925300060569, 38.512763000091873 ], [ -76.219015465484176, 38.512832611629854 ], [ -76.218383000568153, 38.513004000107124 ], [ -76.218132000155663, 38.513087999602071 ], [ -76.217956000295828, 38.513195000054338 ], [ -76.217796000805606, 38.513255999348523 ], [ -76.217643000031657, 38.513286001065012 ], [ -76.217065249741424, 38.513508500941015 ], [ -76.217027717490993, 38.513580777650319 ], [ -76.216872500103776, 38.513627500543038 ], [ -76.216781000305033, 38.513506999561635 ], [ -76.216607749996598, 38.513234751049701 ], [ -76.216460999876475, 38.513246000356169 ], [ -76.215618618922633, 38.51351957989921 ], [ -76.215407999467132, 38.513438500149789 ], [ -76.21534700056722, 38.513446000915941 ], [ -76.214698000698093, 38.513809000456426 ], [ -76.214560999218889, 38.513835000816101 ], [ -76.214508000002553, 38.513820000013823 ], [ -76.213630000581318, 38.51323300021798 ], [ -76.213477999450276, 38.513156000203715 ], [ -76.213324999810368, 38.513110999899602 ], [ -76.212843999461327, 38.513083999504218 ], [ -76.21269199987843, 38.513049999859099 ], [ -76.21260799962559, 38.513003999463251 ], [ -76.212486000293538, 38.512886000984082 ], [ -76.212348000360564, 38.512771000243653 ], [ -76.212234000395213, 38.512701999531927 ], [ -76.212126999723864, 38.512663999682026 ], [ -76.211989999723713, 38.512626000776201 ], [ -76.211639000109329, 38.512557000835521 ], [ -76.211569998807192, 38.512554000150217 ], [ -76.211505499234079, 38.512570500472215 ], [ -76.211486000357141, 38.512611000144709 ], [ -76.211508999541266, 38.512657000008552 ], [ -76.211554999128722, 38.512717500264479 ], [ -76.211563000426494, 38.512783000368003 ], [ -76.211547000626126, 38.512825000388965 ], [ -76.211120000512963, 38.513397000488276 ], [ -76.211086756052495, 38.513463898063115 ], [ -76.21104299313555, 38.513514758252477 ], [ -76.210959999328963, 38.513542000385563 ], [ -76.210906000288574, 38.513572000676326 ], [ -76.210867998963366, 38.513625999967303 ], [ -76.210861000734468, 38.513675000753949 ], [ -76.21088399987876, 38.513720998936819 ], [ -76.210928999164366, 38.513762999633983 ], [ -76.210989999244447, 38.51378600064394 ], [ -76.211226999844044, 38.513804999238268 ], [ -76.211448000328403, 38.513804999349688 ], [ -76.211677000694579, 38.513743999461582 ], [ -76.21177600047676, 38.513732000714604 ], [ -76.21229499965122, 38.513786000373202 ], [ -76.212387000003645, 38.513809000000379 ], [ -76.212477999870728, 38.513865999469388 ], [ -76.212554000927057, 38.513930999108318 ], [ -76.212607999576008, 38.513987999949933 ], [ -76.212630999455072, 38.514080000111093 ], [ -76.212623000089721, 38.514171000096134 ], [ -76.212608000353541, 38.514255000307784 ], [ -76.212570000354262, 38.514331000407445 ], [ -76.211769000557538, 38.515167000362467 ], [ -76.21171499998897, 38.51523899970131 ], [ -76.211615999546495, 38.515444999727407 ], [ -76.211578000046728, 38.51549900016073 ], [ -76.211387000089971, 38.515724000229973 ], [ -76.211288000095635, 38.5158879995032 ], [ -76.21125699883531, 38.515987000105255 ], [ -76.211256998859881, 38.516075000212332 ], [ -76.21127300003306, 38.516138999654544 ], [ -76.211311000589234, 38.516207999832616 ], [ -76.211401999875534, 38.516280999398923 ], [ -76.211501999863955, 38.51633000023967 ], [ -76.211989999647358, 38.516456000581634 ], [ -76.212134999488555, 38.516505999755658 ], [ -76.212271999334888, 38.516596999930563 ], [ -76.212653999268667, 38.5169019997223 ], [ -76.212707001137318, 38.516956000009813 ], [ -76.212753000377191, 38.517024500738323 ], [ -76.212745000152964, 38.517085999477843 ], [ -76.212600000323121, 38.517245999837854 ], [ -76.212501000047723, 38.517368000550903 ], [ -76.212386999867903, 38.517580999628905 ], [ -76.212241999558117, 38.517916999723688 ], [ -76.212210999521773, 38.518058000144052 ], [ -76.212203000089289, 38.518360000650055 ], [ -76.212210999601126, 38.518423999747846 ], [ -76.212241999597396, 38.518463000446694 ], [ -76.212325999495974, 38.518505000101584 ], [ -76.212409000301065, 38.518557999352339 ], [ -76.212532000252551, 38.518672000038265 ], [ -76.212607999804945, 38.518767999022224 ], [ -76.212722000846213, 38.519087999371237 ], [ -76.212790999222008, 38.51920300055297 ], [ -76.212974000082653, 38.519389999933615 ], [ -76.213203000270298, 38.519561000411322 ], [ -76.213333000877995, 38.519611000071954 ], [ -76.213477998854458, 38.519645000024482 ], [ -76.213622999668971, 38.519657000473146 ], [ -76.213759998761347, 38.51964900043216 ], [ -76.213904999652158, 38.51961800005715 ], [ -76.214049999740539, 38.519614999803544 ], [ -76.214179000397763, 38.519630000375074 ], [ -76.214270999796923, 38.519660000319284 ], [ -76.214363000351099, 38.519710000416403 ], [ -76.214500000033397, 38.519740999932431 ], [ -76.214660000389912, 38.519748000426624 ], [ -76.215109999515974, 38.519638000114348 ], [ -76.215208999568333, 38.519634000286068 ], [ -76.215286000070677, 38.519649000660991 ], [ -76.21532399920612, 38.519687000028078 ], [ -76.215346999294823, 38.51974100007358 ], [ -76.215332000046971, 38.519809000423884 ], [ -76.215300999670049, 38.519863000671918 ], [ -76.215216999931826, 38.519950000088151 ], [ -76.215171000104732, 38.520010999973799 ], [ -76.215103001201953, 38.520144999782289 ], [ -76.214995999553494, 38.520258999813677 ], [ -76.214508000884791, 38.520865999586917 ], [ -76.21447699958965, 38.520926999688463 ], [ -76.214469000062763, 38.520998999543806 ], [ -76.214485000198266, 38.52106000025929 ], [ -76.214529999927294, 38.521120999705659 ], [ -76.21479699949046, 38.521357999573304 ], [ -76.214842999417783, 38.521433999508211 ], [ -76.214858999813586, 38.521529999645374 ], [ -76.214842999764798, 38.521639999926471 ], [ -76.214728999303389, 38.521923001093249 ], [ -76.214346999815788, 38.522563000629809 ], [ -76.214241000278676, 38.522795999926757 ], [ -76.214178999489391, 38.522963999583688 ], [ -76.214149000466193, 38.523177999909016 ], [ -76.214156999248644, 38.5236320003062 ], [ -76.214134000318339, 38.523689000335381 ], [ -76.214026999335218, 38.523811000485708 ], [ -76.213866999683262, 38.524059000114995 ], [ -76.21377499946945, 38.524261000571109 ], [ -76.213554000340906, 38.524879000008546 ], [ -76.213432000209025, 38.525309999603394 ], [ -76.213377999535737, 38.525596000185224 ], [ -76.213370999637604, 38.525851999668042 ], [ -76.213408999748879, 38.526016000073966 ], [ -76.213516000294902, 38.526236999608301 ], [ -76.213569001247009, 38.526392999590733 ], [ -76.213577000061264, 38.526584000784638 ], [ -76.213637999397449, 38.526897000655211 ], [ -76.213728999835595, 38.527141000947623 ], [ -76.213882000959515, 38.527441999564886 ], [ -76.214102999288329, 38.527735999199372 ], [ -76.214339999171116, 38.52797999975148 ], [ -76.214560999537071, 38.528170999229452 ], [ -76.214759000255555, 38.528288999773864 ], [ -76.215021182268842, 38.528400745168561 ], [ -76.215568000122985, 38.528620999210737 ], [ -76.216017999592424, 38.528770000423933 ], [ -76.216483999252844, 38.528891999374963 ], [ -76.216835000094832, 38.528963999390662 ], [ -76.217185000861406, 38.528986999219846 ], [ -76.217437000148635, 38.52897199988373 ], [ -76.217673999795437, 38.528907000328267 ], [ -76.217963999963075, 38.528778000468961 ], [ -76.218063000541392, 38.528759000684047 ], [ -76.218132000410705, 38.528770000176429 ], [ -76.218153999801046, 38.528811999054561 ], [ -76.218162000601936, 38.528876999476154 ], [ -76.218162000740406, 38.529231999410506 ], [ -76.218214999675496, 38.529796000294176 ], [ -76.218222999945411, 38.530047999850815 ], [ -76.218260999812912, 38.530268999997084 ], [ -76.218344999638603, 38.530567000376756 ], [ -76.218466999571177, 38.530864000370997 ], [ -76.218535999936734, 38.531051000435426 ], [ -76.218642999646931, 38.531287999673502 ], [ -76.218765000214162, 38.531443999756391 ], [ -76.218902000236596, 38.531538999925672 ], [ -76.219069999919626, 38.531599999801713 ], [ -76.219244999892311, 38.531616000079552 ], [ -76.219428154883744, 38.531596053618266 ], [ -76.219596000383561, 38.531570000402979 ], [ -76.219725999885796, 38.531558000198437 ], [ -76.219878999403761, 38.531577999595363 ], [ -76.22002399949875, 38.531620000269847 ], [ -76.220198999393688, 38.531702999751907 ], [ -76.220375000609565, 38.531844999942997 ], [ -76.220558000153574, 38.532080999946864 ], [ -76.220694999498221, 38.532374999862562 ], [ -76.22076400020498, 38.532580999619867 ], [ -76.220763999935556, 38.532751999437032 ], [ -76.220740999140645, 38.533107000827812 ], [ -76.220763999794343, 38.533488999191789 ], [ -76.220817000352014, 38.533850999386708 ], [ -76.220847999983334, 38.534557000314443 ], [ -76.220946999958159, 38.534969000242725 ], [ -76.221114999411796, 38.535536999978447 ], [ -76.221206000466012, 38.535742999989715 ], [ -76.221327999309693, 38.53599499992054 ], [ -76.221664000070277, 38.536471999970679 ], [ -76.221838999762625, 38.536669999711968 ], [ -76.221930999134003, 38.536743000086922 ], [ -76.222068000507008, 38.536818999834288 ], [ -76.222274000001747, 38.536879999744997 ], [ -76.222366000582312, 38.536884000055082 ], [ -76.222563999910733, 38.536803999603791 ], [ -76.222694000738286, 38.536758000230222 ], [ -76.22280100031513, 38.536754000436197 ], [ -76.222900000727336, 38.536791999690521 ], [ -76.22296900008682, 38.536865000405996 ], [ -76.223007000227994, 38.536949000251461 ], [ -76.222807999490954, 38.537227000141982 ], [ -76.222740000488386, 38.53739500007994 ], [ -76.222723999895223, 38.537578000121485 ], [ -76.222724000493997, 38.537844999812769 ], [ -76.222755000067821, 38.538227000620552 ], [ -76.222816000098348, 38.538721999415685 ], [ -76.222914999616606, 38.539188000612242 ], [ -76.222930000731267, 38.539370999817884 ], [ -76.222929999648969, 38.539488999048814 ], [ -76.222877000528925, 38.539584999602859 ], [ -76.222792998809553, 38.539668999029139 ], [ -76.222679000589821, 38.539745000421391 ], [ -76.222595000316559, 38.539767999178181 ], [ -76.222487999958062, 38.539756000467136 ], [ -76.222389000074315, 38.539713999061952 ], [ -76.222274000647886, 38.539596000652651 ], [ -76.222166998882599, 38.539523999300101 ], [ -76.222061000041222, 38.539492999519148 ] ] ] } },
{ "type": "Feature", "properties": { "GEOID20": "24021750504", "ORGANIZATION_NAME": "Local Management Board Frederick County", "GOC_TRACK_TYPE": "Plan Development" }, "geometry": { "type": "Polygon", "coordinates": [ [ [ -77.434600000699405, 39.432363999294743 ], [ -77.434209999647521, 39.431793000416619 ], [ -77.432381999223423, 39.428753998884225 ], [ -77.432161999255698, 39.428457999906506 ], [ -77.432124999929599, 39.428409000439196 ], [ -77.432015999907193, 39.428261999134591 ], [ -77.43197999962193, 39.428213000456175 ], [ -77.431646999623098, 39.427780999803026 ], [ -77.431030998892197, 39.427085999684039 ], [ -77.430912000295152, 39.426960999843018 ], [ -77.430753000379113, 39.42682599962815 ], [ -77.430541000749187, 39.426659000332599 ], [ -77.43031000046021, 39.426518001020256 ], [ -77.429968000110264, 39.426290000629137 ], [ -77.429773000915361, 39.426179999524351 ], [ -77.429048000432175, 39.425801999832814 ], [ -77.428872999446142, 39.42569099928992 ], [ -77.428706000411552, 39.425572999546098 ], [ -77.42806300039021, 39.425091000219517 ], [ -77.427125000230731, 39.424402000228838 ], [ -77.427353999075493, 39.424280000115303 ], [ -77.428970999583555, 39.423335000310594 ], [ -77.429002999746714, 39.423313000598682 ], [ -77.429426000268222, 39.423066000053666 ], [ -77.429970000236125, 39.422690999986983 ], [ -77.430481000761048, 39.422289999739206 ], [ -77.430825999720568, 39.422038999955447 ], [ -77.431303999312021, 39.421619999634103 ], [ -77.432018000736335, 39.42092099945048 ], [ -77.432453000382239, 39.420429999524416 ], [ -77.433231999849355, 39.419316000414618 ], [ -77.433631999507199, 39.418637000042104 ], [ -77.433917999504104, 39.418052000261198 ], [ -77.434270000185805, 39.417082000316356 ], [ -77.434506000004305, 39.4163119993732 ], [ -77.434852999518071, 39.415285000438374 ], [ -77.435300999771812, 39.41539400029054 ], [ -77.435349001108307, 39.415413999907891 ], [ -77.435374000052548, 39.415410999885594 ], [ -77.436962000307005, 39.415801999855141 ], [ -77.437501000209537, 39.415926999818033 ], [ -77.438468000572684, 39.416137000255532 ], [ -77.439784999909818, 39.416419999824235 ], [ -77.44144000017063, 39.416637000182845 ], [ -77.445909000396227, 39.417482000260975 ], [ -77.44821199907858, 39.41787100033217 ], [ -77.449483999541627, 39.418023999762653 ], [ -77.44958299995011, 39.418037000114559 ], [ -77.449927999450026, 39.418076999842668 ], [ -77.450912000853521, 39.418197000106183 ], [ -77.450872000371291, 39.418495999904209 ], [ -77.449480000321017, 39.420985000734298 ], [ -77.448228000401457, 39.423330000179561 ], [ -77.44806699959328, 39.423625999490774 ], [ -77.447950000714727, 39.423819999696462 ], [ -77.447876999232705, 39.424008999976841 ], [ -77.447819999884544, 39.424215999740191 ], [ -77.447794998909828, 39.424468999313511 ], [ -77.447821999880077, 39.424632999528917 ], [ -77.447859999621485, 39.424752999840649 ], [ -77.447911999914538, 39.424873000001845 ], [ -77.448001999891048, 39.424998000445868 ], [ -77.448261000087456, 39.425287000672661 ], [ -77.448586999994504, 39.425611999124911 ], [ -77.448743999387602, 39.425795999541165 ], [ -77.448858000065712, 39.425966999638355 ], [ -77.449036999140532, 39.42627699996342 ], [ -77.449123999530713, 39.426441000573391 ], [ -77.44925999999019, 39.426870000638829 ], [ -77.449306000959751, 39.427184000119205 ], [ -77.449285000141771, 39.427339000206935 ], [ -77.449204999708684, 39.427545000128745 ], [ -77.449097999130544, 39.427738000175111 ], [ -77.449000999548744, 39.427869000309776 ], [ -77.448788000274689, 39.428078000350219 ], [ -77.448574999603423, 39.428255999804179 ], [ -77.44842199955535, 39.428399999490878 ], [ -77.448333000052685, 39.428522000061761 ], [ -77.448276000638259, 39.428658000233234 ], [ -77.448260999878599, 39.428784999845789 ], [ -77.448266000802633, 39.428892999995654 ], [ -77.448288999628247, 39.428998999549897 ], [ -77.448711999962498, 39.430393000873181 ], [ -77.448287999315681, 39.430410000684489 ], [ -77.447840999607877, 39.430446000738662 ], [ -77.447433000457508, 39.43049100039633 ], [ -77.446368999029744, 39.430635999291589 ], [ -77.44604300064529, 39.430709998955699 ], [ -77.445746000527905, 39.430818000060064 ], [ -77.445456999408364, 39.430954000610669 ], [ -77.445161000021017, 39.431151999285902 ], [ -77.444814999290372, 39.431362000017799 ], [ -77.443869999712405, 39.431869000356627 ], [ -77.443424000636952, 39.431976999710947 ], [ -77.442969999639402, 39.431939999579328 ], [ -77.442478000877458, 39.431826999824359 ], [ -77.441966000517724, 39.431850000122438 ], [ -77.440917999403609, 39.432118000110364 ], [ -77.440284000174955, 39.432269000240836 ], [ -77.439626000233488, 39.432330000022084 ], [ -77.438139000392212, 39.432348000023268 ], [ -77.437314000016883, 39.432335000672175 ], [ -77.434600000699405, 39.432363999294743 ] ] ] } },
{ "type": "Feature", "properties": { "GEOID20": "24025301402", "ORGANIZATION_NAME": "Boys & Girls Clubs of Harford and Cecil Counties", "GOC_TRACK_TYPE": "Partnership Development" }, "geometry": { "type": "Polygon", "coordinates": [ [ [ -76.323802998989422, 39.410512999938106 ], [ -76.323761999708481, 39.409571000251191 ], [ -76.323684000018261, 39.408788000211686 ], [ -76.323649000095969, 39.408556999897975 ], [ -76.32358000062861, 39.408369000155787 ], [ -76.323203999420031, 39.407579000541695 ], [ -76.322976000392643, 39.407200000112397 ], [ -76.322640999743342, 39.406725999784733 ], [ -76.322390999887446, 39.406447999729167 ], [ -76.321674999912219, 39.40580000031364 ], [ -76.320625000408157, 39.40487599989148 ], [ -76.320181999721328, 39.404519000258389 ], [ -76.320026000622505, 39.404407000171197 ], [ -76.321842000209003, 39.403644999158978 ], [ -76.326256000448765, 39.401769000281575 ], [ -76.327467000524223, 39.401247000067329 ], [ -76.330251000187957, 39.400090000063244 ], [ -76.331357999999057, 39.399615001007497 ], [ -76.331899999110078, 39.39939599933281 ], [ -76.333439000192712, 39.398736999400242 ], [ -76.333935999623037, 39.398519999692141 ], [ -76.338223999536496, 39.39658100005213 ], [ -76.339029999440214, 39.396192000492313 ], [ -76.339664999412847, 39.395848999772859 ], [ -76.340287000640814, 39.395491000983192 ], [ -76.341169000600473, 39.394889000105202 ], [ -76.342106000377242, 39.394178999862383 ], [ -76.34234599922253, 39.393972000030949 ], [ -76.343189999111374, 39.393174000620832 ], [ -76.344167000361267, 39.392069000158465 ], [ -76.344440101152088, 39.391735874237952 ], [ -76.344574999610145, 39.391821000568164 ], [ -76.344724000232659, 39.39199700052253 ], [ -76.344774000253949, 39.392463999796924 ], [ -76.34481599984926, 39.39264000080955 ], [ -76.34492199973927, 39.392881000214715 ], [ -76.345141999580974, 39.393183000293732 ], [ -76.345297999821767, 39.393435999911581 ], [ -76.345580999981138, 39.393819999565203 ], [ -76.34580800027517, 39.394084000524003 ], [ -76.346105000323746, 39.394320000383956 ], [ -76.346254000320329, 39.394549999696743 ], [ -76.346225999074363, 39.394808000455704 ], [ -76.34616200023008, 39.395230999637924 ], [ -76.34618950001817, 39.395521999502812 ], [ -76.346459999986592, 39.396159999495204 ], [ -76.34670494416639, 39.396507544940143 ], [ -76.3467378904963, 39.396627088278507 ], [ -76.346871889830553, 39.396767088258869 ], [ -76.346887890150498, 39.396842088419341 ], [ -76.346630890566743, 39.39782508805915 ], [ -76.346624890176869, 39.398205088728567 ], [ -76.346651889646708, 39.398301088667829 ], [ -76.346794890593699, 39.398441088184605 ], [ -76.346918389245573, 39.398531588759411 ], [ -76.347078889222942, 39.399058088075698 ], [ -76.347162889799222, 39.39926808797032 ], [ -76.347220890157928, 39.39930608789296 ], [ -76.347364889950995, 39.399345088168651 ], [ -76.347428889155651, 39.399319088271248 ], [ -76.347228889376581, 39.39867108875643 ], [ -76.347103889365229, 39.398419088446467 ], [ -76.347026889249705, 39.398071088218472 ], [ -76.347120888751419, 39.398044088509437 ], [ -76.347172889569507, 39.398051088494121 ], [ -76.347298888557432, 39.398107088733454 ], [ -76.347422889109808, 39.398123088305454 ], [ -76.347542890122824, 39.398107088242391 ], [ -76.347728890197317, 39.398046088870885 ], [ -76.347869889037867, 39.398086088861163 ], [ -76.347918889350211, 39.398113088225379 ], [ -76.348191000084157, 39.398365000195632 ], [ -76.348251999447612, 39.398476000837107 ], [ -76.348269000520261, 39.398543000486285 ], [ -76.348273000071174, 39.398718999222822 ], [ -76.348250999421083, 39.398810000234079 ], [ -76.348020999387003, 39.399335999914236 ], [ -76.347956000382553, 39.399514000534133 ], [ -76.347887999830178, 39.399763000019625 ], [ -76.347819000176159, 39.400156000316223 ], [ -76.347788001062369, 39.400250000343242 ], [ -76.347700001195363, 39.400410999646837 ], [ -76.347634242166194, 39.400482756714666 ], [ -76.347481999142545, 39.400629000353511 ], [ -76.347129000053712, 39.40089199953858 ], [ -76.347015999553449, 39.401007999857548 ], [ -76.346803999497894, 39.401208999535989 ], [ -76.346738000235405, 39.401306999721555 ], [ -76.346633999648674, 39.401439999821214 ], [ -76.346545000098772, 39.401515999423196 ], [ -76.346310999637794, 39.401620999987252 ], [ -76.346207999953776, 39.401676000888166 ], [ -76.346165000332618, 39.401711999763634 ], [ -76.346109000205644, 39.401822000808245 ], [ -76.346057999560813, 39.401895000951534 ], [ -76.345977999624708, 39.402046999910425 ], [ -76.345927000267196, 39.402193999661876 ], [ -76.345920999937888, 39.40223499966568 ], [ -76.345931000116778, 39.402284500652982 ], [ -76.345936998788545, 39.402300000659501 ], [ -76.346000000524143, 39.402406000818871 ], [ -76.346236000019161, 39.402792000759675 ], [ -76.346352999585051, 39.403246000101745 ], [ -76.346348999888662, 39.403899999125926 ], [ -76.346175000219361, 39.404314000060687 ], [ -76.345688000582115, 39.404906000203667 ], [ -76.345369000472132, 39.4050539996014 ], [ -76.345346999131863, 39.405100999539783 ], [ -76.345279000577776, 39.405144000067203 ], [ -76.345148000633429, 39.405288999516692 ], [ -76.34507200073017, 39.405386999760125 ], [ -76.344866000033576, 39.405591999620157 ], [ -76.344857000554541, 39.405623999727645 ], [ -76.34486599972719, 39.405707000088178 ], [ -76.344924000610433, 39.405803999658907 ], [ -76.344619999789927, 39.405857999789134 ], [ -76.344306998835194, 39.406181000681677 ], [ -76.343827000407288, 39.406591000062747 ], [ -76.343427999660392, 39.406875999482963 ], [ -76.34327300062003, 39.40693100036674 ], [ -76.343131000245165, 39.407012999488387 ], [ -76.343075000140701, 39.407095000280975 ], [ -76.342727999335011, 39.407507000361747 ], [ -76.342607999782174, 39.407711000208216 ], [ -76.342530000928932, 39.409440999785943 ], [ -76.342494999353548, 39.409688000057557 ], [ -76.342402999162104, 39.409989999918082 ], [ -76.342233999504231, 39.410110999551065 ], [ -76.341943000033865, 39.409944000171642 ], [ -76.341822001469495, 39.409892999975533 ], [ -76.341404000302887, 39.40979800028682 ], [ -76.340915999813262, 39.409742999921555 ], [ -76.340744000392363, 39.409735999704075 ], [ -76.340255000784012, 39.409776000294478 ], [ -76.339380000318727, 39.409954999457867 ], [ -76.339115999486907, 39.410018001197329 ], [ -76.338265999523443, 39.410242001126441 ], [ -76.337841000705012, 39.410405999950058 ], [ -76.337174998848099, 39.410631999995204 ], [ -76.335379000471264, 39.411270000660586 ], [ -76.334423999777414, 39.41159800003858 ], [ -76.334102000705229, 39.411687000190604 ], [ -76.333768000878777, 39.411758999390408 ], [ -76.33337100050079, 39.411821000149601 ], [ -76.332917999447986, 39.411879999736612 ], [ -76.332344999882338, 39.41189600001978 ], [ -76.33103799962727, 39.411912000510476 ], [ -76.330653999747355, 39.411990000135035 ], [ -76.330338999820654, 39.412084000116373 ], [ -76.330147999551173, 39.412166999998874 ], [ -76.329864999141193, 39.412309000310181 ], [ -76.328745000251971, 39.413144000572913 ], [ -76.327345999832005, 39.414169999379986 ], [ -76.327097000517426, 39.414300000326591 ], [ -76.326661000107819, 39.414487999758855 ], [ -76.326417000320163, 39.414204000485043 ], [ -76.325630999731729, 39.413403999618168 ], [ -76.324790000670831, 39.412612999417028 ], [ -76.324553999740061, 39.412349999473044 ], [ -76.324317000827989, 39.412026999382903 ], [ -76.324045999910993, 39.411554999991871 ], [ -76.323872000529292, 39.411013000304671 ], [ -76.323844999653502, 39.410839000121463 ], [ -76.323802998989422, 39.410512999938106 ] ] ] } },
{ "type": "Feature", "properties": { "GEOID20": "24031700713", "ORGANIZATION_NAME": "Identity, Inc.", "GOC_TRACK_TYPE": "Plan Development" }, "geometry": { "type": "Polygon", "coordinates": [ [ [ -77.201140000941749, 39.164436000576003 ], [ -77.200974999277008, 39.164425000237884 ], [ -77.200644000247308, 39.164471999856474 ], [ -77.200344999709927, 39.164532999735499 ], [ -77.200180999320636, 39.16459200023025 ], [ -77.200093000058757, 39.164639000282534 ], [ -77.199941000203651, 39.164661999879606 ], [ -77.199855999675393, 39.164661999750535 ], [ -77.199664999963559, 39.164647000049563 ], [ -77.199570999439246, 39.164632999713291 ], [ -77.199475000170082, 39.164604000116157 ], [ -77.199433000554279, 39.16456200035676 ], [ -77.199169999773673, 39.16424600042118 ], [ -77.19907900008576, 39.16415800044696 ], [ -77.198726999159177, 39.163752999775149 ], [ -77.198618998811341, 39.163671000454869 ], [ -77.198510000903113, 39.163622000311463 ], [ -77.198232000138503, 39.163525000156504 ], [ -77.198110999269645, 39.163456999836683 ], [ -77.197997000615445, 39.163331000374029 ], [ -77.197912000076485, 39.163185000350147 ], [ -77.197868000456296, 39.163046999422747 ], [ -77.197891999401833, 39.162985000159885 ], [ -77.197892000142858, 39.162929999964952 ], [ -77.197841999417335, 39.162830000699493 ], [ -77.197766000738241, 39.162763000518254 ], [ -77.197697999893023, 39.162634000108589 ], [ -77.197707000095107, 39.16257800017668 ], [ -77.197751000307946, 39.162515999639005 ], [ -77.197959000016112, 39.162429000261781 ], [ -77.197868000433616, 39.162338000595419 ], [ -77.197761000109935, 39.162165999421241 ], [ -77.197731001281724, 39.161762000530516 ], [ -77.197661999433251, 39.16168500054799 ], [ -77.197638001021133, 39.161588999159548 ], [ -77.197623999615658, 39.161468000308197 ], [ -77.197700000219257, 39.161243000779095 ], [ -77.197700000883927, 39.161189999404819 ], [ -77.197654000385953, 39.161131999647175 ], [ -77.197524999283914, 39.161112999643507 ], [ -77.197471000066869, 39.16108699931349 ], [ -77.197455999477143, 39.161056000587621 ], [ -77.197466999327233, 39.161022999767496 ], [ -77.197493999396045, 39.160990999796198 ], [ -77.19764699940643, 39.160941999548349 ], [ -77.197715000408863, 39.160891999352437 ], [ -77.197746001269081, 39.160834999352915 ], [ -77.197737999986671, 39.160743000203588 ], [ -77.197700000900596, 39.160620999590485 ], [ -77.197562999340121, 39.16047199988509 ], [ -77.197432999428841, 39.16035000011486 ], [ -77.197311000399125, 39.160311999502198 ], [ -77.197257000274234, 39.160270000199354 ], [ -77.197272999440543, 39.160244000001448 ], [ -77.197333999466409, 39.160197999577498 ], [ -77.19736400018563, 39.160159999843685 ], [ -77.197363999945864, 39.16008700009121 ], [ -77.197273000337788, 39.160067999795508 ], [ -77.197128000356074, 39.160114000012349 ], [ -77.197043999652806, 39.160110000283552 ], [ -77.197005999946484, 39.160048999803827 ], [ -77.196959999517006, 39.159839000106288 ], [ -77.19692200012085, 39.159801000283842 ], [ -77.196883999686548, 39.159786000238761 ], [ -77.196762000512976, 39.159777999754581 ], [ -77.196617000630923, 39.159705999881915 ], [ -77.196234999657321, 39.159575999594225 ], [ -77.196089999745595, 39.159572000363575 ], [ -77.195838000142587, 39.159628999931293 ], [ -77.195755000173321, 39.159576000212589 ], [ -77.195639999544838, 39.159544999699669 ], [ -77.19555600102845, 39.159575999872956 ], [ -77.195464999848284, 39.159633000258033 ], [ -77.195411000521247, 39.159628999788588 ], [ -77.195342999744142, 39.159533999919347 ], [ -77.195311999234548, 39.159435000144072 ], [ -77.195381000922609, 39.159339000036042 ], [ -77.195381000100213, 39.159252000243335 ], [ -77.195326999181731, 39.159232999835389 ], [ -77.195265999575696, 39.159232999644416 ], [ -77.194953000308615, 39.159286000302124 ], [ -77.194655999595668, 39.159172000115213 ], [ -77.194472999361125, 39.159033999656899 ], [ -77.194441999571964, 39.158958000332639 ], [ -77.194107000199153, 39.158522999667071 ], [ -77.194008000103437, 39.158417000359869 ], [ -77.193857000700291, 39.158241000311946 ], [ -77.193733000032992, 39.158034999782785 ], [ -77.193740000647935, 39.157989000332073 ], [ -77.193717000374448, 39.157924000603053 ], [ -77.193366999814373, 39.157581000085152 ], [ -77.192970000579749, 39.157366999228671 ], [ -77.192825000617958, 39.157324999859703 ], [ -77.19237500033968, 39.157276000260602 ], [ -77.192002000314261, 39.157303000203086 ], [ -77.191996000562455, 39.156210999030471 ], [ -77.192070000109794, 39.155249999602077 ], [ -77.192137999464762, 39.154754000023182 ], [ -77.192157999816828, 39.154392000056355 ], [ -77.192155999591407, 39.154329999400161 ], [ -77.192183999914732, 39.153952999867791 ], [ -77.192305999984072, 39.153239999907797 ], [ -77.192344000145113, 39.152782000259691 ], [ -77.19238999941615, 39.152526000019179 ], [ -77.19417799970536, 39.152411000649423 ], [ -77.194889999024639, 39.152380999468654 ], [ -77.196028999877726, 39.152317000279623 ], [ -77.198340999587828, 39.152347000471039 ], [ -77.198860000248104, 39.152267000578128 ], [ -77.203018000307964, 39.151004000117297 ], [ -77.203964000204053, 39.150629999960749 ], [ -77.204505000123206, 39.150229999872444 ], [ -77.205516999895451, 39.149453000234153 ], [ -77.206873000066693, 39.148346999624984 ], [ -77.206715999970029, 39.148168999477278 ], [ -77.20692900058161, 39.148302000937008 ], [ -77.209046000018503, 39.149931000062075 ], [ -77.209129999499936, 39.150009999008859 ], [ -77.212116999953054, 39.152451000322309 ], [ -77.212286000256981, 39.15258199972687 ], [ -77.211387999857706, 39.153240999773622 ], [ -77.210829000481837, 39.153625999823205 ], [ -77.210114000525849, 39.154102000625564 ], [ -77.209478000436661, 39.154516000549513 ], [ -77.208644999284616, 39.155070000480897 ], [ -77.2077269998492, 39.155731999954156 ], [ -77.207489999493291, 39.155895000103392 ], [ -77.206858999765203, 39.15633800010788 ], [ -77.205498999431072, 39.157348999875701 ], [ -77.204510999644555, 39.158089999903886 ], [ -77.204352000227018, 39.158216000900438 ], [ -77.203348999597083, 39.158949999940823 ], [ -77.202976000759932, 39.159273999936467 ], [ -77.202755000697792, 39.159543000565449 ], [ -77.202388000262602, 39.160103999684893 ], [ -77.202331000917155, 39.160206000458096 ], [ -77.202224999316172, 39.160444999899049 ], [ -77.202140000160355, 39.160747999947226 ], [ -77.202091998866933, 39.161087000041306 ], [ -77.20210799988314, 39.161358000213639 ], [ -77.202153000462857, 39.161462999386316 ], [ -77.202233000689091, 39.161849999632281 ], [ -77.202344999975466, 39.162087999556128 ], [ -77.202526000743262, 39.162402999220632 ], [ -77.202876999672995, 39.162821000444403 ], [ -77.203815999491198, 39.16381699899933 ], [ -77.204157000861912, 39.164277000169825 ], [ -77.204492000600652, 39.164777000250332 ], [ -77.204846999713695, 39.165435000014448 ], [ -77.204923998879522, 39.165643000099713 ], [ -77.205083999664197, 39.166198999572948 ], [ -77.205127999566443, 39.166438999941796 ], [ -77.204973999833271, 39.166509999787117 ], [ -77.204578000788644, 39.1667259996957 ], [ -77.203944999396299, 39.166768999594801 ], [ -77.203912999277122, 39.166708000916962 ], [ -77.203860000253982, 39.166654999876371 ], [ -77.20376300019575, 39.166602999480176 ], [ -77.203533999594413, 39.166564999386246 ], [ -77.20327899936153, 39.166543999398961 ], [ -77.203191000174542, 39.166526000182984 ], [ -77.203114999271477, 39.166496999546894 ], [ -77.203029999780654, 39.166439000145907 ], [ -77.202942000791126, 39.166373999565181 ], [ -77.202881000482407, 39.166307000209549 ], [ -77.202584999934118, 39.165843000320514 ], [ -77.202238999889673, 39.165339000016601 ], [ -77.201981000249532, 39.165061000142188 ], [ -77.201696000796005, 39.164770999919078 ], [ -77.201368000011058, 39.164513000285339 ], [ -77.201265998952167, 39.164472000480629 ], [ -77.201140000941749, 39.164436000576003 ] ] ] } },
{ "type": "Feature", "properties": { "GEOID20": "24031700724", "ORGANIZATION_NAME": "Identity, Inc.", "GOC_TRACK_TYPE": "Plan Development" }, "geometry": { "type": "Polygon", "coordinates": [ [ [ -77.199185999758839, 39.141548000997886 ], [ -77.199136000218047, 39.141484999946599 ], [ -77.199010999329985, 39.141382000487525 ], [ -77.198891999216116, 39.141298999983739 ], [ -77.199075999155141, 39.141287999770043 ], [ -77.199830999305817, 39.141210001111766 ], [ -77.200810000418997, 39.141041999777549 ], [ -77.201292999444391, 39.140921999426517 ], [ -77.201842999727617, 39.1407240002234 ], [ -77.202032999976382, 39.140632000294012 ], [ -77.202040999698852, 39.14038000004885 ], [ -77.202087000310627, 39.140093999668906 ], [ -77.202209000945913, 39.139701000076549 ], [ -77.202598000055602, 39.138759000287656 ], [ -77.202902999046103, 39.138153000149771 ], [ -77.203010000831, 39.137980999646054 ], [ -77.203108999535459, 39.1378779991527 ], [ -77.203787999792581, 39.137282999671903 ], [ -77.20425400034263, 39.136832999592102 ], [ -77.204666000232891, 39.136367000144062 ], [ -77.205467000213957, 39.135082000209088 ], [ -77.205582000279108, 39.134997000655076 ], [ -77.205746999331623, 39.134841000133576 ], [ -77.205823000315604, 39.134328000366615 ], [ -77.205954000021151, 39.133588000425071 ], [ -77.206210999936587, 39.132490999639934 ], [ -77.206409999464398, 39.131780999910852 ], [ -77.206479999647684, 39.131590000299418 ], [ -77.206692000152856, 39.13176899983074 ], [ -77.207111999124777, 39.132207999625969 ], [ -77.208050000385441, 39.133248999340751 ], [ -77.208097999696903, 39.13332099919792 ], [ -77.208779000221014, 39.134154999833164 ], [ -77.209466000177869, 39.135077000298914 ], [ -77.210038000409369, 39.135909999897386 ], [ -77.210582998795104, 39.136738999607779 ], [ -77.21083000041736, 39.137140000006688 ], [ -77.211670999560667, 39.138598000004315 ], [ -77.211906999486558, 39.139042000018691 ], [ -77.212192999651293, 39.1396769993719 ], [ -77.212309000967338, 39.139904999504715 ], [ -77.212552999735891, 39.14051299972607 ], [ -77.213345000134467, 39.142508999998228 ], [ -77.213745999961873, 39.143609000077412 ], [ -77.214105999498102, 39.144420999639131 ], [ -77.214485999069666, 39.145232999186426 ], [ -77.214726000946854, 39.145678999697793 ], [ -77.214483000062984, 39.145606999360268 ], [ -77.21444400034261, 39.145595000113588 ], [ -77.214393000142465, 39.145579999747987 ], [ -77.214118000142832, 39.145495999187311 ], [ -77.206701000058686, 39.14324300057671 ], [ -77.20323900014597, 39.142192000900202 ], [ -77.20225500001996, 39.141909999530831 ], [ -77.201781999633923, 39.141798999469529 ], [ -77.201262999383545, 39.141707999278502 ], [ -77.200758999855438, 39.14163499953262 ], [ -77.200248000141144, 39.141586000345427 ], [ -77.199185999758839, 39.141548000997886 ] ] ] } },
{ "type": "Feature", "properties": { "GEOID20": "24031700725", "ORGANIZATION_NAME": "Identity, Inc.", "GOC_TRACK_TYPE": "Plan Development" }, "geometry": { "type": "Polygon", "coordinates": [ [ [ -77.183409999935236, 39.140307999950103 ], [ -77.183552000960802, 39.139945999304572 ], [ -77.184660999720521, 39.140334999991175 ], [ -77.185935000140205, 39.140701000713136 ], [ -77.18663699923205, 39.140872000167825 ], [ -77.187552999873603, 39.141063000289243 ], [ -77.188689999264568, 39.141250000342055 ], [ -77.18961299905574, 39.141364999499274 ], [ -77.190604999952726, 39.141444999696191 ], [ -77.191473999956358, 39.14149399898421 ], [ -77.193495998816431, 39.141517000893231 ], [ -77.1934959988196, 39.141551000344393 ], [ -77.193366999488816, 39.142165999324185 ], [ -77.193351000110482, 39.142332999884701 ], [ -77.193274999658072, 39.142687999798355 ], [ -77.192810000266135, 39.14424799952279 ], [ -77.19259600085482, 39.144930999807144 ], [ -77.19252699908867, 39.14520600094297 ], [ -77.192504000170757, 39.145441999750133 ], [ -77.192527000276485, 39.145839000453734 ], [ -77.192565000521398, 39.146141000802025 ], [ -77.192633998797078, 39.146441999852023 ], [ -77.192756000540911, 39.146799999249588 ], [ -77.192770999828525, 39.146944999919093 ], [ -77.192916000175742, 39.147460000431821 ], [ -77.192984999707235, 39.147540999363237 ], [ -77.193091999539973, 39.147979000499411 ], [ -77.193121999814707, 39.148300000521694 ], [ -77.193099000431744, 39.148787999557484 ], [ -77.19289299997709, 39.149826000864458 ], [ -77.192642000290988, 39.15080999932227 ], [ -77.192623999597075, 39.150857999501376 ], [ -77.191069999820428, 39.150477999895699 ], [ -77.188883000454283, 39.149833999921746 ], [ -77.188056000739664, 39.149664999188339 ], [ -77.187774000135704, 39.149589000328014 ], [ -77.187582999353992, 39.14951999938252 ], [ -77.187232000080257, 39.149337000382623 ], [ -77.186912000093983, 39.149097000325305 ], [ -77.186050000163846, 39.148146999400367 ], [ -77.185619000217429, 39.147643000080294 ], [ -77.185393000496134, 39.147332999718188 ], [ -77.185197000087541, 39.146994000139841 ], [ -77.185047999443029, 39.146622000371501 ], [ -77.184553999435153, 39.145663000316787 ], [ -77.18434600012408, 39.145315999242818 ], [ -77.184069999641409, 39.144940000040599 ], [ -77.183738999790549, 39.144592000051631 ], [ -77.183498999803248, 39.144375999895686 ], [ -77.1833060005698, 39.14416600068482 ], [ -77.18311200024975, 39.143918999152966 ], [ -77.182890000661956, 39.143538999664273 ], [ -77.182728999401007, 39.1431400006731 ], [ -77.1826650002847, 39.142850999863427 ], [ -77.182640000529773, 39.142561999498362 ], [ -77.182646999908911, 39.142271999822114 ], [ -77.182701000896714, 39.141966999880246 ], [ -77.182806999698087, 39.141628000443163 ], [ -77.183409999935236, 39.140307999950103 ] ] ] } },
{ "type": "Feature", "properties": { "GEOID20": "24031700726", "ORGANIZATION_NAME": "Identity, Inc.", "GOC_TRACK_TYPE": "Plan Development" }, "geometry": { "type": "Polygon", "coordinates": [ [ [ -77.190764999668929, 39.1563139991827 ], [ -77.19069600000104, 39.156298999812989 ], [ -77.190550998878933, 39.156364000364903 ], [ -77.190492999783132, 39.156367999520938 ], [ -77.190444000832557, 39.156372000244509 ], [ -77.190260999967379, 39.15629500076956 ], [ -77.190101000373502, 39.156196000718708 ], [ -77.190047998965383, 39.156191999765923 ], [ -77.189712000559481, 39.156290999956425 ], [ -77.189666000021035, 39.156261000687188 ], [ -77.189651000002542, 39.156130998986328 ], [ -77.189627999491023, 39.156089000039458 ], [ -77.189566999193644, 39.156063000163009 ], [ -77.189436999944888, 39.156108000123275 ], [ -77.189414000059045, 39.156074000126047 ], [ -77.189421999969227, 39.155990000481054 ], [ -77.189398999881291, 39.155952000083012 ], [ -77.189270000059651, 39.155963000724171 ], [ -77.189231000439079, 39.155952000200188 ], [ -77.18917799980116, 39.155882999829224 ], [ -77.189140000087605, 39.155796000020985 ], [ -77.189018000239614, 39.155700000757747 ], [ -77.189009999724917, 39.155672999036682 ], [ -77.189025000321635, 39.155651000142264 ], [ -77.189178000316176, 39.155604999681522 ], [ -77.189185999550801, 39.155554999370281 ], [ -77.189169999714125, 39.155497999926737 ], [ -77.189063999610028, 39.155441000611965 ], [ -77.188933999349985, 39.155436999882113 ], [ -77.188781000476325, 39.155390999885718 ], [ -77.188696999413281, 39.1552459993014 ], [ -77.188613000359794, 39.155173999381546 ], [ -77.188551999921302, 39.155051999329046 ], [ -77.18843799979426, 39.155044000745853 ], [ -77.188377000074098, 39.155002000453671 ], [ -77.188262000515707, 39.154627999739503 ], [ -77.188162999675896, 39.154571000072288 ], [ -77.187964999639263, 39.154541000746029 ], [ -77.187903999629057, 39.154509999723714 ], [ -77.187903999017095, 39.154444999778001 ], [ -77.187988000390135, 39.154360999978785 ], [ -77.187995000065698, 39.154322999830619 ], [ -77.18795700032031, 39.154284999764386 ], [ -77.187811999595525, 39.15421599936861 ], [ -77.18781199983934, 39.154177999632282 ], [ -77.187872999511896, 39.15407899989993 ], [ -77.187835000193687, 39.154003000053855 ], [ -77.187820000152328, 39.153900000068546 ], [ -77.18765199961274, 39.15374700000136 ], [ -77.187629000196196, 39.153460999688804 ], [ -77.187675000272478, 39.15343399971043 ], [ -77.187903999306627, 39.153403999707386 ], [ -77.187903999050206, 39.153304999497173 ], [ -77.187842999666174, 39.153254999912662 ], [ -77.18767500086517, 39.153201999942787 ], [ -77.187614000113683, 39.153075999847026 ], [ -77.187560999241072, 39.15303399982465 ], [ -77.187422999293517, 39.152996000064661 ], [ -77.187277999692895, 39.153018000209244 ], [ -77.187179000804434, 39.152953999664753 ], [ -77.187056999298747, 39.152930999978693 ], [ -77.186949999969102, 39.1528540001189 ], [ -77.186919999254641, 39.15279000011185 ], [ -77.186958000490279, 39.152614000275186 ], [ -77.18694300052374, 39.152488000317362 ], [ -77.186958000418386, 39.15243099974159 ], [ -77.186943000448991, 39.152389000085741 ], [ -77.186903999468655, 39.152359000258251 ], [ -77.186820000234107, 39.152336000089775 ], [ -77.186576000084997, 39.15233600039015 ], [ -77.186523000377449, 39.152293999890574 ], [ -77.186499999400851, 39.152247999893646 ], [ -77.186553000479677, 39.15216800033825 ], [ -77.186538000548197, 39.152114000326236 ], [ -77.186492001282318, 39.152033999726314 ], [ -77.18627899962155, 39.151793999898182 ], [ -77.186279000471743, 39.151743999835624 ], [ -77.186316999598134, 39.151618000228055 ], [ -77.186270999701691, 39.151519000103264 ], [ -77.18624099989367, 39.151473000356823 ], [ -77.186194999403412, 39.151466000428535 ], [ -77.186035000029364, 39.151378000566211 ], [ -77.185912999590613, 39.151264000228949 ], [ -77.18583600042156, 39.151123000269081 ], [ -77.185790999872452, 39.151020000661383 ], [ -77.18567600025689, 39.150974000313006 ], [ -77.185607000110437, 39.150877999930998 ], [ -77.185477999702698, 39.150759999899542 ], [ -77.185348000523561, 39.150717999937541 ], [ -77.185179999841978, 39.15070300064545 ], [ -77.185103999791835, 39.150657000283083 ], [ -77.18501999997325, 39.150546999752727 ], [ -77.184874999972365, 39.150443999909903 ], [ -77.184753000746525, 39.150313999433962 ], [ -77.184714999458535, 39.150191999739121 ], [ -77.18464599935254, 39.150150000159506 ], [ -77.184493999211355, 39.150096000257619 ], [ -77.184448000160117, 39.149971000817992 ], [ -77.184370999743763, 39.149867999633436 ], [ -77.184302999214381, 39.149845000417024 ], [ -77.184234000232919, 39.1497800007498 ], [ -77.183914000087256, 39.149348999184767 ], [ -77.183898000219827, 39.149283999934589 ], [ -77.183845000774141, 39.149250000806092 ], [ -77.183791999886679, 39.149185000103827 ], [ -77.183792000153517, 39.148951999328034 ], [ -77.183814999392013, 39.148848999484642 ], [ -77.183776000195664, 39.148787999739177 ], [ -77.183792000049664, 39.148589999240457 ], [ -77.183837000263381, 39.148550999284573 ], [ -77.183852999694452, 39.148471000338276 ], [ -77.183814999509892, 39.148432999782699 ], [ -77.183776000093658, 39.148314999896961 ], [ -77.183784000102619, 39.148158999500268 ], [ -77.183685000176908, 39.147677999889765 ], [ -77.183608999669204, 39.1474300001301 ], [ -77.183493999997324, 39.147170999659259 ], [ -77.183447999625201, 39.147139999819004 ], [ -77.183371999820409, 39.146971999884187 ], [ -77.183296000180476, 39.146811999804491 ], [ -77.183288000419651, 39.146671000023147 ], [ -77.183219000250276, 39.146502999836358 ], [ -77.183127998813376, 39.146479999837091 ], [ -77.182913999929525, 39.146376999847199 ], [ -77.182623999914597, 39.146278000284504 ], [ -77.18209799926214, 39.146133000472709 ], [ -77.181541000099656, 39.146068000391438 ], [ -77.181212999426904, 39.146007000135718 ], [ -77.181052999507429, 39.146011000033376 ], [ -77.180763000326138, 39.145922999909075 ], [ -77.180595000098151, 39.145713000112046 ], [ -77.180541000222391, 39.14561000051696 ], [ -77.180480000550546, 39.145568000538802 ], [ -77.180473000411595, 39.145469000113344 ], [ -77.180273999957294, 39.145045999958853 ], [ -77.180206000595007, 39.145038000098893 ], [ -77.180053000483412, 39.144985000308893 ], [ -77.17932799951771, 39.14459900073134 ], [ -77.179198999385534, 39.144549999547976 ], [ -77.178895000688016, 39.144454999928783 ], [ -77.179939999607399, 39.139956000670388 ], [ -77.179408999989789, 39.139784000509756 ], [ -77.179557000403037, 39.13953600052222 ], [ -77.179824001177934, 39.13929300009184 ], [ -77.180274000223378, 39.139117999522092 ], [ -77.180092999984495, 39.138975999573184 ], [ -77.180169999759329, 39.138921999523838 ], [ -77.180247999981958, 39.138493000282537 ], [ -77.180288999114651, 39.138406000961375 ], [ -77.180686000326105, 39.138637000254192 ], [ -77.181060000879697, 39.138843000733203 ], [ -77.182022000392124, 39.1393199994734 ], [ -77.182837999868383, 39.139674999661246 ], [ -77.183552000960802, 39.139945999304572 ], [ -77.183409999935236, 39.140307999950103 ], [ -77.182806999698087, 39.141628000443163 ], [ -77.182701000896714, 39.141966999880246 ], [ -77.182646999908911, 39.142271999822114 ], [ -77.182640000529773, 39.142561999498362 ], [ -77.1826650002847, 39.142850999863427 ], [ -77.182728999401007, 39.1431400006731 ], [ -77.182890000661956, 39.143538999664273 ], [ -77.18311200024975, 39.143918999152966 ], [ -77.1833060005698, 39.14416600068482 ], [ -77.183498999803248, 39.144375999895686 ], [ -77.183738999790549, 39.144592000051631 ], [ -77.184069999641409, 39.144940000040599 ], [ -77.18434600012408, 39.145315999242818 ], [ -77.184553999435153, 39.145663000316787 ], [ -77.185047999443029, 39.146622000371501 ], [ -77.185197000087541, 39.146994000139841 ], [ -77.185393000496134, 39.147332999718188 ], [ -77.185619000217429, 39.147643000080294 ], [ -77.186050000163846, 39.148146999400367 ], [ -77.186912000093983, 39.149097000325305 ], [ -77.187232000080257, 39.149337000382623 ], [ -77.187582999353992, 39.14951999938252 ], [ -77.187774000135704, 39.149589000328014 ], [ -77.188056000739664, 39.149664999188339 ], [ -77.188883000454283, 39.149833999921746 ], [ -77.191069999820428, 39.150477999895699 ], [ -77.192623999597075, 39.150857999501376 ], [ -77.192594999465001, 39.150936000498781 ], [ -77.192559999709587, 39.151143000676903 ], [ -77.192462000347319, 39.151848000729728 ], [ -77.192445000042369, 39.152190000362737 ], [ -77.19238999941615, 39.152526000019179 ], [ -77.192344000145113, 39.152782000259691 ], [ -77.192305999984072, 39.153239999907797 ], [ -77.192183999914732, 39.153952999867791 ], [ -77.192155999591407, 39.154329999400161 ], [ -77.192157999816828, 39.154392000056355 ], [ -77.192137999464762, 39.154754000023182 ], [ -77.192070000109794, 39.155249999602077 ], [ -77.191996000562455, 39.156210999030471 ], [ -77.192002000314261, 39.157303000203086 ], [ -77.191757000389913, 39.157313999796656 ], [ -77.191626999379636, 39.157272000539407 ], [ -77.191200000383148, 39.157199000600762 ], [ -77.190993999925041, 39.157112000509869 ], [ -77.190962999822517, 39.157084999460039 ], [ -77.190902000407831, 39.157009000282386 ], [ -77.190863999592452, 39.15691699988443 ], [ -77.190848999821611, 39.156448000542611 ], [ -77.190811000207248, 39.156352000616657 ], [ -77.190764999668929, 39.1563139991827 ] ] ] } },
{ "type": "Feature", "properties": { "GEOID20": "24031700727", "ORGANIZATION_NAME": "Identity, Inc.", "GOC_TRACK_TYPE": "Plan Development" }, "geometry": { "type": "Polygon", "coordinates": [ [ [ -77.183552000960802, 39.139945999304572 ], [ -77.182837999868383, 39.139674999661246 ], [ -77.182022000392124, 39.1393199994734 ], [ -77.181060000879697, 39.138843000733203 ], [ -77.180686000326105, 39.138637000254192 ], [ -77.180288999114651, 39.138406000961375 ], [ -77.179808999831891, 39.138102999489831 ], [ -77.179122000177927, 39.137621999960366 ], [ -77.179251999893495, 39.137527000139421 ], [ -77.179343999815018, 39.137484999636079 ], [ -77.180403999622953, 39.137122999684564 ], [ -77.180572001043913, 39.137073000192032 ], [ -77.180732000735759, 39.136988999803265 ], [ -77.184248999392167, 39.134951999849996 ], [ -77.184943998984224, 39.134601000694467 ], [ -77.185652999869163, 39.134188999663849 ], [ -77.186935000209616, 39.133422000124632 ], [ -77.188728999826978, 39.132297000535004 ], [ -77.188840000237633, 39.132216999793592 ], [ -77.18963399959415, 39.133106000247459 ], [ -77.192711000182356, 39.136590999996528 ], [ -77.192851000112682, 39.136728000001412 ], [ -77.193111999374139, 39.137038000323464 ], [ -77.193600999984497, 39.137556000263956 ], [ -77.19412999992835, 39.137973999843496 ], [ -77.194075999437629, 39.13818299996759 ], [ -77.193610999729188, 39.140913999903447 ], [ -77.193495998816431, 39.141517000893231 ], [ -77.191473999956358, 39.14149399898421 ], [ -77.190604999952726, 39.141444999696191 ], [ -77.18961299905574, 39.141364999499274 ], [ -77.188689999264568, 39.141250000342055 ], [ -77.187552999873603, 39.141063000289243 ], [ -77.18663699923205, 39.140872000167825 ], [ -77.185935000140205, 39.140701000713136 ], [ -77.184660999720521, 39.140334999991175 ], [ -77.183552000960802, 39.139945999304572 ] ] ] } },
{ "type": "Feature", "properties": { "GEOID20": "24019970600", "ORGANIZATION_NAME": "Moving Dorchester Forward, INC", "GOC_TRACK_TYPE": "Plan Development" }, "geometry": { "type": "Polygon", "coordinates": [ [ [ -76.138038001043839, 38.573931999857358 ], [ -76.137885999374163, 38.57382200027515 ], [ -76.137824999192688, 38.573882999359554 ], [ -76.137733000241809, 38.573806000775029 ], [ -76.137474000120505, 38.573561999823525 ], [ -76.137367000130382, 38.573471000277877 ], [ -76.137214000191491, 38.57334799940876 ], [ -76.137053999837306, 38.573238000629217 ], [ -76.136756000518375, 38.57306599976998 ], [ -76.136558000154722, 38.572970999496633 ], [ -76.136397999877659, 38.572902000406387 ], [ -76.136032000178744, 38.57276499945548 ], [ -76.134490000338161, 38.572154000714463 ], [ -76.132354000910411, 38.571322999512518 ], [ -76.130699000016037, 38.570666999726733 ], [ -76.13047000055613, 38.570570999536088 ], [ -76.129951000371747, 38.570372999832458 ], [ -76.128569999732491, 38.569831000326126 ], [ -76.128280000361357, 38.569724999708704 ], [ -76.127708000668221, 38.56955700023687 ], [ -76.126959998931966, 38.569365999658324 ], [ -76.126631999229588, 38.569297000261848 ], [ -76.126434000750791, 38.569262999760277 ], [ -76.126152000559529, 38.569220999967285 ], [ -76.125891999884828, 38.569194000247464 ], [ -76.125456999643689, 38.569159999982496 ], [ -76.125183000353005, 38.569152000003214 ], [ -76.124794000307332, 38.569148999689446 ], [ -76.123770999914044, 38.569201999700724 ], [ -76.123268000632123, 38.569239999811323 ], [ -76.121124000594264, 38.56936999943278 ], [ -76.120848998901451, 38.569381000904158 ], [ -76.119490999204075, 38.56947300001017 ], [ -76.119155000613105, 38.569479999466736 ], [ -76.118957000296888, 38.569477000235842 ], [ -76.118576000363106, 38.569441999566081 ], [ -76.118460999996117, 38.569422999522757 ], [ -76.118323999690844, 38.569388999866192 ], [ -76.118132999782006, 38.569332000039239 ], [ -76.117812999222821, 38.569202001091696 ], [ -76.117514999561237, 38.569060999573395 ], [ -76.117256000280619, 38.568926999792822 ], [ -76.116615000138339, 38.568610999276302 ], [ -76.115996999395364, 38.568317000143864 ], [ -76.11573000036168, 38.56819899943639 ], [ -76.114920999730757, 38.567873999841147 ], [ -76.113922000839835, 38.567484999750988 ], [ -76.113723000845596, 38.567428000109892 ], [ -76.113554999444375, 38.567389999852033 ], [ -76.113318999611792, 38.567347999681125 ], [ -76.113082000664406, 38.567324999852865 ], [ -76.112869000212854, 38.567317000024929 ], [ -76.112517999769253, 38.567337000239199 ], [ -76.110690000050283, 38.56750499954731 ], [ -76.107390999064478, 38.567825000694896 ], [ -76.107092999378693, 38.567847999582213 ], [ -76.106955999814772, 38.567867000954891 ], [ -76.106567000558044, 38.567904999825103 ], [ -76.106246000226975, 38.567942999368739 ], [ -76.105728000349529, 38.568038000353567 ], [ -76.105490999071122, 38.568095999144909 ], [ -76.105177999351952, 38.568195000769848 ], [ -76.104285999976256, 38.568450000645171 ], [ -76.103598999834347, 38.568656000389268 ], [ -76.103408000081146, 38.568705999886696 ], [ -76.102729000514771, 38.568904000209884 ], [ -76.102554000100213, 38.568946000001688 ], [ -76.102394000319833, 38.56897699980847 ], [ -76.102081000546974, 38.56900399990915 ], [ -76.101959000504536, 38.569011000211873 ], [ -76.101737000656485, 38.569005999763242 ], [ -76.101546999148454, 38.568987999948362 ], [ -76.101294999099167, 38.568943000326172 ], [ -76.101027999872116, 38.568885000164329 ], [ -76.098312000130932, 38.56823300017345 ], [ -76.096076000420098, 38.567687000630059 ], [ -76.095916000058025, 38.567657000239599 ], [ -76.095175999883949, 38.56748099922757 ], [ -76.094748998994575, 38.567385999892132 ], [ -76.094672999671445, 38.56737099977726 ], [ -76.094435999809505, 38.567305999802365 ], [ -76.093620001407615, 38.56709999902489 ], [ -76.093352999450317, 38.567024000570932 ], [ -76.092940999814772, 38.566882998895288 ], [ -76.092735000382845, 38.566802000000919 ], [ -76.092033000480157, 38.566500999869191 ], [ -76.091209001275161, 38.56613899929301 ], [ -76.0907820000036, 38.565966999931966 ], [ -76.090309000343652, 38.565803000536306 ], [ -76.088103999563941, 38.565154999562566 ], [ -76.087356000213177, 38.564945000273077 ], [ -76.086799000100967, 38.564815000777031 ], [ -76.086371999843209, 38.564735000495105 ], [ -76.085945000216768, 38.564666000673391 ], [ -76.08430399993145, 38.564395000798577 ], [ -76.082510999681659, 38.564094000208925 ], [ -76.080824999557109, 38.563815999364998 ], [ -76.080505000490476, 38.563747000100847 ], [ -76.079894999244644, 38.563629000697524 ], [ -76.079268999874486, 38.56349499987121 ], [ -76.078865000162295, 38.563381000130711 ], [ -76.07855900113492, 38.563269999171176 ], [ -76.078329999668227, 38.564392000398058 ], [ -76.078231001068787, 38.564909999819562 ], [ -76.078094000263292, 38.565676999628685 ], [ -76.077522000478112, 38.565619999527982 ], [ -76.077078999904231, 38.565562999898425 ], [ -76.076240000179993, 38.565443999506392 ], [ -76.071112999608971, 38.564784999887635 ], [ -76.070311998944717, 38.564665999770334 ], [ -76.06951899964595, 38.564567000040853 ], [ -76.068161000182144, 38.561758999638052 ], [ -76.067557998976824, 38.560439999499039 ], [ -76.06679500019041, 38.55899799988412 ], [ -76.066481999546326, 38.558364000125628 ], [ -76.066024000128877, 38.557338000205839 ], [ -76.064993999903066, 38.555465000777453 ], [ -76.064559000034492, 38.554869999772926 ], [ -76.064063999485128, 38.554374000186648 ], [ -76.063209000289575, 38.553732999938788 ], [ -76.062461000744477, 38.553294999897915 ], [ -76.06214099909721, 38.553127000238433 ], [ -76.062187000062551, 38.55302799955723 ], [ -76.062538000407173, 38.552108000037883 ], [ -76.063673998884397, 38.549365000186086 ], [ -76.063735000645536, 38.549236000975093 ], [ -76.063827000717708, 38.548983999718097 ], [ -76.063940999551789, 38.548606000376111 ], [ -76.064139999680535, 38.54774800053562 ], [ -76.064201000514686, 38.547388999932231 ], [ -76.064207999171089, 38.547228999189755 ], [ -76.064192999283875, 38.546938999232673 ], [ -76.064102000576568, 38.546237000672306 ], [ -76.063788999242888, 38.544184999617706 ], [ -76.063536999715922, 38.542163000326383 ], [ -76.063384999457853, 38.541041999764005 ], [ -76.063186000077366, 38.539492999371532 ], [ -76.063155999556855, 38.539172999934138 ], [ -76.063110000163192, 38.537429000302566 ], [ -76.064010000512454, 38.536421999988733 ], [ -76.064200999447777, 38.535911000715231 ], [ -76.064948999344637, 38.53478999977218 ], [ -76.06396399959084, 38.534037999501095 ], [ -76.062438000798636, 38.532821000334657 ], [ -76.062346999354787, 38.53273700004376 ], [ -76.062187000279351, 38.532535000246959 ], [ -76.062140999525766, 38.532444000563835 ], [ -76.062125999499727, 38.532382000436499 ], [ -76.062126000109942, 38.532299000098178 ], [ -76.062156000235589, 38.532180000378446 ], [ -76.062209999540229, 38.532073000023729 ], [ -76.062561000843885, 38.531558000481738 ], [ -76.063315999795577, 38.530410000772356 ], [ -76.06363600036795, 38.529944999929732 ], [ -76.063689999642392, 38.529850000113456 ], [ -76.063720000298247, 38.529757999800673 ], [ -76.063720000383739, 38.529684999716856 ], [ -76.063705000275988, 38.529598000042242 ], [ -76.063636000535467, 38.529482999700186 ], [ -76.06354500078929, 38.529398999418518 ], [ -76.063445999580736, 38.529326999756343 ], [ -76.062827999603883, 38.528975999586493 ], [ -76.062538000340709, 38.528797000081404 ], [ -76.062973000222229, 38.528323999617172 ], [ -76.064605000637869, 38.526431999918621 ], [ -76.064970999849493, 38.525996999847784 ], [ -76.065123999649856, 38.525847999915527 ], [ -76.065193000068319, 38.525805999849972 ], [ -76.065261000390521, 38.525783000300223 ], [ -76.065306999855807, 38.525774999818445 ], [ -76.065527999502521, 38.52587099947695 ], [ -76.065734000462484, 38.525984999313735 ], [ -76.065916999470218, 38.526107000585036 ], [ -76.065940000400929, 38.526144999959158 ], [ -76.065933000174823, 38.526245000329027 ], [ -76.065916999843083, 38.526270999418138 ], [ -76.065756999492834, 38.526458000942078 ], [ -76.065643000403938, 38.526607000871209 ], [ -76.065566999873383, 38.526690999156628 ], [ -76.065437000597882, 38.526863000554108 ], [ -76.065383000081709, 38.526949999145678 ], [ -76.065376000475041, 38.527019000489631 ], [ -76.065398999654704, 38.527052998950182 ], [ -76.065428999503013, 38.527084000475611 ], [ -76.06551299945933, 38.527145000077262 ], [ -76.065649999452546, 38.527206000533134 ], [ -76.066848000712227, 38.527816000691182 ], [ -76.066986000830326, 38.5278540006857 ], [ -76.067070000526357, 38.52786600058792 ], [ -76.067161000743909, 38.527858000255854 ], [ -76.069609999480775, 38.527224999656461 ], [ -76.070334999217437, 38.527052999267397 ], [ -76.070631999679648, 38.526965999685444 ], [ -76.070716000148906, 38.526930999379992 ], [ -76.070762000255414, 38.526907999968785 ], [ -76.070823000007053, 38.526808999636302 ], [ -76.070838000854991, 38.526762999497869 ], [ -76.070838000303041, 38.526720999334231 ], [ -76.070823000441138, 38.52662999962574 ], [ -76.070732000497941, 38.52632899950882 ], [ -76.070747000157141, 38.526282999371489 ], [ -76.070761999920322, 38.526260000715467 ], [ -76.070793000839799, 38.526236999373602 ], [ -76.070838000898192, 38.526225999449089 ], [ -76.071097999479079, 38.526202999955196 ], [ -76.071410999075809, 38.526190999361965 ], [ -76.071617000453159, 38.526167999652948 ], [ -76.072921000031343, 38.526100000104279 ], [ -76.07363800001427, 38.52603500008528 ], [ -76.073768000823094, 38.526031000186919 ], [ -76.073829000481979, 38.526000000006434 ], [ -76.073851999445552, 38.525977999872325 ], [ -76.073867000664791, 38.525938999534937 ], [ -76.073860000050828, 38.525817000156906 ], [ -76.073631000450803, 38.524040000638173 ], [ -76.073546999344671, 38.523447998967278 ], [ -76.073432000283276, 38.522720000663703 ], [ -76.073431999370513, 38.522677999597391 ], [ -76.073439999603579, 38.522658999846534 ], [ -76.073455000129002, 38.522647000232972 ], [ -76.073646000566313, 38.522647000499106 ], [ -76.074233999930186, 38.522677999860598 ], [ -76.074294999100516, 38.522689000504279 ], [ -76.074317000600558, 38.522705000498561 ], [ -76.074470000963416, 38.5227660009243 ], [ -76.074554000753807, 38.522784999238439 ], [ -76.074676000266564, 38.522799999989068 ], [ -76.074737000491368, 38.522799999231033 ], [ -76.074798000694287, 38.522792000042173 ], [ -76.074844000282411, 38.522780999337037 ], [ -76.074989000437725, 38.522727000969411 ], [ -76.075088000698912, 38.52269700086169 ], [ -76.075149000466965, 38.522682000409965 ], [ -76.075201999254119, 38.522677999589312 ], [ -76.080818000077358, 38.522742999951532 ], [ -76.081535000468108, 38.522747000046024 ], [ -76.08279399933781, 38.522738999986011 ], [ -76.083572000244502, 38.522746999708318 ], [ -76.084999000330839, 38.526287000395797 ], [ -76.085371999335976, 38.527247999958412 ], [ -76.086143000018154, 38.529108999270072 ], [ -76.086326000192827, 38.529566999318426 ], [ -76.086394999476425, 38.529810999713995 ], [ -76.086409998894212, 38.529921999496047 ], [ -76.086402000095205, 38.530253999305188 ], [ -76.086363999657522, 38.53072299977169 ], [ -76.086128000330831, 38.534160000425004 ], [ -76.086127999954073, 38.534484000680841 ], [ -76.086143000583007, 38.534858000213937 ], [ -76.08627300006701, 38.536026000484718 ], [ -76.086295999642402, 38.536402999840895 ], [ -76.086295999554324, 38.53675799985114 ], [ -76.086165999568735, 38.539566000300802 ], [ -76.086157999786735, 38.539611000586646 ], [ -76.086134999997981, 38.540599000683542 ], [ -76.086090000521665, 38.541416000457758 ], [ -76.086090001101724, 38.542282000151367 ], [ -76.086105000124263, 38.542377000399199 ], [ -76.086120000246567, 38.542446000068274 ], [ -76.086151000153052, 38.542518000369867 ], [ -76.086387000584949, 38.542834999635431 ], [ -76.086600999664952, 38.542654999964732 ], [ -76.087089000697645, 38.542285000246274 ], [ -76.08766099891956, 38.541809000522271 ], [ -76.088294000554058, 38.541324000663998 ], [ -76.088806000461759, 38.54085500059594 ], [ -76.089240999547187, 38.540359000681725 ], [ -76.089439000081597, 38.540100000278585 ], [ -76.089514999413922, 38.539915999645665 ], [ -76.089569000200825, 38.539710000034951 ], [ -76.089575999587595, 38.53939800015354 ], [ -76.089530000129074, 38.53909299968759 ], [ -76.089590999717146, 38.538557999779364 ], [ -76.089590999948641, 38.538397999804104 ], [ -76.089576000133391, 38.538280000389101 ], [ -76.089667999906524, 38.538050999650558 ], [ -76.089690999674232, 38.53793299966884 ], [ -76.089812999335564, 38.537634999797575 ], [ -76.089972999528413, 38.537200000576433 ], [ -76.08998099921034, 38.537136000515389 ], [ -76.089972999902272, 38.536476000541356 ], [ -76.089995999573546, 38.536345999322954 ], [ -76.09002599947668, 38.53623100009176 ], [ -76.090064999644355, 38.536120999357458 ], [ -76.090125999648251, 38.536026000006402 ], [ -76.090231999398355, 38.535884000468812 ], [ -76.090415000479652, 38.535675000177463 ], [ -76.090544999927673, 38.535575000838421 ], [ -76.090620999200198, 38.535415000924594 ], [ -76.09074399940458, 38.535323999957292 ], [ -76.090811999334903, 38.5352629999242 ], [ -76.090927000193815, 38.535072000609048 ], [ -76.091010999176376, 38.534975999590635 ], [ -76.091087000657353, 38.534847000092434 ], [ -76.091102000418928, 38.534763001094944 ], [ -76.091109999033321, 38.534618000027514 ], [ -76.091078999572986, 38.534396999475454 ], [ -76.090866000632488, 38.533924000323786 ], [ -76.090820001112789, 38.533842999919166 ], [ -76.090811999178712, 38.533778999840614 ], [ -76.090820000340983, 38.533709999614423 ], [ -76.090857999838192, 38.533602999864009 ], [ -76.090881000766942, 38.533411999799796 ], [ -76.090849999634912, 38.53323700018565 ], [ -76.091078999663594, 38.53333599989341 ], [ -76.091574999671934, 38.533519000035447 ], [ -76.09193399987015, 38.533663999819197 ], [ -76.092147000388692, 38.53377899977334 ], [ -76.0926580001844, 38.534099000158299 ], [ -76.092803000066837, 38.534182999726468 ], [ -76.092956000061477, 38.534247999862288 ], [ -76.093078000171701, 38.53428599963496 ], [ -76.093200000048157, 38.534335999543877 ], [ -76.093382999323453, 38.534441999849662 ], [ -76.093460000307019, 38.534503000043792 ], [ -76.093505000189694, 38.534561000074433 ], [ -76.09360499966742, 38.534632999612867 ], [ -76.093756999372346, 38.534777999859763 ], [ -76.094817999882878, 38.535048999363731 ], [ -76.094497000595837, 38.535910999860079 ], [ -76.093787999888221, 38.537707999957149 ], [ -76.093649999869882, 38.538074000413921 ], [ -76.09361199974694, 38.538234000387575 ], [ -76.093581999918683, 38.538405999940075 ], [ -76.093574000740219, 38.53857399980258 ], [ -76.093704000006625, 38.539367000282923 ], [ -76.09381100021325, 38.539915999705094 ], [ -76.094062000720271, 38.541079999689039 ], [ -76.094496999993723, 38.543296000237248 ], [ -76.094612000184725, 38.543799999672515 ], [ -76.094824999932484, 38.544794999680107 ], [ -76.094856000109687, 38.545074000191683 ], [ -76.094862999964818, 38.545268999399681 ], [ -76.09484800008812, 38.545847999439651 ], [ -76.100227000035076, 38.545199999565646 ], [ -76.101669000542529, 38.545021000379833 ], [ -76.102194999394555, 38.544937000385879 ], [ -76.102638000013684, 38.544845000383354 ], [ -76.10314100012134, 38.544726999859655 ], [ -76.103385000319548, 38.544798999920033 ], [ -76.103552999787752, 38.54483700005509 ], [ -76.104393000692923, 38.544998000107903 ], [ -76.105865000925576, 38.545306999866142 ], [ -76.106857000350018, 38.545554999713183 ], [ -76.107368000341751, 38.545673000251121 ], [ -76.107855999357341, 38.545767999919335 ], [ -76.108519999060817, 38.545870999872299 ], [ -76.109306000030472, 38.545963000069953 ], [ -76.110449999824283, 38.54606200013513 ], [ -76.110670999422879, 38.54609199985584 ], [ -76.110939000190598, 38.546142000482739 ], [ -76.111258999121773, 38.546215000312444 ], [ -76.111617999725453, 38.546314000544761 ], [ -76.111923000924278, 38.546428000023376 ], [ -76.112403000069733, 38.54663399991955 ], [ -76.112670000065407, 38.546782999807817 ], [ -76.112869000490264, 38.5469199997247 ], [ -76.113203999506325, 38.547129999553157 ], [ -76.113441000299844, 38.54725199978887 ], [ -76.113754000401457, 38.547381999859304 ], [ -76.114273001038654, 38.547557000395109 ], [ -76.115324999297329, 38.547863000142613 ], [ -76.117515000692762, 38.548533999676877 ], [ -76.119467999482765, 38.549109999604674 ], [ -76.11963599963066, 38.549167000120349 ], [ -76.119757999823577, 38.549198000247387 ], [ -76.11990300008101, 38.549213000213847 ], [ -76.120055999466516, 38.549212999914594 ], [ -76.120193000226394, 38.549204999804211 ], [ -76.123434999612556, 38.548824000180439 ], [ -76.124144999766358, 38.548721000490112 ], [ -76.124846999775372, 38.548590999729846 ], [ -76.124992000181734, 38.548556999683065 ], [ -76.125648000407168, 38.548369999981361 ], [ -76.126029000080109, 38.548278000415436 ], [ -76.126167000252295, 38.548255000529977 ], [ -76.126349999468019, 38.548255000356932 ], [ -76.126715999314015, 38.548274000394677 ], [ -76.127097999426283, 38.548316000015774 ], [ -76.127639000485303, 38.548393000442495 ], [ -76.127760999976431, 38.548423000241364 ], [ -76.127913999138599, 38.548476999569026 ], [ -76.127998000412006, 38.548518999838038 ], [ -76.128149999480073, 38.548633000510222 ], [ -76.128264999951412, 38.548731999841564 ], [ -76.128967000171272, 38.549365000167995 ], [ -76.129455000301007, 38.549793000096138 ], [ -76.129646000722104, 38.549884000341997 ], [ -76.129714000018211, 38.549895999739135 ], [ -76.12985900016227, 38.549880000237565 ], [ -76.129980999699512, 38.549846000177006 ], [ -76.130293999910322, 38.549709000327738 ], [ -76.131484000094005, 38.549223999813925 ], [ -76.132698000480147, 38.548751000728551 ], [ -76.13366600003549, 38.548366000692411 ], [ -76.134734999783007, 38.547957999973619 ], [ -76.135139000175045, 38.547823999705798 ], [ -76.135413999425523, 38.547755999209869 ], [ -76.135664999506602, 38.547709999271049 ], [ -76.136198999218593, 38.547656999284236 ], [ -76.138076000426082, 38.547537999505025 ], [ -76.13907600022209, 38.5474920002912 ], [ -76.140173999219371, 38.547431000045094 ], [ -76.141021000062523, 38.547382000012007 ], [ -76.141708000357724, 38.547331999911812 ], [ -76.141906000023326, 38.547325000325444 ], [ -76.142027999674497, 38.54732800000204 ], [ -76.142195999329999, 38.547354999762227 ], [ -76.142265000046223, 38.547378000290706 ], [ -76.142318000325616, 38.547408999968027 ], [ -76.142394999267921, 38.547458000392503 ], [ -76.142456000110826, 38.547507999878512 ], [ -76.142554999513351, 38.547621999578112 ], [ -76.142615999268315, 38.547709999581713 ], [ -76.142692000237446, 38.547840000053206 ], [ -76.142829000625142, 38.548103000176404 ], [ -76.14290600086558, 38.548281999643606 ], [ -76.142989999091469, 38.548487999728351 ], [ -76.143195999166778, 38.549056999435976 ], [ -76.143486000557033, 38.549747000693216 ], [ -76.143591999898518, 38.550022000429642 ], [ -76.143730000312999, 38.550304000755609 ], [ -76.144020000662863, 38.550773000662872 ], [ -76.144232999904304, 38.551071000571454 ], [ -76.144339999923289, 38.55120000013823 ], [ -76.144446999908965, 38.551315000284013 ], [ -76.144699000425447, 38.55156299996451 ], [ -76.145201999701612, 38.5520429999304 ], [ -76.145461999771555, 38.552265000468374 ], [ -76.145645000895342, 38.552390999735046 ], [ -76.145934999544167, 38.552654000464344 ], [ -76.146087000582781, 38.552805999593097 ], [ -76.146224000215469, 38.552931999656764 ], [ -76.146429999809172, 38.553081000247957 ], [ -76.146590998685269, 38.553179999989453 ], [ -76.147765999644662, 38.553866999545903 ], [ -76.147887999465993, 38.553954999678695 ], [ -76.148071000697598, 38.554106999945205 ], [ -76.148200001095617, 38.554247999590352 ], [ -76.148780000508964, 38.554969000078593 ], [ -76.149276000690421, 38.555613999790545 ], [ -76.149474999659489, 38.555900000608624 ], [ -76.149551000371858, 38.556064000467231 ], [ -76.149565999598394, 38.556189999438757 ], [ -76.149551000279644, 38.556380999743034 ], [ -76.149397999971441, 38.556964000720043 ], [ -76.1491620004617, 38.557712000120816 ], [ -76.148886999595661, 38.558638999932853 ], [ -76.148651000667684, 38.559477999616355 ], [ -76.148590000736718, 38.559596999702926 ], [ -76.148551000458994, 38.559645999491266 ], [ -76.148490000211055, 38.559700000375699 ], [ -76.148436999096134, 38.559740999267881 ], [ -76.148344998958663, 38.559799000100561 ], [ -76.14791800085564, 38.560011999790021 ], [ -76.147071000993336, 38.560458999298298 ], [ -76.14697199956521, 38.56050100061136 ], [ -76.146872999642611, 38.560558000270767 ], [ -76.146820000540629, 38.560595999306138 ], [ -76.146682000492092, 38.560725999264044 ], [ -76.146559999303662, 38.560867000447267 ], [ -76.146513999768658, 38.56094299993353 ], [ -76.146461000408948, 38.561065000042539 ], [ -76.146362000232642, 38.561370000218361 ], [ -76.146071999256975, 38.562186999755319 ], [ -76.146017999546331, 38.562362000300659 ], [ -76.145614000149791, 38.563441999408461 ], [ -76.145247999534732, 38.564463999942177 ], [ -76.145018999825965, 38.565082000030813 ], [ -76.144972999906642, 38.565235000032779 ], [ -76.144752000047063, 38.565840999689179 ], [ -76.144621999801359, 38.566168999510609 ], [ -76.144088000691994, 38.567667999713578 ], [ -76.143684000391318, 38.56875599942186 ], [ -76.143554000076293, 38.569053000305431 ], [ -76.143440000034715, 38.569225000895678 ], [ -76.142791000036496, 38.570120999635925 ], [ -76.142463000538527, 38.570560000109836 ], [ -76.141829999088799, 38.571452999799249 ], [ -76.141516999158185, 38.571841999516046 ], [ -76.141394999767826, 38.571949000301665 ], [ -76.141090000575915, 38.572153999456326 ], [ -76.140181999762646, 38.572680999397555 ], [ -76.139869000568524, 38.57285599976283 ], [ -76.139700999648028, 38.572962999961376 ], [ -76.139334999844195, 38.573172999180009 ], [ -76.138862000111658, 38.573458999727137 ], [ -76.138160000666559, 38.573866999558895 ], [ -76.138038001043839, 38.573931999857358 ] ] ] } },
{ "type": "Feature", "properties": { "GEOID20": "24021750505", "ORGANIZATION_NAME": "Local Management Board Frederick County", "GOC_TRACK_TYPE": "Plan Development" }, "geometry": { "type": "Polygon", "coordinates": [ [ [ -77.436962000307005, 39.415801999855141 ], [ -77.435374000052548, 39.415410999885594 ], [ -77.435349001108307, 39.415413999907891 ], [ -77.435300999771812, 39.41539400029054 ], [ -77.434852999518071, 39.415285000438374 ], [ -77.435677000139293, 39.41271100022594 ], [ -77.435777999304051, 39.412437000644985 ], [ -77.435848000118796, 39.412136000260212 ], [ -77.435922999851982, 39.411512001104072 ], [ -77.435927999357645, 39.411155999706608 ], [ -77.435888000563182, 39.410560000280242 ], [ -77.435851000210747, 39.410349000396707 ], [ -77.435748000378652, 39.409959000013231 ], [ -77.435616999892716, 39.409542000236769 ], [ -77.435369000470999, 39.408931000160337 ], [ -77.434991000439453, 39.408335999621791 ], [ -77.434637000875014, 39.407853000307675 ], [ -77.434397999327373, 39.407563999509627 ], [ -77.434175000191232, 39.407359000577642 ], [ -77.434030001083869, 39.407208999379122 ], [ -77.433482000247793, 39.406709999724562 ], [ -77.432771999886725, 39.40609899953278 ], [ -77.432650000020573, 39.405983000096448 ], [ -77.432803999807561, 39.405930999446973 ], [ -77.433765999274982, 39.405572999584443 ], [ -77.43423499976501, 39.405374000177076 ], [ -77.434700999749936, 39.405146999978307 ], [ -77.43523799954572, 39.40484800031286 ], [ -77.4355939999474, 39.404604000328852 ], [ -77.436159999713908, 39.404132000236032 ], [ -77.436386000035384, 39.403889999098098 ], [ -77.437963000113555, 39.40210300096961 ], [ -77.438223999737616, 39.402299999875638 ], [ -77.438536999817941, 39.402516999681282 ], [ -77.438697999851527, 39.402606999503625 ], [ -77.438938000524416, 39.402720999833043 ], [ -77.439316000325675, 39.402857999895097 ], [ -77.439472000272033, 39.402904000432216 ], [ -77.439514000585802, 39.402910999862108 ], [ -77.439658000526904, 39.402959999370189 ], [ -77.440043000090995, 39.403041999369606 ], [ -77.440268000045592, 39.403072999439438 ], [ -77.44055499983439, 39.403101000822303 ], [ -77.440825999407593, 39.40311699976921 ], [ -77.441061999250437, 39.403119999342678 ], [ -77.441206000016166, 39.403314999937933 ], [ -77.441436000027608, 39.40347999958945 ], [ -77.447587000450113, 39.406842000442836 ], [ -77.448764999462227, 39.407495000508106 ], [ -77.449246000676553, 39.407741999790787 ], [ -77.449750999953963, 39.407958000459459 ], [ -77.451395000433408, 39.408591000138095 ], [ -77.451928999824162, 39.408763000280167 ], [ -77.453263999901694, 39.409156999594281 ], [ -77.45374800004204, 39.409291000347103 ], [ -77.453532000015528, 39.40978799959651 ], [ -77.453354000261996, 39.410122000196317 ], [ -77.453232999229229, 39.410365999933141 ], [ -77.453083999231652, 39.410608999428618 ], [ -77.452894999959213, 39.410835999889379 ], [ -77.45264499966099, 39.411095000665156 ], [ -77.452519999514905, 39.41118099926004 ], [ -77.451631999893564, 39.411744000629014 ], [ -77.451250999887648, 39.4119979993512 ], [ -77.451081000002844, 39.412118999176293 ], [ -77.450959999952758, 39.412234000395848 ], [ -77.450836000204504, 39.41243599988637 ], [ -77.450756000434509, 39.412659000517749 ], [ -77.450720000412971, 39.412848000329369 ], [ -77.450735999700186, 39.41304199997105 ], [ -77.45078899997651, 39.413254000331982 ], [ -77.450912000407754, 39.413512999958549 ], [ -77.451172000069903, 39.413944999479099 ], [ -77.451375999705093, 39.414229000263283 ], [ -77.451862000917316, 39.414789999834213 ], [ -77.452156998864183, 39.415056000030859 ], [ -77.452616998904645, 39.415432000433725 ], [ -77.452826000474914, 39.41561299922958 ], [ -77.453158000116943, 39.415842000345819 ], [ -77.453447000075826, 39.416063000205732 ], [ -77.453590000281253, 39.416212000467453 ], [ -77.453714001093189, 39.41637100070924 ], [ -77.453804000378952, 39.416541999903529 ], [ -77.453871999377967, 39.416748000543578 ], [ -77.453917999835696, 39.416993998984665 ], [ -77.453900999195412, 39.417243999113616 ], [ -77.453860999915761, 39.417451999657139 ], [ -77.453450999832029, 39.418532999833062 ], [ -77.452631000083542, 39.41842400052996 ], [ -77.450912000853521, 39.418197000106183 ], [ -77.449927999450026, 39.418076999842668 ], [ -77.44958299995011, 39.418037000114559 ], [ -77.449483999541627, 39.418023999762653 ], [ -77.44821199907858, 39.41787100033217 ], [ -77.445909000396227, 39.417482000260975 ], [ -77.44144000017063, 39.416637000182845 ], [ -77.439784999909818, 39.416419999824235 ], [ -77.438468000572684, 39.416137000255532 ], [ -77.437501000209537, 39.415926999818033 ], [ -77.436962000307005, 39.415801999855141 ] ] ] } },
{ "type": "Feature", "properties": { "GEOID20": "24021750506", "ORGANIZATION_NAME": "Local Management Board Frederick County", "GOC_TRACK_TYPE": "Plan Development" }, "geometry": { "type": "Polygon", "coordinates": [ [ [ -77.473624000415143, 39.425329999310833 ], [ -77.47304100068169, 39.425153000339378 ], [ -77.47252700099294, 39.424982000456886 ], [ -77.471937000171621, 39.42476700000519 ], [ -77.471356999647185, 39.42451600049214 ], [ -77.470803999528044, 39.424256999765454 ], [ -77.469616999305984, 39.423659999415854 ], [ -77.46649200040153, 39.421969999802542 ], [ -77.466435999574799, 39.421939999686558 ], [ -77.463720000868761, 39.420502000359733 ], [ -77.462473999331394, 39.419922000128672 ], [ -77.462029999941478, 39.419741000070516 ], [ -77.461277000277406, 39.419460000563056 ], [ -77.460553999081142, 39.419297000116913 ], [ -77.459462999752162, 39.419123000588492 ], [ -77.458085998892173, 39.418957000427476 ], [ -77.457689000951532, 39.418910000284491 ], [ -77.453450999832029, 39.418532999833062 ], [ -77.453860999915761, 39.417451999657139 ], [ -77.453900999195412, 39.417243999113616 ], [ -77.453917999835696, 39.416993998984665 ], [ -77.453871999377967, 39.416748000543578 ], [ -77.453804000378952, 39.416541999903529 ], [ -77.453714001093189, 39.41637100070924 ], [ -77.453590000281253, 39.416212000467453 ], [ -77.453447000075826, 39.416063000205732 ], [ -77.453158000116943, 39.415842000345819 ], [ -77.452826000474914, 39.41561299922958 ], [ -77.452616998904645, 39.415432000433725 ], [ -77.452156998864183, 39.415056000030859 ], [ -77.451862000917316, 39.414789999834213 ], [ -77.451375999705093, 39.414229000263283 ], [ -77.451172000069903, 39.413944999479099 ], [ -77.450912000407754, 39.413512999958549 ], [ -77.45078899997651, 39.413254000331982 ], [ -77.450735999700186, 39.41304199997105 ], [ -77.450720000412971, 39.412848000329369 ], [ -77.450756000434509, 39.412659000517749 ], [ -77.450836000204504, 39.41243599988637 ], [ -77.450959999952758, 39.412234000395848 ], [ -77.451081000002844, 39.412118999176293 ], [ -77.451250999887648, 39.4119979993512 ], [ -77.451631999893564, 39.411744000629014 ], [ -77.452519999514905, 39.41118099926004 ], [ -77.45264499966099, 39.411095000665156 ], [ -77.452894999959213, 39.410835999889379 ], [ -77.453083999231652, 39.410608999428618 ], [ -77.453232999229229, 39.410365999933141 ], [ -77.453354000261996, 39.410122000196317 ], [ -77.453532000015528, 39.40978799959651 ], [ -77.45374800004204, 39.409291000347103 ], [ -77.453263999901694, 39.409156999594281 ], [ -77.451928999824162, 39.408763000280167 ], [ -77.451395000433408, 39.408591000138095 ], [ -77.449750999953963, 39.407958000459459 ], [ -77.449246000676553, 39.407741999790787 ], [ -77.448764999462227, 39.407495000508106 ], [ -77.447587000450113, 39.406842000442836 ], [ -77.441436000027608, 39.40347999958945 ], [ -77.441206000016166, 39.403314999937933 ], [ -77.441061999250437, 39.403119999342678 ], [ -77.440825999407593, 39.40311699976921 ], [ -77.44055499983439, 39.403101000822303 ], [ -77.440268000045592, 39.403072999439438 ], [ -77.440043000090995, 39.403041999369606 ], [ -77.439658000526904, 39.402959999370189 ], [ -77.439514000585802, 39.402910999862108 ], [ -77.439472000272033, 39.402904000432216 ], [ -77.439316000325675, 39.402857999895097 ], [ -77.438938000524416, 39.402720999833043 ], [ -77.438697999851527, 39.402606999503625 ], [ -77.438536999817941, 39.402516999681282 ], [ -77.438223999737616, 39.402299999875638 ], [ -77.437963000113555, 39.40210300096961 ], [ -77.438010999115178, 39.402056000529456 ], [ -77.439419999523395, 39.400428000318591 ], [ -77.440331998623336, 39.399423000206767 ], [ -77.44064499980523, 39.399534999928534 ], [ -77.440677000205284, 39.399547999235416 ], [ -77.44113200035072, 39.399729000412158 ], [ -77.44393799932655, 39.400974999503696 ], [ -77.444675000158199, 39.401284999939818 ], [ -77.444968000499884, 39.401395999970731 ], [ -77.446433999731198, 39.401926000010761 ], [ -77.44700799931978, 39.402115999870539 ], [ -77.44786399998101, 39.402354000236222 ], [ -77.449326999835947, 39.402668000192868 ], [ -77.450770999664471, 39.402881999776447 ], [ -77.452336000153579, 39.403063000186059 ], [ -77.45462999887387, 39.403315999986262 ], [ -77.454838999218282, 39.403331999934458 ], [ -77.455623000492494, 39.403424000241806 ], [ -77.460768999507039, 39.403988000511319 ], [ -77.461750000270953, 39.404123998931389 ], [ -77.46271399952451, 39.404310000675139 ], [ -77.463829000026053, 39.404580000578335 ], [ -77.464908000258475, 39.404928000360016 ], [ -77.466069000245653, 39.405360999843673 ], [ -77.467134999356816, 39.405864000538536 ], [ -77.468317000362859, 39.406544999824654 ], [ -77.469442999567562, 39.407279999520433 ], [ -77.470335000693822, 39.408010999551678 ], [ -77.471196000069966, 39.408812000003984 ], [ -77.471678000341697, 39.409328999442408 ], [ -77.472268000078529, 39.410045000374652 ], [ -77.4726040005241, 39.410545000355924 ], [ -77.473948999547176, 39.41260899994289 ], [ -77.474362999934201, 39.413243999632222 ], [ -77.474846000655205, 39.413904999937607 ], [ -77.475604000618333, 39.41478299945895 ], [ -77.475662000106993, 39.414846999610631 ], [ -77.476534000084285, 39.415709000880533 ], [ -77.477222000474697, 39.416304000326853 ], [ -77.478353000689467, 39.417188000493915 ], [ -77.479578999268924, 39.417993000571222 ], [ -77.480014999445842, 39.418235000606728 ], [ -77.482123999553906, 39.419475000323203 ], [ -77.483558999393892, 39.420408999820232 ], [ -77.484868000132465, 39.421447999557721 ], [ -77.485118000897387, 39.421687999437147 ], [ -77.485660000353576, 39.422188999466066 ], [ -77.485830000087859, 39.422367000279948 ], [ -77.486162000279791, 39.422736000151239 ], [ -77.486643999908921, 39.423310000433062 ], [ -77.487101999626589, 39.423896999089166 ], [ -77.487499000354177, 39.424520999966028 ], [ -77.487867999402482, 39.425154000227764 ], [ -77.487928000581277, 39.425269000313143 ], [ -77.487636000132525, 39.42522100012517 ], [ -77.487174999738471, 39.425200000014243 ], [ -77.486432999532624, 39.425301000194182 ], [ -77.482616000492371, 39.426041999305461 ], [ -77.481999000832786, 39.426149999728636 ], [ -77.481373000357323, 39.426225999418385 ], [ -77.480758999553984, 39.426215999550472 ], [ -77.480141999956473, 39.426170000416967 ], [ -77.478921998939896, 39.42603400082303 ], [ -77.475161000871054, 39.425638999089919 ], [ -77.474387999638395, 39.425499999710631 ], [ -77.473624000415143, 39.425329999310833 ] ] ] } },
{ "type": "Feature", "properties": { "GEOID20": "24021750507", "ORGANIZATION_NAME": "Local Management Board Frederick County", "GOC_TRACK_TYPE": "Plan Development" }, "geometry": { "type": "Polygon", "coordinates": [ [ [ -77.460534000401424, 39.427492999192758 ], [ -77.460047000228954, 39.425951000247849 ], [ -77.459694000120535, 39.425787999893885 ], [ -77.45972900079542, 39.425724999838032 ], [ -77.459777000410952, 39.425613999829913 ], [ -77.459808999025185, 39.425494000116018 ], [ -77.459821000196186, 39.425357999676748 ], [ -77.459816999947051, 39.425278000339148 ], [ -77.459770000494004, 39.425088000439978 ], [ -77.459471999854912, 39.424217000431717 ], [ -77.459433999411914, 39.424104000605965 ], [ -77.459412001116277, 39.424004000619718 ], [ -77.45939300006539, 39.423676999924091 ], [ -77.459449000366945, 39.423352999498299 ], [ -77.459530000317045, 39.423150999214243 ], [ -77.45973000073495, 39.422712000948486 ], [ -77.460798998949414, 39.420434999604097 ], [ -77.461175000748042, 39.419659000536505 ], [ -77.461277000277406, 39.419460000563056 ], [ -77.462029999941478, 39.419741000070516 ], [ -77.462473999331394, 39.419922000128672 ], [ -77.463720000868761, 39.420502000359733 ], [ -77.466435999574799, 39.421939999686558 ], [ -77.46649200040153, 39.421969999802542 ], [ -77.469616999305984, 39.423659999415854 ], [ -77.470803999528044, 39.424256999765454 ], [ -77.471356999647185, 39.42451600049214 ], [ -77.471937000171621, 39.42476700000519 ], [ -77.47252700099294, 39.424982000456886 ], [ -77.47304100068169, 39.425153000339378 ], [ -77.473624000415143, 39.425329999310833 ], [ -77.474387999638395, 39.425499999710631 ], [ -77.475161000871054, 39.425638999089919 ], [ -77.478921998939896, 39.42603400082303 ], [ -77.478863000529529, 39.426337000736737 ], [ -77.478829998843466, 39.426434999683508 ], [ -77.478721000614996, 39.426526000139397 ], [ -77.478621000024759, 39.426569999196687 ], [ -77.478449999912669, 39.426587000216621 ], [ -77.478352999136391, 39.426581000210952 ], [ -77.478258000292882, 39.426593000188227 ], [ -77.477910001181399, 39.426573000690524 ], [ -77.477564999262384, 39.426613000613052 ], [ -77.476586000508163, 39.426835000730655 ], [ -77.476376999638049, 39.426858999898073 ], [ -77.476199000221527, 39.426840000574572 ], [ -77.476271000552941, 39.42695199993971 ], [ -77.476249000209037, 39.427190999914927 ], [ -77.476084000482729, 39.427568999896003 ], [ -77.475929000504635, 39.427950000005289 ], [ -77.475807000755481, 39.42815900013268 ], [ -77.475618998875674, 39.428336999973965 ], [ -77.47465800014372, 39.429118999407535 ], [ -77.474336999940192, 39.429278001140965 ], [ -77.473981000431309, 39.429385000004956 ], [ -77.472523000362102, 39.429745999168482 ], [ -77.470934999208623, 39.430127999902737 ], [ -77.468337000812767, 39.430765000057768 ], [ -77.466597000405173, 39.431182999957365 ], [ -77.466342999932749, 39.431275000227238 ], [ -77.466104999878709, 39.431389999602253 ], [ -77.465831000135751, 39.431584999949841 ], [ -77.465570000404895, 39.431824999680885 ], [ -77.464917000423, 39.432509999530019 ], [ -77.464648000371625, 39.432768000827593 ], [ -77.464364999228835, 39.433015999244489 ], [ -77.463867999940689, 39.433413000207345 ], [ -77.46310800034388, 39.432821999455655 ], [ -77.460829999935513, 39.431051999459868 ], [ -77.460449999349095, 39.430757000022851 ], [ -77.459994999835985, 39.43040299964759 ], [ -77.459769999636706, 39.430227000089914 ], [ -77.4596949998882, 39.430169000007531 ], [ -77.460604000003258, 39.428269999502206 ], [ -77.460662999663995, 39.42806900090698 ], [ -77.460650999644358, 39.427862999197771 ], [ -77.460534000401424, 39.427492999192758 ] ] ] } },
{ "type": "Feature", "properties": { "GEOID20": "24021750508", "ORGANIZATION_NAME": "Local Management Board Frederick County", "GOC_TRACK_TYPE": "Plan Development" }, "geometry": { "type": "Polygon", "coordinates": [ [ [ -77.448711999962498, 39.430393000873181 ], [ -77.448288999628247, 39.428998999549897 ], [ -77.448266000802633, 39.428892999995654 ], [ -77.448260999878599, 39.428784999845789 ], [ -77.448276000638259, 39.428658000233234 ], [ -77.448333000052685, 39.428522000061761 ], [ -77.44842199955535, 39.428399999490878 ], [ -77.448574999603423, 39.428255999804179 ], [ -77.448788000274689, 39.428078000350219 ], [ -77.449000999548744, 39.427869000309776 ], [ -77.449097999130544, 39.427738000175111 ], [ -77.449204999708684, 39.427545000128745 ], [ -77.449285000141771, 39.427339000206935 ], [ -77.449306000959751, 39.427184000119205 ], [ -77.44925999999019, 39.426870000638829 ], [ -77.449123999530713, 39.426441000573391 ], [ -77.449036999140532, 39.42627699996342 ], [ -77.448858000065712, 39.425966999638355 ], [ -77.448743999387602, 39.425795999541165 ], [ -77.448586999994504, 39.425611999124911 ], [ -77.448261000087456, 39.425287000672661 ], [ -77.448001999891048, 39.424998000445868 ], [ -77.447911999914538, 39.424873000001845 ], [ -77.447859999621485, 39.424752999840649 ], [ -77.447821999880077, 39.424632999528917 ], [ -77.447794998909828, 39.424468999313511 ], [ -77.447819999884544, 39.424215999740191 ], [ -77.447876999232705, 39.424008999976841 ], [ -77.447950000714727, 39.423819999696462 ], [ -77.44806699959328, 39.423625999490774 ], [ -77.448228000401457, 39.423330000179561 ], [ -77.449480000321017, 39.420985000734298 ], [ -77.450872000371291, 39.418495999904209 ], [ -77.450912000853521, 39.418197000106183 ], [ -77.452631000083542, 39.41842400052996 ], [ -77.453450999832029, 39.418532999833062 ], [ -77.457689000951532, 39.418910000284491 ], [ -77.458085998892173, 39.418957000427476 ], [ -77.459462999752162, 39.419123000588492 ], [ -77.460553999081142, 39.419297000116913 ], [ -77.461277000277406, 39.419460000563056 ], [ -77.461175000748042, 39.419659000536505 ], [ -77.460798998949414, 39.420434999604097 ], [ -77.45973000073495, 39.422712000948486 ], [ -77.459530000317045, 39.423150999214243 ], [ -77.459449000366945, 39.423352999498299 ], [ -77.45939300006539, 39.423676999924091 ], [ -77.459412001116277, 39.424004000619718 ], [ -77.459433999411914, 39.424104000605965 ], [ -77.459471999854912, 39.424217000431717 ], [ -77.459770000494004, 39.425088000439978 ], [ -77.459816999947051, 39.425278000339148 ], [ -77.459821000196186, 39.425357999676748 ], [ -77.459808999025185, 39.425494000116018 ], [ -77.459777000410952, 39.425613999829913 ], [ -77.45972900079542, 39.425724999838032 ], [ -77.459694000120535, 39.425787999893885 ], [ -77.460047000228954, 39.425951000247849 ], [ -77.460534000401424, 39.427492999192758 ], [ -77.460650999644358, 39.427862999197771 ], [ -77.460662999663995, 39.42806900090698 ], [ -77.460604000003258, 39.428269999502206 ], [ -77.4596949998882, 39.430169000007531 ], [ -77.459508000653045, 39.430002999980566 ], [ -77.459269998718881, 39.429857000150868 ], [ -77.459002999327708, 39.429793000354543 ], [ -77.458716999428063, 39.429766000043493 ], [ -77.456106999832116, 39.429625999598748 ], [ -77.454594000222613, 39.429509999842601 ], [ -77.453827999410578, 39.42943099967782 ], [ -77.45321699945471, 39.429418000009647 ], [ -77.45308000025652, 39.429425999801474 ], [ -77.452765999778023, 39.429472999834005 ], [ -77.452467000916414, 39.429546999980488 ], [ -77.451021999556588, 39.430042999775523 ], [ -77.450506999537978, 39.43020599946567 ], [ -77.450214000261042, 39.430293000741166 ], [ -77.4499809996572, 39.430354999371851 ], [ -77.449691000451637, 39.4303909997695 ], [ -77.44933800038676, 39.43040099920632 ], [ -77.448711999962498, 39.430393000873181 ] ] ] } },
{ "type": "Feature", "properties": { "GEOID20": "24025301301", "ORGANIZATION_NAME": "Boys & Girls Clubs of Harford and Cecil Counties", "GOC_TRACK_TYPE": "Partnership Development" }, "geometry": { "type": "Polygon", "coordinates": [ [ [ -76.299634000010471, 39.442227999554667 ], [ -76.299740000031278, 39.441961000252682 ], [ -76.29984900001466, 39.441718999648543 ], [ -76.30012999952443, 39.44119800023288 ], [ -76.301786000270383, 39.438653999767382 ], [ -76.302866999780804, 39.43701400013655 ], [ -76.303456999544494, 39.436918999731823 ], [ -76.307047000270202, 39.436371000460042 ], [ -76.31084200017969, 39.435798999509004 ], [ -76.312546000960296, 39.435547999682505 ], [ -76.314040999739476, 39.435317999439334 ], [ -76.314363999932198, 39.435261000030032 ], [ -76.31711300065615, 39.434896999934296 ], [ -76.319976000717432, 39.434419999918575 ], [ -76.322231000054032, 39.434083999433689 ], [ -76.327063000403072, 39.433347999866314 ], [ -76.327678000023326, 39.433261999756304 ], [ -76.328424999560951, 39.433144999555395 ], [ -76.331761001130076, 39.432646000184292 ], [ -76.334105000267527, 39.432286000366105 ], [ -76.335957000854535, 39.431977000308876 ], [ -76.336379000289043, 39.43192099984693 ], [ -76.337372999479967, 39.431768999528494 ], [ -76.336437000038842, 39.430840000673101 ], [ -76.335976000006724, 39.430400999315559 ], [ -76.335798000504596, 39.430239999247341 ], [ -76.335509000064889, 39.430019000363146 ], [ -76.335178000756855, 39.429815000023474 ], [ -76.335017000045667, 39.429726000458608 ], [ -76.332636000058258, 39.42856999955815 ], [ -76.332227999323123, 39.428336000088485 ], [ -76.331757999401489, 39.428016999608957 ], [ -76.331328000180974, 39.427675999660543 ], [ -76.330961000095257, 39.427313999707927 ], [ -76.330731999243142, 39.427073000109452 ], [ -76.330285000149459, 39.426485000311615 ], [ -76.329879999563033, 39.42580900064992 ], [ -76.329182999766829, 39.424611999138762 ], [ -76.329037000245691, 39.424316999538874 ], [ -76.328897999898231, 39.423962999864422 ], [ -76.328819000594919, 39.423709999609002 ], [ -76.328719000101955, 39.423258999957561 ], [ -76.328678000580439, 39.42294100010912 ], [ -76.328626000242153, 39.422408999494763 ], [ -76.328662000258063, 39.420214000131573 ], [ -76.328643999365156, 39.419749000777401 ], [ -76.328556999006466, 39.419052999533143 ], [ -76.328463001147085, 39.418609000371617 ], [ -76.327922000419576, 39.416975000307687 ], [ -76.327494999657233, 39.415859000232636 ], [ -76.327252000076612, 39.415359000181802 ], [ -76.326994000817564, 39.414913000530447 ], [ -76.326661000107819, 39.414487999758855 ], [ -76.327097000517426, 39.414300000326591 ], [ -76.327345999832005, 39.414169999379986 ], [ -76.328745000251971, 39.413144000572913 ], [ -76.329864999141193, 39.412309000310181 ], [ -76.330147999551173, 39.412166999998874 ], [ -76.330338999820654, 39.412084000116373 ], [ -76.330653999747355, 39.411990000135035 ], [ -76.33103799962727, 39.411912000510476 ], [ -76.332344999882338, 39.41189600001978 ], [ -76.332917999447986, 39.411879999736612 ], [ -76.33337100050079, 39.411821000149601 ], [ -76.333768000878777, 39.411758999390408 ], [ -76.334102000705229, 39.411687000190604 ], [ -76.334423999777414, 39.41159800003858 ], [ -76.335379000471264, 39.411270000660586 ], [ -76.337174998848099, 39.410631999995204 ], [ -76.337841000705012, 39.410405999950058 ], [ -76.338265999523443, 39.410242001126441 ], [ -76.339115999486907, 39.410018001197329 ], [ -76.339380000318727, 39.409954999457867 ], [ -76.340255000784012, 39.409776000294478 ], [ -76.340744000392363, 39.409735999704075 ], [ -76.340915999813262, 39.409742999921555 ], [ -76.341404000302887, 39.40979800028682 ], [ -76.341822001469495, 39.409892999975533 ], [ -76.341943000033865, 39.409944000171642 ], [ -76.342233999504231, 39.410110999551065 ], [ -76.342480999189959, 39.41020299985658 ], [ -76.342730000780492, 39.410372999678565 ], [ -76.342930999824276, 39.410521999488921 ], [ -76.343605999741996, 39.411181000439029 ], [ -76.343907000072903, 39.41144400003612 ], [ -76.344285999687202, 39.411689999628415 ], [ -76.344418000136272, 39.411762999660539 ], [ -76.344949999283486, 39.412088999153816 ], [ -76.345432000473551, 39.412625999311807 ], [ -76.345797999209992, 39.413189998971994 ], [ -76.34604699994, 39.413688999328983 ], [ -76.346078000629603, 39.413812999886964 ], [ -76.346125000531444, 39.414123000191481 ], [ -76.346114999871077, 39.415230000274654 ], [ -76.346191000234697, 39.415781000262207 ], [ -76.346256999943932, 39.416008999881754 ], [ -76.346526000127525, 39.41709499964459 ], [ -76.346781000334374, 39.417864000341687 ], [ -76.347094000602056, 39.418458999455574 ], [ -76.347139000034261, 39.418518000635423 ], [ -76.347197999761462, 39.418556000376292 ], [ -76.347377999353142, 39.418627999320336 ], [ -76.347655000122373, 39.418688999925138 ], [ -76.347839000416513, 39.418708000183486 ], [ -76.348081999766123, 39.418719999466617 ], [ -76.348247999821467, 39.418720999009366 ], [ -76.349718999740077, 39.418642000192783 ], [ -76.349898999534446, 39.418647999994 ], [ -76.350139999716774, 39.418685000180503 ], [ -76.350421999268946, 39.418799000561279 ], [ -76.350552999672374, 39.41890200049577 ], [ -76.350761000040308, 39.419137000336953 ], [ -76.351004000678728, 39.419535999141516 ], [ -76.351711000667336, 39.420555000555247 ], [ -76.351952999561632, 39.420655999847369 ], [ -76.35270299975312, 39.420900000523531 ], [ -76.35304699959714, 39.421182000415683 ], [ -76.353137000205152, 39.421307000360791 ], [ -76.353225000090006, 39.421536000027857 ], [ -76.353219999360633, 39.422072999936901 ], [ -76.353273999348787, 39.422218999832992 ], [ -76.353312999772996, 39.422299999392557 ], [ -76.353393000102855, 39.422414000188681 ], [ -76.35352700101862, 39.422510999793062 ], [ -76.353830998975155, 39.422669000055109 ], [ -76.354418999784201, 39.42296199989412 ], [ -76.353994998986508, 39.423582000330043 ], [ -76.353797999928119, 39.423915000181559 ], [ -76.353779999383093, 39.424062000566849 ], [ -76.353777999894007, 39.424242000787508 ], [ -76.353839000748195, 39.42571300033714 ], [ -76.353862000398721, 39.425897999861483 ], [ -76.354120999926607, 39.426396000374496 ], [ -76.354491999697601, 39.427002000120204 ], [ -76.354805999245357, 39.427485999528578 ], [ -76.355683998854289, 39.428996999311785 ], [ -76.35840900042156, 39.428587999880861 ], [ -76.359792000545596, 39.428369999568993 ], [ -76.36080399963403, 39.428225000152374 ], [ -76.36158399902375, 39.428105000304761 ], [ -76.362763000345737, 39.427871999857381 ], [ -76.363299000588327, 39.427729000323431 ], [ -76.36374700046818, 39.427599000403475 ], [ -76.364755000092643, 39.427275999999729 ], [ -76.365233000478213, 39.42708700060841 ], [ -76.365690998870534, 39.426892000688497 ], [ -76.365981999798493, 39.426759999490869 ], [ -76.366694000125008, 39.426396999358126 ], [ -76.367159000333942, 39.426133000006757 ], [ -76.367485000406901, 39.425932999453423 ], [ -76.367811999415494, 39.425715999291029 ], [ -76.36819599981105, 39.425450000681941 ], [ -76.370590999586085, 39.423638000038288 ], [ -76.37112099948358, 39.423198999936361 ], [ -76.371237999815477, 39.423105000082714 ], [ -76.371958000119506, 39.422564000228249 ], [ -76.372430000851779, 39.422193000937803 ], [ -76.373492999377177, 39.421417999336363 ], [ -76.373518999741108, 39.421432000053038 ], [ -76.373615998685892, 39.421533000567358 ], [ -76.373766000504602, 39.421571999864732 ], [ -76.373805999585485, 39.421569999572647 ], [ -76.373876000215134, 39.421553999309516 ], [ -76.373908000265018, 39.421562999446571 ], [ -76.37397299979844, 39.421598000086483 ], [ -76.374031000389579, 39.42166999990571 ], [ -76.374057000203123, 39.421751999715667 ], [ -76.374045999578513, 39.421905999385629 ], [ -76.373972999702104, 39.422091999389053 ], [ -76.373950999552775, 39.42216799990657 ], [ -76.37396399999831, 39.422235999806631 ], [ -76.373983999679027, 39.422274999929463 ], [ -76.374011000334178, 39.422307000739799 ], [ -76.374054999902981, 39.422342000421438 ], [ -76.374177000066112, 39.422412000378465 ], [ -76.374324999542694, 39.422473999374546 ], [ -76.37455000030991, 39.422593999488349 ], [ -76.374774000378167, 39.422639999363291 ], [ -76.374966999863318, 39.422732000462389 ], [ -76.375008999381819, 39.422769999413866 ], [ -76.375052999680889, 39.422885000196651 ], [ -76.375072001123542, 39.423050999348995 ], [ -76.375095999293109, 39.423162999840159 ], [ -76.375140999407591, 39.423227000868991 ], [ -76.375179000748375, 39.423274999200743 ], [ -76.37529999904659, 39.423349999823593 ], [ -76.375375000465752, 39.423373000007828 ], [ -76.375472001025699, 39.423439000857023 ], [ -76.375534999575521, 39.423565000220414 ], [ -76.375610001011083, 39.423612000328262 ], [ -76.375667999605227, 39.423630999133223 ], [ -76.375780000933716, 39.423682000088462 ], [ -76.375863999933841, 39.423738999064817 ], [ -76.375928999828403, 39.423771000039295 ], [ -76.375990998822388, 39.423785999014001 ], [ -76.376113999887451, 39.423781000742714 ], [ -76.376426000770806, 39.423733000207832 ], [ -76.376487000749265, 39.423733 ], [ -76.376530999995538, 39.423762999649192 ], [ -76.376611000519077, 39.423838000606125 ], [ -76.376696000241324, 39.423901999385855 ], [ -76.376788999788431, 39.423952000710656 ], [ -76.376899999884586, 39.423974000642367 ], [ -76.376991999821954, 39.423984000297693 ], [ -76.377049000410139, 39.423981999714663 ], [ -76.377082999979351, 39.423998999971431 ], [ -76.377201000485101, 39.424134999391995 ], [ -76.377259000050344, 39.424165999696527 ], [ -76.377323000045678, 39.424188998966244 ], [ -76.377372000010681, 39.424194000544446 ], [ -76.37761300015319, 39.42432800015893 ], [ -76.377752999795433, 39.424415000085844 ], [ -76.378165999058922, 39.424576000178341 ], [ -76.378602999850756, 39.424639000436073 ], [ -76.379077000401097, 39.424643000710056 ], [ -76.379179000351542, 39.424665000539505 ], [ -76.379238999800492, 39.424708999891159 ], [ -76.379330998679876, 39.424750000071136 ], [ -76.379411999812362, 39.424750000225544 ], [ -76.379485999795108, 39.42473399970504 ], [ -76.379580000548714, 39.424685999698369 ], [ -76.37981100023157, 39.424591000659262 ], [ -76.379928000289922, 39.424551000278846 ], [ -76.379977999516896, 39.424543000333358 ], [ -76.380076000231, 39.424567999381061 ], [ -76.380143999781438, 39.424598999576794 ], [ -76.380209999708555, 39.424691000426456 ], [ -76.380319999971931, 39.424817000511823 ], [ -76.380380999681137, 39.424943999972896 ], [ -76.380412999466841, 39.425116000538239 ], [ -76.380445000019989, 39.425387999660593 ], [ -76.380436999374155, 39.425553998820433 ], [ -76.380410999534234, 39.425712000188284 ], [ -76.380391999542866, 39.425781999776135 ], [ -76.380357999300642, 39.42585300037387 ], [ -76.380204000061809, 39.426357000335813 ], [ -76.380133999855275, 39.426639999787128 ], [ -76.380063999690989, 39.426859000262453 ], [ -76.380019000090442, 39.427175999745415 ], [ -76.380023999381137, 39.427352999453518 ], [ -76.380090000081665, 39.42771099939943 ], [ -76.380164000006005, 39.427892999410503 ], [ -76.380207999475715, 39.428064999990937 ], [ -76.380188999677316, 39.428203999246897 ], [ -76.380183000065912, 39.428352000417945 ], [ -76.38020600069629, 39.428685999796109 ], [ -76.380273999943185, 39.428898999219719 ], [ -76.380398000069746, 39.429012000388248 ], [ -76.380488000995385, 39.429055999302932 ], [ -76.380650000000969, 39.429110999335393 ], [ -76.380839999128895, 39.429217999803456 ], [ -76.38093599903722, 39.42932899939391 ], [ -76.380976999044876, 39.429407999389575 ], [ -76.380982999985463, 39.429453999833882 ], [ -76.380976999489519, 39.429500000215938 ], [ -76.380684999279438, 39.429899000214931 ], [ -76.380330999225649, 39.430330000371839 ], [ -76.37970400106812, 39.431111999665632 ], [ -76.379149000311912, 39.431723000165924 ], [ -76.378830999474175, 39.431972999674031 ], [ -76.378662999631246, 39.43212100043008 ], [ -76.378409999582672, 39.432427999690276 ], [ -76.378331000580928, 39.432546999740751 ], [ -76.378273000481769, 39.432657000641875 ], [ -76.377951999620024, 39.43355200029491 ], [ -76.377835000644779, 39.433859000703613 ], [ -76.377785000698012, 39.434064000509117 ], [ -76.377631999569928, 39.434401999095194 ], [ -76.37752999962548, 39.434612000316648 ], [ -76.377439000677512, 39.434780999786852 ], [ -76.377255999890139, 39.434980000473317 ], [ -76.377170999621981, 39.435144999781464 ], [ -76.377152000823557, 39.435222000039943 ], [ -76.377175000305186, 39.435295999683632 ], [ -76.377211000488359, 39.435338000274513 ], [ -76.377232999822056, 39.435345999854164 ], [ -76.377292000486392, 39.435412000471239 ], [ -76.377315000358706, 39.435476999980068 ], [ -76.377335999796031, 39.435600000477017 ], [ -76.377529000118955, 39.43597699971226 ], [ -76.377563999668965, 39.436068000049346 ], [ -76.377636999684938, 39.436174000280069 ], [ -76.377546000487527, 39.436238999583857 ], [ -76.377440000639837, 39.436302000032356 ], [ -76.377267000299895, 39.436436999879177 ], [ -76.376619000607221, 39.436881999966722 ], [ -76.375732000161378, 39.437543000841728 ], [ -76.374371000509612, 39.438525999281005 ], [ -76.373002000347029, 39.439486000355629 ], [ -76.372235999609103, 39.439987999758891 ], [ -76.371477999680522, 39.440424999667599 ], [ -76.370781999412557, 39.440763999694376 ], [ -76.370248999830622, 39.441009000057406 ], [ -76.36938600080461, 39.441329000066432 ], [ -76.3687839996756, 39.441528000424562 ], [ -76.368131999963722, 39.441709999226362 ], [ -76.367607999985694, 39.441836000017268 ], [ -76.367228999711131, 39.441916999205333 ], [ -76.366751998804176, 39.442001998972152 ], [ -76.366394999837695, 39.442059000382955 ], [ -76.365921999507862, 39.442117998945363 ], [ -76.364859999805319, 39.442212000625048 ], [ -76.364340001040063, 39.442229000372969 ], [ -76.361980999225437, 39.442222000324499 ], [ -76.356991999978575, 39.442193999939853 ], [ -76.355677000029772, 39.442168999606253 ], [ -76.354350000346003, 39.442162000037293 ], [ -76.352613999566245, 39.442130999895859 ], [ -76.350419999831203, 39.442151999938503 ], [ -76.348708999559577, 39.442106001006508 ], [ -76.348432000277526, 39.442110000631828 ], [ -76.345741999374965, 39.442097000356213 ], [ -76.344600999591506, 39.44216099945254 ], [ -76.344016998773327, 39.442228999322303 ], [ -76.343548000955536, 39.44230100091341 ], [ -76.342786999133281, 39.4424779995352 ], [ -76.342151000286165, 39.442602000094702 ], [ -76.341597000279066, 39.442743000445006 ], [ -76.340758000748764, 39.442982999975072 ], [ -76.340423999749689, 39.443094998834333 ], [ -76.339733000795604, 39.44335900042698 ], [ -76.338838999215056, 39.443726999594205 ], [ -76.337270999833066, 39.444307999686501 ], [ -76.334953999433111, 39.44522799929512 ], [ -76.334504999833612, 39.445391000387609 ], [ -76.33323900064471, 39.445895000740215 ], [ -76.331587001192091, 39.446500999639547 ], [ -76.33022299924653, 39.447039000160053 ], [ -76.327375000415188, 39.448140999403883 ], [ -76.325874999372004, 39.448764999438445 ], [ -76.325403999098654, 39.448988000594021 ], [ -76.323753999639351, 39.449789000279466 ], [ -76.321097000158375, 39.451251999749537 ], [ -76.317080999960865, 39.453452999143202 ], [ -76.316139000451514, 39.453925999702285 ], [ -76.315325000680247, 39.45436000045855 ], [ -76.31454200025145, 39.454764999607704 ], [ -76.312858998900609, 39.455650999394472 ], [ -76.310794999572934, 39.456673000541315 ], [ -76.310181000437026, 39.456963000708591 ], [ -76.309747000621186, 39.456246000102752 ], [ -76.309428000828802, 39.455791999686106 ], [ -76.308821000089367, 39.454964999509386 ], [ -76.307239000549856, 39.453143999708914 ], [ -76.306791999850859, 39.452672000167809 ], [ -76.305755000083536, 39.451549000646764 ], [ -76.304738000296439, 39.450643000182637 ], [ -76.301366000130386, 39.447776999845239 ], [ -76.300864000506138, 39.4472839999342 ], [ -76.30075200040433, 39.447155000233629 ], [ -76.300515000513329, 39.446854999547341 ], [ -76.300322999401274, 39.44658300022639 ], [ -76.300081000174259, 39.44619999964484 ], [ -76.299998999945927, 39.446042999858626 ], [ -76.2996309994424, 39.445273999985183 ], [ -76.29955999973852, 39.445074000296259 ], [ -76.299494000255905, 39.444833999895245 ], [ -76.299433999803156, 39.444567999422965 ], [ -76.299393999681129, 39.444312000760128 ], [ -76.299361000650848, 39.443996000802109 ], [ -76.299401000000643, 39.443296001016257 ], [ -76.2994490007477, 39.442977999620439 ], [ -76.299545000167399, 39.442562999940968 ], [ -76.299634000010471, 39.442227999554667 ] ] ] } },
{ "type": "Feature", "properties": { "GEOID20": "24025301302", "ORGANIZATION_NAME": "Boys & Girls Clubs of Harford and Cecil Counties", "GOC_TRACK_TYPE": "Partnership Development" }, "geometry": { "type": "Polygon", "coordinates": [ [ [ -76.304825000430228, 39.434344000930288 ], [ -76.305340000157216, 39.433712000183711 ], [ -76.30582299964064, 39.433105000207831 ], [ -76.306159001232459, 39.432668999643276 ], [ -76.308401999182976, 39.429853999491492 ], [ -76.309169999554925, 39.42885900027759 ], [ -76.309340999631573, 39.428601000167021 ], [ -76.309625000043326, 39.42811299981625 ], [ -76.309838000378633, 39.427700000351479 ], [ -76.310037999719668, 39.427271000099644 ], [ -76.310154000117549, 39.426900000245311 ], [ -76.310239999445486, 39.426580999709593 ], [ -76.310374999986067, 39.425987000657564 ], [ -76.310411000053477, 39.425754999346637 ], [ -76.310477999709278, 39.425142999374437 ], [ -76.311061000048142, 39.425056999559594 ], [ -76.311406000723977, 39.424986000000459 ], [ -76.313928000115482, 39.424537999740828 ], [ -76.314018000545232, 39.424513000068742 ], [ -76.314702000101192, 39.424395999950718 ], [ -76.315859000170519, 39.424157999916396 ], [ -76.316531000121813, 39.424048999972769 ], [ -76.317579999273889, 39.423852000630305 ], [ -76.319187999633186, 39.423515000210863 ], [ -76.322506999987951, 39.42287599960963 ], [ -76.323139000050901, 39.422748000911007 ], [ -76.323840000104255, 39.422651000534223 ], [ -76.324130999584085, 39.422642999769977 ], [ -76.324627999673723, 39.422691999285426 ], [ -76.325646000388844, 39.422843999983201 ], [ -76.325852000276441, 39.422865999730121 ], [ -76.32621899973654, 39.422889999959352 ], [ -76.328500999687677, 39.422878999638662 ], [ -76.328678000580439, 39.42294100010912 ], [ -76.328719000101955, 39.423258999957561 ], [ -76.328819000594919, 39.423709999609002 ], [ -76.328897999898231, 39.423962999864422 ], [ -76.329037000245691, 39.424316999538874 ], [ -76.329182999766829, 39.424611999138762 ], [ -76.329879999563033, 39.42580900064992 ], [ -76.330285000149459, 39.426485000311615 ], [ -76.330731999243142, 39.427073000109452 ], [ -76.330961000095257, 39.427313999707927 ], [ -76.331328000180974, 39.427675999660543 ], [ -76.331757999401489, 39.428016999608957 ], [ -76.332227999323123, 39.428336000088485 ], [ -76.332636000058258, 39.42856999955815 ], [ -76.335017000045667, 39.429726000458608 ], [ -76.335178000756855, 39.429815000023474 ], [ -76.335509000064889, 39.430019000363146 ], [ -76.335798000504596, 39.430239999247341 ], [ -76.335976000006724, 39.430400999315559 ], [ -76.336437000038842, 39.430840000673101 ], [ -76.337372999479967, 39.431768999528494 ], [ -76.336379000289043, 39.43192099984693 ], [ -76.335957000854535, 39.431977000308876 ], [ -76.334105000267527, 39.432286000366105 ], [ -76.331761001130076, 39.432646000184292 ], [ -76.328424999560951, 39.433144999555395 ], [ -76.327678000023326, 39.433261999756304 ], [ -76.327063000403072, 39.433347999866314 ], [ -76.322231000054032, 39.434083999433689 ], [ -76.319976000717432, 39.434419999918575 ], [ -76.31711300065615, 39.434896999934296 ], [ -76.314363999932198, 39.435261000030032 ], [ -76.314040999739476, 39.435317999439334 ], [ -76.312546000960296, 39.435547999682505 ], [ -76.31084200017969, 39.435798999509004 ], [ -76.307047000270202, 39.436371000460042 ], [ -76.303456999544494, 39.436918999731823 ], [ -76.302866999780804, 39.43701400013655 ], [ -76.303663999777555, 39.435890000405237 ], [ -76.304618999692366, 39.43459399964005 ], [ -76.304825000430228, 39.434344000930288 ] ] ] } },
{ "type": "Feature", "properties": { "GEOID20": "24025301401", "ORGANIZATION_NAME": "Boys & Girls Clubs of Harford and Cecil Counties", "GOC_TRACK_TYPE": "Partnership Development" }, "geometry": { "type": "Polygon", "coordinates": [ [ [ -76.353137000205152, 39.421307000360791 ], [ -76.35304699959714, 39.421182000415683 ], [ -76.35270299975312, 39.420900000523531 ], [ -76.351952999561632, 39.420655999847369 ], [ -76.351711000667336, 39.420555000555247 ], [ -76.351004000678728, 39.419535999141516 ], [ -76.350761000040308, 39.419137000336953 ], [ -76.350552999672374, 39.41890200049577 ], [ -76.350421999268946, 39.418799000561279 ], [ -76.350139999716774, 39.418685000180503 ], [ -76.349898999534446, 39.418647999994 ], [ -76.349718999740077, 39.418642000192783 ], [ -76.348247999821467, 39.418720999009366 ], [ -76.348081999766123, 39.418719999466617 ], [ -76.347839000416513, 39.418708000183486 ], [ -76.347655000122373, 39.418688999925138 ], [ -76.347377999353142, 39.418627999320336 ], [ -76.347197999761462, 39.418556000376292 ], [ -76.347139000034261, 39.418518000635423 ], [ -76.347094000602056, 39.418458999455574 ], [ -76.346781000334374, 39.417864000341687 ], [ -76.346526000127525, 39.41709499964459 ], [ -76.346256999943932, 39.416008999881754 ], [ -76.346191000234697, 39.415781000262207 ], [ -76.346114999871077, 39.415230000274654 ], [ -76.346125000531444, 39.414123000191481 ], [ -76.346078000629603, 39.413812999886964 ], [ -76.34604699994, 39.413688999328983 ], [ -76.345797999209992, 39.413189998971994 ], [ -76.345432000473551, 39.412625999311807 ], [ -76.344949999283486, 39.412088999153816 ], [ -76.344418000136272, 39.411762999660539 ], [ -76.344285999687202, 39.411689999628415 ], [ -76.343907000072903, 39.41144400003612 ], [ -76.343605999741996, 39.411181000439029 ], [ -76.342930999824276, 39.410521999488921 ], [ -76.342730000780492, 39.410372999678565 ], [ -76.342480999189959, 39.41020299985658 ], [ -76.342233999504231, 39.410110999551065 ], [ -76.342402999162104, 39.409989999918082 ], [ -76.342494999353548, 39.409688000057557 ], [ -76.342530000928932, 39.409440999785943 ], [ -76.342607999782174, 39.407711000208216 ], [ -76.342727999335011, 39.407507000361747 ], [ -76.343075000140701, 39.407095000280975 ], [ -76.343131000245165, 39.407012999488387 ], [ -76.34327300062003, 39.40693100036674 ], [ -76.343427999660392, 39.406875999482963 ], [ -76.343827000407288, 39.406591000062747 ], [ -76.344306998835194, 39.406181000681677 ], [ -76.344619999789927, 39.405857999789134 ], [ -76.344924000610433, 39.405803999658907 ], [ -76.34486599972719, 39.405707000088178 ], [ -76.344857000554541, 39.405623999727645 ], [ -76.344866000033576, 39.405591999620157 ], [ -76.34507200073017, 39.405386999760125 ], [ -76.345148000633429, 39.405288999516692 ], [ -76.345279000577776, 39.405144000067203 ], [ -76.345346999131863, 39.405100999539783 ], [ -76.345369000472132, 39.4050539996014 ], [ -76.345688000582115, 39.404906000203667 ], [ -76.346175000219361, 39.404314000060687 ], [ -76.346348999888662, 39.403899999125926 ], [ -76.346352999585051, 39.403246000101745 ], [ -76.346236000019161, 39.402792000759675 ], [ -76.346000000524143, 39.402406000818871 ], [ -76.346247016084533, 39.402790093841787 ], [ -76.346220890154342, 39.402660087654787 ], [ -76.34607188970017, 39.402413087482948 ], [ -76.346071889900003, 39.402226087791519 ], [ -76.346191889148415, 39.402050087352798 ], [ -76.34654588933661, 39.401792087607376 ], [ -76.347818888478173, 39.400616087846096 ], [ -76.348016889818524, 39.400309087609607 ], [ -76.34825788987979, 39.399512088175797 ], [ -76.348455889633939, 39.399073088480712 ], [ -76.348490888749069, 39.398765088204762 ], [ -76.34846189000632, 39.398331088707863 ], [ -76.348320888386567, 39.398161088602663 ], [ -76.348065889735324, 39.39794708858367 ], [ -76.348029889512219, 39.397733088412942 ], [ -76.348079888548597, 39.397403088580653 ], [ -76.348333889788094, 39.397035088632492 ], [ -76.348369889977775, 39.3968430889309 ], [ -76.348312889410565, 39.396563088385314 ], [ -76.348238389649026, 39.396380088437702 ], [ -76.348305889204596, 39.396189089187011 ], [ -76.348460889236051, 39.396036088697251 ], [ -76.348892889419687, 39.395794089187682 ], [ -76.349083889423923, 39.395651088996956 ], [ -76.349246889163624, 39.395607089435941 ], [ -76.349564889681247, 39.395656089259418 ], [ -76.349904889111542, 39.39594208856311 ], [ -76.350202888241469, 39.396293088620396 ], [ -76.350315887937384, 39.396848088536515 ], [ -76.350372887484369, 39.397732088468999 ], [ -76.350500887602891, 39.398105088922627 ], [ -76.350769888705287, 39.398600088523189 ], [ -76.350996888896987, 39.3992200879525 ], [ -76.350975888862592, 39.399835088180218 ], [ -76.351167888156297, 39.400269088570106 ], [ -76.351294888666487, 39.400890088440903 ], [ -76.351351886943419, 39.401510087846475 ], [ -76.351585888765527, 39.401939088199505 ], [ -76.351599887470812, 39.402186087790099 ], [ -76.351508888852919, 39.402433087911021 ], [ -76.351579888856662, 39.403053087473843 ], [ -76.351735888058741, 39.403191087783718 ], [ -76.35226688755705, 39.403482087478807 ], [ -76.352301887345774, 39.403548087478661 ], [ -76.352040887630068, 39.404163087040544 ], [ -76.351870887597613, 39.404421087148741 ], [ -76.351707887494058, 39.404575087145894 ], [ -76.350964888744258, 39.40581608695009 ], [ -76.350964888589175, 39.40587108714405 ], [ -76.351099888612282, 39.40594308665829 ], [ -76.351120888474114, 39.406168087042715 ], [ -76.351028887470733, 39.406206087293647 ], [ -76.351028886954495, 39.406267087318419 ], [ -76.351220887875016, 39.406283086662569 ], [ -76.351354887977564, 39.406453087346897 ], [ -76.351269887680132, 39.406569086457132 ], [ -76.351291887667045, 39.406629087237512 ], [ -76.351368887240596, 39.406623086706894 ], [ -76.351457886889492, 39.406538586884388 ], [ -76.35157488822226, 39.406777086875159 ], [ -76.351461888635825, 39.406969086807592 ], [ -76.351057888715189, 39.407464086789204 ], [ -76.351397888128133, 39.407634086459538 ], [ -76.351341887473495, 39.407722086449219 ], [ -76.351412888027895, 39.407755086436673 ], [ -76.351490886541356, 39.407672086962684 ], [ -76.353742886757942, 39.408797086711182 ], [ -76.354003887545886, 39.408495086354066 ], [ -76.354811885987544, 39.408907086315374 ], [ -76.354506886540534, 39.409253086045879 ], [ -76.355802886170736, 39.409895086361296 ], [ -76.356114885209053, 39.409533086685677 ], [ -76.358118885988787, 39.410542086175532 ], [ -76.360197945783781, 39.410937972501642 ], [ -76.365132407679255, 39.411877562420472 ], [ -76.365237000756508, 39.411893000533176 ], [ -76.365329000202252, 39.411079999619417 ], [ -76.364911000154464, 39.410871000546983 ], [ -76.364507999677073, 39.411216999436213 ], [ -76.364358999400721, 39.411272000019792 ], [ -76.36417499985626, 39.411289000089226 ], [ -76.363870000090259, 39.411228999200731 ], [ -76.363678999852752, 39.411069999426118 ], [ -76.363636000536275, 39.410943000458182 ], [ -76.36374200042971, 39.410575000946352 ], [ -76.363827000016926, 39.410394000204093 ], [ -76.363473000146683, 39.41021800001397 ], [ -76.362963999835756, 39.410817000098092 ], [ -76.362815000415665, 39.410944000249089 ], [ -76.362504000828324, 39.410988000521677 ], [ -76.362263000782278, 39.410922000021962 ], [ -76.362085999656159, 39.41078500018785 ], [ -76.36200799942992, 39.410592999944257 ], [ -76.362035999161748, 39.410350999599153 ], [ -76.362397000625705, 39.409872999654937 ], [ -76.362367998960266, 39.409813000965862 ], [ -76.362070999003322, 39.409652999817418 ], [ -76.361999999814927, 39.409670000092149 ], [ -76.361299999759069, 39.410449999669794 ], [ -76.361038000314622, 39.410608999125245 ], [ -76.360718999957868, 39.410636999142163 ], [ -76.360480941607534, 39.410554543626674 ], [ -76.360327884843528, 39.410448086508474 ], [ -76.360249884314072, 39.410344086426761 ], [ -76.36022088542137, 39.410179086180875 ], [ -76.360298884784228, 39.410025086467172 ], [ -76.360751883442845, 39.409415086364717 ], [ -76.360970884706191, 39.40906408644846 ], [ -76.360566884324427, 39.408894086692683 ], [ -76.359456885646978, 39.410366086019117 ], [ -76.358344884472388, 39.409905086752879 ], [ -76.358634885905005, 39.409520086224902 ], [ -76.358641886188053, 39.409394086507341 ], [ -76.358931884034689, 39.409378086929308 ], [ -76.359115885073237, 39.40929508703335 ], [ -76.359264884691569, 39.409064086607927 ], [ -76.359249884522143, 39.408883086744986 ], [ -76.359108885771036, 39.408707087094882 ], [ -76.35888188529286, 39.408614086754305 ], [ -76.358641885216798, 39.408620086660264 ], [ -76.358428884989237, 39.408713087178668 ], [ -76.358273885276162, 39.408884087073865 ], [ -76.358266885234215, 39.409070086910162 ], [ -76.358337885753286, 39.40925108691728 ], [ -76.358230885460571, 39.409306086305399 ], [ -76.357926886071226, 39.409664086374818 ], [ -76.357870885579587, 39.409697086580692 ], [ -76.357685885514385, 39.409625086917941 ], [ -76.357020886519379, 39.409296086310341 ], [ -76.356984885637203, 39.409247086586689 ], [ -76.357041884893889, 39.409126086316988 ], [ -76.357267885566159, 39.408824086650107 ], [ -76.357974886379964, 39.407730086515876 ], [ -76.357663884855384, 39.407566086622417 ], [ -76.356807886236979, 39.408582087114738 ], [ -76.356595885492979, 39.408708086620429 ], [ -76.356354885801295, 39.408758086582544 ], [ -76.356113885883914, 39.408720086400649 ], [ -76.355901886748612, 39.408593086453962 ], [ -76.355780885592793, 39.40842908648635 ], [ -76.355759886178703, 39.408275087179149 ], [ -76.355886887204207, 39.4079560869869 ], [ -76.356537886379485, 39.407088087130177 ], [ -76.356544884903727, 39.407022086668995 ], [ -76.356232885269733, 39.406869087220642 ], [ -76.35551188633751, 39.407797086874268 ], [ -76.355291886607645, 39.40802308644141 ], [ -76.354994886036124, 39.408116087118302 ], [ -76.354761886843562, 39.408111087005487 ], [ -76.35452088671137, 39.408001086415183 ], [ -76.354385885981202, 39.40785308639137 ], [ -76.354350886870947, 39.407605087008392 ], [ -76.354533885979507, 39.407298087031059 ], [ -76.355191887240451, 39.406452087449125 ], [ -76.355213887142696, 39.406380087442919 ], [ -76.354844887240461, 39.406188086860766 ], [ -76.354335886863609, 39.40672708742418 ], [ -76.354257886668876, 39.406788087270414 ], [ -76.35412388567407, 39.406892087344843 ], [ -76.353882885901058, 39.406936086916119 ], [ -76.353804886567332, 39.406914086761525 ], [ -76.353740887681923, 39.40682008702786 ], [ -76.353620885965171, 39.406727086620499 ], [ -76.353379886838084, 39.406656086615335 ], [ -76.353336887676022, 39.406595087210668 ], [ -76.353393886774512, 39.406447087051163 ], [ -76.354030886065985, 39.405585087396815 ], [ -76.354022887511036, 39.405398087344288 ], [ -76.353860886918199, 39.405233087254921 ], [ -76.353406888158901, 39.404948087459971 ], [ -76.353173886343114, 39.404761087414954 ], [ -76.353123886191256, 39.404580087680927 ], [ -76.353760887072866, 39.403789087338225 ], [ -76.353823887612123, 39.403745087982621 ], [ -76.353880887096821, 39.403739087680357 ], [ -76.355742887249434, 39.404579087778714 ], [ -76.356457885889242, 39.404578087681536 ], [ -76.356783887003559, 39.404666087351742 ], [ -76.359510885026964, 39.405945087058981 ], [ -76.359510885166259, 39.406088086923006 ], [ -76.359807883955838, 39.406093087197853 ], [ -76.359828884235995, 39.405994087497803 ], [ -76.359934886029095, 39.4059780877935 ], [ -76.35996188411562, 39.404171087980885 ], [ -76.359742885415898, 39.404187088128637 ], [ -76.358404886071185, 39.404688087865473 ], [ -76.358008886534378, 39.40474808728662 ], [ -76.357760885421783, 39.404710087288237 ], [ -76.357243885696775, 39.404446087103032 ], [ -76.357108884920237, 39.404287087459814 ], [ -76.357087885037259, 39.404100087702552 ], [ -76.357250886191082, 39.403793087482669 ], [ -76.357398886792666, 39.403650087865181 ], [ -76.357667885276427, 39.403567087714706 ], [ -76.358623884565262, 39.403347088183281 ], [ -76.359734885588878, 39.402963087727798 ], [ -76.360852885294761, 39.402819087810371 ], [ -76.36156788412984, 39.402868088473156 ], [ -76.36433688401867, 39.403240087931195 ], [ -76.364385883993094, 39.40313108816185 ], [ -76.364357883795023, 39.402988088280317 ], [ -76.36430788298027, 39.402922088335849 ], [ -76.36324588398395, 39.402736087850968 ], [ -76.36061188575971, 39.402495087638385 ], [ -76.360031886086574, 39.402529088344934 ], [ -76.358516885739121, 39.403001087439748 ], [ -76.357862885668638, 39.403187087702811 ], [ -76.35871088496566, 39.403034087921462 ], [ -76.360047885573223, 39.40261408832481 ], [ -76.360521885079535, 39.402539088001951 ], [ -76.361208884649983, 39.402578088181585 ], [ -76.362059883903228, 39.40265508777545 ], [ -76.363444883523854, 39.402837088370134 ], [ -76.36346588307805, 39.402891087950948 ], [ -76.360643884774845, 39.402584088197997 ], [ -76.360112885516173, 39.402636088457605 ], [ -76.358644885906827, 39.403079087775836 ], [ -76.357866886727436, 39.40324008758509 ], [ -76.35722344278345, 39.403286480041864 ], [ -76.357017385897947, 39.403312588180412 ], [ -76.356386885375187, 39.403295587708072 ], [ -76.355730886545572, 39.403158087967284 ], [ -76.354206887677861, 39.402647087840791 ], [ -76.353409386185533, 39.402261587743332 ], [ -76.352807887576859, 39.401903588177497 ], [ -76.35225188760387, 39.401403087990154 ], [ -76.352015887700972, 39.401074088308732 ], [ -76.351861887713611, 39.400574087844348 ], [ -76.351727887656523, 39.399598088559841 ], [ -76.351783886957747, 39.399611088561244 ], [ -76.351924888601872, 39.400570087877327 ], [ -76.352074888483557, 39.401072088398962 ], [ -76.352297387587612, 39.40136258794584 ], [ -76.352158887374486, 39.401115087610975 ], [ -76.351974887818898, 39.400560088479033 ], [ -76.351796888464648, 39.399506088444724 ], [ -76.351023887626297, 39.397221088538679 ], [ -76.350917889168912, 39.396600089041513 ], [ -76.350520888410614, 39.395508088921765 ], [ -76.350336888366542, 39.395387089320643 ], [ -76.349061889163949, 39.394816089160585 ], [ -76.348735888651277, 39.394695089422655 ], [ -76.348580890087703, 39.394542089138191 ], [ -76.348540000124956, 39.394407000432302 ], [ -76.348652999726184, 39.394334999876328 ], [ -76.349219999664868, 39.39412099935771 ], [ -76.349707998974154, 39.394092999369242 ], [ -76.349927000782657, 39.393912000560903 ], [ -76.350266999179127, 39.393933999555763 ], [ -76.350409000627309, 39.393879000514701 ], [ -76.35045799981549, 39.393764000851377 ], [ -76.350430000466019, 39.393334999527205 ], [ -76.35055000042459, 39.392774999185661 ], [ -76.350655999942774, 39.39252799989427 ], [ -76.350895999924489, 39.392466999887716 ], [ -76.351044999648408, 39.392500001012976 ], [ -76.351165000403412, 39.3926919992903 ], [ -76.351612000322206, 39.394054000230064 ], [ -76.351631999634492, 39.394181000232138 ], [ -76.351680887789243, 39.394409089719161 ], [ -76.35165988808815, 39.394815089342508 ], [ -76.35161088865344, 39.394980088912995 ], [ -76.351581888578139, 39.395255089561068 ], [ -76.351320888268333, 39.395947089246128 ], [ -76.351355888468845, 39.396276089149502 ], [ -76.351589692525209, 39.397082416492012 ], [ -76.351655930843563, 39.39707508195238 ], [ -76.352035717560327, 39.396976141252871 ], [ -76.351957887464209, 39.396562088946723 ], [ -76.35231528693464, 39.396012864322479 ], [ -76.352181888464656, 39.396172088629257 ], [ -76.351987888026883, 39.396376089205553 ], [ -76.351904887475541, 39.39636708937185 ], [ -76.351723888426434, 39.39600408925115 ], [ -76.351721887992127, 39.395882089472423 ], [ -76.351801889085053, 39.395744089388543 ], [ -76.352010888966234, 39.395443089417682 ], [ -76.352130888733853, 39.395210088942058 ], [ -76.352320888007725, 39.394783089328037 ], [ -76.352327887888478, 39.39466708938415 ], [ -76.352359888174902, 39.394595089739653 ], [ -76.352412888388372, 39.39459108942723 ], [ -76.352446888607588, 39.39462208925449 ], [ -76.352470887876933, 39.395110089141284 ], [ -76.352363886956653, 39.395933088981373 ], [ -76.352558887917539, 39.395458088902267 ], [ -76.352572888205472, 39.395155089626606 ], [ -76.352615887125026, 39.394919089667674 ], [ -76.352763887024651, 39.394848089348969 ], [ -76.352914999864566, 39.39490000000341 ], [ -76.353141000505474, 39.395070000035766 ], [ -76.353388999718149, 39.395140999860722 ], [ -76.353431999710708, 39.395185000665066 ], [ -76.353439000015882, 39.395251000677099 ], [ -76.353252888722949, 39.395589089246485 ], [ -76.353252887747232, 39.395776089240542 ], [ -76.353394886640942, 39.396210089131905 ], [ -76.353486887631078, 39.396407089416478 ], [ -76.353578886696738, 39.396726089121394 ], [ -76.353869887929008, 39.397033088518732 ], [ -76.353876887278886, 39.397160088654786 ], [ -76.353777887520749, 39.397291088726227 ], [ -76.353734887379034, 39.397412089102424 ], [ -76.353883887355806, 39.397896089056388 ], [ -76.354089887289874, 39.398121088312166 ], [ -76.354280887389393, 39.398439088628976 ], [ -76.354238887611828, 39.39874108827469 ], [ -76.354259887953802, 39.398807088427674 ], [ -76.354408887438254, 39.398961088338304 ], [ -76.354514887455451, 39.398988088714944 ], [ -76.354408887260504, 39.398785088433634 ], [ -76.354500887917382, 39.398417089036151 ], [ -76.35436588771168, 39.398044088908101 ], [ -76.35418188753961, 39.397835088304952 ], [ -76.354166888108551, 39.397698088382448 ], [ -76.354074888201467, 39.397335088807274 ], [ -76.354117887218777, 39.397280088527083 ], [ -76.354386887523688, 39.397231089006389 ], [ -76.35445688666077, 39.397192088951812 ], [ -76.354435886884659, 39.397094088962803 ], [ -76.354449887880349, 39.396967088792692 ], [ -76.354881886754796, 39.396594089316935 ], [ -76.355171887025932, 39.396549088961457 ], [ -76.355206886951819, 39.396506089188613 ], [ -76.355192887666874, 39.396451088682227 ], [ -76.355057886387854, 39.396423089509753 ], [ -76.354682886321413, 39.396478089156354 ], [ -76.35461288737423, 39.396467089032733 ], [ -76.354541887295625, 39.396347088802294 ], [ -76.354512886904601, 39.396231089467854 ], [ -76.354604886413568, 39.396044088895799 ], [ -76.354597887442125, 39.395979088810506 ], [ -76.354271886951224, 39.395808088896729 ], [ -76.354244931885859, 39.395757634370348 ], [ -76.354210886784415, 39.395871089044398 ], [ -76.354139886872801, 39.395827088865822 ], [ -76.354057888125013, 39.395746088722518 ], [ -76.353915888483215, 39.395684089026311 ], [ -76.353863888141916, 39.395638088869291 ], [ -76.353821888206326, 39.39555108947215 ], [ -76.35379594418589, 39.395386044944864 ], [ -76.353864000305691, 39.395405000180851 ], [ -76.3542498882899, 39.395635089148982 ], [ -76.354263387609194, 39.395697589345097 ], [ -76.354328887165835, 39.395688089265711 ], [ -76.354951812128931, 39.395772119179512 ], [ -76.354911123529433, 39.395700697642745 ], [ -76.354850964612154, 39.3956380200434 ], [ -76.354814483273998, 39.395610957088977 ], [ -76.354730990859366, 39.395567062601259 ], [ -76.35487793025905, 39.395585260869971 ], [ -76.354978258599147, 39.395619823964459 ], [ -76.355254874068436, 39.395686676549261 ], [ -76.355439029630901, 39.395708029792665 ], [ -76.355701940966867, 39.395707656641392 ], [ -76.355954009333985, 39.395663876120473 ], [ -76.355611886672349, 39.395577089637534 ], [ -76.355319499366402, 39.395462000365448 ], [ -76.355380499702051, 39.395457000389356 ], [ -76.355626000716384, 39.395527998896888 ], [ -76.355792999726276, 39.395543000151548 ], [ -76.356076000896209, 39.395541000431912 ], [ -76.356170999030624, 39.395549999029157 ], [ -76.356445999764276, 39.395597000176366 ], [ -76.356519500692343, 39.395585500657859 ], [ -76.356603999924459, 39.395555999510336 ], [ -76.356690999587457, 39.395491999048339 ], [ -76.356723999989811, 39.395454000527209 ], [ -76.356748000564124, 39.395379999574445 ], [ -76.35672999860617, 39.395240000209824 ], [ -76.356741000017877, 39.395181000339214 ], [ -76.356777000295608, 39.39511599946681 ], [ -76.356813999698574, 39.394964999145721 ], [ -76.356785999754436, 39.39454200047679 ], [ -76.356791998922859, 39.394484000089918 ], [ -76.356808000163696, 39.394442000267631 ], [ -76.356861498980379, 39.394408999398522 ], [ -76.3569290006903, 39.394394000766219 ], [ -76.35699199966065, 39.394402999449476 ], [ -76.35705000021548, 39.394425000957582 ], [ -76.35715300049975, 39.394496000231804 ], [ -76.357331999611802, 39.394677999904395 ], [ -76.357430999569033, 39.394751999072597 ], [ -76.357513999434644, 39.394784999860434 ], [ -76.357595999551449, 39.394806000814654 ], [ -76.357648000245121, 39.394839999607001 ], [ -76.357754000117495, 39.394946999461915 ], [ -76.357860000131552, 39.3950270002995 ], [ -76.357918500308514, 39.395026500796583 ], [ -76.357954499561899, 39.394983000334037 ], [ -76.357968999823186, 39.394798000770578 ], [ -76.357955999996051, 39.394708999312925 ], [ -76.357863000310431, 39.39441500032251 ], [ -76.357704999395807, 39.394145999647627 ], [ -76.357619999378159, 39.394040999633852 ], [ -76.357565999709408, 39.393811999346909 ], [ -76.357499999633234, 39.393671001120772 ], [ -76.357402500166643, 39.393404000326854 ], [ -76.357439000255042, 39.393349000222372 ], [ -76.358213000288359, 39.393074000302008 ], [ -76.358720000092248, 39.392857000231984 ], [ -76.358818000179767, 39.392681999852947 ], [ -76.35840799971885, 39.390882000085234 ], [ -76.358381000251867, 39.390827999952094 ], [ -76.358371001068193, 39.39075800070718 ], [ -76.358383999461324, 39.39067400048954 ], [ -76.358367999526664, 39.390536000034096 ], [ -76.358316000111614, 39.390433999693585 ], [ -76.358284999862164, 39.390402000043693 ], [ -76.35812199944624, 39.390291998961878 ], [ -76.357995999832667, 39.390187999474911 ], [ -76.357927499994048, 39.390153500880579 ], [ -76.357679999635167, 39.390079999176415 ], [ -76.357570499770432, 39.389954500223688 ], [ -76.357605288984971, 39.38991603827921 ], [ -76.357753000448184, 39.389789999894397 ], [ -76.3587810003296, 39.390304999148277 ], [ -76.359268999240172, 39.394046000454296 ], [ -76.359561999079318, 39.394295999535444 ], [ -76.359567500000125, 39.394563500187267 ], [ -76.359652999726535, 39.39476000000564 ], [ -76.359795000073007, 39.395172000449236 ], [ -76.359809500302305, 39.395523999255921 ], [ -76.359738999717166, 39.396210000693472 ], [ -76.359662000040615, 39.396336000175651 ], [ -76.359570000616344, 39.396351999263501 ], [ -76.359420999939033, 39.396331000643045 ], [ -76.359180000053243, 39.396259000570623 ], [ -76.358556999977779, 39.39600100044661 ], [ -76.358110999219335, 39.395848000536795 ], [ -76.357855999922577, 39.395826000029082 ], [ -76.357374999794956, 39.395942000033315 ], [ -76.357111999512654, 39.395964999536318 ], [ -76.3571320001261, 39.396137000558177 ], [ -76.357289999894078, 39.396134000471569 ], [ -76.357934000998299, 39.395947000254885 ], [ -76.358146000132848, 39.395958000319595 ], [ -76.358464999944033, 39.396149999853399 ], [ -76.358784000195172, 39.39628699996878 ], [ -76.359180000160023, 39.396424000671132 ], [ -76.359392999016791, 39.396539000223868 ], [ -76.359648000313697, 39.396862999713576 ], [ -76.359889000563484, 39.397758000231022 ], [ -76.359917000308926, 39.397961999834799 ], [ -76.360143999525292, 39.39850000015975 ], [ -76.360456999155019, 39.399823000211562 ], [ -76.360478000363301, 39.400125000143213 ], [ -76.360640999994331, 39.400559000029901 ], [ -76.361094999130188, 39.400921000229182 ], [ -76.36151900012463, 39.401168000177833 ], [ -76.362376000395329, 39.401547000440544 ], [ -76.363260999574067, 39.401805000568679 ], [ -76.364337998763659, 39.402035000465823 ], [ -76.36483300033774, 39.402177000335413 ], [ -76.365031999585909, 39.402293000040096 ], [ -76.365201999462954, 39.40259500016537 ], [ -76.365599000309459, 39.403132999708056 ], [ -76.365655000334101, 39.403325000140072 ], [ -76.365626999324505, 39.403390999640884 ], [ -76.365456999412913, 39.403231000340817 ], [ -76.365320000503075, 39.40314599979375 ], [ -76.366007999937054, 39.40403449985773 ], [ -76.366140565609612, 39.404097249893262 ], [ -76.366070999796108, 39.404013999730189 ], [ -76.366146000701661, 39.404091000103563 ], [ -76.366332000848402, 39.404209000076975 ], [ -76.366497999852186, 39.404261999971524 ], [ -76.366992000888317, 39.404335000098762 ], [ -76.367509000521238, 39.404403000154488 ], [ -76.367990999755506, 39.40449299970296 ], [ -76.368604000611171, 39.404559000156191 ], [ -76.368881999633103, 39.404604000016633 ], [ -76.369522000391825, 39.40467900017287 ], [ -76.37001000025829, 39.404729000053443 ], [ -76.370272999791808, 39.404764999877266 ], [ -76.370523999721129, 39.404779999903283 ], [ -76.370928999904322, 39.404763999619433 ], [ -76.371263000480567, 39.404811999939859 ], [ -76.371560000039864, 39.404878000268077 ], [ -76.371775000252782, 39.404980999569979 ], [ -76.371940999956365, 39.40510200036077 ], [ -76.372093999631105, 39.40534099970526 ], [ -76.372230000479362, 39.405575999826972 ], [ -76.372251999829516, 39.405681000302316 ], [ -76.372241999881055, 39.405827000201732 ], [ -76.372072000974029, 39.406166999945825 ], [ -76.372060000063655, 39.406236000162764 ], [ -76.372071001024182, 39.406314999739166 ], [ -76.37215499918392, 39.406529999746205 ], [ -76.372154000607921, 39.406603999226256 ], [ -76.372114999414919, 39.406700000078423 ], [ -76.37178900078446, 39.407323999729826 ], [ -76.371669999157533, 39.407536000236306 ], [ -76.37142300009387, 39.408227999428199 ], [ -76.37142800007922, 39.408295999553395 ], [ -76.371385999903666, 39.408476000587434 ], [ -76.371338000986611, 39.408601999938199 ], [ -76.371336999978013, 39.40869200008887 ], [ -76.37136599972456, 39.408777999990264 ], [ -76.371436000217855, 39.409044000180252 ], [ -76.371474000054761, 39.409301000341188 ], [ -76.371489999549127, 39.409539999688739 ], [ -76.371476999219936, 39.409634999679241 ], [ -76.371446999754284, 39.409747000396031 ], [ -76.371272999301524, 39.410047999553406 ], [ -76.371149999563315, 39.410192000134813 ], [ -76.371091000702123, 39.410303999800867 ], [ -76.371071999278556, 39.410456999567643 ], [ -76.371069999265956, 39.410600999930132 ], [ -76.371190000108967, 39.410917999627316 ], [ -76.371327000293391, 39.411105000778598 ], [ -76.37150100013227, 39.411313000124345 ], [ -76.371574999787654, 39.411417999898909 ], [ -76.371631999464313, 39.411568999647457 ], [ -76.371655000464614, 39.411664999782332 ], [ -76.371653999949103, 39.411733000204713 ], [ -76.3715940010091, 39.411864999230524 ], [ -76.371511000802798, 39.412013000404649 ], [ -76.371408999954895, 39.41216700072755 ], [ -76.371222999793929, 39.412278999313031 ], [ -76.371092000747964, 39.412342000437896 ], [ -76.370830999182687, 39.412452999473942 ], [ -76.370714000261984, 39.412488000810825 ], [ -76.370642999429791, 39.412519999070255 ], [ -76.370605999464388, 39.412560999166168 ], [ -76.370550999425149, 39.412717000226799 ], [ -76.370469000115179, 39.41289900075919 ], [ -76.370354000169385, 39.413106999219877 ], [ -76.370240000816025, 39.413266000050442 ], [ -76.370197999410181, 39.413411000402412 ], [ -76.370231999916598, 39.413503000000858 ], [ -76.370296000466809, 39.41357200033454 ], [ -76.370376000236718, 39.413673000280873 ], [ -76.370399000448799, 39.413755000422903 ], [ -76.370414999616798, 39.414092999682687 ], [ -76.370412999472734, 39.414284000369399 ], [ -76.370399999342382, 39.414362000477098 ], [ -76.370358000667792, 39.414430000372995 ], [ -76.370332999796105, 39.414489000051631 ], [ -76.370267999298989, 39.414538999898788 ], [ -76.370195999825, 39.414843999854192 ], [ -76.370178000428183, 39.414989999585401 ], [ -76.370209001104485, 39.415226000225772 ], [ -76.370250000621141, 39.415289999952698 ], [ -76.370358999994934, 39.415543999369312 ], [ -76.370399000070407, 39.415648999763306 ], [ -76.370431999846531, 39.415781999946546 ], [ -76.370507000655209, 39.415899999611909 ], [ -76.370587000381519, 39.416066000130797 ], [ -76.370691999283324, 39.416167000146181 ], [ -76.370715000964921, 39.416217999483784 ], [ -76.370700000007858, 39.41627299935795 ], [ -76.370646000053483, 39.416363999422799 ], [ -76.370632000023448, 39.416499999831068 ], [ -76.37065400000175, 39.416577999720332 ], [ -76.370728998985157, 39.416650999268612 ], [ -76.370905000787559, 39.416757999287846 ], [ -76.370942000362916, 39.416773999589523 ], [ -76.371466000765651, 39.416986000804016 ], [ -76.371577999900524, 39.41706699957377 ], [ -76.371665999834207, 39.41716299978615 ], [ -76.371773999735041, 39.417360000930103 ], [ -76.3717959998542, 39.417517999518488 ], [ -76.37179499948094, 39.417813999705245 ], [ -76.371759000081028, 39.417909000105233 ], [ -76.371576999862, 39.418059998942198 ], [ -76.371576000088368, 39.418147000262152 ], [ -76.371604999494139, 39.418197000066336 ], [ -76.371836000273333, 39.418268000673848 ], [ -76.371945000487486, 39.418331000735101 ], [ -76.371997999858635, 39.418407000364063 ], [ -76.372061999783782, 39.418727000616634 ], [ -76.372112999337048, 39.418942000159568 ], [ -76.372166000318629, 39.419045000175053 ], [ -76.372251999453383, 39.419109000445324 ], [ -76.372419000114817, 39.419202000354311 ], [ -76.372476999554607, 39.419284999900739 ], [ -76.372482999559097, 39.419360000168105 ], [ -76.372415999654521, 39.419531999695955 ], [ -76.372333999821251, 39.419630000272797 ], [ -76.372315999924055, 39.419710000437988 ], [ -76.372327000633049, 39.419761000236896 ], [ -76.372361999930718, 39.41981500046159 ], [ -76.372379001038354, 39.419881999600221 ], [ -76.372384000410108, 39.42004800038697 ], [ -76.372435000879548, 39.42022799979194 ], [ -76.372481000360139, 39.420316999972812 ], [ -76.372555999543906, 39.420385000051027 ], [ -76.372660000256801, 39.420446999936892 ], [ -76.372677999223711, 39.420483999922126 ], [ -76.372661999187628, 39.420668999642778 ], [ -76.372707000962293, 39.420847999521889 ], [ -76.372835000615723, 39.421004999835219 ], [ -76.372880001061958, 39.421157999882972 ], [ -76.372932000199384, 39.42119400101074 ], [ -76.373011999873455, 39.421212999472068 ], [ -76.373164000401559, 39.421204000084998 ], [ -76.373220998826568, 39.421238999969376 ], [ -76.373330999793509, 39.421333000094549 ], [ -76.373492999377177, 39.421417999336363 ], [ -76.372430000851779, 39.422193000937803 ], [ -76.371958000119506, 39.422564000228249 ], [ -76.371237999815477, 39.423105000082714 ], [ -76.37112099948358, 39.423198999936361 ], [ -76.370590999586085, 39.423638000038288 ], [ -76.36819599981105, 39.425450000681941 ], [ -76.367811999415494, 39.425715999291029 ], [ -76.367485000406901, 39.425932999453423 ], [ -76.367159000333942, 39.426133000006757 ], [ -76.366694000125008, 39.426396999358126 ], [ -76.365981999798493, 39.426759999490869 ], [ -76.365690998870534, 39.426892000688497 ], [ -76.365233000478213, 39.42708700060841 ], [ -76.364755000092643, 39.427275999999729 ], [ -76.36374700046818, 39.427599000403475 ], [ -76.363299000588327, 39.427729000323431 ], [ -76.362763000345737, 39.427871999857381 ], [ -76.36158399902375, 39.428105000304761 ], [ -76.36080399963403, 39.428225000152374 ], [ -76.359792000545596, 39.428369999568993 ], [ -76.35840900042156, 39.428587999880861 ], [ -76.355683998854289, 39.428996999311785 ], [ -76.354805999245357, 39.427485999528578 ], [ -76.354491999697601, 39.427002000120204 ], [ -76.354120999926607, 39.426396000374496 ], [ -76.353862000398721, 39.425897999861483 ], [ -76.353839000748195, 39.42571300033714 ], [ -76.353777999894007, 39.424242000787508 ], [ -76.353779999383093, 39.424062000566849 ], [ -76.353797999928119, 39.423915000181559 ], [ -76.353994998986508, 39.423582000330043 ], [ -76.354418999784201, 39.42296199989412 ], [ -76.353830998975155, 39.422669000055109 ], [ -76.35352700101862, 39.422510999793062 ], [ -76.353393000102855, 39.422414000188681 ], [ -76.353312999772996, 39.422299999392557 ], [ -76.353273999348787, 39.422218999832992 ], [ -76.353219999360633, 39.422072999936901 ], [ -76.353225000090006, 39.421536000027857 ], [ -76.353137000205152, 39.421307000360791 ] ] ] } },
{ "type": "Feature", "properties": { "GEOID20": "24025301601", "ORGANIZATION_NAME": "Boys & Girls Clubs of Harford and Cecil Counties", "GOC_TRACK_TYPE": "Partnership Development" }, "geometry": { "type": "Polygon", "coordinates": [ [ [ -76.294992000533114, 39.422807999628645 ], [ -76.294919999946117, 39.422494000641947 ], [ -76.294850000015742, 39.422085999622318 ], [ -76.294670000284583, 39.420993000308165 ], [ -76.294415000715361, 39.419782000284229 ], [ -76.294334999967163, 39.419324999487777 ], [ -76.294254999534587, 39.419068000211652 ], [ -76.294200000727528, 39.4188410004814 ], [ -76.294069999028295, 39.418575999819744 ], [ -76.293941999087338, 39.418456000760393 ], [ -76.293731999153181, 39.418284000560178 ], [ -76.293255999183842, 39.417956999305943 ], [ -76.293048000448778, 39.417774000079959 ], [ -76.292708999651055, 39.417382000310745 ], [ -76.292553000128137, 39.41718400002182 ], [ -76.292461000321396, 39.417056999809731 ], [ -76.292355999720769, 39.416832000702165 ], [ -76.292139000526518, 39.416169999921699 ], [ -76.294084000400971, 39.415347999763924 ], [ -76.294310998911186, 39.415259000389668 ], [ -76.295758999763876, 39.414640000333655 ], [ -76.297194000032903, 39.41403499967717 ], [ -76.299084999624867, 39.413245000523332 ], [ -76.301669000263047, 39.412145999544826 ], [ -76.302603999678695, 39.411758000336079 ], [ -76.306018999617621, 39.410311000808662 ], [ -76.30723700102314, 39.40980399952727 ], [ -76.316524000607686, 39.405882999848771 ], [ -76.318931000599477, 39.404875000326811 ], [ -76.320026000622505, 39.404407000171197 ], [ -76.320181999721328, 39.404519000258389 ], [ -76.320625000408157, 39.40487599989148 ], [ -76.321674999912219, 39.40580000031364 ], [ -76.322390999887446, 39.406447999729167 ], [ -76.322640999743342, 39.406725999784733 ], [ -76.322976000392643, 39.407200000112397 ], [ -76.323203999420031, 39.407579000541695 ], [ -76.32358000062861, 39.408369000155787 ], [ -76.323649000095969, 39.408556999897975 ], [ -76.323684000018261, 39.408788000211686 ], [ -76.323761999708481, 39.409571000251191 ], [ -76.323802998989422, 39.410512999938106 ], [ -76.323844999653502, 39.410839000121463 ], [ -76.323872000529292, 39.411013000304671 ], [ -76.324045999910993, 39.411554999991871 ], [ -76.324317000827989, 39.412026999382903 ], [ -76.324553999740061, 39.412349999473044 ], [ -76.324790000670831, 39.412612999417028 ], [ -76.325630999731729, 39.413403999618168 ], [ -76.326417000320163, 39.414204000485043 ], [ -76.326661000107819, 39.414487999758855 ], [ -76.326994000817564, 39.414913000530447 ], [ -76.327252000076612, 39.415359000181802 ], [ -76.327494999657233, 39.415859000232636 ], [ -76.327922000419576, 39.416975000307687 ], [ -76.328463001147085, 39.418609000371617 ], [ -76.328556999006466, 39.419052999533143 ], [ -76.328643999365156, 39.419749000777401 ], [ -76.328662000258063, 39.420214000131573 ], [ -76.328626000242153, 39.422408999494763 ], [ -76.328678000580439, 39.42294100010912 ], [ -76.328500999687677, 39.422878999638662 ], [ -76.32621899973654, 39.422889999959352 ], [ -76.325852000276441, 39.422865999730121 ], [ -76.325646000388844, 39.422843999983201 ], [ -76.324627999673723, 39.422691999285426 ], [ -76.324130999584085, 39.422642999769977 ], [ -76.323840000104255, 39.422651000534223 ], [ -76.323139000050901, 39.422748000911007 ], [ -76.322506999987951, 39.42287599960963 ], [ -76.319187999633186, 39.423515000210863 ], [ -76.317579999273889, 39.423852000630305 ], [ -76.316531000121813, 39.424048999972769 ], [ -76.315859000170519, 39.424157999916396 ], [ -76.314702000101192, 39.424395999950718 ], [ -76.314018000545232, 39.424513000068742 ], [ -76.313928000115482, 39.424537999740828 ], [ -76.311406000723977, 39.424986000000459 ], [ -76.311061000048142, 39.425056999559594 ], [ -76.310477999709278, 39.425142999374437 ], [ -76.310411000053477, 39.425754999346637 ], [ -76.310374999986067, 39.425987000657564 ], [ -76.310239999445486, 39.426580999709593 ], [ -76.310154000117549, 39.426900000245311 ], [ -76.310037999719668, 39.427271000099644 ], [ -76.309838000378633, 39.427700000351479 ], [ -76.309625000043326, 39.42811299981625 ], [ -76.309340999631573, 39.428601000167021 ], [ -76.309169999554925, 39.42885900027759 ], [ -76.308401999182976, 39.429853999491492 ], [ -76.306159001232459, 39.432668999643276 ], [ -76.30582299964064, 39.433105000207831 ], [ -76.305730999344149, 39.432876999985616 ], [ -76.305402999618394, 39.432163999867313 ], [ -76.305167999987674, 39.431800000526316 ], [ -76.304973999592633, 39.431567999890973 ], [ -76.304469000543577, 39.431007000387616 ], [ -76.303901001016499, 39.430417999497976 ], [ -76.303367999680205, 39.429894000108483 ], [ -76.302896999371086, 39.429510999404819 ], [ -76.301797000809856, 39.428779000985884 ], [ -76.301323999031652, 39.428431999709019 ], [ -76.301018000542157, 39.428167999637942 ], [ -76.300029999475626, 39.427380999696474 ], [ -76.299037999943479, 39.426576000262692 ], [ -76.298024999782783, 39.425832999889323 ], [ -76.29688800041373, 39.424903000231701 ], [ -76.296223000236495, 39.424394999686903 ], [ -76.295796999989079, 39.424021999792409 ], [ -76.295592000325968, 39.423804998959483 ], [ -76.29536500011416, 39.423531000490087 ], [ -76.295202000954177, 39.423305000655454 ], [ -76.295095001141632, 39.423066000497819 ], [ -76.294992000533114, 39.422807999628645 ] ] ] } },
{ "type": "Feature", "properties": { "GEOID20": "24031700731", "ORGANIZATION_NAME": "Identity, Inc.", "GOC_TRACK_TYPE": "Plan Development" }, "geometry": { "type": "Polygon", "coordinates": [ [ [ -77.193495998816431, 39.141517000893231 ], [ -77.193610999729188, 39.140913999903447 ], [ -77.194075999437629, 39.13818299996759 ], [ -77.19412999992835, 39.137973999843496 ], [ -77.193600999984497, 39.137556000263956 ], [ -77.193111999374139, 39.137038000323464 ], [ -77.192851000112682, 39.136728000001412 ], [ -77.192711000182356, 39.136590999996528 ], [ -77.18963399959415, 39.133106000247459 ], [ -77.188840000237633, 39.132216999793592 ], [ -77.189407000509988, 39.131847000324022 ], [ -77.190452000086012, 39.130970000018678 ], [ -77.190779999420812, 39.13068699945201 ], [ -77.191183999766281, 39.130278999716552 ], [ -77.192244999542282, 39.129039000126753 ], [ -77.192375000573833, 39.128916999514402 ], [ -77.192511999288499, 39.12883299985468 ], [ -77.192802000346546, 39.128707000256718 ], [ -77.193930999494057, 39.12829499988085 ], [ -77.197134999520983, 39.12760100029432 ], [ -77.197752999343805, 39.127482999183606 ], [ -77.198280000178869, 39.127517000168474 ], [ -77.198637999510396, 39.127597000635518 ], [ -77.198989000006847, 39.127719000608259 ], [ -77.199385999978304, 39.127951999103281 ], [ -77.19976800016444, 39.12818500019268 ], [ -77.200050000212499, 39.128376000084209 ], [ -77.200370000300026, 39.128635000125861 ], [ -77.200599000295313, 39.128845000543095 ], [ -77.200798000321527, 39.129057999301807 ], [ -77.201025999599295, 39.129341000011088 ], [ -77.20126299983724, 39.129679999761947 ], [ -77.201422999802972, 39.129978000220994 ], [ -77.201621999800281, 39.130427999928749 ], [ -77.202246998781632, 39.132163999594368 ], [ -77.202391999643609, 39.13246899928361 ], [ -77.202560000144629, 39.132732000987524 ], [ -77.202887999846155, 39.133139999185232 ], [ -77.203048000397629, 39.133311999681297 ], [ -77.203338001025074, 39.133556000080368 ], [ -77.202491000175002, 39.134391000566467 ], [ -77.20172100054144, 39.13512800013703 ], [ -77.202239000133204, 39.135456000398115 ], [ -77.202850000012788, 39.135706999855024 ], [ -77.203292000352761, 39.135875000275227 ], [ -77.204666000232891, 39.136367000144062 ], [ -77.20425400034263, 39.136832999592102 ], [ -77.203787999792581, 39.137282999671903 ], [ -77.203108999535459, 39.1378779991527 ], [ -77.203010000831, 39.137980999646054 ], [ -77.202902999046103, 39.138153000149771 ], [ -77.202598000055602, 39.138759000287656 ], [ -77.202209000945913, 39.139701000076549 ], [ -77.202087000310627, 39.140093999668906 ], [ -77.202040999698852, 39.14038000004885 ], [ -77.202032999976382, 39.140632000294012 ], [ -77.201842999727617, 39.1407240002234 ], [ -77.201292999444391, 39.140921999426517 ], [ -77.200810000418997, 39.141041999777549 ], [ -77.199830999305817, 39.141210001111766 ], [ -77.199075999155141, 39.141287999770043 ], [ -77.198891999216116, 39.141298999983739 ], [ -77.199010999329985, 39.141382000487525 ], [ -77.199136000218047, 39.141484999946599 ], [ -77.199185999758839, 39.141548000997886 ], [ -77.199064000320305, 39.141546999368401 ], [ -77.198483999562839, 39.141544000442138 ], [ -77.193495998816431, 39.141517000893231 ] ] ] } },
{ "type": "Feature", "properties": { "GEOID20": "24031701702", "ORGANIZATION_NAME": "CHEER (Community Health and Empowerment through Education and Research)", "GOC_TRACK_TYPE": "Plan Development" }, "geometry": { "type": "Polygon", "coordinates": [ [ [ -77.003056999642709, 38.996133000034881 ], [ -77.002361000029396, 38.994519000341512 ], [ -77.002292000152664, 38.994308999995177 ], [ -77.002252999833715, 38.993992999599342 ], [ -77.002236999533181, 38.99373599970847 ], [ -77.00225800035598, 38.993079999967811 ], [ -77.002249000631664, 38.992549000264894 ], [ -77.002216999567196, 38.992143000501734 ], [ -77.002182999786299, 38.991930999498969 ], [ -77.002076999916966, 38.991500000547504 ], [ -77.001955000080798, 38.991094999395635 ], [ -77.001480000305079, 38.989650999786264 ], [ -77.001105000288788, 38.988780999734274 ], [ -77.000855999520169, 38.988294000250761 ], [ -77.000720000422604, 38.987967999610966 ], [ -77.000482000340497, 38.987477000438503 ], [ -77.000141000302392, 38.986965999978068 ], [ -76.999833000635832, 38.986520999864744 ], [ -76.998878000530055, 38.986831000380754 ], [ -76.997474000193449, 38.987471999824805 ], [ -76.996406000389555, 38.986082999878072 ], [ -76.997047000307106, 38.985523000827818 ], [ -76.997130998898527, 38.985458000572194 ], [ -76.998378000235036, 38.984885999504733 ], [ -76.998582000420527, 38.984765999263281 ], [ -76.998686999387829, 38.984645000384567 ], [ -76.999044000169476, 38.984403000025971 ], [ -76.999257000383821, 38.984291999674774 ], [ -76.99967299989332, 38.984129000668325 ], [ -76.999880000095814, 38.983986000184345 ], [ -77.000345000575209, 38.983387000360331 ], [ -77.000853999956107, 38.983637999927979 ], [ -77.001029000171144, 38.98379499997467 ], [ -77.001129000382264, 38.983805999882613 ], [ -77.001403000763375, 38.983939999497352 ], [ -77.001967999374003, 38.984061999496497 ], [ -77.002280999292239, 38.984179999600279 ], [ -77.00245599967532, 38.9842789999188 ], [ -77.002525000577563, 38.984354999839027 ], [ -77.00262400037748, 38.984564999809947 ], [ -77.002670000484841, 38.984717999647636 ], [ -77.002777000307546, 38.984911999806037 ], [ -77.002860999608799, 38.985214000767542 ], [ -77.003021000353073, 38.985351000822192 ], [ -77.003356000670848, 38.985511000031046 ], [ -77.003424998916699, 38.985607000330617 ], [ -77.003501000215408, 38.985896999385602 ], [ -77.003531999886519, 38.985941999866064 ], [ -77.003654000329249, 38.985995999434294 ], [ -77.003844999498781, 38.986002999897018 ], [ -77.003989999855946, 38.986091000743052 ], [ -77.004211000074193, 38.986106000672308 ], [ -77.004394000106728, 38.986175000427423 ], [ -77.004516000040695, 38.986258999132822 ], [ -77.004714000160007, 38.986473000240061 ], [ -77.004851999578989, 38.986675000069447 ], [ -77.004890000894918, 38.986754999483566 ], [ -77.004919999970198, 38.986934000326805 ], [ -77.004890000896907, 38.987124999909405 ], [ -77.005010999428549, 38.987135000204376 ], [ -77.004844000090884, 38.987564000580619 ], [ -77.004829000770386, 38.987750998956216 ], [ -77.004897999092677, 38.987921999765817 ], [ -77.00506499992153, 38.988074999732717 ], [ -77.005133999424913, 38.988089999891159 ], [ -77.005255999327218, 38.988086000234361 ], [ -77.005538000914612, 38.988101000298464 ], [ -77.005629999855358, 38.988143000268643 ], [ -77.005798000436556, 38.988315000141469 ], [ -77.005950000156886, 38.988524999892824 ], [ -77.006066998573203, 38.988647000107676 ], [ -77.006050000218892, 38.988650999730162 ], [ -77.006309000502156, 38.988867999998583 ], [ -77.006782000310864, 38.989451999699817 ], [ -77.006774000267271, 38.989551000315302 ], [ -77.006781999560374, 38.989722999774244 ], [ -77.006751999444262, 38.989813999669849 ], [ -77.006438999940656, 38.989967000015632 ], [ -77.006172000288743, 38.990183999474382 ], [ -77.006103000436468, 38.990271999713357 ], [ -77.00606500015401, 38.990431999959902 ], [ -77.006057000118957, 38.990611999547973 ], [ -77.006094999634072, 38.990778999709079 ], [ -77.006164000061688, 38.99093199947918 ], [ -77.006384999811459, 38.991206999868467 ], [ -77.006415999603888, 38.991309999730575 ], [ -77.006355000411446, 38.991473999135088 ], [ -77.00634700039204, 38.991725000427984 ], [ -77.006133999712063, 38.991946999030993 ], [ -77.006042000236306, 38.992069000048538 ], [ -77.005813999592419, 38.992291000628356 ], [ -77.005577000279558, 38.992595000101268 ], [ -77.005470000633707, 38.992698000376471 ], [ -77.005218000610014, 38.992831999810868 ], [ -77.005186999685151, 38.992889000554975 ], [ -77.00524100011161, 38.993140999743403 ], [ -77.005385999908526, 38.993541000295217 ], [ -77.005386000214656, 38.993713000075388 ], [ -77.005415999741075, 38.993843000457872 ], [ -77.005409000107775, 38.993952999849363 ], [ -77.005362999948531, 38.994110000386549 ], [ -77.005293999614395, 38.994193999537394 ], [ -77.00516500030632, 38.994270000232532 ], [ -77.005081000659587, 38.994265999768821 ], [ -77.004787999692113, 38.994309000131537 ], [ -77.004317998888752, 38.994406999649861 ], [ -77.004256999453034, 38.994440999710108 ], [ -77.004225999814963, 38.994524999538562 ], [ -77.004249000171342, 38.994621000826314 ], [ -77.004371000346708, 38.994777000224204 ], [ -77.004798000567121, 38.995108999357171 ], [ -77.005226000014858, 38.995475000086287 ], [ -77.005371000277407, 38.995558999411827 ], [ -77.005554000305963, 38.995613000380892 ], [ -77.005714000127099, 38.995613000782519 ], [ -77.005858999468927, 38.995521000154426 ], [ -77.00594300020839, 38.995505999980146 ], [ -77.006019000462658, 38.995509999334956 ], [ -77.006286000193043, 38.995637999804565 ], [ -77.006135000205802, 38.99573699973854 ], [ -77.005950000164432, 38.995863999568869 ], [ -77.005691000691925, 38.996062999791455 ], [ -77.005545999565555, 38.99623799986724 ], [ -77.005165000219179, 38.99686399912796 ], [ -77.004804999749823, 38.9974240004168 ], [ -77.004642000230945, 38.99763700019983 ], [ -77.004510000319243, 38.997781000342997 ], [ -77.004329999633427, 38.997923000500123 ], [ -77.004151999773001, 38.998021999723974 ], [ -77.003644999844667, 38.998224999897261 ], [ -77.003478999845683, 38.997645000201452 ], [ -77.00321599944094, 38.996559999304907 ], [ -77.003162999592462, 38.996433000584901 ], [ -77.003056999642709, 38.996133000034881 ] ] ] } },
{ "type": "Feature", "properties": { "GEOID20": "24031701900", "ORGANIZATION_NAME": "CHEER (Community Health and Empowerment through Education and Research)", "GOC_TRACK_TYPE": "Plan Development" }, "geometry": { "type": "Polygon", "coordinates": [ [ [ -76.995070999207641, 38.987487000283309 ], [ -76.994918001074339, 38.987434000256705 ], [ -76.99524600048764, 38.9871289997552 ], [ -76.995780000065665, 38.986639999763447 ], [ -76.996406000389555, 38.986082999878072 ], [ -76.997474000193449, 38.987471999824805 ], [ -76.998878000530055, 38.986831000380754 ], [ -76.999833000635832, 38.986520999864744 ], [ -77.000141000302392, 38.986965999978068 ], [ -77.000482000340497, 38.987477000438503 ], [ -77.000720000422604, 38.987967999610966 ], [ -77.000855999520169, 38.988294000250761 ], [ -77.001105000288788, 38.988780999734274 ], [ -77.001480000305079, 38.989650999786264 ], [ -77.001955000080798, 38.991094999395635 ], [ -77.002076999916966, 38.991500000547504 ], [ -77.002182999786299, 38.991930999498969 ], [ -77.002216999567196, 38.992143000501734 ], [ -77.002249000631664, 38.992549000264894 ], [ -77.00225800035598, 38.993079999967811 ], [ -77.002236999533181, 38.99373599970847 ], [ -77.002252999833715, 38.993992999599342 ], [ -77.002292000152664, 38.994308999995177 ], [ -77.002361000029396, 38.994519000341512 ], [ -77.003056999642709, 38.996133000034881 ], [ -77.003162999592462, 38.996433000584901 ], [ -77.00321599944094, 38.996559999304907 ], [ -77.003478999845683, 38.997645000201452 ], [ -77.003644999844667, 38.998224999897261 ], [ -77.003534000550061, 38.998260000108395 ], [ -77.003327998834521, 38.998291999625707 ], [ -77.002319000045532, 38.998344000313629 ], [ -77.001116000112603, 38.998419000317284 ], [ -77.000549000622399, 38.998466000060198 ], [ -76.999816000218246, 38.998558000007684 ], [ -76.998764000097566, 38.998740999424498 ], [ -76.998228999712552, 38.998862999415273 ], [ -76.998123000316326, 38.99858000020069 ], [ -76.99811499967052, 38.998470000209856 ], [ -76.998213999978375, 38.998279000284853 ], [ -76.998213999676409, 38.998244999785108 ], [ -76.998099999676768, 38.998106999773434 ], [ -76.998069000029503, 38.998034999529409 ], [ -76.998106999850535, 38.997851999726905 ], [ -76.998031000193876, 38.997585000293327 ], [ -76.998007999966674, 38.997336999979304 ], [ -76.997970000705294, 38.997177000384987 ], [ -76.997978000555733, 38.997058000547518 ], [ -76.998053999148269, 38.996829000155913 ], [ -76.998063999325865, 38.996753999938242 ], [ -76.998153000022029, 38.996490000161778 ], [ -76.998190999576536, 38.996321999810689 ], [ -76.998565000106396, 38.995665999706347 ], [ -76.998755999747587, 38.995184999572523 ], [ -76.998802000390711, 38.995014000234775 ], [ -76.998862999532065, 38.994903000990156 ], [ -76.998947000007931, 38.994800000295157 ], [ -76.998969999505846, 38.994709000632461 ], [ -76.998854999807548, 38.994403000234001 ], [ -76.998694998855854, 38.994234999342297 ], [ -76.998611000682203, 38.994117000037413 ], [ -76.998564999894981, 38.99390000108113 ], [ -76.998519000054529, 38.993761999464702 ], [ -76.998504000774645, 38.99364400002375 ], [ -76.998550000515849, 38.993328000306754 ], [ -76.998657000423577, 38.992996000007707 ], [ -76.998679999353868, 38.992675000381325 ], [ -76.998756000688985, 38.992552999595496 ], [ -76.998863000222386, 38.992472999783686 ], [ -76.998869999317634, 38.992370000119884 ], [ -76.998702999831792, 38.992003999804446 ], [ -76.998474000488358, 38.991825000532387 ], [ -76.998283000196167, 38.991621999923652 ], [ -76.998213999391439, 38.991579999963612 ], [ -76.998062000033997, 38.991531000146807 ], [ -76.998001001053382, 38.991488999291754 ], [ -76.997970000110584, 38.99140500000059 ], [ -76.998031000291917, 38.991275000110974 ], [ -76.998038999876755, 38.991054000273905 ], [ -76.998084999220907, 38.990982000293123 ], [ -76.998176000328826, 38.990928000288818 ], [ -76.998167999689159, 38.990847999236131 ], [ -76.998129999986631, 38.990778999421352 ], [ -76.998053999409464, 38.990692000581944 ], [ -76.997993000110355, 38.99064599917341 ], [ -76.997855999732963, 38.990585000412054 ], [ -76.997794999746532, 38.990531000517429 ], [ -76.997756000461351, 38.990478000024034 ], [ -76.997748999225337, 38.990420999594946 ], [ -76.997778999645746, 38.990252999011929 ], [ -76.997725999691539, 38.990145999473818 ], [ -76.997664999965579, 38.989852000281338 ], [ -76.997572999964603, 38.989677000561336 ], [ -76.997458999781614, 38.989218999471916 ], [ -76.997351999443495, 38.989005999921659 ], [ -76.997230000319149, 38.988848999412156 ], [ -76.997177000337174, 38.988819000824726 ], [ -76.997077000127632, 38.988791999879311 ], [ -76.996939999455975, 38.988650999958452 ], [ -76.996893999855573, 38.988577999858343 ], [ -76.99664300028806, 38.988390999704798 ], [ -76.99648200008221, 38.988314999952642 ], [ -76.996115999776322, 38.988097999619612 ], [ -76.995360999662935, 38.987715999855176 ], [ -76.99523899968078, 38.987636000278023 ], [ -76.995070999207641, 38.987487000283309 ] ] ] } },
{ "type": "Feature", "properties": { "GEOID20": "24031702000", "ORGANIZATION_NAME": "CHEER (Community Health and Empowerment through Education and Research)", "GOC_TRACK_TYPE": "Plan Development" }, "geometry": { "type": "Polygon", "coordinates": [ [ [ -76.984150000388439, 39.001437999364903 ], [ -76.985161000223698, 39.00055000002461 ], [ -76.985692999411597, 38.999979999646683 ], [ -76.985950999588994, 38.999384999817288 ], [ -76.986818000116756, 38.998356000191507 ], [ -76.988265000181656, 38.996288000321478 ], [ -76.988604999517918, 38.99599600010108 ], [ -76.989059000179864, 38.99557700039599 ], [ -76.98988399981485, 38.993985999809155 ], [ -76.990676001177789, 38.993020999601484 ], [ -76.991097999935732, 38.992404999710054 ], [ -76.991430000554402, 38.992758999817802 ], [ -76.991794000750772, 38.992546000070696 ], [ -76.992051000482704, 38.992418999529164 ], [ -76.992149000770368, 38.992397000021455 ], [ -76.992057000708797, 38.992003999459293 ], [ -76.991980999758454, 38.991790000011328 ], [ -76.992065000297075, 38.991576999666897 ], [ -76.992247999851841, 38.990844000297464 ], [ -76.992378000822214, 38.990290999878503 ], [ -76.992384999993973, 38.990219000480678 ], [ -76.992362000045858, 38.990076999992283 ], [ -76.992293999858148, 38.989933000321635 ], [ -76.991934999493907, 38.989578000689498 ], [ -76.992247999292175, 38.989363999555934 ], [ -76.992560998956577, 38.989077999506584 ], [ -76.992790000160468, 38.988650999740585 ], [ -76.992897000072389, 38.988483000564585 ], [ -76.993025999958292, 38.988356999752362 ], [ -76.993141000004883, 38.988261999713465 ], [ -76.993308998972225, 38.988169999633385 ], [ -76.993803999871517, 38.987995000166613 ], [ -76.994162999809561, 38.988132000111342 ], [ -76.994415000241474, 38.987883999392395 ], [ -76.994918001074339, 38.987434000256705 ], [ -76.995070999207641, 38.987487000283309 ], [ -76.99523899968078, 38.987636000278023 ], [ -76.995360999662935, 38.987715999855176 ], [ -76.996115999776322, 38.988097999619612 ], [ -76.99648200008221, 38.988314999952642 ], [ -76.99664300028806, 38.988390999704798 ], [ -76.996893999855573, 38.988577999858343 ], [ -76.996939999455975, 38.988650999958452 ], [ -76.997077000127632, 38.988791999879311 ], [ -76.997177000337174, 38.988819000824726 ], [ -76.997230000319149, 38.988848999412156 ], [ -76.997351999443495, 38.989005999921659 ], [ -76.997458999781614, 38.989218999471916 ], [ -76.997572999964603, 38.989677000561336 ], [ -76.997664999965579, 38.989852000281338 ], [ -76.997725999691539, 38.990145999473818 ], [ -76.997778999645746, 38.990252999011929 ], [ -76.997748999225337, 38.990420999594946 ], [ -76.997756000461351, 38.990478000024034 ], [ -76.997794999746532, 38.990531000517429 ], [ -76.997855999732963, 38.990585000412054 ], [ -76.997993000110355, 38.99064599917341 ], [ -76.998053999409464, 38.990692000581944 ], [ -76.998129999986631, 38.990778999421352 ], [ -76.998167999689159, 38.990847999236131 ], [ -76.998176000328826, 38.990928000288818 ], [ -76.998084999220907, 38.990982000293123 ], [ -76.998038999876755, 38.991054000273905 ], [ -76.998031000291917, 38.991275000110974 ], [ -76.997970000110584, 38.99140500000059 ], [ -76.998001001053382, 38.991488999291754 ], [ -76.998062000033997, 38.991531000146807 ], [ -76.998213999391439, 38.991579999963612 ], [ -76.998283000196167, 38.991621999923652 ], [ -76.998474000488358, 38.991825000532387 ], [ -76.998702999831792, 38.992003999804446 ], [ -76.998869999317634, 38.992370000119884 ], [ -76.998863000222386, 38.992472999783686 ], [ -76.998756000688985, 38.992552999595496 ], [ -76.998679999353868, 38.992675000381325 ], [ -76.998657000423577, 38.992996000007707 ], [ -76.998550000515849, 38.993328000306754 ], [ -76.998504000774645, 38.99364400002375 ], [ -76.998519000054529, 38.993761999464702 ], [ -76.998564999894981, 38.99390000108113 ], [ -76.998611000682203, 38.994117000037413 ], [ -76.998694998855854, 38.994234999342297 ], [ -76.998854999807548, 38.994403000234001 ], [ -76.998969999505846, 38.994709000632461 ], [ -76.998947000007931, 38.994800000295157 ], [ -76.998862999532065, 38.994903000990156 ], [ -76.998802000390711, 38.995014000234775 ], [ -76.998755999747587, 38.995184999572523 ], [ -76.998565000106396, 38.995665999706347 ], [ -76.998190999576536, 38.996321999810689 ], [ -76.998153000022029, 38.996490000161778 ], [ -76.998063999325865, 38.996753999938242 ], [ -76.998053999148269, 38.996829000155913 ], [ -76.997978000555733, 38.997058000547518 ], [ -76.997970000705294, 38.997177000384987 ], [ -76.998007999966674, 38.997336999979304 ], [ -76.998031000193876, 38.997585000293327 ], [ -76.998106999850535, 38.997851999726905 ], [ -76.998069000029503, 38.998034999529409 ], [ -76.998099999676768, 38.998106999773434 ], [ -76.998213999676409, 38.998244999785108 ], [ -76.998213999978375, 38.998279000284853 ], [ -76.99811499967052, 38.998470000209856 ], [ -76.998123000316326, 38.99858000020069 ], [ -76.998228999712552, 38.998862999415273 ], [ -76.997351999851347, 38.999088001015558 ], [ -76.996909999524377, 38.999209999736181 ], [ -76.995302000118784, 38.999646000895652 ], [ -76.994978999880743, 38.999687000840005 ], [ -76.993972000571731, 38.999679000862514 ], [ -76.991683000123771, 38.999767000201565 ], [ -76.991231000431952, 38.999848000312291 ], [ -76.991087999601973, 38.999874000636652 ], [ -76.990721999806496, 38.999988000473259 ], [ -76.990216999686467, 39.00021999932445 ], [ -76.989733999725658, 39.000542000470418 ], [ -76.989019999465256, 39.000904999607187 ], [ -76.988727000419047, 39.001022999639751 ], [ -76.988492000436466, 39.001090000332375 ], [ -76.988292000151887, 39.001140000216871 ], [ -76.988023999764096, 39.001190000024351 ], [ -76.987421000066661, 39.00125699995013 ], [ -76.986936000426724, 39.001289999615693 ], [ -76.986651999003399, 39.001289999987307 ], [ -76.986425999472601, 39.001273999776529 ], [ -76.985864999860212, 39.001215000018966 ], [ -76.985630999403483, 39.001198000099606 ], [ -76.985174000456652, 39.001210000528907 ], [ -76.984861000544498, 39.001248000192398 ], [ -76.984584999611926, 39.0013070001675 ], [ -76.984150000388439, 39.001437999364903 ] ] ] } },
{ "type": "Feature", "properties": { "GEOID20": "24031702301", "ORGANIZATION_NAME": "CHEER (Community Health and Empowerment through Education and Research)", "GOC_TRACK_TYPE": "Plan Development" }, "geometry": { "type": "Polygon", "coordinates": [ [ [ -76.999420000057427, 39.002704000157436 ], [ -76.998228999712552, 38.998862999415273 ], [ -76.998764000097566, 38.998740999424498 ], [ -76.999816000218246, 38.998558000007684 ], [ -77.000549000622399, 38.998466000060198 ], [ -77.001116000112603, 38.998419000317284 ], [ -77.002319000045532, 38.998344000313629 ], [ -77.003327998834521, 38.998291999625707 ], [ -77.003534000550061, 38.998260000108395 ], [ -77.003644999844667, 38.998224999897261 ], [ -77.004151999773001, 38.998021999723974 ], [ -77.004329999633427, 38.997923000500123 ], [ -77.004510000319243, 38.997781000342997 ], [ -77.004642000230945, 38.99763700019983 ], [ -77.004804999749823, 38.9974240004168 ], [ -77.005165000219179, 38.99686399912796 ], [ -77.005545999565555, 38.99623799986724 ], [ -77.005691000691925, 38.996062999791455 ], [ -77.005950000164432, 38.995863999568869 ], [ -77.006408000919393, 38.995974999531086 ], [ -77.006682999831725, 38.996020999785287 ], [ -77.0082319996298, 38.99614699949565 ], [ -77.008415000293581, 38.996184999237855 ], [ -77.008651001366587, 38.996264999978479 ], [ -77.00887200034235, 38.996398001067767 ], [ -77.009056000280651, 38.99654299991176 ], [ -77.009177999896735, 38.996677000739773 ], [ -77.009246001129455, 38.996809999502382 ], [ -77.009292000631248, 38.996948000417213 ], [ -77.009475000291616, 38.997844000506348 ], [ -77.009543999998868, 38.998119000441079 ], [ -77.009605000029453, 38.998255999160953 ], [ -77.009688999773445, 38.998394000355347 ], [ -77.009879999848565, 38.998637999931198 ], [ -77.010345000504188, 38.999153000041588 ], [ -77.010436999302897, 38.999290000057094 ], [ -77.0105660003601, 38.999576000137502 ], [ -77.010612000219226, 38.999632999763563 ], [ -77.010321999610184, 38.999621999692387 ], [ -77.01013100047949, 38.999633000067256 ], [ -77.009772999896413, 38.999701999881147 ], [ -77.009696000114943, 38.999717000410413 ], [ -77.00943699929222, 38.999827999712274 ], [ -77.009307000231473, 38.999903999560743 ], [ -77.009056000573622, 39.000114000014968 ], [ -77.008673999736374, 39.000727999665109 ], [ -77.00775899956723, 39.001673999517749 ], [ -77.007323999583747, 39.002101000870127 ], [ -77.007018999604753, 39.002345999702214 ], [ -77.006805000333657, 39.002468000202619 ], [ -77.006355000121218, 39.002651000535465 ], [ -77.005451999890738, 39.002965999931966 ], [ -77.0043330002392, 39.003336999869859 ], [ -77.003836999714494, 39.00347100030806 ], [ -77.00337200029243, 39.003559000198806 ], [ -77.002303999983894, 39.003673000257642 ], [ -77.002182000477092, 39.003700000101311 ], [ -77.001808000522004, 39.003863999426152 ], [ -77.000403999975376, 39.004664999829394 ], [ -77.000091000088034, 39.004821000452587 ], [ -76.99978599978877, 39.004927999384854 ], [ -76.999732000244762, 39.004741000386424 ], [ -76.999655999947777, 39.004692000222754 ], [ -76.999412000729336, 39.004653001061648 ], [ -76.999389000708973, 39.004631000278998 ], [ -76.99936600000234, 39.004558000611411 ], [ -76.999373999996124, 39.00438299974109 ], [ -76.9993590005935, 39.004000999872524 ], [ -76.99942000072555, 39.003897999806618 ], [ -76.999373999892185, 39.00373799994783 ], [ -76.999449999884504, 39.003519999755547 ], [ -76.999427000620472, 39.003447999990499 ], [ -76.999343000520355, 39.003355999938528 ], [ -76.999359000289886, 39.003265000322799 ], [ -76.999228999833321, 39.003176999555151 ], [ -76.999182998977034, 39.003097000321453 ], [ -76.999220999906413, 39.003008999693563 ], [ -76.999320000331693, 39.002914000067932 ], [ -76.999389000192181, 39.00280700040976 ], [ -76.999420000057427, 39.002704000157436 ] ] ] } },
{ "type": "Feature", "properties": { "GEOID20": "24033801801", "ORGANIZATION_NAME": "Prince George's County Department of Social Services", "GOC_TRACK_TYPE": "Partnership Development" }, "geometry": { "type": "Polygon", "coordinates": [ [ [ -76.946448999935939, 38.833106999838449 ], [ -76.946193999340423, 38.832723000459815 ], [ -76.945913000523532, 38.832342999021819 ], [ -76.9457600005762, 38.832167000841899 ], [ -76.94562300100975, 38.832038000759709 ], [ -76.945548999477808, 38.831978999559162 ], [ -76.945378000028342, 38.831865999465258 ], [ -76.945034999519166, 38.831684999828887 ], [ -76.94483899957163, 38.831616000716231 ], [ -76.944578999640342, 38.831544999848163 ], [ -76.944334999771968, 38.831511000191341 ], [ -76.943549000072636, 38.831460000498289 ], [ -76.941956000137594, 38.831378000603344 ], [ -76.941724000565458, 38.831337000074932 ], [ -76.941058999883396, 38.831271999767672 ], [ -76.941293999671814, 38.830856999133999 ], [ -76.941536000454931, 38.830467000001413 ], [ -76.941795000203101, 38.830102001011603 ], [ -76.942345999236522, 38.829459999651952 ], [ -76.942556999517748, 38.829226999693518 ], [ -76.943232000579783, 38.828515999721603 ], [ -76.943432000198655, 38.828269999883219 ], [ -76.943767999801238, 38.827916000605121 ], [ -76.943953000682242, 38.827756000087369 ], [ -76.944664999171081, 38.82705100007135 ], [ -76.944905000181734, 38.826845000714052 ], [ -76.945305000102962, 38.826519999279597 ], [ -76.946516001158415, 38.825455999705291 ], [ -76.94796399905195, 38.824257000441328 ], [ -76.94817000044668, 38.824109000004221 ], [ -76.948504000206142, 38.823914999926451 ], [ -76.94876200040872, 38.823793000011541 ], [ -76.948985999607572, 38.823709000430291 ], [ -76.949219999777029, 38.823638000396627 ], [ -76.949457000345134, 38.823576999699242 ], [ -76.949960999423396, 38.823461000362187 ], [ -76.950060999398332, 38.823695000503719 ], [ -76.950134999234791, 38.823794000153029 ], [ -76.950218000053027, 38.823864998948714 ], [ -76.950331000712282, 38.823930000002591 ], [ -76.950717000496041, 38.824120000136084 ], [ -76.950826999803681, 38.824185000340101 ], [ -76.950916000635758, 38.824248999776458 ], [ -76.950984999771777, 38.824316000476188 ], [ -76.95102899986091, 38.824375000130111 ], [ -76.951059999756097, 38.824459000037372 ], [ -76.951075000657795, 38.824526000544964 ], [ -76.95108199916487, 38.824602999804 ], [ -76.951075000543852, 38.824743000259353 ], [ -76.950986999744032, 38.826037999718721 ], [ -76.950947999972897, 38.827063999518444 ], [ -76.950903000418165, 38.827917000683996 ], [ -76.95092400000874, 38.828120999986346 ], [ -76.950947999614797, 38.828223000353795 ], [ -76.951058999775441, 38.828489000361571 ], [ -76.951234000526242, 38.828455999027057 ], [ -76.951350999637611, 38.828447000652538 ], [ -76.951549000400391, 38.828444000324005 ], [ -76.95343899985393, 38.828475999321661 ], [ -76.953097000415795, 38.829711999734371 ], [ -76.95306600043709, 38.829812000164495 ], [ -76.953002999899255, 38.829949999825942 ], [ -76.952912999846006, 38.830104000207406 ], [ -76.952838000176058, 38.830203999926688 ], [ -76.952727000383433, 38.830326999847408 ], [ -76.95238699958584, 38.83062900015269 ], [ -76.952154999055935, 38.830853999785859 ], [ -76.952016000175831, 38.831008000076956 ], [ -76.951964999613395, 38.83108099990848 ], [ -76.951937000588131, 38.831139000189232 ], [ -76.951885000123127, 38.831329999642413 ], [ -76.951876999616502, 38.831490000175826 ], [ -76.951899999790314, 38.831662000146679 ], [ -76.951984000151825, 38.832056000058273 ], [ -76.951999000516821, 38.8321839993704 ], [ -76.952004000623575, 38.83248999998321 ], [ -76.951953000485091, 38.83287399982926 ], [ -76.951923999888677, 38.832997000233753 ], [ -76.951829000881773, 38.833319999986053 ], [ -76.951363999922819, 38.833252000452511 ], [ -76.950913000149484, 38.833176000035806 ], [ -76.949925999596772, 38.833032000287361 ], [ -76.949623000106385, 38.832997998981213 ], [ -76.949545999792704, 38.832996000073699 ], [ -76.949347999775213, 38.833018999396167 ], [ -76.949227000121311, 38.833059999282057 ], [ -76.948865999200351, 38.833269000140547 ], [ -76.948059000742504, 38.833781000017197 ], [ -76.947772999251853, 38.833992000076215 ], [ -76.947646999247453, 38.834101000047639 ], [ -76.947489000212272, 38.834252999985324 ], [ -76.947224000299627, 38.834065999951079 ], [ -76.947073999617075, 38.833952000226184 ], [ -76.946753000629144, 38.833638000349474 ], [ -76.946448999935939, 38.833106999838449 ] ] ] } },
{ "type": "Feature", "properties": { "GEOID20": "24033802404", "ORGANIZATION_NAME": "United Communities Against Poverty", "GOC_TRACK_TYPE": "Plan Development" }, "geometry": { "type": "Polygon", "coordinates": [ [ [ -76.89450399930611, 38.859272999829614 ], [ -76.898947000316568, 38.857819000323268 ], [ -76.8988669989632, 38.858882000422305 ], [ -76.898767999247013, 38.860005999683374 ], [ -76.898716000680011, 38.860436999664856 ], [ -76.89868300022205, 38.86059099979645 ], [ -76.898517999052871, 38.861130999866191 ], [ -76.898408000191168, 38.861391000845117 ], [ -76.898162999025459, 38.861938000520716 ], [ -76.897952000472046, 38.862339999156148 ], [ -76.897764000017105, 38.862619000309699 ], [ -76.897709000272826, 38.86272100044954 ], [ -76.897670999552332, 38.862808999256657 ], [ -76.897653000979318, 38.86289400046573 ], [ -76.897643000293527, 38.862990000758749 ], [ -76.897659000381594, 38.863087000354582 ], [ -76.897772000839424, 38.863466998891909 ], [ -76.897020999451215, 38.863621000043103 ], [ -76.896525999937666, 38.863731000268615 ], [ -76.896273000185943, 38.863793000557337 ], [ -76.895920000457494, 38.863894000542963 ], [ -76.895416999934852, 38.864062000459384 ], [ -76.894868000597313, 38.864258999946479 ], [ -76.894651001010502, 38.864348000336555 ], [ -76.894468000521414, 38.864435999591656 ], [ -76.89402000000031, 38.864679999470944 ], [ -76.893496999897067, 38.865041999891083 ], [ -76.89321099987751, 38.865265999670356 ], [ -76.893025000341524, 38.865430999677208 ], [ -76.892822999619426, 38.865652000846026 ], [ -76.892687999795925, 38.865767999872851 ], [ -76.892502999881216, 38.866112999856654 ], [ -76.892293000204575, 38.866611000652973 ], [ -76.892194000385913, 38.866950000516617 ], [ -76.892105999983968, 38.867172000124256 ], [ -76.891977999551031, 38.86744800054467 ], [ -76.89172599990917, 38.867936999783701 ], [ -76.891605000614376, 38.868206000409458 ], [ -76.891483998625375, 38.868410999715159 ], [ -76.891421999485075, 38.868496000432039 ], [ -76.891321000628906, 38.868613999580127 ], [ -76.891179000682598, 38.868745000115908 ], [ -76.890209000070612, 38.869559999453855 ], [ -76.890026999166167, 38.869696001162339 ], [ -76.889782999940024, 38.869858000016094 ], [ -76.889664999567515, 38.869929000088291 ], [ -76.889361999233287, 38.870078999843081 ], [ -76.889212999528226, 38.870143000273728 ], [ -76.88904100071872, 38.87021100091826 ], [ -76.888760999470875, 38.870305000349639 ], [ -76.888061998992953, 38.870459999550576 ], [ -76.887833000772432, 38.870504000304322 ], [ -76.887167000105762, 38.870662999449699 ], [ -76.886770999981891, 38.870765999379145 ], [ -76.886253999960189, 38.870917999430169 ], [ -76.885765000161271, 38.871072000129345 ], [ -76.885117999963185, 38.871294000183674 ], [ -76.885893999657071, 38.867577000464841 ], [ -76.883480000389, 38.864660999343585 ], [ -76.88659599968075, 38.863293999778854 ], [ -76.886633000043005, 38.862931999798136 ], [ -76.886878000037385, 38.862520000241226 ], [ -76.887796999712634, 38.860865000622432 ], [ -76.888341000158476, 38.860693000854184 ], [ -76.888636000373239, 38.860609999693679 ], [ -76.889316000229556, 38.860469999532569 ], [ -76.889655999920564, 38.86041999937634 ], [ -76.889979000162185, 38.860387000932612 ], [ -76.890844000012066, 38.86029099925387 ], [ -76.891154000142009, 38.860248999499817 ], [ -76.891417999962599, 38.860204999522281 ], [ -76.891641000769411, 38.860159999706056 ], [ -76.89202500090866, 38.860062999580613 ], [ -76.89226399969408, 38.859992999668258 ], [ -76.89450399930611, 38.859272999829614 ] ] ] } },
{ "type": "Feature", "properties": { "GEOID20": "24033802406", "ORGANIZATION_NAME": "United Communities Against Poverty", "GOC_TRACK_TYPE": "Plan Development" }, "geometry": { "type": "Polygon", "coordinates": [ [ [ -76.917344999395354, 38.858976999809819 ], [ -76.917028000181446, 38.858685000146551 ], [ -76.916278000469902, 38.858035000401607 ], [ -76.915657999754259, 38.857477999970889 ], [ -76.914236000393544, 38.85624100033435 ], [ -76.913692999571893, 38.855788999446823 ], [ -76.913197000423679, 38.855325999224199 ], [ -76.912556999096111, 38.85477799992411 ], [ -76.912170000745533, 38.854468999436293 ], [ -76.910866000522873, 38.853474999749523 ], [ -76.910561999599608, 38.853280999420676 ], [ -76.910347999698828, 38.853161999607082 ], [ -76.910579000366553, 38.853088999446555 ], [ -76.911254000154386, 38.852891000117637 ], [ -76.911802999721203, 38.85275700038639 ], [ -76.912055999659344, 38.852696999578576 ], [ -76.912607999335705, 38.852582999750204 ], [ -76.913203000474851, 38.85247799989012 ], [ -76.91374500061076, 38.85239900033838 ], [ -76.914611999426754, 38.852299999877722 ], [ -76.915392000698759, 38.852252000588408 ], [ -76.916812000159453, 38.852220000640848 ], [ -76.917325000392893, 38.852200999623776 ], [ -76.917739000301822, 38.852177998958489 ], [ -76.918067999545173, 38.852140999349785 ], [ -76.918569999623998, 38.852064000540587 ], [ -76.91923000098825, 38.851905999734925 ], [ -76.920015000219323, 38.851705000757356 ], [ -76.920117000713191, 38.852475000006457 ], [ -76.920258999636957, 38.853311000563572 ], [ -76.920538000485308, 38.853294000000211 ], [ -76.920884999424032, 38.853247999876189 ], [ -76.920965000425682, 38.853233000068187 ], [ -76.921574999381903, 38.853089998958716 ], [ -76.922709999602162, 38.852792999196595 ], [ -76.923219999805696, 38.85399099979756 ], [ -76.923356000666473, 38.854276999699877 ], [ -76.924756999409013, 38.853877000646833 ], [ -76.926723000150815, 38.853364000252718 ], [ -76.929454000283329, 38.852857999547886 ], [ -76.929708999997985, 38.852800999347501 ], [ -76.929798999729613, 38.852765999881086 ], [ -76.929937999834863, 38.852630001070956 ], [ -76.930012000518943, 38.852573999482054 ], [ -76.930105999396332, 38.852516999974682 ], [ -76.930325000248075, 38.852407000066002 ], [ -76.930558999796887, 38.853374999331784 ], [ -76.930590000038961, 38.85348000024586 ], [ -76.930608000025444, 38.853505999374818 ], [ -76.930652999486412, 38.853535999872314 ], [ -76.931228001067552, 38.853764000218277 ], [ -76.931291999355238, 38.853816000341183 ], [ -76.931362001107573, 38.853927999217646 ], [ -76.931395000188914, 38.854121998987758 ], [ -76.931463000257594, 38.854445000218902 ], [ -76.931613000358695, 38.855080000607025 ], [ -76.931758999739785, 38.855662999937387 ], [ -76.93189699981113, 38.856169000219921 ], [ -76.931291999771545, 38.856274000223721 ], [ -76.930591000147061, 38.85640399970648 ], [ -76.930055999951904, 38.856462000089529 ], [ -76.929944000193444, 38.856481000178896 ], [ -76.926458000250577, 38.857351999207268 ], [ -76.925524999260375, 38.85756699928006 ], [ -76.924819000258665, 38.857743000273494 ], [ -76.92370500016402, 38.858035999191593 ], [ -76.922435000371493, 38.858378000583457 ], [ -76.921724999867806, 38.858543999760414 ], [ -76.921214000000276, 38.85865200040034 ], [ -76.920835999109016, 38.858771999997082 ], [ -76.920734999666237, 38.858787999802054 ], [ -76.920633999694729, 38.85879200029585 ], [ -76.920543001274694, 38.85875899999408 ], [ -76.920437999509957, 38.858691000451472 ], [ -76.920101000317686, 38.859137999928791 ], [ -76.919686999538982, 38.859571999454197 ], [ -76.91906700030539, 38.860020999836216 ], [ -76.918858000496058, 38.860242999813913 ], [ -76.918784999882817, 38.860177000187832 ], [ -76.91843799979884, 38.859909000907749 ], [ -76.918254000122957, 38.85973000094743 ], [ -76.917344999395354, 38.858976999809819 ] ] ] } },
{ "type": "Feature", "properties": { "GEOID20": "24033805500", "ORGANIZATION_NAME": "CASA, Inc.", "GOC_TRACK_TYPE": "Partnership Development" }, "geometry": { "type": "Polygon", "coordinates": [ [ [ -76.978073000413488, 38.983617999755666 ], [ -76.977790000278091, 38.983604999753823 ], [ -76.977556999175818, 38.983606000230182 ], [ -76.977104000352355, 38.983627999671349 ], [ -76.976078000722637, 38.983746000113243 ], [ -76.972787000103182, 38.984067999978315 ], [ -76.974277999255747, 38.98252700027583 ], [ -76.974528000601055, 38.982298000364786 ], [ -76.977382999424464, 38.979588999646538 ], [ -76.978555999985446, 38.97873100004567 ], [ -76.978446000466263, 38.9773900002264 ], [ -76.97841000066272, 38.976871000854061 ], [ -76.97839199992913, 38.976554000728655 ], [ -76.978408999202784, 38.976294999314241 ], [ -76.978463998974377, 38.976051000884972 ], [ -76.978504999320265, 38.975930999911199 ], [ -76.978556000538319, 38.975806999299273 ], [ -76.978627000138999, 38.975671000655382 ], [ -76.97870300040347, 38.975545001108806 ], [ -76.978781000760264, 38.975436999413702 ], [ -76.979028000221248, 38.975130001169326 ], [ -76.97912300038432, 38.974996000028781 ], [ -76.979188999320584, 38.97488599968294 ], [ -76.979270999662347, 38.97472099968148 ], [ -76.979398998882473, 38.974401000397258 ], [ -76.979446000206352, 38.974228000182109 ], [ -76.979463000337347, 38.974135000385566 ], [ -76.979470999656499, 38.974016000347547 ], [ -76.979474999662429, 38.973795000293528 ], [ -76.979466999982861, 38.973626999860905 ], [ -76.979483000697613, 38.972764000412376 ], [ -76.979617000397155, 38.972272000383953 ], [ -76.980373999959738, 38.972702000124833 ], [ -76.981208000991785, 38.97311600059578 ], [ -76.982064999893311, 38.973625000332895 ], [ -76.982403998907884, 38.973786999127768 ], [ -76.982799998791052, 38.973953000482609 ], [ -76.98318100069298, 38.974099000060761 ], [ -76.983393000120728, 38.974166000252922 ], [ -76.984131000218397, 38.974366999791748 ], [ -76.984328999571559, 38.97441299999813 ], [ -76.985026999917579, 38.97459500005597 ], [ -76.985703999896089, 38.974757000509207 ], [ -76.986787000201474, 38.975001000488561 ], [ -76.98704199935483, 38.975079999666818 ], [ -76.987586999715944, 38.975194000275863 ], [ -76.987922000595645, 38.975238999930355 ], [ -76.989452999584742, 38.975489000267522 ], [ -76.990536000024562, 38.975643000312552 ], [ -76.989317000574928, 38.975989000453474 ], [ -76.987890000150031, 38.976536999428532 ], [ -76.986869000137617, 38.97687900008065 ], [ -76.985746999873854, 38.97734899993069 ], [ -76.986044000581813, 38.977611000346307 ], [ -76.986663999715205, 38.979182999604163 ], [ -76.986140000037139, 38.981147000074401 ], [ -76.985734999697357, 38.982710999482414 ], [ -76.985426999644801, 38.983915000380335 ], [ -76.985265000483821, 38.9845960000779 ], [ -76.98494000031026, 38.985297000232535 ], [ -76.984786999962964, 38.987181999562246 ], [ -76.981745000374588, 38.985389000093356 ], [ -76.981008000212043, 38.984921999766179 ], [ -76.980616000277735, 38.984689000213159 ], [ -76.979382000207508, 38.984005000084309 ], [ -76.979053001004573, 38.983853999999191 ], [ -76.978862000159594, 38.983782999829145 ], [ -76.978572000586936, 38.983700000326387 ], [ -76.978294000077881, 38.98364100021314 ], [ -76.978073000413488, 38.983617999755666 ] ] ] } },
{ "type": "Feature", "properties": { "GEOID20": "24033805601", "ORGANIZATION_NAME": "CASA, Inc.", "GOC_TRACK_TYPE": "Partnership Development" }, "geometry": { "type": "Polygon", "coordinates": [ [ [ -76.982320000563718, 38.993089999088397 ], [ -76.982323999782608, 38.992906000068309 ], [ -76.98226100025876, 38.992437999366992 ], [ -76.982581000531411, 38.992395999890732 ], [ -76.982978999914408, 38.992358000645012 ], [ -76.983269000290207, 38.992348999152682 ], [ -76.983551000044386, 38.992355000771909 ], [ -76.983921000473202, 38.992385000869646 ], [ -76.984370000054057, 38.992441999840274 ], [ -76.984462999974753, 38.991880000650518 ], [ -76.984480999905102, 38.991695999766876 ], [ -76.984496999613853, 38.991341000459329 ], [ -76.98449500097496, 38.991020000191639 ], [ -76.984460999979078, 38.990390999850128 ], [ -76.984410999338351, 38.990072000158854 ], [ -76.984331001115777, 38.989678000419929 ], [ -76.984223000447443, 38.989288000066281 ], [ -76.98410300029758, 38.988918000668782 ], [ -76.984027000048954, 38.98871400042583 ], [ -76.983950000509765, 38.988566999404817 ], [ -76.983884999544017, 38.988481999855061 ], [ -76.983794999994544, 38.988397000410359 ], [ -76.983677999991173, 38.988294000537572 ], [ -76.983529000691732, 38.988197999923862 ], [ -76.983434000058296, 38.988150000697097 ], [ -76.983321999132386, 38.988105000504177 ], [ -76.98315499976664, 38.9880600004035 ], [ -76.982951000099078, 38.988025000091177 ], [ -76.981956000730548, 38.987924000362753 ], [ -76.981217999529164, 38.987857000059599 ], [ -76.980051000196141, 38.987718999309173 ], [ -76.97938500049797, 38.987648999962239 ], [ -76.979233999202449, 38.987614999700945 ], [ -76.979078999290095, 38.987563000132013 ], [ -76.978694000580347, 38.987377000343123 ], [ -76.978909000787439, 38.98713900012811 ], [ -76.979058999747963, 38.986935000178633 ], [ -76.979139000380684, 38.986781000237443 ], [ -76.97919499928004, 38.986526000437955 ], [ -76.979232000426123, 38.986116999184091 ], [ -76.979042000332257, 38.986106999512181 ], [ -76.978688999847918, 38.986067000534348 ], [ -76.978440000437118, 38.986014001042342 ], [ -76.978296999925092, 38.985967000385287 ], [ -76.978098999568175, 38.985854999536429 ], [ -76.977917000600456, 38.985742999570135 ], [ -76.977825000329744, 38.985674999903409 ], [ -76.977750000077734, 38.985600999426033 ], [ -76.977476000612214, 38.985256000067992 ], [ -76.978154999509911, 38.984924999608602 ], [ -76.978547999805954, 38.984714999942845 ], [ -76.978677000078065, 38.984642000260209 ], [ -76.978817001085972, 38.984552000326893 ], [ -76.978931999411969, 38.984471000332839 ], [ -76.979027999572509, 38.984394000069308 ], [ -76.979117999272745, 38.984303999803394 ], [ -76.979191000802743, 38.984218999605318 ], [ -76.979284000760202, 38.9840820002903 ], [ -76.979382000207508, 38.984005000084309 ], [ -76.980616000277735, 38.984689000213159 ], [ -76.981008000212043, 38.984921999766179 ], [ -76.981745000374588, 38.985389000093356 ], [ -76.984786999962964, 38.987181999562246 ], [ -76.984856000348884, 38.987222999463306 ], [ -76.985004999716026, 38.987311999929737 ], [ -76.986244000391991, 38.988019999058977 ], [ -76.986819999197877, 38.988374999489331 ], [ -76.987257999468184, 38.988686999457158 ], [ -76.987638999327473, 38.988978998946642 ], [ -76.987794999967917, 38.98909900010117 ], [ -76.988027999756952, 38.989308000093146 ], [ -76.988570999051618, 38.989826999867979 ], [ -76.991097999935732, 38.992404999710054 ], [ -76.990676001177789, 38.993020999601484 ], [ -76.989135000316239, 38.993313000627047 ], [ -76.988765000399368, 38.993388999354302 ], [ -76.988529999781179, 38.993423000503867 ], [ -76.988333999154861, 38.993428999497105 ], [ -76.98813899982224, 38.993417999797963 ], [ -76.987922999906473, 38.99338599950292 ], [ -76.987769999706899, 38.993356000727701 ], [ -76.986667000020446, 38.993049999700091 ], [ -76.986444999394507, 38.993472999978223 ], [ -76.986229999516055, 38.993883999905179 ], [ -76.984888000372052, 38.996445999329524 ], [ -76.984745999969519, 38.996397999675189 ], [ -76.98368099961111, 38.996115999583743 ], [ -76.982882999974194, 38.995798999898078 ], [ -76.982594999759485, 38.995713999347238 ], [ -76.98233700000192, 38.995624000370441 ], [ -76.982050000474956, 38.995489999466066 ], [ -76.981838999504774, 38.995373999937605 ], [ -76.981410000062624, 38.995065000189754 ], [ -76.981094000329492, 38.99479999966961 ], [ -76.981443000603022, 38.994542999541935 ], [ -76.981718000092229, 38.994299999965165 ], [ -76.981898999979961, 38.994123999885282 ], [ -76.982054000541481, 38.993889999873154 ], [ -76.982145000667927, 38.993719000418693 ], [ -76.982218000310695, 38.993564000311409 ], [ -76.982262000762333, 38.993421999991561 ], [ -76.982298000753985, 38.993245999706474 ], [ -76.982320000563718, 38.993089999088397 ] ] ] } },
{ "type": "Feature", "properties": { "GEOID20": "24033805602", "ORGANIZATION_NAME": "CASA, Inc.", "GOC_TRACK_TYPE": "Partnership Development" }, "geometry": { "type": "Polygon", "coordinates": [ [ [ -76.981126999265115, 38.992409999185689 ], [ -76.980692999562578, 38.992301000329242 ], [ -76.979762999700341, 38.992052999676176 ], [ -76.979089999238084, 38.991877000735414 ], [ -76.979462000080972, 38.991010999406733 ], [ -76.979555000418415, 38.990764999935408 ], [ -76.979594000543742, 38.990586999286727 ], [ -76.979599999982156, 38.990475999474249 ], [ -76.979586999411808, 38.990254000885734 ], [ -76.979571000648079, 38.990166999580538 ], [ -76.979520000412521, 38.990004999765546 ], [ -76.979462000910871, 38.989890999802576 ], [ -76.979345999506378, 38.989716999454288 ], [ -76.979237000264447, 38.989610999550038 ], [ -76.97894699981353, 38.989375000349334 ], [ -76.977633999992392, 38.988238000511913 ], [ -76.976931999982114, 38.987613000038252 ], [ -76.976793000747421, 38.987511000541211 ], [ -76.976585999048524, 38.987381000585977 ], [ -76.976483000075248, 38.98732799995323 ], [ -76.976359000835288, 38.987276000302522 ], [ -76.975669000261973, 38.987022000308109 ], [ -76.976124999988599, 38.986290999770056 ], [ -76.976371000049909, 38.985961000634184 ], [ -76.976442000703017, 38.985878999707836 ], [ -76.976547000013269, 38.985777999136275 ], [ -76.97663899991646, 38.98570299987388 ], [ -76.976744000588752, 38.985628000421173 ], [ -76.976995000064562, 38.985483999760547 ], [ -76.977476000612214, 38.985256000067992 ], [ -76.977750000077734, 38.985600999426033 ], [ -76.977825000329744, 38.985674999903409 ], [ -76.977917000600456, 38.985742999570135 ], [ -76.978098999568175, 38.985854999536429 ], [ -76.978296999925092, 38.985967000385287 ], [ -76.978440000437118, 38.986014001042342 ], [ -76.978688999847918, 38.986067000534348 ], [ -76.979042000332257, 38.986106999512181 ], [ -76.979232000426123, 38.986116999184091 ], [ -76.97919499928004, 38.986526000437955 ], [ -76.979139000380684, 38.986781000237443 ], [ -76.979058999747963, 38.986935000178633 ], [ -76.978909000787439, 38.98713900012811 ], [ -76.978694000580347, 38.987377000343123 ], [ -76.979078999290095, 38.987563000132013 ], [ -76.979233999202449, 38.987614999700945 ], [ -76.97938500049797, 38.987648999962239 ], [ -76.980051000196141, 38.987718999309173 ], [ -76.981217999529164, 38.987857000059599 ], [ -76.981956000730548, 38.987924000362753 ], [ -76.982951000099078, 38.988025000091177 ], [ -76.98315499976664, 38.9880600004035 ], [ -76.983321999132386, 38.988105000504177 ], [ -76.983434000058296, 38.988150000697097 ], [ -76.983529000691732, 38.988197999923862 ], [ -76.983677999991173, 38.988294000537572 ], [ -76.983794999994544, 38.988397000410359 ], [ -76.983884999544017, 38.988481999855061 ], [ -76.983950000509765, 38.988566999404817 ], [ -76.984027000048954, 38.98871400042583 ], [ -76.98410300029758, 38.988918000668782 ], [ -76.984223000447443, 38.989288000066281 ], [ -76.984331001115777, 38.989678000419929 ], [ -76.984410999338351, 38.990072000158854 ], [ -76.984460999979078, 38.990390999850128 ], [ -76.98449500097496, 38.991020000191639 ], [ -76.984496999613853, 38.991341000459329 ], [ -76.984480999905102, 38.991695999766876 ], [ -76.984462999974753, 38.991880000650518 ], [ -76.984370000054057, 38.992441999840274 ], [ -76.983921000473202, 38.992385000869646 ], [ -76.983551000044386, 38.992355000771909 ], [ -76.983269000290207, 38.992348999152682 ], [ -76.982978999914408, 38.992358000645012 ], [ -76.982581000531411, 38.992395999890732 ], [ -76.98226100025876, 38.992437999366992 ], [ -76.981808999101503, 38.992474999584744 ], [ -76.981613999392138, 38.992474999725957 ], [ -76.98150599959159, 38.992465000717353 ], [ -76.981317999938952, 38.992442000840313 ], [ -76.981126999265115, 38.992409999185689 ] ] ] } },
{ "type": "Feature", "properties": { "GEOID20": "24033806602", "ORGANIZATION_NAME": "Latin American Youth Center", "GOC_TRACK_TYPE": "Plan Development" }, "geometry": { "type": "Polygon", "coordinates": [ [ [ -76.899086999874811, 38.972508999605239 ], [ -76.899498999521398, 38.971797999782758 ], [ -76.899671999883452, 38.971474999295296 ], [ -76.899993000672197, 38.970945999493935 ], [ -76.900263000435913, 38.970512999361297 ], [ -76.900646999095386, 38.969946999574098 ], [ -76.900967999881857, 38.969456000029972 ], [ -76.901472000283974, 38.96875699944863 ], [ -76.902062001173846, 38.968003000347096 ], [ -76.902833999807243, 38.967084999420756 ], [ -76.90329800109528, 38.966482999700403 ], [ -76.903922999935943, 38.965737000246243 ], [ -76.904294000443201, 38.965245999835467 ], [ -76.904662999840795, 38.964710000347551 ], [ -76.905317999635486, 38.963299999354845 ], [ -76.905461999939973, 38.962588000596774 ], [ -76.905506000252672, 38.962279000693385 ], [ -76.905560999846799, 38.961618000233713 ], [ -76.905545000255401, 38.961211999489272 ], [ -76.906104000397093, 38.961191000159275 ], [ -76.906296000278886, 38.961196999644933 ], [ -76.907655999309753, 38.961155999554705 ], [ -76.90869799988053, 38.961135999763798 ], [ -76.909677999734001, 38.961118000296025 ], [ -76.910224999235041, 38.961098999753702 ], [ -76.910664000164047, 38.961064000196274 ], [ -76.910791000072223, 38.961049000219241 ], [ -76.910968999341875, 38.961022000310585 ], [ -76.911142998879996, 38.960988000376446 ], [ -76.911469000244281, 38.960906000457186 ], [ -76.911993999575117, 38.960754000459282 ], [ -76.912956999917597, 38.960431000494367 ], [ -76.913094000307737, 38.960401000400765 ], [ -76.913430999387231, 38.960356000103651 ], [ -76.914522000816504, 38.960238000039773 ], [ -76.915439000109828, 38.960146999666911 ], [ -76.915837999633894, 38.960120000627199 ], [ -76.916128001006115, 38.960105999381483 ], [ -76.916743000886015, 38.960111000700337 ], [ -76.917118999648181, 38.960126000840006 ], [ -76.917669999995042, 38.960179999173199 ], [ -76.917750999733627, 38.9601829991784 ], [ -76.918584000268055, 38.960277999551302 ], [ -76.918952999729512, 38.960333000905145 ], [ -76.919373999603479, 38.960411999833433 ], [ -76.91985200110382, 38.960517000836539 ], [ -76.919705999665752, 38.961161000171856 ], [ -76.919611001126867, 38.961619000298406 ], [ -76.919432000155325, 38.962301000311228 ], [ -76.919368000038801, 38.962472000455271 ], [ -76.918987999261219, 38.963375999948035 ], [ -76.918942000086872, 38.963515999578064 ], [ -76.918887000239607, 38.963773000248743 ], [ -76.918860999662101, 38.963942999479947 ], [ -76.918848000177505, 38.96408399934726 ], [ -76.918833000329869, 38.964333999479308 ], [ -76.918810001094258, 38.965480999674043 ], [ -76.91878400115246, 38.965752000232342 ], [ -76.918759000859666, 38.965898999305367 ], [ -76.918723999524715, 38.966032000705574 ], [ -76.918621000211843, 38.96633499900377 ], [ -76.918538999871274, 38.966538000447294 ], [ -76.918425999605432, 38.966746000500635 ], [ -76.91813999999674, 38.967210000153266 ], [ -76.916789998613126, 38.969533999788155 ], [ -76.915820000046665, 38.971086000381952 ], [ -76.915343000614641, 38.971840999672445 ], [ -76.915230999907664, 38.972031000493885 ], [ -76.915143999436154, 38.972166999639271 ], [ -76.915095000545989, 38.972151999588462 ], [ -76.914850999830747, 38.972108999716284 ], [ -76.914338999280332, 38.972059000309926 ], [ -76.913855000614618, 38.972055999961064 ], [ -76.912203000462526, 38.972005999859348 ], [ -76.91155399907008, 38.971971000246135 ], [ -76.91007400053833, 38.971918000291197 ], [ -76.909865999670188, 38.971917999605523 ], [ -76.909215000564117, 38.971938999605577 ], [ -76.908594999754456, 38.971993001182135 ], [ -76.908214999693925, 38.972017999588225 ], [ -76.907869000119078, 38.97201999939108 ], [ -76.907489000662508, 38.972013999887395 ], [ -76.906062999764899, 38.971956999421032 ], [ -76.904637000252407, 38.971910999543461 ], [ -76.904109999576448, 38.971915000660474 ], [ -76.903533000026584, 38.971942999360927 ], [ -76.903231998697265, 38.971963999313779 ], [ -76.903060000780656, 38.971981000445091 ], [ -76.902554000741105, 38.972044999630789 ], [ -76.901669999642905, 38.972228000749169 ], [ -76.901350000302372, 38.972285999244669 ], [ -76.900285999664746, 38.972434000352131 ], [ -76.899242998955515, 38.972508998991522 ], [ -76.899086999874811, 38.972508999605239 ] ] ] } },
{ "type": "Feature", "properties": { "GEOID20": "24033807301", "ORGANIZATION_NAME": "Latin American Youth Center", "GOC_TRACK_TYPE": "Plan Development" }, "geometry": { "type": "Polygon", "coordinates": [ [ [ -76.926596000569859, 39.018438999908739 ], [ -76.926667999468506, 39.018198000434339 ], [ -76.926713000252704, 39.018076000601091 ], [ -76.927028999565636, 39.016977000757862 ], [ -76.927353999644666, 39.016026999391855 ], [ -76.927373000218324, 39.015932999370698 ], [ -76.927420000196136, 39.015807999831821 ], [ -76.927655999508389, 39.014880999438518 ], [ -76.927737000203322, 39.014526000141736 ], [ -76.927790000234111, 39.014340999876296 ], [ -76.927895000491759, 39.014472999919569 ], [ -76.928011999397697, 39.014532999631932 ], [ -76.928489999205794, 39.014837000073165 ], [ -76.928693001013713, 39.01495799991946 ], [ -76.928914001132924, 39.015128000307868 ], [ -76.929203999895165, 39.015300999415444 ], [ -76.930127000006536, 39.015936999449814 ], [ -76.93041199974293, 39.016072999654298 ], [ -76.930692000002225, 39.016186000180774 ], [ -76.931016999483603, 39.016303000067353 ], [ -76.931985000011053, 39.016619999754646 ], [ -76.933621999482071, 39.01710100050466 ], [ -76.933673999671214, 39.016991999807779 ], [ -76.934890000370658, 39.01667400037072 ], [ -76.934961001132578, 39.016636000222647 ], [ -76.935057000016954, 39.016573999970618 ], [ -76.935255998968543, 39.016466999687289 ], [ -76.935352000918499, 39.016396000046768 ], [ -76.935619000194578, 39.01625099975805 ], [ -76.93571899981977, 39.016182999926819 ], [ -76.935793999035823, 39.016102000138417 ], [ -76.935804999100355, 39.016057999535207 ], [ -76.935670999120816, 39.015774999608915 ], [ -76.935654000156262, 39.015671000114374 ], [ -76.935676999472406, 39.015588999806511 ], [ -76.935737999307676, 39.015505999743702 ], [ -76.935783000526712, 39.015462999693547 ], [ -76.935850000023578, 39.015376000538794 ], [ -76.935905000917302, 39.015206999829623 ], [ -76.935902999478046, 39.015133000329698 ], [ -76.935884000282016, 39.015092000105341 ], [ -76.935905000578813, 39.015047000552805 ], [ -76.935913999954522, 39.014951000148024 ], [ -76.935874000323807, 39.014826998966967 ], [ -76.9358190008261, 39.014741000364097 ], [ -76.935793000631236, 39.014652999822175 ], [ -76.935838000066255, 39.014313998876325 ], [ -76.935855000762274, 39.014124999916426 ], [ -76.935850000467028, 39.014008999114644 ], [ -76.935902999874571, 39.013661000629128 ], [ -76.935916999292843, 39.013471999089155 ], [ -76.93590500071609, 39.013352000222412 ], [ -76.935908999546484, 39.01313999986278 ], [ -76.935940000319107, 39.01291200047141 ], [ -76.936003999785058, 39.012532000080853 ], [ -76.936028000212033, 39.012190000316117 ], [ -76.936056999216291, 39.011970999809002 ], [ -76.93607600009166, 39.011706999849004 ], [ -76.936080000236188, 39.011479999916766 ], [ -76.936057999744222, 39.01136199986685 ], [ -76.935913999290321, 39.010979000234549 ], [ -76.935849000109386, 39.010674000396243 ], [ -76.935813000922991, 39.010580000265783 ], [ -76.935696000732378, 39.010373000442137 ], [ -76.935583999266981, 39.010201999876479 ], [ -76.935481999807564, 39.010023000055789 ], [ -76.935358000155233, 39.009881999748707 ], [ -76.935198999841347, 39.009738000025017 ], [ -76.934174999842043, 39.00903400041534 ], [ -76.933993999758528, 39.00837299970101 ], [ -76.933874000375965, 39.007239999508727 ], [ -76.933818999043012, 39.006893999642877 ], [ -76.933753999380912, 39.006484000001009 ], [ -76.934360000014649, 39.005445999913434 ], [ -76.934481999654381, 39.003841000341048 ], [ -76.934240999902997, 39.002896999811391 ], [ -76.934241999872341, 39.001669999587065 ], [ -76.934074000253403, 39.001444999540972 ], [ -76.933980000238449, 39.001326999689525 ], [ -76.933396000582988, 39.000536999552381 ], [ -76.933155000482927, 38.999970000419424 ], [ -76.932996999886214, 38.999706999817754 ], [ -76.932840998945693, 38.999363000320017 ], [ -76.932598999661494, 38.998907999926971 ], [ -76.932622000124965, 38.998669000722096 ], [ -76.933745999842131, 38.998930999940313 ], [ -76.935102999758428, 38.999259999109498 ], [ -76.935635000875919, 38.999380000109106 ], [ -76.935900000606608, 38.999424000161859 ], [ -76.936051999478025, 38.999455000342856 ], [ -76.936642000614896, 38.999547000374683 ], [ -76.937555000251606, 38.999704000393706 ], [ -76.939946999916984, 39.000128000545722 ], [ -76.94072800069749, 39.000253999060497 ], [ -76.940913999390403, 39.000298998947848 ], [ -76.940988999760805, 39.000336999094529 ], [ -76.941036999748562, 39.000374000092386 ], [ -76.941089999946399, 39.000440000033116 ], [ -76.941129999658003, 39.000526000585054 ], [ -76.941195999327959, 39.000740000669474 ], [ -76.941278999548473, 39.00096699994247 ], [ -76.940779000385859, 39.001072000427484 ], [ -76.939606999961512, 39.001245999701496 ], [ -76.939276999752593, 39.001282000343423 ], [ -76.939033999697799, 39.001303999864689 ], [ -76.938508999436038, 39.001337000430176 ], [ -76.937609999550432, 39.001365000230315 ], [ -76.936924999632652, 39.004562998921735 ], [ -76.941879000360217, 39.005526999284733 ], [ -76.94213900037353, 39.004759000132665 ], [ -76.942422999627084, 39.004796000794734 ], [ -76.942463999707272, 39.004792000615474 ], [ -76.942510999442234, 39.004776999882921 ], [ -76.942549000155154, 39.004749999425499 ], [ -76.942571999985162, 39.004592999104624 ], [ -76.942618000129144, 39.004406999223619 ], [ -76.942688999921302, 39.004214999508633 ], [ -76.942753999543143, 39.004086000901403 ], [ -76.942840999964773, 39.003943000784879 ], [ -76.942973999704492, 39.003756999971301 ], [ -76.943091000002312, 39.003535999850037 ], [ -76.943374000113522, 39.002385999827538 ], [ -76.943556999354513, 39.001993000065987 ], [ -76.943734999449944, 39.001725000520302 ], [ -76.94404900026673, 39.001484000275049 ], [ -76.944200000130252, 39.001392999668745 ], [ -76.944483999634841, 39.001241999995699 ], [ -76.944575000342709, 39.001176000551482 ], [ -76.94462899946511, 39.001103999393138 ], [ -76.944744001056009, 39.000898000584272 ], [ -76.945082000808029, 39.000938000227933 ], [ -76.946505999589036, 39.001237000219298 ], [ -76.947302999633862, 39.001380000190998 ], [ -76.948797000224019, 39.001626000530635 ], [ -76.949085000601684, 39.0016830002779 ], [ -76.949633999524906, 39.00178100010298 ], [ -76.952106000185339, 39.002193000412575 ], [ -76.953255000591042, 39.002793999953148 ], [ -76.951822000069043, 39.004915000231762 ], [ -76.949994999775001, 39.005627999967757 ], [ -76.949484000388651, 39.006088999845588 ], [ -76.950101999483707, 39.006655999809539 ], [ -76.950829000443164, 39.006531000319569 ], [ -76.951340000293058, 39.006384000601749 ], [ -76.951770999786859, 39.006384000696464 ], [ -76.952390000164215, 39.006174999770742 ], [ -76.952713000132249, 39.00573399961285 ], [ -76.955418000312775, 39.005236999661442 ], [ -76.956289999714556, 39.003382000197568 ], [ -76.956509999947997, 39.002944999961414 ], [ -76.957534998863906, 39.003100999981825 ], [ -76.957196999238647, 39.00410800007117 ], [ -76.958366000240289, 39.004409000426243 ], [ -76.958036000146038, 39.004926000446915 ], [ -76.95598999950225, 39.00818900041147 ], [ -76.954830999265241, 39.009988999485209 ], [ -76.954645000287954, 39.01028799952087 ], [ -76.954251999580578, 39.010880999917397 ], [ -76.954019999956088, 39.011203999375908 ], [ -76.953417000288582, 39.010883999886637 ], [ -76.952011000226463, 39.016518000600229 ], [ -76.951356000578926, 39.017619999163635 ], [ -76.951014999985702, 39.018240000509131 ], [ -76.950936000728319, 39.018415000264511 ], [ -76.950844999861246, 39.018671999703457 ], [ -76.950773999677168, 39.018933999788707 ], [ -76.950289999827532, 39.020250999804389 ], [ -76.950206001004616, 39.02050199949349 ], [ -76.95013900014807, 39.020745999817429 ], [ -76.950085999649019, 39.020983000428714 ], [ -76.949856999144657, 39.022085000237979 ], [ -76.949266999660665, 39.022225000024129 ], [ -76.94845400033266, 39.022403000560026 ], [ -76.947496999916481, 39.022584000001096 ], [ -76.94712999909062, 39.022644000152596 ], [ -76.946386000269001, 39.022737000427249 ], [ -76.94587399930748, 39.022794999675426 ], [ -76.945055000170598, 39.022860000008883 ], [ -76.944144999345042, 39.02287500016957 ], [ -76.943380000296855, 39.022869999665176 ], [ -76.942507000161825, 39.022834999891572 ], [ -76.941562999794783, 39.022748000113616 ], [ -76.940962999946933, 39.02272899987021 ], [ -76.940122999301565, 39.022580999920081 ], [ -76.939690000095609, 39.022491999633075 ], [ -76.939098000265048, 39.022346999762767 ], [ -76.938378000109878, 39.022156999647606 ], [ -76.938124000094348, 39.022083999657177 ], [ -76.937743999274318, 39.021968000241714 ], [ -76.936902999699541, 39.021679999968974 ], [ -76.935070999772151, 39.020951000145061 ], [ -76.933741999467543, 39.020398999925092 ], [ -76.932845999604879, 39.020067000185932 ], [ -76.932067000477758, 39.019759999693584 ], [ -76.930940000489343, 39.01934300052325 ], [ -76.930516999968575, 39.019200999695144 ], [ -76.930212001456709, 39.019113000456407 ], [ -76.929398000255404, 39.018909000064504 ], [ -76.928498000996925, 39.018721000313583 ], [ -76.9278889995404, 39.018607000511096 ], [ -76.927266999731074, 39.018516999782278 ], [ -76.926596000569859, 39.018438999908739 ] ] ] } },
{ "type": "Feature", "properties": { "GEOID20": "24033807305", "ORGANIZATION_NAME": "Latin American Youth Center", "GOC_TRACK_TYPE": "Plan Development" }, "geometry": { "type": "Polygon", "coordinates": [ [ [ -76.950844999861246, 39.018671999703457 ], [ -76.950936000728319, 39.018415000264511 ], [ -76.951014999985702, 39.018240000509131 ], [ -76.951356000578926, 39.017619999163635 ], [ -76.952011000226463, 39.016518000600229 ], [ -76.953417000288582, 39.010883999886637 ], [ -76.954019999956088, 39.011203999375908 ], [ -76.954251999580578, 39.010880999917397 ], [ -76.954645000287954, 39.01028799952087 ], [ -76.954830999265241, 39.009988999485209 ], [ -76.95598999950225, 39.00818900041147 ], [ -76.958036000146038, 39.004926000446915 ], [ -76.958366000240289, 39.004409000426243 ], [ -76.957196999238647, 39.00410800007117 ], [ -76.957534998863906, 39.003100999981825 ], [ -76.957812999750928, 39.003128000778112 ], [ -76.958180999657387, 39.003150000248411 ], [ -76.958713000178818, 39.003169000075843 ], [ -76.959134000231273, 39.003172000776878 ], [ -76.959570000933269, 39.003150000246379 ], [ -76.959852000123774, 39.00312900020311 ], [ -76.96014699913691, 39.003101000050357 ], [ -76.960583000081186, 39.003047999503622 ], [ -76.961634000201187, 39.002855000934325 ], [ -76.962738999903181, 39.002679999461847 ], [ -76.963207000870582, 39.002617999248429 ], [ -76.963874000128357, 39.002512000674969 ], [ -76.964348000743087, 39.002459999529876 ], [ -76.964539999804657, 39.002447999531789 ], [ -76.964704000088147, 39.002438999506943 ], [ -76.965351000194957, 39.002424999623905 ], [ -76.965911000048422, 39.002851999580862 ], [ -76.96624399954149, 39.003087999606677 ], [ -76.967851999568239, 39.004271000937017 ], [ -76.968813999700302, 39.005005999608258 ], [ -76.969193999893875, 39.005298000254363 ], [ -76.969316999322857, 39.005407998955917 ], [ -76.969485000376395, 39.005569000036594 ], [ -76.969618000911723, 39.005715000385237 ], [ -76.969783000542506, 39.005921999580856 ], [ -76.970161000410542, 39.006244999936577 ], [ -76.970492999787112, 39.006500999990628 ], [ -76.970581999981761, 39.006598999778703 ], [ -76.971940000186265, 39.007511999734255 ], [ -76.972829999802713, 39.008124999492672 ], [ -76.973573000617293, 39.008627000287589 ], [ -76.973842999383365, 39.008847999770566 ], [ -76.974006999932143, 39.008964000251972 ], [ -76.975756000205266, 39.009619000052353 ], [ -76.975932000229861, 39.009757000042228 ], [ -76.976111999650769, 39.009862999974715 ], [ -76.976197000515938, 39.009926999590292 ], [ -76.976316999979389, 39.010031999687207 ], [ -76.976754999951311, 39.010467000787735 ], [ -76.976949000739438, 39.010683999885956 ], [ -76.97718299957215, 39.010887000567102 ], [ -76.977277999401181, 39.010947000807242 ], [ -76.976056999479368, 39.012634000343795 ], [ -76.974564998947656, 39.014714000641291 ], [ -76.973847999419831, 39.015635000287723 ], [ -76.973770999450252, 39.015717999496871 ], [ -76.972096999852283, 39.018108999967509 ], [ -76.971891999556277, 39.018353999582061 ], [ -76.971723000060791, 39.018555999927365 ], [ -76.971622000541004, 39.018550999377091 ], [ -76.970749000716467, 39.018546001088616 ], [ -76.969998999565675, 39.018517999454886 ], [ -76.969156999767677, 39.018532999826711 ], [ -76.967351999646993, 39.018648999937604 ], [ -76.965027999167162, 39.018895000404669 ], [ -76.964245000425933, 39.01900599999783 ], [ -76.963610000272411, 39.019106999084222 ], [ -76.962801000720162, 39.019249999482369 ], [ -76.961667999305973, 39.019466999528575 ], [ -76.960127000407638, 39.019785000066413 ], [ -76.959158999530914, 39.019998999763061 ], [ -76.957804000226517, 39.020219999605018 ], [ -76.956142000513552, 39.020622999376698 ], [ -76.953889000888736, 39.021158000810203 ], [ -76.952557999754603, 39.021465999517581 ], [ -76.950987999394329, 39.021813000179051 ], [ -76.95054299964265, 39.021924000468353 ], [ -76.949856999144657, 39.022085000237979 ], [ -76.950085999649019, 39.020983000428714 ], [ -76.95013900014807, 39.020745999817429 ], [ -76.950206001004616, 39.02050199949349 ], [ -76.950289999827532, 39.020250999804389 ], [ -76.950773999677168, 39.018933999788707 ], [ -76.950844999861246, 39.018671999703457 ] ] ] } },
{ "type": "Feature", "properties": { "GEOID20": "24033807410", "ORGANIZATION_NAME": "Latin American Youth Center", "GOC_TRACK_TYPE": "Plan Development" }, "geometry": { "type": "Polygon", "coordinates": [ [ [ -76.937737999456743, 39.051586999551965 ], [ -76.93737200106122, 39.051471999904734 ], [ -76.937301999692892, 39.051447000134118 ], [ -76.936743000489244, 39.051208999494797 ], [ -76.936844000019065, 39.050963999865843 ], [ -76.937525000914931, 39.050070000073433 ], [ -76.938171001099533, 39.049261999516474 ], [ -76.938316999662561, 39.049057000171636 ], [ -76.938441999651545, 39.048862999283728 ], [ -76.938533999881656, 39.048664999357158 ], [ -76.938537999179061, 39.048438999275426 ], [ -76.93850199918586, 39.048186000745432 ], [ -76.938409000050328, 39.047996999930575 ], [ -76.938183999501106, 39.047673999795649 ], [ -76.937805999556645, 39.047259999338031 ], [ -76.937685999937116, 39.047117999503122 ], [ -76.938469001016514, 39.04666299956974 ], [ -76.941180999697877, 39.045006000439741 ], [ -76.94190500026474, 39.044588000684449 ], [ -76.943704000216172, 39.043524999699002 ], [ -76.944964000415283, 39.042789000134796 ], [ -76.945147000284194, 39.042672999520974 ], [ -76.945462999814112, 39.042455999658024 ], [ -76.94591499911472, 39.042112999752497 ], [ -76.946313999091302, 39.041757000312096 ], [ -76.946702000596574, 39.041358000597249 ], [ -76.946857000429929, 39.04118100055581 ], [ -76.946913000096586, 39.041107999961447 ], [ -76.946938000473779, 39.041064000397924 ], [ -76.946976999152071, 39.040960000578202 ], [ -76.947147000348366, 39.040716999136734 ], [ -76.947303998756013, 39.040451999192456 ], [ -76.947398999945591, 39.040320000196481 ], [ -76.947698000753064, 39.039741999266148 ], [ -76.948089999952401, 39.040130000701176 ], [ -76.948118000129853, 39.039944999207378 ], [ -76.948179999929394, 39.040041000845555 ], [ -76.948248999687038, 39.040001999242811 ], [ -76.948308000512426, 39.040032000689408 ], [ -76.948341000192002, 39.040032000844327 ], [ -76.948487000065285, 39.039997999226735 ], [ -76.949374000211193, 39.039828999559973 ], [ -76.950404000309547, 39.039640999893471 ], [ -76.951438000233679, 39.039425000121973 ], [ -76.952237000292484, 39.039266999657237 ], [ -76.952287999557029, 39.039274999838071 ], [ -76.952320000580684, 39.03929099956715 ], [ -76.952355000119667, 39.039332999710027 ], [ -76.952410999724819, 39.0391889999527 ], [ -76.952484000588555, 39.039134999874165 ], [ -76.952525999782665, 39.039119999497366 ], [ -76.952538999412965, 39.039102000262098 ], [ -76.952548999633265, 39.039035000201871 ], [ -76.952720999977927, 39.039015999633378 ], [ -76.952928999138138, 39.039003999982903 ], [ -76.95323400006005, 39.039003999724201 ], [ -76.953525000074819, 39.039031000323753 ], [ -76.953797999992105, 39.039086000207007 ], [ -76.954044000341327, 39.039152000367629 ], [ -76.954193000264837, 39.039201999723389 ], [ -76.954713999689034, 39.039467000286827 ], [ -76.955152000367619, 39.039713000174352 ], [ -76.955580000271283, 39.039938000320028 ], [ -76.953671000546393, 39.042531998856454 ], [ -76.952546999903362, 39.044086999808449 ], [ -76.951996000266831, 39.044807999516323 ], [ -76.951771999267777, 39.045306999248083 ], [ -76.951715000339846, 39.045419999433982 ], [ -76.94899600004041, 39.049208000450683 ], [ -76.948096000625483, 39.050208000765537 ], [ -76.947775000006203, 39.050589000048433 ], [ -76.947688000462279, 39.050650998992964 ], [ -76.947431000147148, 39.050985999065631 ], [ -76.947308000728171, 39.051143000632791 ], [ -76.946496999802491, 39.052108000332616 ], [ -76.94631099990022, 39.05241499981711 ], [ -76.94603100031442, 39.052306000298884 ], [ -76.945033000360326, 39.051847000253964 ], [ -76.944263999950067, 39.051510000089586 ], [ -76.944179000188456, 39.051493000073059 ], [ -76.944106000519483, 39.051486000193911 ], [ -76.943886001064214, 39.051489999939925 ], [ -76.94378900034117, 39.051498000329389 ], [ -76.943441999674604, 39.051599000302446 ], [ -76.942218000499309, 39.051993999808822 ], [ -76.941545000064039, 39.052203000062704 ], [ -76.941250999442858, 39.052327999495397 ], [ -76.940871999395014, 39.052516000156508 ], [ -76.940578000700953, 39.052698000134924 ], [ -76.940360999159921, 39.052564999866533 ], [ -76.940185000237918, 39.052444999893083 ], [ -76.939985000300723, 39.052326999756524 ], [ -76.939880000635569, 39.052273999977935 ], [ -76.939712000205702, 39.052203000157348 ], [ -76.939438000524575, 39.052074999811609 ], [ -76.939237000041174, 39.05199899985972 ], [ -76.938743999936662, 39.051849999675163 ], [ -76.938356000941468, 39.051742999786093 ], [ -76.937737999456743, 39.051586999551965 ] ] ] } },
{ "type": "Feature", "properties": { "GEOID20": "24043000500", "ORGANIZATION_NAME": "San Mar Family & Community Services: Bester Community of Hope", "GOC_TRACK_TYPE": "Implementation" }, "geometry": { "type": "Polygon", "coordinates": [ [ [ -77.707569999833922, 39.649690000247013 ], [ -77.707099999787545, 39.649640000521281 ], [ -77.706599999832164, 39.649659999753617 ], [ -77.705609998821572, 39.649829999758822 ], [ -77.702360000040613, 39.650999999719247 ], [ -77.701360000962239, 39.651349999276107 ], [ -77.700469999474194, 39.65155999983515 ], [ -77.699399999717954, 39.651649999875012 ], [ -77.697829999181408, 39.651590000666808 ], [ -77.696429999715946, 39.651459999084679 ], [ -77.694449999220296, 39.651310000198414 ], [ -77.69291000002319, 39.651279999867818 ], [ -77.690709999468496, 39.65140000025918 ], [ -77.689130000427966, 39.651479999662243 ], [ -77.688799998805891, 39.651490000282529 ], [ -77.688836999088323, 39.65130599977698 ], [ -77.690959999657323, 39.650024000065621 ], [ -77.690969999767972, 39.649930000581719 ], [ -77.691030000343446, 39.649749999595443 ], [ -77.691139999268188, 39.649529999302565 ], [ -77.691549999604518, 39.648880000286461 ], [ -77.691659999929669, 39.64864000016744 ], [ -77.691840001107622, 39.647870000333668 ], [ -77.692120000012267, 39.646060000205004 ], [ -77.692429999553056, 39.644330000202011 ], [ -77.69263999921499, 39.64362000063813 ], [ -77.692980000467756, 39.642849999878173 ], [ -77.693289999921745, 39.64227000023017 ], [ -77.695199999885673, 39.642250000295981 ], [ -77.69680899980743, 39.642225999905705 ], [ -77.698089999910948, 39.642220000451836 ], [ -77.70025999884794, 39.642170000282363 ], [ -77.700710000667911, 39.64217000021592 ], [ -77.703274000785129, 39.642136999868704 ], [ -77.704173000754793, 39.642130999700946 ], [ -77.705090000213829, 39.642100000672421 ], [ -77.705209999543143, 39.642100000963666 ], [ -77.705942000744699, 39.642119000903307 ], [ -77.706309999077888, 39.642149999658557 ], [ -77.706865000689504, 39.642220999676177 ], [ -77.708050000226947, 39.642409999261005 ], [ -77.712370000000362, 39.642950000815759 ], [ -77.713659999710458, 39.643079999673965 ], [ -77.713870000004533, 39.64312999983462 ], [ -77.713920000110136, 39.643079999604545 ], [ -77.714240000255771, 39.642669999829437 ], [ -77.714750000380661, 39.642049999552185 ], [ -77.716249999533318, 39.640159999241042 ], [ -77.716290000391908, 39.640090000688701 ], [ -77.716613999687311, 39.640241999499366 ], [ -77.717586000213956, 39.640697999582166 ], [ -77.717910000486953, 39.64085000023104 ], [ -77.719300000229566, 39.641510000554199 ], [ -77.71945000067295, 39.641579999896557 ], [ -77.720064000390096, 39.64187200056729 ], [ -77.720330000075876, 39.642000000494974 ], [ -77.719860000273044, 39.642589999836623 ], [ -77.719589999233179, 39.642920000346137 ], [ -77.718270000092744, 39.64458000036587 ], [ -77.717859999575708, 39.645100000771883 ], [ -77.714879998999066, 39.648790000076673 ], [ -77.71416299946786, 39.649710999529823 ], [ -77.713489999972694, 39.650590000539836 ], [ -77.713060000361395, 39.651099999756028 ], [ -77.712960999338407, 39.651220000388413 ], [ -77.712666999493479, 39.651579000090628 ], [ -77.712569999599751, 39.651699999732926 ], [ -77.711660000257197, 39.651359999618016 ], [ -77.711588000082415, 39.651327999674727 ], [ -77.711240000166285, 39.65117000034958 ], [ -77.710284999153629, 39.650790000078217 ], [ -77.708759998654983, 39.650149000173684 ], [ -77.708450000814906, 39.650050000334893 ], [ -77.70819500055488, 39.649896000433792 ], [ -77.707818000031708, 39.649745000080813 ], [ -77.707569999833922, 39.649690000247013 ] ] ] } },
{ "type": "Feature", "properties": { "GEOID20": "24043000601", "ORGANIZATION_NAME": "San Mar Family & Community Services: Bester Community of Hope", "GOC_TRACK_TYPE": "Implementation" }, "geometry": { "type": "Polygon", "coordinates": [ [ [ -77.705942000744699, 39.642119000903307 ], [ -77.705209999543143, 39.642100000963666 ], [ -77.705090000213829, 39.642100000672421 ], [ -77.704173000754793, 39.642130999700946 ], [ -77.703274000785129, 39.642136999868704 ], [ -77.700710000667911, 39.64217000021592 ], [ -77.70025999884794, 39.642170000282363 ], [ -77.698089999910948, 39.642220000451836 ], [ -77.69680899980743, 39.642225999905705 ], [ -77.695199999885673, 39.642250000295981 ], [ -77.693289999921745, 39.64227000023017 ], [ -77.690659999804495, 39.642309999544111 ], [ -77.690369999879621, 39.642329999715884 ], [ -77.688300000437835, 39.642420000205739 ], [ -77.687510000457678, 39.642459999766785 ], [ -77.685140000114785, 39.642609999394061 ], [ -77.684937999469383, 39.6426099995671 ], [ -77.684039999838546, 39.64260999942541 ], [ -77.683579999746968, 39.642582999987745 ], [ -77.683727000082868, 39.642407999809336 ], [ -77.684162999895733, 39.642069000093016 ], [ -77.685479999604055, 39.641566000005653 ], [ -77.686046000297807, 39.641419999523549 ], [ -77.687395999743529, 39.640972000483167 ], [ -77.68765000086799, 39.640764000500376 ], [ -77.68766199938625, 39.64052100018862 ], [ -77.687529999174018, 39.640355000594958 ], [ -77.686865000254443, 39.639560999300237 ], [ -77.686443999566094, 39.639183999478831 ], [ -77.686108000199653, 39.638931000692381 ], [ -77.685971000351429, 39.63864399941852 ], [ -77.686064000013701, 39.638478000231316 ], [ -77.686610999945842, 39.638068000875045 ], [ -77.68669399951041, 39.638033999842555 ], [ -77.686893999802393, 39.637861999689015 ], [ -77.68691600026429, 39.637850999738056 ], [ -77.687129999627587, 39.637830999908417 ], [ -77.687369000096041, 39.637863999820325 ], [ -77.687707999948245, 39.638090000861069 ], [ -77.687904000040945, 39.638168999542323 ], [ -77.688359999778044, 39.638352000019722 ], [ -77.689323999541486, 39.638649000025069 ], [ -77.690020999387741, 39.638695999217745 ], [ -77.690339000004755, 39.638623999969084 ], [ -77.690520000103277, 39.638493999305759 ], [ -77.690637000041121, 39.638227999977239 ], [ -77.690613999467672, 39.637983999581287 ], [ -77.690102999582876, 39.636968999680562 ], [ -77.690125000443487, 39.63651100030912 ], [ -77.690206999719763, 39.636270000259472 ], [ -77.690279000064336, 39.636217999861529 ], [ -77.69028499986004, 39.636083000554699 ], [ -77.690525999453826, 39.635440999908802 ], [ -77.69056599971853, 39.635183000023922 ], [ -77.690721000130125, 39.634686000501716 ], [ -77.690791999457176, 39.634502999721413 ], [ -77.690803000207723, 39.634472999824482 ], [ -77.690863000041588, 39.63438800027739 ], [ -77.690981000276395, 39.634240000813591 ], [ -77.691077001314426, 39.63417199951958 ], [ -77.693032999380605, 39.633649999408476 ], [ -77.69324100057834, 39.633520999369878 ], [ -77.693370000637898, 39.633391000267068 ], [ -77.693394000183829, 39.633345999672301 ], [ -77.69349899994242, 39.632068999790967 ], [ -77.693817000186641, 39.631854000419459 ], [ -77.695812999081951, 39.632042000231237 ], [ -77.696323000567403, 39.632188999882601 ], [ -77.696790000256613, 39.632285000312365 ], [ -77.697572999652095, 39.632518999935755 ], [ -77.69878299969406, 39.63271600002426 ], [ -77.6990509997662, 39.632624000580819 ], [ -77.699478000561555, 39.632399000508116 ], [ -77.700016000145396, 39.632089999016571 ], [ -77.700848999613171, 39.631492000430363 ], [ -77.701328999944934, 39.631230999666343 ], [ -77.701779999018882, 39.631949999121495 ], [ -77.702209999280285, 39.632669999755208 ], [ -77.702609998882437, 39.633150000000519 ], [ -77.703020000532717, 39.633610000236779 ], [ -77.703430001325074, 39.634009999971077 ], [ -77.70385999971613, 39.634370000065772 ], [ -77.704329999664495, 39.634679999732562 ], [ -77.705050000438405, 39.635200000080374 ], [ -77.705533999237488, 39.635452000062578 ], [ -77.706319999713386, 39.635859999828654 ], [ -77.709990001041987, 39.637879999192087 ], [ -77.712149999510999, 39.639000000613372 ], [ -77.71312000082726, 39.639200000148278 ], [ -77.714289999332863, 39.639329999703186 ], [ -77.714629999692562, 39.639389999303745 ], [ -77.714740000332313, 39.639419999440371 ], [ -77.714970000454414, 39.63948999933087 ], [ -77.715610000197373, 39.639769999432374 ], [ -77.716290000391908, 39.640090000688701 ], [ -77.716249999533318, 39.640159999241042 ], [ -77.714750000380661, 39.642049999552185 ], [ -77.714240000255771, 39.642669999829437 ], [ -77.713920000110136, 39.643079999604545 ], [ -77.713870000004533, 39.64312999983462 ], [ -77.713659999710458, 39.643079999673965 ], [ -77.712370000000362, 39.642950000815759 ], [ -77.708050000226947, 39.642409999261005 ], [ -77.706865000689504, 39.642220999676177 ], [ -77.706309999077888, 39.642149999658557 ], [ -77.705942000744699, 39.642119000903307 ] ] ] } },
{ "type": "Feature", "properties": { "GEOID20": "24043000700", "ORGANIZATION_NAME": "San Mar Family & Community Services: Bester Community of Hope", "GOC_TRACK_TYPE": "Implementation" }, "geometry": { "type": "Polygon", "coordinates": [ [ [ -77.719503999188618, 39.624232000922298 ], [ -77.721629999919671, 39.62275999986106 ], [ -77.722939999442687, 39.622959999641928 ], [ -77.723600000787329, 39.623070000109429 ], [ -77.724129999699613, 39.623169999867031 ], [ -77.724940000077254, 39.623290000493441 ], [ -77.724979999556922, 39.62330000002072 ], [ -77.726130000097356, 39.623460000514832 ], [ -77.726269999475605, 39.623500000188137 ], [ -77.726769999821514, 39.623670000255231 ], [ -77.727060000707638, 39.623760000463903 ], [ -77.727960000273129, 39.624080000179887 ], [ -77.727750000017991, 39.624539999986013 ], [ -77.727549999996157, 39.625010000025064 ], [ -77.727090000390817, 39.626209999524669 ], [ -77.726580000319728, 39.62742999935476 ], [ -77.72642999975821, 39.627650000654484 ], [ -77.726170000724849, 39.62794999988013 ], [ -77.725919999340334, 39.628229999691236 ], [ -77.72547000056511, 39.628829999958775 ], [ -77.724539999216546, 39.629980000622652 ], [ -77.724003999663992, 39.6306899992951 ], [ -77.723710000140244, 39.631099999409386 ], [ -77.723319999915887, 39.631579999945572 ], [ -77.72313000030924, 39.631879998861059 ], [ -77.723110000106232, 39.631960000184883 ], [ -77.72305000028679, 39.632210000674021 ], [ -77.722759999833315, 39.635249999180743 ], [ -77.722580000299544, 39.636569999073956 ], [ -77.722560000202421, 39.636670000428943 ], [ -77.722269999839426, 39.638999999667803 ], [ -77.722200000254333, 39.639579999663248 ], [ -77.722079999574646, 39.639790000522389 ], [ -77.720330000075876, 39.642000000494974 ], [ -77.720064000390096, 39.64187200056729 ], [ -77.71945000067295, 39.641579999896557 ], [ -77.719300000229566, 39.641510000554199 ], [ -77.717910000486953, 39.64085000023104 ], [ -77.717586000213956, 39.640697999582166 ], [ -77.716613999687311, 39.640241999499366 ], [ -77.716290000391908, 39.640090000688701 ], [ -77.715610000197373, 39.639769999432374 ], [ -77.714970000454414, 39.63948999933087 ], [ -77.714740000332313, 39.639419999440371 ], [ -77.714839999955544, 39.639299999581986 ], [ -77.714950000184047, 39.638939999950836 ], [ -77.715009999626915, 39.638639999318769 ], [ -77.715159999750767, 39.637780000011482 ], [ -77.715298000409092, 39.636945999571616 ], [ -77.715419999674666, 39.635840000471511 ], [ -77.715510000259428, 39.635120000493117 ], [ -77.715750000670852, 39.633580000101254 ], [ -77.715820000457214, 39.633449999754731 ], [ -77.716060000623116, 39.633379999672819 ], [ -77.716699999694143, 39.633259999875605 ], [ -77.717149999546933, 39.633149999981228 ], [ -77.717093000226541, 39.632979999531678 ], [ -77.716951000214337, 39.632546999506097 ], [ -77.716924999837175, 39.632469999569636 ], [ -77.716870000441872, 39.632300000337644 ], [ -77.716820000456991, 39.632120000279407 ], [ -77.716379999806563, 39.630710000483347 ], [ -77.715370000047884, 39.627572000175164 ], [ -77.719503999188618, 39.624232000922298 ] ] ] } },
{ "type": "Feature", "properties": { "GEOID20": "24043000800", "ORGANIZATION_NAME": "San Mar Family & Community Services: Bester Community of Hope", "GOC_TRACK_TYPE": "Implementation" }, "geometry": { "type": "Polygon", "coordinates": [ [ [ -77.727750000017991, 39.624539999986013 ], [ -77.727960000273129, 39.624080000179887 ], [ -77.728079999735741, 39.624120000354651 ], [ -77.728819999078098, 39.624449999632958 ], [ -77.729679999100057, 39.624849999713028 ], [ -77.7299960003282, 39.625002999960984 ], [ -77.731023999797898, 39.625430999797999 ], [ -77.73335000018254, 39.626459999545965 ], [ -77.733569999531852, 39.626560000913848 ], [ -77.733829999550906, 39.62669999988249 ], [ -77.734020000109226, 39.626859999811906 ], [ -77.73427000095883, 39.627139999637826 ], [ -77.734639999949707, 39.627660000768536 ], [ -77.734859999983982, 39.627940000442713 ], [ -77.735039999900977, 39.628100000593669 ], [ -77.735120000063688, 39.62814000038027 ], [ -77.735739999940918, 39.62852000001724 ], [ -77.735470000034951, 39.628769999275434 ], [ -77.73516000077602, 39.629149999006195 ], [ -77.734839999102505, 39.629700000177202 ], [ -77.734310000187435, 39.630549999826705 ], [ -77.7340599993979, 39.630860000142135 ], [ -77.733730000791809, 39.631180000100187 ], [ -77.733019999857888, 39.631750001013721 ], [ -77.73256000048957, 39.632160000973293 ], [ -77.732249999590394, 39.632499999792323 ], [ -77.732139999521621, 39.632630000596798 ], [ -77.73171999992158, 39.633200000258384 ], [ -77.731190000532138, 39.634009999870536 ], [ -77.730459999854517, 39.635179999809125 ], [ -77.730099999774666, 39.635650000248276 ], [ -77.729210000192836, 39.636759999934611 ], [ -77.728840000002393, 39.637160000117603 ], [ -77.728796001229341, 39.637281999173375 ], [ -77.728809999372956, 39.63741000075057 ], [ -77.728649999279412, 39.637570000799791 ], [ -77.728520000101582, 39.637739999386696 ], [ -77.728429999545, 39.637840000422209 ], [ -77.728389999635141, 39.637900000380554 ], [ -77.728469999483238, 39.638580000200136 ], [ -77.728499999597489, 39.638959999687138 ], [ -77.728470000030029, 39.639220000171719 ], [ -77.727960000954766, 39.640459999383367 ], [ -77.727773000260768, 39.640882000756818 ], [ -77.727269999794586, 39.640669999499345 ], [ -77.725769999532176, 39.639930000189615 ], [ -77.725439999581624, 39.63978999981483 ], [ -77.725329999283574, 39.639749999576303 ], [ -77.725041000435141, 39.639661999449245 ], [ -77.724841999823866, 39.639588000067533 ], [ -77.724449000037481, 39.639480999615174 ], [ -77.723927999953091, 39.639405000201606 ], [ -77.722769999385321, 39.639120000249527 ], [ -77.722569999482957, 39.639079999838074 ], [ -77.722269999839426, 39.638999999667803 ], [ -77.722560000202421, 39.636670000428943 ], [ -77.722580000299544, 39.636569999073956 ], [ -77.722759999833315, 39.635249999180743 ], [ -77.72305000028679, 39.632210000674021 ], [ -77.723110000106232, 39.631960000184883 ], [ -77.72313000030924, 39.631879998861059 ], [ -77.723319999915887, 39.631579999945572 ], [ -77.723710000140244, 39.631099999409386 ], [ -77.724003999663992, 39.6306899992951 ], [ -77.724539999216546, 39.629980000622652 ], [ -77.72547000056511, 39.628829999958775 ], [ -77.725919999340334, 39.628229999691236 ], [ -77.726170000724849, 39.62794999988013 ], [ -77.72642999975821, 39.627650000654484 ], [ -77.726580000319728, 39.62742999935476 ], [ -77.727090000390817, 39.626209999524669 ], [ -77.727549999996157, 39.625010000025064 ], [ -77.727750000017991, 39.624539999986013 ] ] ] } },
{ "type": "Feature", "properties": { "GEOID20": "24043000900", "ORGANIZATION_NAME": "San Mar Family & Community Services: Bester Community of Hope", "GOC_TRACK_TYPE": "Implementation" }, "geometry": { "type": "Polygon", "coordinates": [ [ [ -77.730629999429908, 39.646299999308312 ], [ -77.730209999761769, 39.646219999770864 ], [ -77.730179999861363, 39.646219999746116 ], [ -77.729420000099992, 39.646089999342323 ], [ -77.729335999793022, 39.646094999923172 ], [ -77.729298000579846, 39.646104000817068 ], [ -77.72884999967664, 39.646059999746292 ], [ -77.728539999135521, 39.645939999332128 ], [ -77.728130000041517, 39.645769999955476 ], [ -77.726949999446205, 39.645219999378455 ], [ -77.726270000476561, 39.644884999509038 ], [ -77.726149998815004, 39.644829999713167 ], [ -77.725349998926475, 39.64444000001977 ], [ -77.725739998923274, 39.644019999938095 ], [ -77.726260000651635, 39.643490000119805 ], [ -77.726430000420393, 39.643310000592898 ], [ -77.726770000371957, 39.642939998823017 ], [ -77.727009999847397, 39.642629999143971 ], [ -77.727200000159954, 39.642260000789214 ], [ -77.727410000131229, 39.641809999423764 ], [ -77.72764999989549, 39.641159999250903 ], [ -77.727773000260768, 39.640882000756818 ], [ -77.727960000954766, 39.640459999383367 ], [ -77.728470000030029, 39.639220000171719 ], [ -77.728499999597489, 39.638959999687138 ], [ -77.728469999483238, 39.638580000200136 ], [ -77.728389999635141, 39.637900000380554 ], [ -77.728429999545, 39.637840000422209 ], [ -77.728520000101582, 39.637739999386696 ], [ -77.728649999279412, 39.637570000799791 ], [ -77.728809999372956, 39.63741000075057 ], [ -77.728796001229341, 39.637281999173375 ], [ -77.728840000002393, 39.637160000117603 ], [ -77.729210000192836, 39.636759999934611 ], [ -77.730099999774666, 39.635650000248276 ], [ -77.730459999854517, 39.635179999809125 ], [ -77.731190000532138, 39.634009999870536 ], [ -77.73171999992158, 39.633200000258384 ], [ -77.732139999521621, 39.632630000596798 ], [ -77.732249999590394, 39.632499999792323 ], [ -77.73256000048957, 39.632160000973293 ], [ -77.733019999857888, 39.631750001013721 ], [ -77.733730000791809, 39.631180000100187 ], [ -77.7340599993979, 39.630860000142135 ], [ -77.734310000187435, 39.630549999826705 ], [ -77.734839999102505, 39.629700000177202 ], [ -77.73516000077602, 39.629149999006195 ], [ -77.735470000034951, 39.628769999275434 ], [ -77.735739999940918, 39.62852000001724 ], [ -77.735859999793121, 39.628600000243317 ], [ -77.736860001394049, 39.629169999729278 ], [ -77.737130000186909, 39.629240000619944 ], [ -77.73770000031503, 39.629560000170279 ], [ -77.737979999351978, 39.629730000636194 ], [ -77.738149999698024, 39.62988999996773 ], [ -77.738330000685167, 39.630140000311783 ], [ -77.738440000140301, 39.630409999986668 ], [ -77.738525999961055, 39.630737000209677 ], [ -77.738581000023885, 39.631040000377119 ], [ -77.738580000130881, 39.631419000224156 ], [ -77.738547000706035, 39.631563999859914 ], [ -77.738509000056467, 39.631792999653946 ], [ -77.738417000185009, 39.632105000078447 ], [ -77.738259000485826, 39.632434999670139 ], [ -77.738055000340438, 39.632726000120357 ], [ -77.737588999890107, 39.633320999545049 ], [ -77.73686900044531, 39.634357999680098 ], [ -77.736648000101894, 39.634664000625826 ], [ -77.736384999593511, 39.635137999757625 ], [ -77.736293999717162, 39.635354999707282 ], [ -77.735952000639216, 39.636832000041437 ], [ -77.735890000728702, 39.637069999826835 ], [ -77.736829998853381, 39.636609999723177 ], [ -77.736880000600635, 39.636579999721206 ], [ -77.738369999877918, 39.636109999884496 ], [ -77.74021000068673, 39.635509999811667 ], [ -77.741559999614012, 39.635079999043 ], [ -77.742320000191029, 39.634879999496029 ], [ -77.742889999969137, 39.634809999535527 ], [ -77.743400000383602, 39.634739999945388 ], [ -77.74551999976245, 39.634190000140755 ], [ -77.74995399974641, 39.632842999705417 ], [ -77.757610000004547, 39.630600000326815 ], [ -77.758689999932415, 39.630270000331215 ], [ -77.759669999919979, 39.629849999766243 ], [ -77.7603399996527, 39.629470000066839 ], [ -77.760899998780474, 39.629090000283327 ], [ -77.761489999839782, 39.628600000049147 ], [ -77.762190000000786, 39.627969999601447 ], [ -77.763429999752262, 39.6265600001975 ], [ -77.763479999830679, 39.626509999967354 ], [ -77.763786000742058, 39.626162000007014 ], [ -77.764055999758469, 39.625855000489324 ], [ -77.765015000312943, 39.624770999458676 ], [ -77.76527999897921, 39.62446999900282 ], [ -77.766369999549227, 39.623150000136704 ], [ -77.767069999840942, 39.622269999631968 ], [ -77.767599999956914, 39.621689999697956 ], [ -77.768639999162573, 39.620479999517606 ], [ -77.769120000596629, 39.619900000707105 ], [ -77.769580000220273, 39.619370000851418 ], [ -77.770479999761662, 39.618360000150673 ], [ -77.770500000573762, 39.618390000071798 ], [ -77.770530000581772, 39.61848999958535 ], [ -77.770559999886274, 39.618649999750517 ], [ -77.770569999521939, 39.618779999989421 ], [ -77.77054000007746, 39.61894000002173 ], [ -77.770479999689897, 39.619120000038443 ], [ -77.770429999538521, 39.619229999588335 ], [ -77.770359999473499, 39.61933999994428 ], [ -77.770220000100011, 39.619459999749957 ], [ -77.770390000140196, 39.61955999982392 ], [ -77.77078999988953, 39.619730000277194 ], [ -77.77091999946488, 39.6197800001136 ], [ -77.771260000954499, 39.619889999293861 ], [ -77.771969999843634, 39.620090000694042 ], [ -77.772460000295951, 39.62023999989178 ], [ -77.77274999996618, 39.620320000593949 ], [ -77.773199999661486, 39.620390000757659 ], [ -77.773480000085286, 39.620460000966766 ], [ -77.773669999986168, 39.62053000050367 ], [ -77.773890000306835, 39.620629999260217 ], [ -77.774120000140641, 39.62075999944242 ], [ -77.773830000982429, 39.621050000679219 ], [ -77.773720000177349, 39.621149999244082 ], [ -77.773550000274241, 39.621229999510774 ], [ -77.773410000046809, 39.621329998919919 ], [ -77.773239999749251, 39.621480000488752 ], [ -77.773039999954108, 39.621680000468501 ], [ -77.773360000155094, 39.621879999833958 ], [ -77.773620000437916, 39.622070000429765 ], [ -77.773820000719851, 39.622290000041595 ], [ -77.773909999425356, 39.622450000327319 ], [ -77.774010000761862, 39.62268999997157 ], [ -77.774140000090668, 39.623069999868584 ], [ -77.774250000257581, 39.623350000413716 ], [ -77.77433999991274, 39.623500000068923 ], [ -77.774450000050109, 39.623609999859305 ], [ -77.774589998899359, 39.623709999705007 ], [ -77.774779999898527, 39.623799999709007 ], [ -77.775649999687218, 39.624109999587169 ], [ -77.776503000876247, 39.624018000187547 ], [ -77.777008999432113, 39.623964000171121 ], [ -77.776939999163574, 39.624079999803868 ], [ -77.776690000030513, 39.624429999836053 ], [ -77.77634999976388, 39.625009999591249 ], [ -77.775600000362374, 39.6267099998161 ], [ -77.77515000057241, 39.627669999950939 ], [ -77.7750299997805, 39.627909999804359 ], [ -77.774959999733838, 39.628070000023648 ], [ -77.774679000456999, 39.628626999570351 ], [ -77.774238999918225, 39.629474000098405 ], [ -77.773609998726386, 39.630501999792109 ], [ -77.773516999995579, 39.630672000359759 ], [ -77.773204000196245, 39.631154000644912 ], [ -77.772907999248503, 39.631561999901415 ], [ -77.772429000726717, 39.632203999861801 ], [ -77.771887999913062, 39.632865999957325 ], [ -77.771297999766702, 39.633486999867401 ], [ -77.77086099990818, 39.633918000002069 ], [ -77.770281000346358, 39.634458999640408 ], [ -77.769629998702271, 39.635090000616138 ], [ -77.767170000353516, 39.63719000034628 ], [ -77.766150000538389, 39.638119999667552 ], [ -77.76515000086016, 39.638970000967497 ], [ -77.763529999611663, 39.640399998816896 ], [ -77.762760000493316, 39.64112999962456 ], [ -77.761390000273764, 39.642250000686388 ], [ -77.760500000044971, 39.643089999379598 ], [ -77.758660000325662, 39.64472100053986 ], [ -77.757233000897571, 39.646143999773074 ], [ -77.756114999575487, 39.647234999902103 ], [ -77.754288000484394, 39.649053000005225 ], [ -77.753929999700745, 39.649040999811355 ], [ -77.75121400036592, 39.648875000447077 ], [ -77.750891000115928, 39.648861000373891 ], [ -77.750495999824579, 39.648824000030203 ], [ -77.750110000434574, 39.648779999742068 ], [ -77.749381000807759, 39.648719000158025 ], [ -77.747099999636035, 39.648529999734748 ], [ -77.745099999683063, 39.648390000071423 ], [ -77.743339999458883, 39.648229999556214 ], [ -77.742569999500617, 39.648189999882895 ], [ -77.74110000002068, 39.648100000011425 ], [ -77.741019999865344, 39.648089999375706 ], [ -77.740290000717522, 39.647959999401905 ], [ -77.738920000193744, 39.647729999584257 ], [ -77.738760000244724, 39.647709999812122 ], [ -77.738090000486139, 39.647600000201187 ], [ -77.736099999378226, 39.647249999629771 ], [ -77.734339999986076, 39.646949999629292 ], [ -77.732360000080106, 39.646610000177688 ], [ -77.731320000730108, 39.646419999354549 ], [ -77.730629999429908, 39.646299999308312 ] ] ] } },
{ "type": "Feature", "properties": { "GEOID20": "24510030100", "ORGANIZATION_NAME": "Urban Strategies Inc", "GOC_TRACK_TYPE": "Partnership Development" }, "geometry": { "type": "Polygon", "coordinates": [ [ [ -76.598746999564185, 39.285357999448408 ], [ -76.599226999765946, 39.285336999220057 ], [ -76.599253999468814, 39.285746999242001 ], [ -76.599280999595507, 39.286355000139338 ], [ -76.599347000326105, 39.287256000317882 ], [ -76.599369000074347, 39.287745999449342 ], [ -76.599414999439844, 39.28836400013703 ], [ -76.599442000086597, 39.288741999306488 ], [ -76.599467000088907, 39.289164999925347 ], [ -76.599564999627773, 39.290217000124208 ], [ -76.599600000050629, 39.290809000162945 ], [ -76.599635999924089, 39.29186399965495 ], [ -76.599686999442966, 39.292535999947113 ], [ -76.599146000458404, 39.292699999583256 ], [ -76.597283999614859, 39.293236999675649 ], [ -76.595891999364682, 39.293604999278749 ], [ -76.595263000522266, 39.293812000355821 ], [ -76.595066999238583, 39.293868000761854 ], [ -76.59481599996262, 39.29394900092111 ], [ -76.59411700019443, 39.293968000041396 ], [ -76.594071999708859, 39.293286999760475 ], [ -76.594029000461603, 39.292631999473556 ], [ -76.593991999625871, 39.292072000447945 ], [ -76.593944000790714, 39.29154200006171 ], [ -76.593915998983178, 39.29113099972394 ], [ -76.593869000198964, 39.290398999797794 ], [ -76.593802999457282, 39.289257000326948 ], [ -76.593721999337731, 39.287726999583747 ], [ -76.59370400019813, 39.287622999357417 ], [ -76.593638000566514, 39.286608999798041 ], [ -76.593556999509133, 39.285578000146081 ], [ -76.595355000489519, 39.285510000002972 ], [ -76.597538999659363, 39.285417000414796 ], [ -76.59831500025679, 39.285368000524187 ], [ -76.598746999564185, 39.285357999448408 ] ] ] } },
{ "type": "Feature", "properties": { "GEOID20": "24510070100", "ORGANIZATION_NAME": "Tendea Family INC.", "GOC_TRACK_TYPE": "Partnership Development" }, "geometry": { "type": "Polygon", "coordinates": [ [ [ -76.572786999673582, 39.300307999937246 ], [ -76.572789000552092, 39.299234000451222 ], [ -76.572661000458027, 39.299236999282037 ], [ -76.572631000527849, 39.298123000110152 ], [ -76.572596999738593, 39.29711500004418 ], [ -76.573682000530894, 39.297083999811001 ], [ -76.574372000562477, 39.297048000340929 ], [ -76.575083999205603, 39.297026000330696 ], [ -76.575489999765779, 39.29700400050384 ], [ -76.575803999439444, 39.296994000341151 ], [ -76.576531999326377, 39.296968000415831 ], [ -76.57723600017664, 39.296943000446674 ], [ -76.577955000385032, 39.296910998995472 ], [ -76.578014999391755, 39.297940000008026 ], [ -76.578084999403131, 39.299029000119539 ], [ -76.57814900002947, 39.300085000600426 ], [ -76.578211000704783, 39.301131000507908 ], [ -76.578249999322196, 39.301988999473743 ], [ -76.578278000238257, 39.302549000531144 ], [ -76.576879999462108, 39.302593000079021 ], [ -76.576205000271258, 39.302608999619565 ], [ -76.5727929998978, 39.302720999542352 ], [ -76.572787000434431, 39.302254000204165 ], [ -76.572794000079057, 39.301878000369435 ], [ -76.572779999871798, 39.300721000425369 ], [ -76.572786999673582, 39.300307999937246 ] ] ] } },
{ "type": "Feature", "properties": { "GEOID20": "24510070200", "ORGANIZATION_NAME": "Tendea Family INC.", "GOC_TRACK_TYPE": "Partnership Development" }, "geometry": { "type": "Polygon", "coordinates": [ [ [ -76.577955000385032, 39.296910998995472 ], [ -76.578653000682621, 39.296878998904425 ], [ -76.579328999965767, 39.296852000683515 ], [ -76.580041000024494, 39.296816999709819 ], [ -76.580754000049353, 39.296790000340771 ], [ -76.581439999259999, 39.296769000401227 ], [ -76.582168999972126, 39.29675200014254 ], [ -76.582881998881049, 39.296720000354135 ], [ -76.583584999585156, 39.296686999693776 ], [ -76.583665999421129, 39.297686000180775 ], [ -76.583681999966856, 39.29817900007324 ], [ -76.583720999796753, 39.298806999767656 ], [ -76.583860999618551, 39.300929000442132 ], [ -76.583902999404216, 39.301807000297678 ], [ -76.584583999636848, 39.301782000824915 ], [ -76.584588000438146, 39.301880999281643 ], [ -76.584650000979948, 39.301917999126253 ], [ -76.584845999238155, 39.301922999242187 ], [ -76.585353998922926, 39.301896999284835 ], [ -76.58535799984594, 39.302297000411926 ], [ -76.585102999304397, 39.302286999891415 ], [ -76.584783999835395, 39.302288000620976 ], [ -76.583901001240818, 39.302312999491846 ], [ -76.582555000275377, 39.302364999895403 ], [ -76.581121999919205, 39.302431000422445 ], [ -76.579703999867917, 39.302481999881955 ], [ -76.578278000238257, 39.302549000531144 ], [ -76.578249999322196, 39.301988999473743 ], [ -76.578211000704783, 39.301131000507908 ], [ -76.57814900002947, 39.300085000600426 ], [ -76.578084999403131, 39.299029000119539 ], [ -76.578014999391755, 39.297940000008026 ], [ -76.577955000385032, 39.296910998995472 ] ] ] } },
{ "type": "Feature", "properties": { "GEOID20": "24510070300", "ORGANIZATION_NAME": "Tendea Family INC.", "GOC_TRACK_TYPE": "Partnership Development" }, "geometry": { "type": "Polygon", "coordinates": [ [ [ -76.58535799984594, 39.302297000411926 ], [ -76.585353998922926, 39.301896999284835 ], [ -76.584845999238155, 39.301922999242187 ], [ -76.584650000979948, 39.301917999126253 ], [ -76.584588000438146, 39.301880999281643 ], [ -76.584583999636848, 39.301782000824915 ], [ -76.583902999404216, 39.301807000297678 ], [ -76.583860999618551, 39.300929000442132 ], [ -76.583720999796753, 39.298806999767656 ], [ -76.583681999966856, 39.29817900007324 ], [ -76.583665999421129, 39.297686000180775 ], [ -76.583584999585156, 39.296686999693776 ], [ -76.58502600018511, 39.296636000740982 ], [ -76.586528998701439, 39.29655999997577 ], [ -76.587105000430682, 39.296543999677475 ], [ -76.587729999958526, 39.296518999672244 ], [ -76.587779999275128, 39.29752500077732 ], [ -76.587868999843437, 39.298647000277292 ], [ -76.587936000082578, 39.299698999881137 ], [ -76.587998000822125, 39.300756999541449 ], [ -76.588078999471506, 39.302138000663199 ], [ -76.588095000003946, 39.302451000752868 ], [ -76.588134999796466, 39.303218000143296 ], [ -76.587887999610885, 39.303065000619625 ], [ -76.587482999112666, 39.302849998968824 ], [ -76.587313000011193, 39.302768999468277 ], [ -76.58691700036681, 39.302613000063658 ], [ -76.586519000131702, 39.302494999749335 ], [ -76.586191999630273, 39.302415999656283 ], [ -76.585799000108466, 39.302343000153115 ], [ -76.585520999718682, 39.302309000732421 ], [ -76.58535799984594, 39.302297000411926 ] ] ] } },
{ "type": "Feature", "properties": { "GEOID20": "24510090100", "ORGANIZATION_NAME": "The Y in Central Maryland", "GOC_TRACK_TYPE": "Plan Development" }, "geometry": { "type": "Polygon", "coordinates": [ [ [ -76.601163999416983, 39.340509999403885 ], [ -76.600865999619373, 39.340416000357216 ], [ -76.600757999944207, 39.340300000274461 ], [ -76.600658999677094, 39.340232000828294 ], [ -76.600506000164827, 39.340165999418829 ], [ -76.600210999961803, 39.340064000346672 ], [ -76.600217998882854, 39.339814999160282 ], [ -76.600195000017521, 39.339597999463329 ], [ -76.600131999160212, 39.339240000360846 ], [ -76.600020000443564, 39.338960999351627 ], [ -76.599972999548299, 39.338864000097892 ], [ -76.599730999427322, 39.338397000029055 ], [ -76.599647000149361, 39.338262000019334 ], [ -76.5994389997187, 39.337964000683925 ], [ -76.59934500118365, 39.337842000181453 ], [ -76.599189000204746, 39.337647999536834 ], [ -76.598832999948073, 39.337246000249806 ], [ -76.598590999793203, 39.337022000397148 ], [ -76.597952000406934, 39.336483999635718 ], [ -76.596436000305616, 39.335241000440483 ], [ -76.59613800043148, 39.334983000697804 ], [ -76.595988000323345, 39.334831000085103 ], [ -76.59584900025439, 39.334667999318064 ], [ -76.595600999709916, 39.334311000318365 ], [ -76.59544299971364, 39.334029999541414 ], [ -76.595707000609806, 39.334004999580891 ], [ -76.597879999917467, 39.334037999235335 ], [ -76.598354000212908, 39.334041000595761 ], [ -76.599279999674721, 39.334028000559002 ], [ -76.599778999309848, 39.334033000886457 ], [ -76.600197000551702, 39.334037999268261 ], [ -76.600660999845829, 39.334037999252857 ], [ -76.601085999055101, 39.334037999275466 ], [ -76.601969000578265, 39.334029999728905 ], [ -76.602846999913424, 39.334036999332596 ], [ -76.604484999992835, 39.334039999910836 ], [ -76.604629998773035, 39.334326999514239 ], [ -76.605878999574628, 39.334184999601973 ], [ -76.606763000269041, 39.334091999809452 ], [ -76.607147000060777, 39.334061000038652 ], [ -76.607548000720556, 39.334045999918523 ], [ -76.607537000628696, 39.334482999900068 ], [ -76.609507999815875, 39.334456000165815 ], [ -76.609513999675585, 39.335338999851224 ], [ -76.60951600078603, 39.336395000690963 ], [ -76.609518999793195, 39.336818999672573 ], [ -76.609528000745584, 39.337308000241144 ], [ -76.609533000222001, 39.338665000366056 ], [ -76.609550999840977, 39.339390000044375 ], [ -76.609579998981317, 39.339797999444642 ], [ -76.609600000063708, 39.340181000213313 ], [ -76.607698999416314, 39.340226999927637 ], [ -76.607667000225973, 39.339676999976746 ], [ -76.606388999735685, 39.339706999585026 ], [ -76.606413000254165, 39.340097999473365 ], [ -76.606404000457232, 39.340132999376408 ], [ -76.60637300014433, 39.34017199969341 ], [ -76.606326000526209, 39.340193999781022 ], [ -76.605773999662659, 39.340381000537775 ], [ -76.605592000675259, 39.340430999433629 ], [ -76.605516000102881, 39.340444999648952 ], [ -76.605414000351118, 39.340457999197106 ], [ -76.605282999808253, 39.340461999211605 ], [ -76.604959999802489, 39.340457000542393 ], [ -76.603680999732745, 39.340490000210885 ], [ -76.603129000846238, 39.34052000015096 ], [ -76.602484000086449, 39.34054400025655 ], [ -76.601768999671606, 39.340558999065806 ], [ -76.601434999641199, 39.340550000073335 ], [ -76.601303999350293, 39.340538000196766 ], [ -76.601163999416983, 39.340509999403885 ] ] ] } },
{ "type": "Feature", "properties": { "GEOID20": "24510090200", "ORGANIZATION_NAME": "The Y in Central Maryland", "GOC_TRACK_TYPE": "Plan Development" }, "geometry": { "type": "Polygon", "coordinates": [ [ [ -76.579329000989745, 39.339952999277585 ], [ -76.578989999392221, 39.339821999676126 ], [ -76.578519000005059, 39.339611999615087 ], [ -76.578042999559074, 39.339361999991901 ], [ -76.577685000720606, 39.3391409995073 ], [ -76.576951999651712, 39.338624999690737 ], [ -76.577348000471147, 39.338443000198879 ], [ -76.577539000818604, 39.338349000074707 ], [ -76.577647998933088, 39.338281999534047 ], [ -76.5777170002372, 39.33822299979154 ], [ -76.577784000012713, 39.33813000037663 ], [ -76.577829000676729, 39.33804700039461 ], [ -76.578091000747548, 39.337063000388646 ], [ -76.578286000220942, 39.336240000446601 ], [ -76.578427000662657, 39.33549200088104 ], [ -76.578427000571324, 39.335208999911366 ], [ -76.57831099938025, 39.334958999746355 ], [ -76.578177999501833, 39.33470900059946 ], [ -76.577861000415282, 39.334346999926716 ], [ -76.57771800050773, 39.334228999756455 ], [ -76.57754999948429, 39.334140999999562 ], [ -76.577221001025876, 39.334027999948944 ], [ -76.576701000480298, 39.333886999697853 ], [ -76.57654699984846, 39.333860999764461 ], [ -76.577303001394824, 39.333155000000204 ], [ -76.577884999424725, 39.332648999997453 ], [ -76.578441000396694, 39.332181000155479 ], [ -76.578948000129614, 39.33179199986791 ], [ -76.579514999295483, 39.331408999330982 ], [ -76.580341999806109, 39.330907000479904 ], [ -76.580635999830292, 39.330710000870646 ], [ -76.58104699995188, 39.330373999442195 ], [ -76.581792000917886, 39.329724999980016 ], [ -76.582745000744396, 39.328862999618671 ], [ -76.583702000365776, 39.328020999517911 ], [ -76.583763000038743, 39.327998000492428 ], [ -76.583874000257865, 39.327913000522727 ], [ -76.584215999515749, 39.327529999954457 ], [ -76.584337999524138, 39.327381999383078 ], [ -76.584575999679444, 39.32704700023536 ], [ -76.584822999641489, 39.32720199959077 ], [ -76.584903999768613, 39.327241000859182 ], [ -76.585152999388669, 39.327307999585045 ], [ -76.585306999709957, 39.327326000474166 ], [ -76.585588000871425, 39.327338000523106 ], [ -76.587166000214694, 39.327328000257452 ], [ -76.587632000166266, 39.327351999911393 ], [ -76.587839000232151, 39.327329999107334 ], [ -76.588055999646272, 39.327318999627394 ], [ -76.58933399917936, 39.32729699955474 ], [ -76.589324998980828, 39.327425999773567 ], [ -76.589315000068808, 39.327539000963746 ], [ -76.589312000803559, 39.32789199922432 ], [ -76.589311000567704, 39.328364000795155 ], [ -76.590703999877221, 39.328358999164251 ], [ -76.592117000167448, 39.32834199929232 ], [ -76.595144999821429, 39.328347000282115 ], [ -76.595139999739516, 39.328515000921172 ], [ -76.59511499936302, 39.329346000085252 ], [ -76.595114999454125, 39.330135999246124 ], [ -76.595108999609721, 39.332452000204064 ], [ -76.595159000375858, 39.333146999477158 ], [ -76.595272000592743, 39.333641999749062 ], [ -76.59544299971364, 39.334029999541414 ], [ -76.595600999709916, 39.334311000318365 ], [ -76.59584900025439, 39.334667999318064 ], [ -76.595988000323345, 39.334831000085103 ], [ -76.59613800043148, 39.334983000697804 ], [ -76.596436000305616, 39.335241000440483 ], [ -76.597952000406934, 39.336483999635718 ], [ -76.598590999793203, 39.337022000397148 ], [ -76.598832999948073, 39.337246000249806 ], [ -76.599189000204746, 39.337647999536834 ], [ -76.59934500118365, 39.337842000181453 ], [ -76.5994389997187, 39.337964000683925 ], [ -76.599647000149361, 39.338262000019334 ], [ -76.599730999427322, 39.338397000029055 ], [ -76.599972999548299, 39.338864000097892 ], [ -76.600020000443564, 39.338960999351627 ], [ -76.600131999160212, 39.339240000360846 ], [ -76.600195000017521, 39.339597999463329 ], [ -76.600217998882854, 39.339814999160282 ], [ -76.600210999961803, 39.340064000346672 ], [ -76.599903000654365, 39.340028999780024 ], [ -76.599762999876901, 39.339992999574477 ], [ -76.599585000552139, 39.33992700011526 ], [ -76.599068000235036, 39.339677999232478 ], [ -76.598783999197394, 39.339531999240144 ], [ -76.598614999365481, 39.339436999732065 ], [ -76.598385000303011, 39.339349999211102 ], [ -76.598123000063069, 39.339269000413964 ], [ -76.597909999692249, 39.339213000432295 ], [ -76.597639000026717, 39.339157999561387 ], [ -76.597424000552181, 39.339120999420835 ], [ -76.597246000458739, 39.339099999519014 ], [ -76.59704299949972, 39.339087999492229 ], [ -76.596794000639562, 39.339081999768894 ], [ -76.596664000001198, 39.339089000297733 ], [ -76.596113999993847, 39.339158999750126 ], [ -76.595340000018197, 39.339357000233498 ], [ -76.593995000451926, 39.33977399992451 ], [ -76.593656999155087, 39.339879000493966 ], [ -76.593339998886577, 39.339955000223249 ], [ -76.592734999821175, 39.340071000149202 ], [ -76.592049000053692, 39.340158000090582 ], [ -76.59137800015472, 39.340195999783461 ], [ -76.590945000527512, 39.340196999835285 ], [ -76.590670000533507, 39.340191000266771 ], [ -76.590013000752236, 39.340166000319044 ], [ -76.589687999466449, 39.340146000297281 ], [ -76.588548000189135, 39.34005099992816 ], [ -76.587836000322056, 39.339955000154383 ], [ -76.586496000071946, 39.339884000410734 ], [ -76.586308999224187, 39.33987700034843 ], [ -76.586081999444175, 39.339879999779214 ], [ -76.585844001098323, 39.339900000367066 ], [ -76.585664000400669, 39.339927000136427 ], [ -76.585455999979573, 39.339975000010924 ], [ -76.585171000155071, 39.340052000333472 ], [ -76.584651999888138, 39.340226000049014 ], [ -76.584265999892054, 39.340340999629561 ], [ -76.583969999885483, 39.340394000059767 ], [ -76.583586000837059, 39.340451000856689 ], [ -76.583352999738139, 39.340466999476405 ], [ -76.582776000133279, 39.340465999801346 ], [ -76.582092999832028, 39.340432999789527 ], [ -76.581548999908321, 39.340399000813456 ], [ -76.581289000012234, 39.340378999945315 ], [ -76.580940000566727, 39.340341999441208 ], [ -76.580571999561514, 39.340275999895162 ], [ -76.580268998927437, 39.340212999280951 ], [ -76.579895999863012, 39.340126999380693 ], [ -76.579572999230777, 39.340033999950485 ], [ -76.579329000989745, 39.339952999277585 ] ] ] } },
{ "type": "Feature", "properties": { "GEOID20": "24510090300", "ORGANIZATION_NAME": "The Y in Central Maryland", "GOC_TRACK_TYPE": "Plan Development" }, "geometry": { "type": "Polygon", "coordinates": [ [ [ -76.607537000628696, 39.334482999900068 ], [ -76.607548000720556, 39.334045999918523 ], [ -76.607147000060777, 39.334061000038652 ], [ -76.606763000269041, 39.334091999809452 ], [ -76.605878999574628, 39.334184999601973 ], [ -76.604629998773035, 39.334326999514239 ], [ -76.604484999992835, 39.334039999910836 ], [ -76.602846999913424, 39.334036999332596 ], [ -76.601969000578265, 39.334029999728905 ], [ -76.601085999055101, 39.334037999275466 ], [ -76.600660999845829, 39.334037999252857 ], [ -76.600197000551702, 39.334037999268261 ], [ -76.599778999309848, 39.334033000886457 ], [ -76.599279999674721, 39.334028000559002 ], [ -76.598354000212908, 39.334041000595761 ], [ -76.597879999917467, 39.334037999235335 ], [ -76.595707000609806, 39.334004999580891 ], [ -76.59544299971364, 39.334029999541414 ], [ -76.595272000592743, 39.333641999749062 ], [ -76.595159000375858, 39.333146999477158 ], [ -76.595108999609721, 39.332452000204064 ], [ -76.595114999454125, 39.330135999246124 ], [ -76.59511499936302, 39.329346000085252 ], [ -76.595139999739516, 39.328515000921172 ], [ -76.595144999821429, 39.328347000282115 ], [ -76.595387999932655, 39.328345000549596 ], [ -76.59669900017451, 39.328337000977434 ], [ -76.597897000073317, 39.328329001103228 ], [ -76.599279998929887, 39.328332000106812 ], [ -76.600690000325784, 39.328342999373106 ], [ -76.603629000351333, 39.328332000033306 ], [ -76.605040000918208, 39.32834899992185 ], [ -76.606321000541428, 39.3283420001287 ], [ -76.607027999436013, 39.328332000448732 ], [ -76.607576999678074, 39.328331999795104 ], [ -76.608471999002916, 39.328332000247457 ], [ -76.609428000564165, 39.328314000556389 ], [ -76.609430000368747, 39.328495000249319 ], [ -76.609454000015575, 39.329604999801859 ], [ -76.609448000358071, 39.32976900002275 ], [ -76.60946299939981, 39.330216999683451 ], [ -76.609476000477628, 39.330964999724557 ], [ -76.60946900021041, 39.332522999856316 ], [ -76.609502000254835, 39.333701000168496 ], [ -76.609507999815875, 39.334456000165815 ], [ -76.607537000628696, 39.334482999900068 ] ] ] } },
{ "type": "Feature", "properties": { "GEOID20": "24510090400", "ORGANIZATION_NAME": "The Y in Central Maryland; The Central Baltimore Partnership, Inc.", "GOC_TRACK_TYPE": "Plan Development" }, "geometry": { "type": "Polygon", "coordinates": [ [ [ -76.60358399992306, 39.321572000698737 ], [ -76.605811999689251, 39.319457000033232 ], [ -76.606758000493258, 39.319514999749792 ], [ -76.607311000474184, 39.319545999828563 ], [ -76.607873000071308, 39.319551999929601 ], [ -76.608636000472472, 39.319539999660392 ], [ -76.609067000236209, 39.319534000196114 ], [ -76.609509000061138, 39.319519000255383 ], [ -76.60953200048651, 39.320011999765278 ], [ -76.60953700021588, 39.320275999771766 ], [ -76.609532000205547, 39.320922000619866 ], [ -76.609528000324289, 39.321183999807964 ], [ -76.609518999396073, 39.321528000301221 ], [ -76.609483999874868, 39.322148999951459 ], [ -76.609467998902488, 39.322825000325963 ], [ -76.609456000353632, 39.3234430000823 ], [ -76.609442999491407, 39.323773000179273 ], [ -76.609425000738824, 39.324784999738597 ], [ -76.609426000207137, 39.32539999957671 ], [ -76.609037999584402, 39.325935999179762 ], [ -76.6088640002571, 39.326469999410271 ], [ -76.608568000625368, 39.32642800016405 ], [ -76.607455000011157, 39.326250000318936 ], [ -76.607238000277619, 39.326189999712781 ], [ -76.607362999882341, 39.325984000466008 ], [ -76.60510699951918, 39.325132999423936 ], [ -76.603324000735327, 39.324429999716642 ], [ -76.60146800027816, 39.323706999623788 ], [ -76.602731001144008, 39.322400999943959 ], [ -76.60358399992306, 39.321572000698737 ] ] ] } },
{ "type": "Feature", "properties": { "GEOID20": "24510090600", "ORGANIZATION_NAME": "The Y in Central Maryland", "GOC_TRACK_TYPE": "Plan Development" }, "geometry": { "type": "Polygon", "coordinates": [ [ [ -76.589311000567704, 39.328364000795155 ], [ -76.589312000803559, 39.32789199922432 ], [ -76.589315000068808, 39.327539000963746 ], [ -76.589324998980828, 39.327425999773567 ], [ -76.58933399917936, 39.32729699955474 ], [ -76.588055999646272, 39.327318999627394 ], [ -76.587839000232151, 39.327329999107334 ], [ -76.587632000166266, 39.327351999911393 ], [ -76.587166000214694, 39.327328000257452 ], [ -76.585588000871425, 39.327338000523106 ], [ -76.585306999709957, 39.327326000474166 ], [ -76.585152999388669, 39.327307999585045 ], [ -76.584903999768613, 39.327241000859182 ], [ -76.584822999641489, 39.32720199959077 ], [ -76.584575999679444, 39.32704700023536 ], [ -76.585455999474092, 39.325960999760888 ], [ -76.586107999162365, 39.325137000283164 ], [ -76.586649000390338, 39.324519000490447 ], [ -76.587335999755751, 39.323703000395184 ], [ -76.587469999984933, 39.32356399925785 ], [ -76.587621000809676, 39.323441998958408 ], [ -76.587897000555103, 39.323254000038609 ], [ -76.588208999707547, 39.323064000824459 ], [ -76.58853400002279, 39.322829999511391 ], [ -76.589413000191442, 39.322279000996438 ], [ -76.589840999188084, 39.321965999531848 ], [ -76.589978001128898, 39.32186099945951 ], [ -76.590657999407838, 39.321238999698132 ], [ -76.590691000171887, 39.321319999506152 ], [ -76.590772000077479, 39.32143800001208 ], [ -76.590872000860386, 39.32152700022111 ], [ -76.592094000256495, 39.322490999256431 ], [ -76.592281000210122, 39.322649999430482 ], [ -76.592465999500618, 39.322811999970099 ], [ -76.592576999296412, 39.322919000511334 ], [ -76.592813999187655, 39.323209000131065 ], [ -76.593181999203551, 39.32390099976493 ], [ -76.593584000439265, 39.3252710004218 ], [ -76.593809999815093, 39.325967000342004 ], [ -76.59392899998177, 39.326225000203934 ], [ -76.594156999686433, 39.326676000110993 ], [ -76.594305999963694, 39.326936000089184 ], [ -76.59457500073448, 39.327349999928209 ], [ -76.594942000133116, 39.327730001134128 ], [ -76.595070999985722, 39.327853999760116 ], [ -76.595129999178937, 39.327942000049468 ], [ -76.595149000415901, 39.327998999232662 ], [ -76.595160999726275, 39.328130999600454 ], [ -76.595144999821429, 39.328347000282115 ], [ -76.592117000167448, 39.32834199929232 ], [ -76.590703999877221, 39.328358999164251 ], [ -76.589311000567704, 39.328364000795155 ] ] ] } },
{ "type": "Feature", "properties": { "GEOID20": "24510090700", "ORGANIZATION_NAME": "The Y in Central Maryland", "GOC_TRACK_TYPE": "Plan Development" }, "geometry": { "type": "Polygon", "coordinates": [ [ [ -76.594438999074555, 39.317617999543629 ], [ -76.594866999942766, 39.317237999481989 ], [ -76.594887000214328, 39.317243000952836 ], [ -76.597716998993917, 39.317921999875232 ], [ -76.599411999836192, 39.318293999785617 ], [ -76.601489000336059, 39.318789999541629 ], [ -76.600573999988228, 39.319701000555632 ], [ -76.599506999124742, 39.32078900027264 ], [ -76.598426000261995, 39.321841000415723 ], [ -76.597880999866348, 39.32235999954456 ], [ -76.597312000464186, 39.32289700006266 ], [ -76.597037000591328, 39.323178999876951 ], [ -76.596764000799098, 39.323455999515048 ], [ -76.594896000222676, 39.32531200024907 ], [ -76.594437999565912, 39.325758000451643 ], [ -76.59392899998177, 39.326225000203934 ], [ -76.593809999815093, 39.325967000342004 ], [ -76.593584000439265, 39.3252710004218 ], [ -76.593181999203551, 39.32390099976493 ], [ -76.592813999187655, 39.323209000131065 ], [ -76.592576999296412, 39.322919000511334 ], [ -76.592465999500618, 39.322811999970099 ], [ -76.592281000210122, 39.322649999430482 ], [ -76.592094000256495, 39.322490999256431 ], [ -76.590872000860386, 39.32152700022111 ], [ -76.590772000077479, 39.32143800001208 ], [ -76.590691000171887, 39.321319999506152 ], [ -76.590657999407838, 39.321238999698132 ], [ -76.591105000040002, 39.320797999750717 ], [ -76.591682999726856, 39.320259999914697 ], [ -76.5918190005914, 39.320125999852635 ], [ -76.592252000253865, 39.319731000507545 ], [ -76.592821001374858, 39.319178000429417 ], [ -76.593033999478706, 39.318985000624366 ], [ -76.593360999644929, 39.318650000275376 ], [ -76.594206000287869, 39.317865999543919 ], [ -76.594438999074555, 39.317617999543629 ] ] ] } },
{ "type": "Feature", "properties": { "GEOID20": "24510090800", "ORGANIZATION_NAME": "The Central Baltimore Partnership, Inc.", "GOC_TRACK_TYPE": "Plan Development" }, "geometry": { "type": "Polygon", "coordinates": [ [ [ -76.608308999815748, 39.311460000270941 ], [ -76.60949699958735, 39.311405000608204 ], [ -76.609507999554651, 39.312017000660163 ], [ -76.609537000553459, 39.31273700047322 ], [ -76.609534000091557, 39.31352200028234 ], [ -76.609549000044481, 39.313983000063239 ], [ -76.609531999722165, 39.3145080000888 ], [ -76.609527999504053, 39.315065999990402 ], [ -76.609523999891721, 39.315490999972205 ], [ -76.609490000197738, 39.316233999388494 ], [ -76.609484999530423, 39.31663900007586 ], [ -76.609482999942273, 39.317116000656519 ], [ -76.609464000089531, 39.31811099905763 ], [ -76.609462999637259, 39.318148000450762 ], [ -76.60948700102756, 39.319030999565115 ], [ -76.609509000061138, 39.319519000255383 ], [ -76.609067000236209, 39.319534000196114 ], [ -76.608636000472472, 39.319539999660392 ], [ -76.607873000071308, 39.319551999929601 ], [ -76.607311000474184, 39.319545999828563 ], [ -76.606758000493258, 39.319514999749792 ], [ -76.605811999689251, 39.319457000033232 ], [ -76.605410000490167, 39.319412999495896 ], [ -76.604791000650835, 39.319360000059085 ], [ -76.604228000278184, 39.319298000077445 ], [ -76.603351000473637, 39.319181000103988 ], [ -76.602570000127031, 39.319034999650754 ], [ -76.601489000336059, 39.318789999541629 ], [ -76.599411999836192, 39.318293999785617 ], [ -76.597716998993917, 39.317921999875232 ], [ -76.594887000214328, 39.317243000952836 ], [ -76.594866999942766, 39.317237999481989 ], [ -76.595176000329374, 39.316956999639658 ], [ -76.595884000434054, 39.316239999936279 ], [ -76.596434999789409, 39.315712999583937 ], [ -76.596927000088641, 39.31524099965452 ], [ -76.597145999497016, 39.315040999556324 ], [ -76.597941001137912, 39.31426200093992 ], [ -76.598033000061704, 39.314183000651269 ], [ -76.598726999465299, 39.313437999519991 ], [ -76.598872000165017, 39.313249000157157 ], [ -76.599057000597995, 39.312961000052709 ], [ -76.599370000496677, 39.311941999909493 ], [ -76.60086600001388, 39.311875000491199 ], [ -76.602643999850841, 39.311784000332928 ], [ -76.604130999453815, 39.311717000095626 ], [ -76.606157999865374, 39.311605000596423 ], [ -76.607133001090276, 39.31153600031822 ], [ -76.607560999864276, 39.311510999579305 ], [ -76.608308999815748, 39.311460000270941 ] ] ] } },
{ "type": "Feature", "properties": { "GEOID20": "24033801802", "ORGANIZATION_NAME": "Prince George's County Department of Social Services", "GOC_TRACK_TYPE": "Partnership Development" }, "geometry": { "type": "Polygon", "coordinates": [ [ [ -76.945356000077609, 38.83816700004143 ], [ -76.945023999380794, 38.837703000597259 ], [ -76.944266999603286, 38.83672500070287 ], [ -76.944003999573624, 38.836447000862549 ], [ -76.94380900025223, 38.836182999885956 ], [ -76.943708000090155, 38.83606000018505 ], [ -76.942575000305155, 38.834579999862356 ], [ -76.942303999865302, 38.834259000176466 ], [ -76.941882000813592, 38.833807000284033 ], [ -76.941652999832897, 38.833594999812988 ], [ -76.940751999597424, 38.83291599973208 ], [ -76.940806999616143, 38.832345000098734 ], [ -76.940879000267429, 38.831802000100701 ], [ -76.940933999706033, 38.83159700070938 ], [ -76.941058999883396, 38.831271999767672 ], [ -76.941724000565458, 38.831337000074932 ], [ -76.941956000137594, 38.831378000603344 ], [ -76.943549000072636, 38.831460000498289 ], [ -76.944334999771968, 38.831511000191341 ], [ -76.944578999640342, 38.831544999848163 ], [ -76.94483899957163, 38.831616000716231 ], [ -76.945034999519166, 38.831684999828887 ], [ -76.945378000028342, 38.831865999465258 ], [ -76.945548999477808, 38.831978999559162 ], [ -76.94562300100975, 38.832038000759709 ], [ -76.9457600005762, 38.832167000841899 ], [ -76.945913000523532, 38.832342999021819 ], [ -76.946193999340423, 38.832723000459815 ], [ -76.946448999935939, 38.833106999838449 ], [ -76.946753000629144, 38.833638000349474 ], [ -76.947073999617075, 38.833952000226184 ], [ -76.947224000299627, 38.834065999951079 ], [ -76.947489000212272, 38.834252999985324 ], [ -76.947646999247453, 38.834101000047639 ], [ -76.947772999251853, 38.833992000076215 ], [ -76.948059000742504, 38.833781000017197 ], [ -76.948865999200351, 38.833269000140547 ], [ -76.949227000121311, 38.833059999282057 ], [ -76.949347999775213, 38.833018999396167 ], [ -76.949545999792704, 38.832996000073699 ], [ -76.949623000106385, 38.832997998981213 ], [ -76.949925999596772, 38.833032000287361 ], [ -76.950913000149484, 38.833176000035806 ], [ -76.951363999922819, 38.833252000452511 ], [ -76.951829000881773, 38.833319999986053 ], [ -76.951923999888677, 38.832997000233753 ], [ -76.951953000485091, 38.83287399982926 ], [ -76.952004000623575, 38.83248999998321 ], [ -76.951999000516821, 38.8321839993704 ], [ -76.951984000151825, 38.832056000058273 ], [ -76.951899999790314, 38.831662000146679 ], [ -76.951876999616502, 38.831490000175826 ], [ -76.951885000123127, 38.831329999642413 ], [ -76.951937000588131, 38.831139000189232 ], [ -76.951964999613395, 38.83108099990848 ], [ -76.952016000175831, 38.831008000076956 ], [ -76.952154999055935, 38.830853999785859 ], [ -76.95238699958584, 38.83062900015269 ], [ -76.952727000383433, 38.830326999847408 ], [ -76.952838000176058, 38.830203999926688 ], [ -76.952912999846006, 38.830104000207406 ], [ -76.953002999899255, 38.829949999825942 ], [ -76.95306600043709, 38.829812000164495 ], [ -76.953097000415795, 38.829711999734371 ], [ -76.95343899985393, 38.828475999321661 ], [ -76.95474199986657, 38.828501999553083 ], [ -76.955066000001267, 38.828515000552621 ], [ -76.955156999783696, 38.828529999519887 ], [ -76.955237999907965, 38.828551999565818 ], [ -76.955299999265804, 38.82857499942611 ], [ -76.955436000575673, 38.828648999246361 ], [ -76.955519999813546, 38.828720999038119 ], [ -76.955602999111761, 38.828802999588653 ], [ -76.956010000175553, 38.829238999563451 ], [ -76.956700999835533, 38.830019000181757 ], [ -76.957444999711299, 38.830832000437148 ], [ -76.958309000428144, 38.831804000306335 ], [ -76.958642999269216, 38.832166999837234 ], [ -76.958830000580392, 38.832332000087959 ], [ -76.959053999195078, 38.83250000022602 ], [ -76.959390000166991, 38.832740999386509 ], [ -76.959600999977624, 38.832905999526723 ], [ -76.959924000262419, 38.833136999546454 ], [ -76.957591999533349, 38.834470000557161 ], [ -76.95622999991744, 38.835130000639964 ], [ -76.956307999965006, 38.835249000069318 ], [ -76.956375999844113, 38.835339000182977 ], [ -76.956459999972338, 38.835424000225423 ], [ -76.956697000417222, 38.835615000137288 ], [ -76.955808000282403, 38.836457999943413 ], [ -76.955369000365877, 38.836882999606537 ], [ -76.954003000562068, 38.83816899917958 ], [ -76.953845001043604, 38.838285999867587 ], [ -76.953579000932621, 38.838439000260756 ], [ -76.950124999579501, 38.840330999964948 ], [ -76.949736001216706, 38.840563999742351 ], [ -76.949603001072276, 38.840671000625449 ], [ -76.949454000042991, 38.840830000212542 ], [ -76.948940999975306, 38.841496999503796 ], [ -76.948764000007202, 38.84168399951453 ], [ -76.948584000048868, 38.841856000664215 ], [ -76.948377999401842, 38.842055999105256 ], [ -76.94675999981898, 38.840004999488137 ], [ -76.946398999473104, 38.839537000124558 ], [ -76.946306000057646, 38.839416999924808 ], [ -76.945909000089443, 38.838910000152318 ], [ -76.945617000207974, 38.838503000356894 ], [ -76.945356000077609, 38.83816700004143 ] ] ] } },
{ "type": "Feature", "properties": { "GEOID20": "24033801808", "ORGANIZATION_NAME": "Prince George's County Department of Social Services", "GOC_TRACK_TYPE": "Partnership Development" }, "geometry": { "type": "Polygon", "coordinates": [ [ [ -76.957591999533349, 38.834470000557161 ], [ -76.959924000262419, 38.833136999546454 ], [ -76.959600999977624, 38.832905999526723 ], [ -76.959390000166991, 38.832740999386509 ], [ -76.959053999195078, 38.83250000022602 ], [ -76.958830000580392, 38.832332000087959 ], [ -76.958642999269216, 38.832166999837234 ], [ -76.958309000428144, 38.831804000306335 ], [ -76.957444999711299, 38.830832000437148 ], [ -76.956700999835533, 38.830019000181757 ], [ -76.956010000175553, 38.829238999563451 ], [ -76.955602999111761, 38.828802999588653 ], [ -76.955519999813546, 38.828720999038119 ], [ -76.955436000575673, 38.828648999246361 ], [ -76.955299999265804, 38.82857499942611 ], [ -76.955237999907965, 38.828551999565818 ], [ -76.955156999783696, 38.828529999519887 ], [ -76.955066000001267, 38.828515000552621 ], [ -76.95474199986657, 38.828501999553083 ], [ -76.95343899985393, 38.828475999321661 ], [ -76.951549000400391, 38.828444000324005 ], [ -76.951350999637611, 38.828447000652538 ], [ -76.951234000526242, 38.828455999027057 ], [ -76.951058999775441, 38.828489000361571 ], [ -76.950947999614797, 38.828223000353795 ], [ -76.95092400000874, 38.828120999986346 ], [ -76.950903000418165, 38.827917000683996 ], [ -76.951112000499776, 38.827902000137506 ], [ -76.951492999729936, 38.827885999726156 ], [ -76.951683999645113, 38.8278840007032 ], [ -76.9522560011427, 38.827912000212883 ], [ -76.953278999540331, 38.827993000397569 ], [ -76.95348499984928, 38.828038999750589 ], [ -76.953619000092942, 38.828051000113184 ], [ -76.953822999858758, 38.828038999751577 ], [ -76.953853999731578, 38.82802900090212 ], [ -76.95388999988667, 38.827989000414448 ], [ -76.953921000006659, 38.827975000886269 ], [ -76.953966000527387, 38.827964999426463 ], [ -76.954038999795998, 38.827968000992762 ], [ -76.954311000591503, 38.828009000838676 ], [ -76.954640999973222, 38.827997999601394 ], [ -76.955192000084594, 38.827960999371996 ], [ -76.955497000251796, 38.827873999679746 ], [ -76.955833000119455, 38.827822000719365 ], [ -76.956201000926697, 38.827743000010855 ], [ -76.956277000907548, 38.827677000034775 ], [ -76.956354998997298, 38.827655999860468 ], [ -76.956477000745551, 38.827609999534204 ], [ -76.956518999872344, 38.827587999391938 ], [ -76.956757000180062, 38.827367000167818 ], [ -76.956877000638926, 38.827263999390816 ], [ -76.956950999465491, 38.827204999614409 ], [ -76.95704400028356, 38.827145999579571 ], [ -76.957346000054386, 38.827077000071128 ], [ -76.957590999936727, 38.827038999747224 ], [ -76.957629999578145, 38.827045999981237 ], [ -76.957714000027693, 38.827099000250413 ], [ -76.957741999783991, 38.82710700000424 ], [ -76.957825999503612, 38.827103000000783 ], [ -76.95786499951646, 38.827087999671512 ], [ -76.957893000373033, 38.82705899980246 ], [ -76.957939999852329, 38.826984999558903 ], [ -76.957982000269297, 38.82688699983251 ], [ -76.957993999992112, 38.826822999873215 ], [ -76.958047999540696, 38.826739999938582 ], [ -76.958100999774459, 38.826723000176976 ], [ -76.958268999515013, 38.826703000310339 ], [ -76.958688000972785, 38.826714000088955 ], [ -76.958737999859153, 38.826703000418426 ], [ -76.958807999786956, 38.826672999915523 ], [ -76.958858000937497, 38.826637999827646 ], [ -76.958965001019465, 38.826588999891619 ], [ -76.959063000482601, 38.826587000196533 ], [ -76.959351999408511, 38.826639999852944 ], [ -76.959393999186133, 38.826671000008595 ], [ -76.959438999121517, 38.826716000354445 ], [ -76.959474999837653, 38.826783999785626 ], [ -76.959544000107954, 38.826836999835571 ], [ -76.959636000134765, 38.826860999627264 ], [ -76.959795000662083, 38.826869999923154 ], [ -76.959962999923775, 38.82686500032419 ], [ -76.960094998836965, 38.826854000249121 ], [ -76.960722999610667, 38.826749999711318 ], [ -76.960961999699862, 38.826760999971015 ], [ -76.961054000345712, 38.82677400020409 ], [ -76.961105000553786, 38.826790999980489 ], [ -76.961168999674953, 38.826836999622827 ], [ -76.961225999527159, 38.826909999792917 ], [ -76.961256999479744, 38.826930999823162 ], [ -76.96130500030003, 38.826944999596286 ], [ -76.961407999595409, 38.826947000251096 ], [ -76.96159399945445, 38.826907000044223 ], [ -76.961684001354044, 38.826880999654705 ], [ -76.961748000313804, 38.826882999810202 ], [ -76.961807000749616, 38.826902999920229 ], [ -76.961838001321524, 38.826920999975812 ], [ -76.961888000091349, 38.826928999620712 ], [ -76.961936000177843, 38.826923000331085 ], [ -76.962142999852489, 38.826846000203133 ], [ -76.962212999670584, 38.826829000484508 ], [ -76.9622709995093, 38.82676600049794 ], [ -76.962367999945513, 38.826607999828902 ], [ -76.962448999997676, 38.826500999887656 ], [ -76.962550000173266, 38.826405000245757 ], [ -76.962586000172038, 38.826393999838338 ], [ -76.962692999166052, 38.826400999441951 ], [ -76.962827000555833, 38.826325999840662 ], [ -76.962895999047504, 38.826311000173547 ], [ -76.963021999956425, 38.826319999090096 ], [ -76.963139000068168, 38.82622799926142 ], [ -76.963172999387865, 38.82621499996192 ], [ -76.963200999954921, 38.826212999905579 ], [ -76.963231000234074, 38.826218999994616 ], [ -76.963413000185611, 38.826319998910797 ], [ -76.963542999157909, 38.82635700044807 ], [ -76.963651999723936, 38.826363999797735 ], [ -76.96379500036781, 38.826361000286902 ], [ -76.963887000311757, 38.826364000686659 ], [ -76.963970000150795, 38.826333000267709 ], [ -76.964064999685476, 38.826306999583004 ], [ -76.964149000174771, 38.826292000190179 ], [ -76.964241000446478, 38.826284999106917 ], [ -76.96439499992816, 38.826287000130087 ], [ -76.964502000222197, 38.826303000240294 ], [ -76.964637000268098, 38.826341999257899 ], [ -76.964808000275383, 38.826379000091599 ], [ -76.964849999453179, 38.826396999962036 ], [ -76.964928000038782, 38.826444999840184 ], [ -76.965034000483797, 38.826520999177291 ], [ -76.965077999384235, 38.82654300022601 ], [ -76.965141999324899, 38.826551999903778 ], [ -76.965183999579338, 38.826554000610741 ], [ -76.965358000161501, 38.82650600030982 ], [ -76.965502999212319, 38.826498000499143 ], [ -76.965556000806714, 38.826497999939065 ], [ -76.965657999273773, 38.826511000394234 ], [ -76.965751000555954, 38.826559000531155 ], [ -76.965814999173148, 38.826582999843062 ], [ -76.965909999971544, 38.826585000487448 ], [ -76.965993999447505, 38.826572000548239 ], [ -76.96603599956174, 38.826555000283228 ], [ -76.966066999510616, 38.82655200047202 ], [ -76.966132000486979, 38.826585000264046 ], [ -76.966162999101428, 38.8266140003145 ], [ -76.966183000540894, 38.82669700024563 ], [ -76.966183000497765, 38.826736000614552 ], [ -76.966213000452697, 38.826824000433987 ], [ -76.966285999922377, 38.826913000002691 ], [ -76.966345000128513, 38.826968000226557 ], [ -76.966531000310525, 38.827209000546119 ], [ -76.966766000304858, 38.827434000168701 ], [ -76.967256999493642, 38.827815999836183 ], [ -76.967384999636863, 38.82788000030736 ], [ -76.967437999467251, 38.827923999853994 ], [ -76.967482999771804, 38.827933000149663 ], [ -76.967552999476965, 38.827930999933869 ], [ -76.967529999672635, 38.828149000265014 ], [ -76.967529999507008, 38.828275999842099 ], [ -76.967543000439392, 38.828397999730228 ], [ -76.967554000384837, 38.828462999782587 ], [ -76.967628999942974, 38.828643999816698 ], [ -76.967694000091541, 38.828760999979757 ], [ -76.967801999490462, 38.828902999660563 ], [ -76.967958999704138, 38.829054999487333 ], [ -76.968017000116049, 38.829093999535566 ], [ -76.968096999255977, 38.829136999924351 ], [ -76.968249001151364, 38.829200999686485 ], [ -76.968639000608505, 38.829304999778863 ], [ -76.969469999918914, 38.829570999597522 ], [ -76.96991900020933, 38.829703000127481 ], [ -76.969612000180803, 38.830277000354052 ], [ -76.96949899989545, 38.830462000236665 ], [ -76.969394999400123, 38.830598999862104 ], [ -76.969128999428648, 38.830918999633944 ], [ -76.968984998760249, 38.831071999039715 ], [ -76.968822999913797, 38.831214000429767 ], [ -76.968355000046657, 38.831555999692497 ], [ -76.967960999212224, 38.831800998958968 ], [ -76.9676419999996, 38.831957999622126 ], [ -76.967080999488928, 38.832167000314705 ], [ -76.965974000152116, 38.832549000154117 ], [ -76.965404999677332, 38.83273599988614 ], [ -76.964863000502007, 38.832930999980825 ], [ -76.965216000196548, 38.833546999764813 ], [ -76.965587000070073, 38.833416999649813 ], [ -76.965623999960741, 38.833412000047645 ], [ -76.965647000001908, 38.833415000331065 ], [ -76.965689000273102, 38.833422999586737 ], [ -76.965731000360762, 38.833441000019953 ], [ -76.965791000642, 38.833495999858535 ], [ -76.966353000426992, 38.834088000124893 ], [ -76.967051999184164, 38.834799999320197 ], [ -76.965394999892808, 38.835369999324527 ], [ -76.965753000432827, 38.835756999243806 ], [ -76.966141000401933, 38.836145000379211 ], [ -76.966276999733424, 38.836297000700711 ], [ -76.966295999995381, 38.836350000234383 ], [ -76.966273999487882, 38.836420999431702 ], [ -76.966257999962806, 38.836437999169235 ], [ -76.966212000078997, 38.83645899988764 ], [ -76.965802999720623, 38.836605000630939 ], [ -76.965394999987652, 38.836722000214259 ], [ -76.964638000588948, 38.836901000151144 ], [ -76.964299999877227, 38.836988999953164 ], [ -76.963833999584935, 38.837127000252345 ], [ -76.963742000151655, 38.837165999940908 ], [ -76.96368699928648, 38.837202000447618 ], [ -76.963610999495032, 38.837277000092762 ], [ -76.963445999726133, 38.837520000249398 ], [ -76.96340500008013, 38.837605000187928 ], [ -76.963787000277719, 38.837655999981678 ], [ -76.963982000928283, 38.837695000263409 ], [ -76.96412600097581, 38.837731000054269 ], [ -76.964254000462049, 38.837770999926867 ], [ -76.964550000680504, 38.837887000180068 ], [ -76.964706999954103, 38.837969000366144 ], [ -76.964903000101529, 38.83809099969907 ], [ -76.965064000308402, 38.838203999594725 ], [ -76.965187000378336, 38.838313999834448 ], [ -76.966418000192931, 38.839592000480827 ], [ -76.966071999236149, 38.839857999264581 ], [ -76.965928999231409, 38.839976999788178 ], [ -76.965752999253766, 38.840137000528344 ], [ -76.966263000052038, 38.840506000052962 ], [ -76.96677200069378, 38.840892000489895 ], [ -76.966945000497873, 38.841071000656463 ], [ -76.966991000470102, 38.84113300081362 ], [ -76.967048000349877, 38.841280999613915 ], [ -76.967063999759745, 38.841420999930421 ], [ -76.967042000650764, 38.84161199895825 ], [ -76.967028000689069, 38.841661999100658 ], [ -76.966988000010545, 38.841737999281136 ], [ -76.966906999350343, 38.841856000530541 ], [ -76.966228000426014, 38.842657000274777 ], [ -76.966069000557042, 38.842822999660889 ], [ -76.965936999480647, 38.842950000133882 ], [ -76.965494001064414, 38.842747999736112 ], [ -76.964999000340555, 38.842488000098058 ], [ -76.964662999633617, 38.842325000009474 ], [ -76.964410000271528, 38.842186000269237 ], [ -76.964180000678027, 38.842073999951054 ], [ -76.96376400013672, 38.841856000431747 ], [ -76.963575000726806, 38.841777000573828 ], [ -76.963212999939543, 38.841611000071957 ], [ -76.963074999865754, 38.841541000489308 ], [ -76.962980000333729, 38.841485000005157 ], [ -76.962863001018178, 38.841403000367983 ], [ -76.962758000173437, 38.841316000247573 ], [ -76.962606000879603, 38.84114999980158 ], [ -76.962071999943589, 38.840462998963844 ], [ -76.961888999934885, 38.840251000242866 ], [ -76.961823999910735, 38.840188000021747 ], [ -76.961317000001245, 38.839764999825391 ], [ -76.961144000189734, 38.839586000282964 ], [ -76.960998999769046, 38.839412000519943 ], [ -76.960884999871524, 38.839252000189887 ], [ -76.96070800065516, 38.83897299941674 ], [ -76.960582999120888, 38.838808000789705 ], [ -76.960347999846491, 38.838538999951602 ], [ -76.960269999450446, 38.838400000017316 ], [ -76.960244999389744, 38.838324999732663 ], [ -76.960221000453942, 38.838195999507704 ], [ -76.960218999992506, 38.838147999982247 ], [ -76.960232000729789, 38.838002999833201 ], [ -76.960268001044426, 38.837836999795286 ], [ -76.960764000196164, 38.836689000338922 ], [ -76.960491999317213, 38.836537999831663 ], [ -76.960345001050953, 38.836430999787538 ], [ -76.96024799931368, 38.836369000322122 ], [ -76.96020299954543, 38.836346999849454 ], [ -76.960155999808151, 38.836330000171706 ], [ -76.960002000162206, 38.836296000031986 ], [ -76.959837000610236, 38.836270999856566 ], [ -76.959128999576876, 38.836083999767915 ], [ -76.95872999879974, 38.835960000291507 ], [ -76.958612998917843, 38.835905000067967 ], [ -76.958236000095297, 38.835669000042671 ], [ -76.958037998941123, 38.835495999969979 ], [ -76.95796800091756, 38.835395999819006 ], [ -76.957907000791963, 38.835251000216417 ], [ -76.957889999804181, 38.835143000686855 ], [ -76.957878999115508, 38.834986999044922 ], [ -76.957852999209848, 38.834897000562961 ], [ -76.957591999533349, 38.834470000557161 ] ] ] } },
{ "type": "Feature", "properties": { "GEOID20": "24033801809", "ORGANIZATION_NAME": "Prince George's County Department of Social Services", "GOC_TRACK_TYPE": "Partnership Development" }, "geometry": { "type": "Polygon", "coordinates": [ [ [ -76.954053999449783, 38.849578000596175 ], [ -76.953227000285878, 38.848450999410097 ], [ -76.952664000934391, 38.847653999401579 ], [ -76.952425999783699, 38.847372000619224 ], [ -76.951737000516687, 38.846439000877737 ], [ -76.948846999309126, 38.842699000699696 ], [ -76.948377999401842, 38.842055999105256 ], [ -76.948584000048868, 38.841856000664215 ], [ -76.948764000007202, 38.84168399951453 ], [ -76.948940999975306, 38.841496999503796 ], [ -76.949454000042991, 38.840830000212542 ], [ -76.949603001072276, 38.840671000625449 ], [ -76.949736001216706, 38.840563999742351 ], [ -76.950124999579501, 38.840330999964948 ], [ -76.953579000932621, 38.838439000260756 ], [ -76.953845001043604, 38.838285999867587 ], [ -76.954003000562068, 38.83816899917958 ], [ -76.955369000365877, 38.836882999606537 ], [ -76.955808000282403, 38.836457999943413 ], [ -76.956697000417222, 38.835615000137288 ], [ -76.956459999972338, 38.835424000225423 ], [ -76.956375999844113, 38.835339000182977 ], [ -76.956307999965006, 38.835249000069318 ], [ -76.95622999991744, 38.835130000639964 ], [ -76.957591999533349, 38.834470000557161 ], [ -76.957852999209848, 38.834897000562961 ], [ -76.957878999115508, 38.834986999044922 ], [ -76.957889999804181, 38.835143000686855 ], [ -76.957907000791963, 38.835251000216417 ], [ -76.95796800091756, 38.835395999819006 ], [ -76.958037998941123, 38.835495999969979 ], [ -76.958236000095297, 38.835669000042671 ], [ -76.958612998917843, 38.835905000067967 ], [ -76.95872999879974, 38.835960000291507 ], [ -76.959128999576876, 38.836083999767915 ], [ -76.959837000610236, 38.836270999856566 ], [ -76.960002000162206, 38.836296000031986 ], [ -76.960155999808151, 38.836330000171706 ], [ -76.96020299954543, 38.836346999849454 ], [ -76.96024799931368, 38.836369000322122 ], [ -76.960345001050953, 38.836430999787538 ], [ -76.960491999317213, 38.836537999831663 ], [ -76.960764000196164, 38.836689000338922 ], [ -76.960268001044426, 38.837836999795286 ], [ -76.960232000729789, 38.838002999833201 ], [ -76.960218999992506, 38.838147999982247 ], [ -76.960221000453942, 38.838195999507704 ], [ -76.960244999389744, 38.838324999732663 ], [ -76.960269999450446, 38.838400000017316 ], [ -76.960347999846491, 38.838538999951602 ], [ -76.960582999120888, 38.838808000789705 ], [ -76.96070800065516, 38.83897299941674 ], [ -76.960884999871524, 38.839252000189887 ], [ -76.960998999769046, 38.839412000519943 ], [ -76.961144000189734, 38.839586000282964 ], [ -76.961317000001245, 38.839764999825391 ], [ -76.961823999910735, 38.840188000021747 ], [ -76.961888999934885, 38.840251000242866 ], [ -76.962071999943589, 38.840462998963844 ], [ -76.962606000879603, 38.84114999980158 ], [ -76.962758000173437, 38.841316000247573 ], [ -76.962863001018178, 38.841403000367983 ], [ -76.962980000333729, 38.841485000005157 ], [ -76.963074999865754, 38.841541000489308 ], [ -76.963212999939543, 38.841611000071957 ], [ -76.963575000726806, 38.841777000573828 ], [ -76.96376400013672, 38.841856000431747 ], [ -76.964180000678027, 38.842073999951054 ], [ -76.964410000271528, 38.842186000269237 ], [ -76.964662999633617, 38.842325000009474 ], [ -76.964999000340555, 38.842488000098058 ], [ -76.965494001064414, 38.842747999736112 ], [ -76.965936999480647, 38.842950000133882 ], [ -76.966173999804695, 38.843070000303662 ], [ -76.966210999879081, 38.843097000325315 ], [ -76.966549999816394, 38.843453000049266 ], [ -76.966610999895778, 38.843524999500026 ], [ -76.966621999974492, 38.843551000119639 ], [ -76.966619998723985, 38.843573999911079 ], [ -76.966613000275913, 38.843595000199947 ], [ -76.966567000127185, 38.843633999909706 ], [ -76.965228999148394, 38.844395001003896 ], [ -76.964628000781829, 38.844745000289166 ], [ -76.964055000204851, 38.845057999301027 ], [ -76.963885000146206, 38.845170000157211 ], [ -76.963722999716538, 38.845306998977918 ], [ -76.96357900028427, 38.845457000570363 ], [ -76.962495999148572, 38.8468390003911 ], [ -76.962176000816868, 38.847232000280485 ], [ -76.961991999422921, 38.847431000024649 ], [ -76.961812000360567, 38.847607999468998 ], [ -76.96161899951008, 38.847763000251241 ], [ -76.961380000167182, 38.847942000200447 ], [ -76.960784999987908, 38.848363000427675 ], [ -76.960509000618899, 38.848550000950425 ], [ -76.960356999773452, 38.848633999965884 ], [ -76.96023600023635, 38.848680000942664 ], [ -76.960164000029891, 38.848700000352572 ], [ -76.960034000510376, 38.848722000468904 ], [ -76.959841999942256, 38.848728999897212 ], [ -76.959749000189888, 38.848724000615434 ], [ -76.959696999934636, 38.848728999473806 ], [ -76.959608999636202, 38.848760999463046 ], [ -76.959446000352585, 38.848845000690801 ], [ -76.958363000537588, 38.849555000527737 ], [ -76.958103000790373, 38.849850000482952 ], [ -76.957866000651904, 38.850018999940197 ], [ -76.957969999023604, 38.8502080001943 ], [ -76.958053999441361, 38.850500000127361 ], [ -76.958174000803581, 38.850843999669671 ], [ -76.958212999369195, 38.85094599993338 ], [ -76.958309999169984, 38.851129000434589 ], [ -76.958374000859905, 38.851198999894272 ], [ -76.958477000547276, 38.851295999763202 ], [ -76.959041000253265, 38.851615000291851 ], [ -76.958662999400758, 38.851772000275616 ], [ -76.958076000573101, 38.851993000254247 ], [ -76.957534000009005, 38.852150999659571 ], [ -76.956964000910119, 38.8522730011398 ], [ -76.956069999834995, 38.852399999660435 ], [ -76.956012000218692, 38.852319001014784 ], [ -76.955855000398714, 38.852067000191127 ], [ -76.955706000213411, 38.851855999564208 ], [ -76.955466000595891, 38.851492999879916 ], [ -76.954830999324457, 38.850643000134141 ], [ -76.95436599960334, 38.849974000547121 ], [ -76.954053999449783, 38.849578000596175 ] ] ] } },
{ "type": "Feature", "properties": { "GEOID20": "24033802301", "ORGANIZATION_NAME": "United Communities Against Poverty", "GOC_TRACK_TYPE": "Plan Development" }, "geometry": { "type": "Polygon", "coordinates": [ [ [ -76.900921000157766, 38.862515000002837 ], [ -76.900864000233668, 38.862494999767428 ], [ -76.900641999453867, 38.862639999809311 ], [ -76.900292999880406, 38.862823999309271 ], [ -76.900017999366554, 38.862941000656662 ], [ -76.899743999644102, 38.863028999600623 ], [ -76.899563000107605, 38.86309799899886 ], [ -76.898924000658198, 38.863243000265712 ], [ -76.897772000839424, 38.863466998891909 ], [ -76.897659000381594, 38.863087000354582 ], [ -76.897643000293527, 38.862990000758749 ], [ -76.897653000979318, 38.86289400046573 ], [ -76.897670999552332, 38.862808999256657 ], [ -76.897709000272826, 38.86272100044954 ], [ -76.897764000017105, 38.862619000309699 ], [ -76.897952000472046, 38.862339999156148 ], [ -76.898162999025459, 38.861938000520716 ], [ -76.898408000191168, 38.861391000845117 ], [ -76.898517999052871, 38.861130999866191 ], [ -76.89868300022205, 38.86059099979645 ], [ -76.898716000680011, 38.860436999664856 ], [ -76.898767999247013, 38.860005999683374 ], [ -76.8988669989632, 38.858882000422305 ], [ -76.898947000316568, 38.857819000323268 ], [ -76.89450399930611, 38.859272999829614 ], [ -76.89226399969408, 38.859992999668258 ], [ -76.89202500090866, 38.860062999580613 ], [ -76.891641000769411, 38.860159999706056 ], [ -76.891417999962599, 38.860204999522281 ], [ -76.891154000142009, 38.860248999499817 ], [ -76.890844000012066, 38.86029099925387 ], [ -76.889979000162185, 38.860387000932612 ], [ -76.889655999920564, 38.86041999937634 ], [ -76.889316000229556, 38.860469999532569 ], [ -76.888636000373239, 38.860609999693679 ], [ -76.888341000158476, 38.860693000854184 ], [ -76.887796999712634, 38.860865000622432 ], [ -76.88789900027615, 38.86062900035229 ], [ -76.887858999580843, 38.860627000805927 ], [ -76.887823000105215, 38.86063400090498 ], [ -76.887759999960934, 38.86068300025137 ], [ -76.88761400040552, 38.860774000764629 ], [ -76.887585999312478, 38.860781000381508 ], [ -76.88747800006162, 38.860776000271407 ], [ -76.887427000278407, 38.860779999497971 ], [ -76.88736100026685, 38.860799999412826 ], [ -76.887259000404455, 38.860848999594133 ], [ -76.887125000104078, 38.860901999124408 ], [ -76.886482999614856, 38.861104000544671 ], [ -76.886286999916308, 38.861157000075167 ], [ -76.886167999941094, 38.861162999939921 ], [ -76.88613000053013, 38.861171000204799 ], [ -76.886066000166906, 38.861201000690116 ], [ -76.885993000279328, 38.861251000067284 ], [ -76.885917000051478, 38.861274999951476 ], [ -76.885603999967316, 38.861348000673892 ], [ -76.884604000178584, 38.861655000299187 ], [ -76.883990000228181, 38.861893999759765 ], [ -76.883928999869653, 38.861901999874533 ], [ -76.883798999726238, 38.861892999973563 ], [ -76.883744000307956, 38.861897999852225 ], [ -76.88360299952835, 38.861960000393779 ], [ -76.883565000283852, 38.861982999752414 ], [ -76.88350600061213, 38.86203299982003 ], [ -76.883468999876769, 38.862052000402691 ], [ -76.88334399999323, 38.862091000072844 ], [ -76.883214000212803, 38.862163999610686 ], [ -76.883165000533154, 38.862198999669026 ], [ -76.883137000564403, 38.862222999819586 ], [ -76.883111000017905, 38.862269999572653 ], [ -76.883077000632426, 38.862423999683479 ], [ -76.883059000714113, 38.862461999911254 ], [ -76.883003999855219, 38.862520999539406 ], [ -76.882949000770381, 38.862562000311122 ], [ -76.882936000591826, 38.862466999748399 ], [ -76.882942000429679, 38.862372000215672 ], [ -76.882931000625206, 38.862349999622786 ], [ -76.882927000536952, 38.862216999733022 ], [ -76.882891000786415, 38.862071000121531 ], [ -76.882839000555222, 38.861972000313408 ], [ -76.882791999818394, 38.861899000211409 ], [ -76.882740000148516, 38.861790000103476 ], [ -76.882681999254885, 38.861726999970429 ], [ -76.882619999616736, 38.861627999920202 ], [ -76.88246900023502, 38.861472000451293 ], [ -76.882327998992253, 38.861300000182965 ], [ -76.882280999938999, 38.861258000565613 ], [ -76.882224000368623, 38.861222000363156 ], [ -76.882151000375288, 38.861148998987922 ], [ -76.882094000497347, 38.861107000009568 ], [ -76.881824000151298, 38.860745999902342 ], [ -76.881572999257713, 38.860529000118618 ], [ -76.881468999729321, 38.860477000638248 ], [ -76.881443000111545, 38.860398999993009 ], [ -76.881235999937417, 38.860265000052017 ], [ -76.881152000847493, 38.860153999209125 ], [ -76.881137000030364, 38.860143998996982 ], [ -76.881082999976798, 38.860127999993615 ], [ -76.881010999535022, 38.860055999744404 ], [ -76.880981999982396, 38.860039000109616 ], [ -76.880834000473243, 38.85998400043357 ], [ -76.880864000558645, 38.859950998942928 ], [ -76.880897000034622, 38.859933000438524 ], [ -76.880970000330436, 38.859928999469432 ], [ -76.881109999950127, 38.859950999260249 ], [ -76.879447000349018, 38.858915999252183 ], [ -76.878662999236624, 38.858409000693207 ], [ -76.87784699979855, 38.857894999823792 ], [ -76.878852000146352, 38.856644000025689 ], [ -76.879184999985966, 38.856247000180367 ], [ -76.879900000027774, 38.855350999532092 ], [ -76.881126000063276, 38.854011999827271 ], [ -76.882260000183948, 38.854193000619233 ], [ -76.882758999846772, 38.854255999724359 ], [ -76.883345000026992, 38.854345000930913 ], [ -76.884460000607874, 38.854500999871085 ], [ -76.884450000238985, 38.853761000040663 ], [ -76.88442099955428, 38.853246999423099 ], [ -76.884390999212158, 38.853055999836215 ], [ -76.885306000594454, 38.852839999861779 ], [ -76.886613999375356, 38.852468000276083 ], [ -76.886910999253047, 38.852389000576615 ], [ -76.887097000722164, 38.852353000011249 ], [ -76.887164999923215, 38.852349000244295 ], [ -76.887246000471322, 38.852351999940801 ], [ -76.887519999922844, 38.852392000476662 ], [ -76.889125999510384, 38.852762999848473 ], [ -76.889738000256045, 38.851209999331921 ], [ -76.889942000055626, 38.851301000510929 ], [ -76.890509999602557, 38.851521999058221 ], [ -76.890667000608474, 38.85157300064364 ], [ -76.890943000315602, 38.851643000336161 ], [ -76.891639000303385, 38.851800000712608 ], [ -76.892136999800371, 38.851904000386881 ], [ -76.893587999862646, 38.852233000434182 ], [ -76.894124000662273, 38.852330999606103 ], [ -76.895266000231345, 38.852590999771905 ], [ -76.895622000235107, 38.852697999223672 ], [ -76.895910001324154, 38.852807998947135 ], [ -76.896117000044342, 38.85289400039936 ], [ -76.896940000039621, 38.853293000022582 ], [ -76.899198000972632, 38.854438000504928 ], [ -76.899312999811471, 38.854500000296945 ], [ -76.900153999326477, 38.854927999804559 ], [ -76.900138998919957, 38.855035999896771 ], [ -76.900167000202543, 38.855186999784721 ], [ -76.900194000131947, 38.855268999612655 ], [ -76.902107999999245, 38.858859000470581 ], [ -76.902214000198455, 38.859083000068559 ], [ -76.902327999648392, 38.8593750000583 ], [ -76.902355999843437, 38.859506999633446 ], [ -76.902388000764176, 38.859765998834845 ], [ -76.902368000468272, 38.859796999925756 ], [ -76.902339999984363, 38.85981500056775 ], [ -76.902146000233259, 38.859875999947072 ], [ -76.90179300046124, 38.860652000138927 ], [ -76.902075000098776, 38.860713999653782 ], [ -76.90224300016142, 38.860778000256659 ], [ -76.902045000021019, 38.86110399963804 ], [ -76.902644999859419, 38.861062999654052 ], [ -76.90265300022557, 38.861076000075798 ], [ -76.902688000109535, 38.861148000255234 ], [ -76.902853999783943, 38.861612000247668 ], [ -76.903349999261167, 38.863076000337102 ], [ -76.903515999421742, 38.863495000369291 ], [ -76.903691000755813, 38.863976999835778 ], [ -76.9036899996388, 38.864016999997254 ], [ -76.903668999431986, 38.864067000122702 ], [ -76.903593000148035, 38.864165000351676 ], [ -76.902421999942021, 38.863471000865623 ], [ -76.902160000304178, 38.863269999233616 ], [ -76.900921000157766, 38.862515000002837 ] ] ] } },
{ "type": "Feature", "properties": { "GEOID20": "24033802407", "ORGANIZATION_NAME": "United Communities Against Poverty", "GOC_TRACK_TYPE": "Plan Development" }, "geometry": { "type": "Polygon", "coordinates": [ [ [ -76.904669999903788, 38.864837000111976 ], [ -76.903593000148035, 38.864165000351676 ], [ -76.903668999431986, 38.864067000122702 ], [ -76.9036899996388, 38.864016999997254 ], [ -76.903691000755813, 38.863976999835778 ], [ -76.903515999421742, 38.863495000369291 ], [ -76.903349999261167, 38.863076000337102 ], [ -76.902853999783943, 38.861612000247668 ], [ -76.902688000109535, 38.861148000255234 ], [ -76.90265300022557, 38.861076000075798 ], [ -76.902644999859419, 38.861062999654052 ], [ -76.902045000021019, 38.86110399963804 ], [ -76.90224300016142, 38.860778000256659 ], [ -76.902075000098776, 38.860713999653782 ], [ -76.90179300046124, 38.860652000138927 ], [ -76.902146000233259, 38.859875999947072 ], [ -76.902339999984363, 38.85981500056775 ], [ -76.902368000468272, 38.859796999925756 ], [ -76.902388000764176, 38.859765998834845 ], [ -76.902355999843437, 38.859506999633446 ], [ -76.902327999648392, 38.8593750000583 ], [ -76.902214000198455, 38.859083000068559 ], [ -76.902107999999245, 38.858859000470581 ], [ -76.900194000131947, 38.855268999612655 ], [ -76.900167000202543, 38.855186999784721 ], [ -76.900138998919957, 38.855035999896771 ], [ -76.900153999326477, 38.854927999804559 ], [ -76.900337999132518, 38.855020999738869 ], [ -76.901004999450052, 38.855357999765779 ], [ -76.901501999536038, 38.855193000070422 ], [ -76.904233000095132, 38.854377999169692 ], [ -76.904468000405913, 38.854299999392673 ], [ -76.905996999265867, 38.8538269995965 ], [ -76.906565999179406, 38.853615999564752 ], [ -76.906991998869103, 38.853564999747888 ], [ -76.907109000789688, 38.853564999212672 ], [ -76.907382000159629, 38.853578999914951 ], [ -76.907640000052368, 38.853630999204782 ], [ -76.907832999869029, 38.853686999521756 ], [ -76.908030000169177, 38.85376699933888 ], [ -76.908206000498126, 38.853892999197768 ], [ -76.908334000749264, 38.853997000349075 ], [ -76.909062000608245, 38.853645999306352 ], [ -76.909714000495924, 38.853378999874693 ], [ -76.910347999698828, 38.853161999607082 ], [ -76.910561999599608, 38.853280999420676 ], [ -76.910866000522873, 38.853474999749523 ], [ -76.912170000745533, 38.854468999436293 ], [ -76.912556999096111, 38.85477799992411 ], [ -76.913197000423679, 38.855325999224199 ], [ -76.913692999571893, 38.855788999446823 ], [ -76.914236000393544, 38.85624100033435 ], [ -76.915657999754259, 38.857477999970889 ], [ -76.916278000469902, 38.858035000401607 ], [ -76.917028000181446, 38.858685000146551 ], [ -76.917344999395354, 38.858976999809819 ], [ -76.918254000122957, 38.85973000094743 ], [ -76.91843799979884, 38.859909000907749 ], [ -76.918784999882817, 38.860177000187832 ], [ -76.918858000496058, 38.860242999813913 ], [ -76.918658999862771, 38.860244999946914 ], [ -76.918447000414119, 38.86037399953026 ], [ -76.918019999237671, 38.860717999746655 ], [ -76.917558999730616, 38.861053000193259 ], [ -76.917285000275314, 38.861291000815314 ], [ -76.917127999681469, 38.861449999848048 ], [ -76.917013000862553, 38.861590999970858 ], [ -76.915596000283955, 38.860959999117 ], [ -76.915013000337765, 38.86066799967309 ], [ -76.914904000647354, 38.860599999470224 ], [ -76.914838000442884, 38.860536000548258 ], [ -76.914751000001587, 38.860433999534578 ], [ -76.914587999861837, 38.860563000852814 ], [ -76.914663000051789, 38.860616000902908 ], [ -76.914699000737926, 38.862155999945614 ], [ -76.915154999642965, 38.862164000157982 ], [ -76.91538200044414, 38.862177000087257 ], [ -76.91544799979485, 38.862187000402912 ], [ -76.915554000417558, 38.862234000179612 ], [ -76.915600000301282, 38.862264999887437 ], [ -76.915715999486153, 38.862371000190592 ], [ -76.915815000407591, 38.862476999832829 ], [ -76.915865999885071, 38.862513000010019 ], [ -76.916025000098131, 38.862591000376298 ], [ -76.915993000305534, 38.862749000369249 ], [ -76.915977999459059, 38.863720999867276 ], [ -76.91650199920025, 38.863747000204079 ], [ -76.916487000000473, 38.863971999959013 ], [ -76.916474001149609, 38.864061000141952 ], [ -76.916439999485178, 38.864198000163206 ], [ -76.916403001028627, 38.864318000042012 ], [ -76.916333000165949, 38.864479000598685 ], [ -76.916283000124167, 38.864564999654732 ], [ -76.91617999935238, 38.864678999353259 ], [ -76.916028999666693, 38.864809999368056 ], [ -76.915781000381202, 38.864984000307011 ], [ -76.914864999102079, 38.864234999565085 ], [ -76.91457499972104, 38.864329999536146 ], [ -76.913481999325171, 38.864646001027339 ], [ -76.912757999720242, 38.864862999403655 ], [ -76.91260200066894, 38.864898000258172 ], [ -76.912347999403877, 38.864940999821364 ], [ -76.912051999494011, 38.864952999870212 ], [ -76.911904999739278, 38.864950999091441 ], [ -76.911676000242991, 38.864930999469927 ], [ -76.911316999796881, 38.864852000098196 ], [ -76.910879999313025, 38.864728999754355 ], [ -76.910408999091842, 38.864624000236404 ], [ -76.910280999482225, 38.86461100009889 ], [ -76.910097000129198, 38.864602999630058 ], [ -76.909928000231886, 38.864599999304772 ], [ -76.909796999218187, 38.86460699951396 ], [ -76.909648000075009, 38.86462400030932 ], [ -76.909476999234727, 38.864656000892836 ], [ -76.909247999763139, 38.864716999302864 ], [ -76.908926999715746, 38.864841999717349 ], [ -76.908561999926462, 38.865027999533154 ], [ -76.908228000634409, 38.865190000726372 ], [ -76.908115000445804, 38.865236999758636 ], [ -76.908015000517537, 38.865270999867619 ], [ -76.907895000449813, 38.865307000200332 ], [ -76.907730999776831, 38.865345000649981 ], [ -76.907580999029804, 38.865373999930135 ], [ -76.90732800098408, 38.865411000571783 ], [ -76.906913000970718, 38.865398999163183 ], [ -76.906546000139684, 38.865362000313539 ], [ -76.905800000556937, 38.865264000057394 ], [ -76.905379000502109, 38.865180000286983 ], [ -76.905240999690619, 38.865138000134777 ], [ -76.905121000029936, 38.865086998822676 ], [ -76.904829000729237, 38.864930000302536 ], [ -76.904669999903788, 38.864837000111976 ] ] ] } },
{ "type": "Feature", "properties": { "GEOID20": "24033805700", "ORGANIZATION_NAME": "CASA, Inc.", "GOC_TRACK_TYPE": "Partnership Development" }, "geometry": { "type": "Polygon", "coordinates": [ [ [ -76.978432998910705, 38.996805000599586 ], [ -76.977703000103361, 38.995826999429234 ], [ -76.977553000146429, 38.995673000929543 ], [ -76.97744999913489, 38.995578999554844 ], [ -76.977342999864717, 38.995458999670575 ], [ -76.977256000206026, 38.995379000850569 ], [ -76.977153000011967, 38.995267000839874 ], [ -76.977098000864984, 38.9951939994029 ], [ -76.97706499995499, 38.995100999561558 ], [ -76.977045999867968, 38.995012999301871 ], [ -76.977039000049444, 38.994930000039908 ], [ -76.97703499993537, 38.994826999572396 ], [ -76.977083000478103, 38.99420199976781 ], [ -76.977075999919975, 38.994124999951573 ], [ -76.977060999901653, 38.994062000002607 ], [ -76.977038999584764, 38.994011000295195 ], [ -76.976988000393305, 38.993973000013234 ], [ -76.976910999437195, 38.993935999894106 ], [ -76.976469999806952, 38.993779999978848 ], [ -76.976265000093136, 38.993692999751076 ], [ -76.976179999971791, 38.993649999868502 ], [ -76.976062000344385, 38.993553999761573 ], [ -76.975615000553006, 38.99301899983746 ], [ -76.97550800097352, 38.992909999920485 ], [ -76.975349999201285, 38.992800999976772 ], [ -76.975199000727471, 38.992743000310853 ], [ -76.975121999982719, 38.992734999994916 ], [ -76.97478099992361, 38.992732000213266 ], [ -76.97441000094021, 38.992739999995266 ], [ -76.974174999391522, 38.992754000237618 ], [ -76.973871999838067, 38.992790999883034 ], [ -76.973736000206969, 38.992800000145152 ], [ -76.973439000371826, 38.992803000376753 ], [ -76.973310000254386, 38.992791000021541 ], [ -76.973210999365534, 38.992770999912125 ], [ -76.973046000478647, 38.992722999664124 ], [ -76.972481000870062, 38.992532999628637 ], [ -76.972031999907358, 38.992366999966947 ], [ -76.971825999182627, 38.992252000518356 ], [ -76.971558001014216, 38.992090999693204 ], [ -76.971250999912812, 38.991935999840436 ], [ -76.970777000472083, 38.991656000338487 ], [ -76.970631999465169, 38.991566000035931 ], [ -76.970520999524595, 38.991487999840977 ], [ -76.970146999903463, 38.991206000576035 ], [ -76.969937000414689, 38.991033000153656 ], [ -76.96965800086231, 38.990700000321453 ], [ -76.969546000773661, 38.990583000621285 ], [ -76.969445999922868, 38.990489999993663 ], [ -76.969338999219005, 38.990408999972253 ], [ -76.969193999971353, 38.990325000028307 ], [ -76.968831999754045, 38.990194000541919 ], [ -76.968654000967121, 38.990119999240008 ], [ -76.968494000101614, 38.990038000528649 ], [ -76.968368000283405, 38.989950000523585 ], [ -76.968251000062054, 38.98984000028841 ], [ -76.970347999975374, 38.987169999712556 ], [ -76.971169999807117, 38.986123000029501 ], [ -76.972787000103182, 38.984067999978315 ], [ -76.976078000722637, 38.983746000113243 ], [ -76.977104000352355, 38.983627999671349 ], [ -76.977556999175818, 38.983606000230182 ], [ -76.977790000278091, 38.983604999753823 ], [ -76.978073000413488, 38.983617999755666 ], [ -76.978294000077881, 38.98364100021314 ], [ -76.978572000586936, 38.983700000326387 ], [ -76.978862000159594, 38.983782999829145 ], [ -76.979053001004573, 38.983853999999191 ], [ -76.979382000207508, 38.984005000084309 ], [ -76.979284000760202, 38.9840820002903 ], [ -76.979191000802743, 38.984218999605318 ], [ -76.979117999272745, 38.984303999803394 ], [ -76.979027999572509, 38.984394000069308 ], [ -76.978931999411969, 38.984471000332839 ], [ -76.978817001085972, 38.984552000326893 ], [ -76.978677000078065, 38.984642000260209 ], [ -76.978547999805954, 38.984714999942845 ], [ -76.978154999509911, 38.984924999608602 ], [ -76.977476000612214, 38.985256000067992 ], [ -76.976995000064562, 38.985483999760547 ], [ -76.976744000588752, 38.985628000421173 ], [ -76.97663899991646, 38.98570299987388 ], [ -76.976547000013269, 38.985777999136275 ], [ -76.976442000703017, 38.985878999707836 ], [ -76.976371000049909, 38.985961000634184 ], [ -76.976124999988599, 38.986290999770056 ], [ -76.975669000261973, 38.987022000308109 ], [ -76.976359000835288, 38.987276000302522 ], [ -76.976483000075248, 38.98732799995323 ], [ -76.976585999048524, 38.987381000585977 ], [ -76.976793000747421, 38.987511000541211 ], [ -76.976931999982114, 38.987613000038252 ], [ -76.977633999992392, 38.988238000511913 ], [ -76.97894699981353, 38.989375000349334 ], [ -76.979237000264447, 38.989610999550038 ], [ -76.979345999506378, 38.989716999454288 ], [ -76.979462000910871, 38.989890999802576 ], [ -76.979520000412521, 38.990004999765546 ], [ -76.979571000648079, 38.990166999580538 ], [ -76.979586999411808, 38.990254000885734 ], [ -76.979599999982156, 38.990475999474249 ], [ -76.979594000543742, 38.990586999286727 ], [ -76.979555000418415, 38.990764999935408 ], [ -76.979462000080972, 38.991010999406733 ], [ -76.979089999238084, 38.991877000735414 ], [ -76.979762999700341, 38.992052999676176 ], [ -76.980692999562578, 38.992301000329242 ], [ -76.981126999265115, 38.992409999185689 ], [ -76.981317999938952, 38.992442000840313 ], [ -76.98150599959159, 38.992465000717353 ], [ -76.981613999392138, 38.992474999725957 ], [ -76.981808999101503, 38.992474999584744 ], [ -76.98226100025876, 38.992437999366992 ], [ -76.982323999782608, 38.992906000068309 ], [ -76.982320000563718, 38.993089999088397 ], [ -76.982298000753985, 38.993245999706474 ], [ -76.982262000762333, 38.993421999991561 ], [ -76.982218000310695, 38.993564000311409 ], [ -76.982145000667927, 38.993719000418693 ], [ -76.982054000541481, 38.993889999873154 ], [ -76.981898999979961, 38.994123999885282 ], [ -76.981718000092229, 38.994299999965165 ], [ -76.981443000603022, 38.994542999541935 ], [ -76.981094000329492, 38.99479999966961 ], [ -76.981410000062624, 38.995065000189754 ], [ -76.981838999504774, 38.995373999937605 ], [ -76.982050000474956, 38.995489999466066 ], [ -76.98233700000192, 38.995624000370441 ], [ -76.982594999759485, 38.995713999347238 ], [ -76.982882999974194, 38.995798999898078 ], [ -76.98368099961111, 38.996115999583743 ], [ -76.984745999969519, 38.996397999675189 ], [ -76.984888000372052, 38.996445999329524 ], [ -76.986229999516055, 38.993883999905179 ], [ -76.986444999394507, 38.993472999978223 ], [ -76.986667000020446, 38.993049999700091 ], [ -76.987769999706899, 38.993356000727701 ], [ -76.987922999906473, 38.99338599950292 ], [ -76.98813899982224, 38.993417999797963 ], [ -76.988333999154861, 38.993428999497105 ], [ -76.988529999781179, 38.993423000503867 ], [ -76.988765000399368, 38.993388999354302 ], [ -76.989135000316239, 38.993313000627047 ], [ -76.990676001177789, 38.993020999601484 ], [ -76.98988399981485, 38.993985999809155 ], [ -76.989059000179864, 38.99557700039599 ], [ -76.988604999517918, 38.99599600010108 ], [ -76.988265000181656, 38.996288000321478 ], [ -76.986818000116756, 38.998356000191507 ], [ -76.985950999588994, 38.999384999817288 ], [ -76.985692999411597, 38.999979999646683 ], [ -76.985161000223698, 39.00055000002461 ], [ -76.984150000388439, 39.001437999364903 ], [ -76.983669999167887, 39.002201000972136 ], [ -76.983628999041926, 39.002266999072802 ], [ -76.983176000187271, 39.001647999886089 ], [ -76.983023999301068, 39.001486000933205 ], [ -76.982880999660964, 39.001355999252809 ], [ -76.982699999506551, 39.001224999980138 ], [ -76.98244599934101, 39.00108400032083 ], [ -76.981101000590712, 39.000298999741425 ], [ -76.980756000792979, 39.000056999913035 ], [ -76.980509999380956, 38.999878999818463 ], [ -76.98003899902335, 38.999486999532003 ], [ -76.979701999385398, 38.999153999933974 ], [ -76.979565999266569, 38.998972000103834 ], [ -76.979450999284111, 38.998788000378518 ], [ -76.979322999640104, 38.998490000538474 ], [ -76.979280999999204, 38.998136000192531 ], [ -76.979238999802106, 38.998023000351495 ], [ -76.979075000374365, 38.997732000366341 ], [ -76.978432998910705, 38.996805000599586 ] ] ] } },
{ "type": "Feature", "properties": { "GEOID20": "24510120300", "ORGANIZATION_NAME": "The Central Baltimore Partnership, Inc.", "GOC_TRACK_TYPE": "Plan Development" }, "geometry": { "type": "Polygon", "coordinates": [ [ [ -76.609484999530423, 39.31663900007586 ], [ -76.609490000197738, 39.316233999388494 ], [ -76.611276000677421, 39.316273000678102 ], [ -76.61129200050749, 39.316557999599191 ], [ -76.612053000081261, 39.316521000854252 ], [ -76.612768999819991, 39.316498999582173 ], [ -76.613448999628147, 39.316488000742247 ], [ -76.614149000268995, 39.316454999696845 ], [ -76.615302000060737, 39.316412999764218 ], [ -76.615348000168225, 39.31715799986334 ], [ -76.615406000316881, 39.317929000527236 ], [ -76.61541800042589, 39.318224000161194 ], [ -76.615525999929403, 39.319420000205071 ], [ -76.615589000090864, 39.320711999652389 ], [ -76.615664999973006, 39.322002999787287 ], [ -76.615742999303905, 39.323287000747726 ], [ -76.615172999738277, 39.323305000090237 ], [ -76.613905999950973, 39.323364999921878 ], [ -76.613225999770989, 39.323380999865307 ], [ -76.612452000218724, 39.323419000267883 ], [ -76.611135999699755, 39.323465999988649 ], [ -76.609456000353632, 39.3234430000823 ], [ -76.609467998902488, 39.322825000325963 ], [ -76.609483999874868, 39.322148999951459 ], [ -76.609518999396073, 39.321528000301221 ], [ -76.609528000324289, 39.321183999807964 ], [ -76.609532000205547, 39.320922000619866 ], [ -76.60953700021588, 39.320275999771766 ], [ -76.60953200048651, 39.320011999765278 ], [ -76.609509000061138, 39.319519000255383 ], [ -76.60948700102756, 39.319030999565115 ], [ -76.609462999637259, 39.318148000450762 ], [ -76.609464000089531, 39.31811099905763 ], [ -76.609482999942273, 39.317116000656519 ], [ -76.609484999530423, 39.31663900007586 ] ] ] } },
{ "type": "Feature", "properties": { "GEOID20": "24510120400", "ORGANIZATION_NAME": "The Central Baltimore Partnership, Inc.", "GOC_TRACK_TYPE": "Plan Development" }, "geometry": { "type": "Polygon", "coordinates": [ [ [ -76.613809999520953, 39.311136000882215 ], [ -76.614955000310971, 39.311065000114297 ], [ -76.614964000329394, 39.311197000014403 ], [ -76.61506400037706, 39.312304999366177 ], [ -76.615132000179742, 39.313279000021261 ], [ -76.615176000602617, 39.31429200004073 ], [ -76.615273000495321, 39.31536299979259 ], [ -76.615288999724569, 39.315943000201898 ], [ -76.615302000060737, 39.316412999764218 ], [ -76.614149000268995, 39.316454999696845 ], [ -76.613448999628147, 39.316488000742247 ], [ -76.612768999819991, 39.316498999582173 ], [ -76.612053000081261, 39.316521000854252 ], [ -76.61129200050749, 39.316557999599191 ], [ -76.611276000677421, 39.316273000678102 ], [ -76.609490000197738, 39.316233999388494 ], [ -76.609523999891721, 39.315490999972205 ], [ -76.609527999504053, 39.315065999990402 ], [ -76.609531999722165, 39.3145080000888 ], [ -76.609549000044481, 39.313983000063239 ], [ -76.609534000091557, 39.31352200028234 ], [ -76.609537000553459, 39.31273700047322 ], [ -76.609507999554651, 39.312017000660163 ], [ -76.60949699958735, 39.311405000608204 ], [ -76.60953200041935, 39.311359999924967 ], [ -76.609585998747605, 39.311331000297471 ], [ -76.609736999559971, 39.311312999476471 ], [ -76.609913999651383, 39.311312999875071 ], [ -76.611806000029986, 39.31121600091322 ], [ -76.61246399958965, 39.311194000085223 ], [ -76.613787999284952, 39.311136999575801 ], [ -76.613809999520953, 39.311136000882215 ] ] ] } },
{ "type": "Feature", "properties": { "GEOID20": "24510120500", "ORGANIZATION_NAME": "The Central Baltimore Partnership, Inc.", "GOC_TRACK_TYPE": "Plan Development" }, "geometry": { "type": "Polygon", "coordinates": [ [ [ -76.609490000516516, 39.311180999346824 ], [ -76.609440000630954, 39.31055599953995 ], [ -76.609390998737695, 39.310071000023697 ], [ -76.609208000001388, 39.30905199983664 ], [ -76.608736000157094, 39.306940999648269 ], [ -76.608419999733002, 39.305677000803804 ], [ -76.608198999542978, 39.304838999536408 ], [ -76.608785999553064, 39.304809999994106 ], [ -76.609345999605836, 39.3047959999287 ], [ -76.611076999666381, 39.304721000209398 ], [ -76.611350000086929, 39.304715000113987 ], [ -76.611411000184447, 39.304989000206305 ], [ -76.611464999398578, 39.305114999988241 ], [ -76.611541999987665, 39.305253999831507 ], [ -76.61172599943059, 39.305477000134637 ], [ -76.611861000212286, 39.3055919997892 ], [ -76.612113000186866, 39.305770999647955 ], [ -76.612355000033688, 39.305861999950167 ], [ -76.612613999108035, 39.305925999791882 ], [ -76.61282299901427, 39.305951000938556 ], [ -76.613236999974106, 39.305965999995543 ], [ -76.613486000641217, 39.305958000019196 ], [ -76.613951000518284, 39.305956999341518 ], [ -76.614345999967711, 39.305981999807287 ], [ -76.61465499987402, 39.306022000067507 ], [ -76.614807000715459, 39.30605599935145 ], [ -76.615130999219204, 39.306167000045754 ], [ -76.615512999591147, 39.306331000041951 ], [ -76.616285999025962, 39.306762999853056 ], [ -76.617209999889639, 39.307327000365696 ], [ -76.617478999558443, 39.307499999868021 ], [ -76.617724999656801, 39.307673999422114 ], [ -76.618807000599148, 39.308284000878025 ], [ -76.619447000373697, 39.308615000329269 ], [ -76.619943000354112, 39.308888000291617 ], [ -76.620355000324039, 39.309123000464766 ], [ -76.621116000970503, 39.309568000023717 ], [ -76.621548999811409, 39.309849999248755 ], [ -76.623040000125016, 39.310709000295354 ], [ -76.623276999730905, 39.310847999940201 ], [ -76.622975999643316, 39.31087199989669 ], [ -76.622611999502482, 39.310853999986556 ], [ -76.621569999767189, 39.310869000053927 ], [ -76.621106999688422, 39.310890999781542 ], [ -76.620221000325813, 39.31094499981819 ], [ -76.619808000073348, 39.310944000324355 ], [ -76.619354000535338, 39.310955999576166 ], [ -76.619314999999489, 39.310955000407816 ], [ -76.617915000518849, 39.310989999814616 ], [ -76.616553999673215, 39.31101599957853 ], [ -76.615930000022686, 39.311038000215746 ], [ -76.614955000310971, 39.311065000114297 ], [ -76.613809999520953, 39.311136000882215 ], [ -76.613787999284952, 39.311136999575801 ], [ -76.61246399958965, 39.311194000085223 ], [ -76.611806000029986, 39.31121600091322 ], [ -76.609913999651383, 39.311312999875071 ], [ -76.609736999559971, 39.311312999476471 ], [ -76.609585998747605, 39.311331000297471 ], [ -76.60953200041935, 39.311359999924967 ], [ -76.60949699958735, 39.311405000608204 ], [ -76.609490000516516, 39.311180999346824 ] ] ] } },
{ "type": "Feature", "properties": { "GEOID20": "24510130400", "ORGANIZATION_NAME": "Greater Mondawmin Coordinating Council", "GOC_TRACK_TYPE": "Partnership Development" }, "geometry": { "type": "Polygon", "coordinates": [ [ [ -76.647978999876102, 39.330144000218539 ], [ -76.646190999152552, 39.329905000470227 ], [ -76.645390999543693, 39.330705000156058 ], [ -76.644891000129363, 39.330904999657086 ], [ -76.644582999587527, 39.330364000276347 ], [ -76.644591000495524, 39.329705000404886 ], [ -76.643862999919776, 39.329605000031712 ], [ -76.643223000023269, 39.329584000269854 ], [ -76.642788000041094, 39.329657999670722 ], [ -76.642543000249518, 39.329144000485243 ], [ -76.642365999952943, 39.328749000101737 ], [ -76.642118000052562, 39.328346000777614 ], [ -76.641762000390486, 39.327964999516517 ], [ -76.641411000214745, 39.327677000259349 ], [ -76.641071999735402, 39.327449000306736 ], [ -76.640901999820045, 39.327360999442121 ], [ -76.640624000464285, 39.327246999532129 ], [ -76.640527999544162, 39.327216000345196 ], [ -76.640281999573318, 39.326970999785914 ], [ -76.640014000785243, 39.326735999886033 ], [ -76.639619000310475, 39.326503999543114 ], [ -76.639318999925933, 39.326376999688499 ], [ -76.639036000232338, 39.326299000680564 ], [ -76.638707000523723, 39.3262209992156 ], [ -76.63842099960452, 39.326172999754249 ], [ -76.637530999948169, 39.326047000871235 ], [ -76.636797999724834, 39.32591999965166 ], [ -76.636264000925465, 39.325779999533168 ], [ -76.635796000258352, 39.325590000030765 ], [ -76.63545000067991, 39.325419999935072 ], [ -76.634299999141589, 39.324737000124117 ], [ -76.633664999256609, 39.324308999525769 ], [ -76.633342000185976, 39.324064999743065 ], [ -76.633103999846014, 39.323862999764316 ], [ -76.632700999902511, 39.323495999590484 ], [ -76.632532000238541, 39.32327699978125 ], [ -76.632358000046636, 39.322978999978574 ], [ -76.63218000001757, 39.322632999891205 ], [ -76.631950000038401, 39.322272000403288 ], [ -76.630895999429526, 39.320662000671447 ], [ -76.630818000181719, 39.320514999922871 ], [ -76.630535999974853, 39.320029999661415 ], [ -76.630445000485906, 39.31985199984377 ], [ -76.630372999993071, 39.319667999444064 ], [ -76.630036000840846, 39.318531999434988 ], [ -76.629888000844161, 39.318153999586883 ], [ -76.629616999077314, 39.317447000512558 ], [ -76.629551999410268, 39.317310000243189 ], [ -76.629430000039079, 39.317081000253765 ], [ -76.629682999944364, 39.31697200056621 ], [ -76.629999000456493, 39.316888998940243 ], [ -76.630101000509413, 39.31686700029276 ], [ -76.630208999754331, 39.316854000031398 ], [ -76.630398000736463, 39.316821000135015 ], [ -76.630593999877377, 39.316801999803282 ], [ -76.631176999575032, 39.316793000256446 ], [ -76.63147600036676, 39.316807000047071 ], [ -76.632386000274096, 39.316883000165163 ], [ -76.632658000935251, 39.316900000263296 ], [ -76.633955999929128, 39.317011000167874 ], [ -76.634613999466566, 39.316981999768387 ], [ -76.63546599945083, 39.316960000147922 ], [ -76.636438000131562, 39.316962999403991 ], [ -76.636682999966766, 39.316943000146729 ], [ -76.636903000579608, 39.31691399939578 ], [ -76.637003999205092, 39.31688899937226 ], [ -76.637096000455358, 39.316859000229485 ], [ -76.638379000125099, 39.316354000581356 ], [ -76.638701999677238, 39.316210000897527 ], [ -76.639405999099424, 39.31583799976454 ], [ -76.639389999821972, 39.315742999699737 ], [ -76.639402000079869, 39.315683999431926 ], [ -76.639450000070184, 39.315636999541496 ], [ -76.639945000725376, 39.315355999872253 ], [ -76.64030299941551, 39.315138999750019 ], [ -76.641075000439756, 39.314528000107622 ], [ -76.641849000089906, 39.314032000472906 ], [ -76.642989000180052, 39.315208999853262 ], [ -76.643291999882535, 39.315476000280277 ], [ -76.643631000423298, 39.31579299991602 ], [ -76.644175000472345, 39.315259999789461 ], [ -76.644334999513532, 39.315093000101989 ], [ -76.64455700032839, 39.314876000532692 ], [ -76.645095999798016, 39.314379000189362 ], [ -76.645585000452925, 39.313921999377271 ], [ -76.646315998928102, 39.313247999695591 ], [ -76.646775000528365, 39.31359599966855 ], [ -76.647629000589987, 39.314315000161258 ], [ -76.648189999809375, 39.314770000619561 ], [ -76.648724999209307, 39.315224999868249 ], [ -76.649335000343569, 39.315721999981555 ], [ -76.64978400006585, 39.316111999678832 ], [ -76.650493999524144, 39.316704000150445 ], [ -76.650617000082619, 39.316814999765931 ], [ -76.651136999977851, 39.317219000181133 ], [ -76.651162000164632, 39.31726799959111 ], [ -76.651216000224323, 39.317345000242881 ], [ -76.651448001119348, 39.317580999860468 ], [ -76.652013999581669, 39.318049999359658 ], [ -76.652155000462656, 39.318184999766864 ], [ -76.652477000328616, 39.318548999983634 ], [ -76.653616000021884, 39.320059999062011 ], [ -76.654289000551259, 39.320972000404133 ], [ -76.65488099873042, 39.321810000061646 ], [ -76.65554000055316, 39.322712999996646 ], [ -76.657105000041923, 39.324784999986463 ], [ -76.657234000407087, 39.325017999143029 ], [ -76.657527998803786, 39.325453000818108 ], [ -76.657301000235663, 39.325623000422404 ], [ -76.656719000564038, 39.326212999278297 ], [ -76.656614000190473, 39.326374999330817 ], [ -76.656299000252631, 39.326936000595964 ], [ -76.655792000104881, 39.328156999712022 ], [ -76.655485000443406, 39.328995000095063 ], [ -76.655295999484949, 39.329326000402993 ], [ -76.655060999971454, 39.329543000998896 ], [ -76.654584999520196, 39.32988100036065 ], [ -76.654267000133814, 39.330099000244481 ], [ -76.654044000416491, 39.330213999198207 ], [ -76.654031999760676, 39.330290999401342 ], [ -76.651891000063159, 39.331050999083125 ], [ -76.647978999876102, 39.330144000218539 ] ] ] } },
{ "type": "Feature", "properties": { "GEOID20": "24510140200", "ORGANIZATION_NAME": "Child First Authority; We Our Us", "GOC_TRACK_TYPE": "Plan Development" }, "geometry": { "type": "Polygon", "coordinates": [ [ [ -76.633562000592633, 39.299812999683226 ], [ -76.634475000130109, 39.299142000150013 ], [ -76.634511000464855, 39.29919799959665 ], [ -76.635119000036156, 39.300262000266038 ], [ -76.635242999584221, 39.300513000935318 ], [ -76.635694000590732, 39.30128899920777 ], [ -76.635877999307681, 39.301685000582985 ], [ -76.635974999906935, 39.301871000102345 ], [ -76.636368998861187, 39.30254899942792 ], [ -76.636677000374135, 39.30311400002288 ], [ -76.636828999894092, 39.303420999744652 ], [ -76.636325999823001, 39.303781999856398 ], [ -76.635591000840165, 39.304338999873387 ], [ -76.635007001087445, 39.304740999435154 ], [ -76.634526001123348, 39.305161999940694 ], [ -76.634000999758655, 39.305588000200871 ], [ -76.633654001324757, 39.305811999515903 ], [ -76.633406999881018, 39.305968999101403 ], [ -76.633090000174008, 39.306217000862681 ], [ -76.632666000494083, 39.306529999958322 ], [ -76.632258000829182, 39.306807000275874 ], [ -76.631874000687972, 39.307101000434265 ], [ -76.631457000803678, 39.307407000167167 ], [ -76.630761000043464, 39.307947000085328 ], [ -76.629768999898786, 39.307151000277358 ], [ -76.628950998851408, 39.306491000547389 ], [ -76.628782998865674, 39.306354999074969 ], [ -76.627899000057496, 39.305605000504812 ], [ -76.627822999353626, 39.305549000351803 ], [ -76.627320999976732, 39.305125000024177 ], [ -76.626905000263577, 39.304783999571548 ], [ -76.627570000396361, 39.304284001045957 ], [ -76.628422000144624, 39.303665999421504 ], [ -76.628764000758324, 39.303408999512065 ], [ -76.629553999846337, 39.302800000300728 ], [ -76.630107999758096, 39.302396000098106 ], [ -76.630627000437627, 39.302006000279668 ], [ -76.630918000510178, 39.301792999558089 ], [ -76.631188999445627, 39.301585000279594 ], [ -76.631732000317982, 39.30118100014036 ], [ -76.631981000382964, 39.301006999365555 ], [ -76.632189999805192, 39.300840999469202 ], [ -76.632644000106978, 39.300509000319678 ], [ -76.633562000592633, 39.299812999683226 ] ] ] } },
{ "type": "Feature", "properties": { "GEOID20": "24510150100", "ORGANIZATION_NAME": "Elev8 Baltimore, Inc.; We Our Us", "GOC_TRACK_TYPE": "Plan Development" }, "geometry": { "type": "Polygon", "coordinates": [ [ [ -76.637299999363606, 39.30427700030404 ], [ -76.636828999894092, 39.303420999744652 ], [ -76.637390000387128, 39.303432000241067 ], [ -76.638245999285729, 39.303404000494908 ], [ -76.638967000154935, 39.303378000120844 ], [ -76.639675999899012, 39.303361999242398 ], [ -76.640407000004956, 39.303324000117485 ], [ -76.641115999682157, 39.303305999882824 ], [ -76.641802999537987, 39.303308000738461 ], [ -76.643217000237726, 39.303271000495656 ], [ -76.643218000018578, 39.303210999716697 ], [ -76.64390499967719, 39.303195999138836 ], [ -76.644642999741833, 39.303175999181128 ], [ -76.644690000027012, 39.304107000595273 ], [ -76.644693999862795, 39.304263000035441 ], [ -76.644730999776044, 39.304836999968181 ], [ -76.644769000731046, 39.305351999780513 ], [ -76.644796999569849, 39.305773999684817 ], [ -76.644806000633224, 39.306288999942574 ], [ -76.644839000597457, 39.306726999618228 ], [ -76.644845000694815, 39.306914999764572 ], [ -76.644885999720586, 39.307617999248329 ], [ -76.644913000486241, 39.308005999558745 ], [ -76.644945999879425, 39.308893000397859 ], [ -76.645005999941276, 39.309943999864686 ], [ -76.644378999824895, 39.309984999727334 ], [ -76.644239000493755, 39.309997000056342 ], [ -76.642514000219848, 39.310089000414337 ], [ -76.641618999827898, 39.309356999835323 ], [ -76.640795999192989, 39.308656999940695 ], [ -76.640391999287075, 39.308300000684518 ], [ -76.639736999380759, 39.307743000105553 ], [ -76.639449000112776, 39.307511000348171 ], [ -76.638822999892795, 39.306991999832711 ], [ -76.638696000332388, 39.306775999405318 ], [ -76.638468000073317, 39.306336999954262 ], [ -76.638147000542048, 39.305772999632808 ], [ -76.638033001067328, 39.305596999518443 ], [ -76.637784999562172, 39.305152999906944 ], [ -76.637470999697783, 39.304589000164626 ], [ -76.637299999363606, 39.30427700030404 ] ] ] } },
{ "type": "Feature", "properties": { "GEOID20": "24510150400", "ORGANIZATION_NAME": "Greater Mondawmin Coordinating Council", "GOC_TRACK_TYPE": "Partnership Development" }, "geometry": { "type": "Polygon", "coordinates": [ [ [ -76.649335000343569, 39.315721999981555 ], [ -76.648724999209307, 39.315224999868249 ], [ -76.648189999809375, 39.314770000619561 ], [ -76.647629000589987, 39.314315000161258 ], [ -76.646775000528365, 39.31359599966855 ], [ -76.646315998928102, 39.313247999695591 ], [ -76.645875999273244, 39.312898000525315 ], [ -76.645407999245734, 39.312514999866885 ], [ -76.643964000745996, 39.311292999650952 ], [ -76.643370999806478, 39.31077999975323 ], [ -76.642514000219848, 39.310089000414337 ], [ -76.644239000493755, 39.309997000056342 ], [ -76.644378999824895, 39.309984999727334 ], [ -76.645005999941276, 39.309943999864686 ], [ -76.647340999143864, 39.309854000562289 ], [ -76.64904699953496, 39.309764999147362 ], [ -76.6513390002644, 39.309680000159332 ], [ -76.652711999780422, 39.309613000114183 ], [ -76.654130000481032, 39.309566999556708 ], [ -76.654876999760205, 39.309536999330476 ], [ -76.655134000172666, 39.309533999514976 ], [ -76.655993999937394, 39.309507999742152 ], [ -76.658180000585133, 39.309430999762625 ], [ -76.659130999893733, 39.309384000150885 ], [ -76.659642999166536, 39.309369999389205 ], [ -76.659984998991803, 39.309367999869636 ], [ -76.659934999549606, 39.309907999785587 ], [ -76.659907000297494, 39.310422000888359 ], [ -76.659777000792829, 39.311934000659413 ], [ -76.659649999796727, 39.313634999542835 ], [ -76.659625000148125, 39.314451000097549 ], [ -76.659673000710541, 39.314851999681522 ], [ -76.659711000534642, 39.315013999983059 ], [ -76.659779000394408, 39.315224000788056 ], [ -76.658931000682571, 39.315485999754749 ], [ -76.65823799988901, 39.315690999842694 ], [ -76.657912000360653, 39.315770000231829 ], [ -76.657701001073221, 39.315811999491089 ], [ -76.657506999699521, 39.315837000291175 ], [ -76.65728799960857, 39.315857000763103 ], [ -76.657093999772144, 39.315866999773846 ], [ -76.656718999824662, 39.315871000533924 ], [ -76.656394000361061, 39.315857000663812 ], [ -76.655993999392152, 39.315808000561425 ], [ -76.655740000008436, 39.315765000728504 ], [ -76.655551000846444, 39.315725000321208 ], [ -76.65485099993937, 39.315536000083021 ], [ -76.654632000016122, 39.315496000152358 ], [ -76.654415000146798, 39.315457999957772 ], [ -76.654195999925662, 39.315431000659274 ], [ -76.653825999619997, 39.315416999969173 ], [ -76.653623000189498, 39.315416000088767 ], [ -76.653369000314541, 39.315428000412872 ], [ -76.65314100062632, 39.315444000604579 ], [ -76.65290499987573, 39.315472998888964 ], [ -76.652674000936798, 39.315516999988887 ], [ -76.65245300048764, 39.31557100062372 ], [ -76.652236000025937, 39.315639000450943 ], [ -76.651957999065033, 39.31574600012776 ], [ -76.651207001353995, 39.316159000241043 ], [ -76.650493999524144, 39.316704000150445 ], [ -76.64978400006585, 39.316111999678832 ], [ -76.649335000343569, 39.315721999981555 ] ] ] } },
{ "type": "Feature", "properties": { "GEOID20": "24510150500", "ORGANIZATION_NAME": "Greater Mondawmin Coordinating Council; Park Heights Renaissance, Inc.", "GOC_TRACK_TYPE": "Partnership Development" }, "geometry": { "type": "Polygon", "coordinates": [ [ [ -76.66074799997952, 39.326681999102711 ], [ -76.659794999624097, 39.326622000240015 ], [ -76.658866999287, 39.327068000266593 ], [ -76.658683999433791, 39.32677399983848 ], [ -76.658530999939885, 39.326555999520856 ], [ -76.658387999820434, 39.326375999096513 ], [ -76.658281000189135, 39.326223000404461 ], [ -76.658209000449574, 39.326183000495583 ], [ -76.658161999999592, 39.326132999280112 ], [ -76.658058000575934, 39.326003999631645 ], [ -76.65784199980331, 39.325712999440512 ], [ -76.657709000052932, 39.325558000499882 ], [ -76.657594000684682, 39.325400000301578 ], [ -76.657527998803786, 39.325453000818108 ], [ -76.657234000407087, 39.325017999143029 ], [ -76.657105000041923, 39.324784999986463 ], [ -76.65554000055316, 39.322712999996646 ], [ -76.65488099873042, 39.321810000061646 ], [ -76.654289000551259, 39.320972000404133 ], [ -76.653616000021884, 39.320059999062011 ], [ -76.652477000328616, 39.318548999983634 ], [ -76.652155000462656, 39.318184999766864 ], [ -76.652013999581669, 39.318049999359658 ], [ -76.651448001119348, 39.317580999860468 ], [ -76.651216000224323, 39.317345000242881 ], [ -76.651162000164632, 39.31726799959111 ], [ -76.651136999977851, 39.317219000181133 ], [ -76.650617000082619, 39.316814999765931 ], [ -76.650493999524144, 39.316704000150445 ], [ -76.651207001353995, 39.316159000241043 ], [ -76.651957999065033, 39.31574600012776 ], [ -76.652236000025937, 39.315639000450943 ], [ -76.65245300048764, 39.31557100062372 ], [ -76.652674000936798, 39.315516999988887 ], [ -76.65290499987573, 39.315472998888964 ], [ -76.65314100062632, 39.315444000604579 ], [ -76.653369000314541, 39.315428000412872 ], [ -76.653623000189498, 39.315416000088767 ], [ -76.653825999619997, 39.315416999969173 ], [ -76.654195999925662, 39.315431000659274 ], [ -76.654415000146798, 39.315457999957772 ], [ -76.654632000016122, 39.315496000152358 ], [ -76.65485099993937, 39.315536000083021 ], [ -76.655551000846444, 39.315725000321208 ], [ -76.655740000008436, 39.315765000728504 ], [ -76.655993999392152, 39.315808000561425 ], [ -76.656394000361061, 39.315857000663812 ], [ -76.656718999824662, 39.315871000533924 ], [ -76.657093999772144, 39.315866999773846 ], [ -76.65728799960857, 39.315857000763103 ], [ -76.657506999699521, 39.315837000291175 ], [ -76.657701001073221, 39.315811999491089 ], [ -76.657912000360653, 39.315770000231829 ], [ -76.65823799988901, 39.315690999842694 ], [ -76.658931000682571, 39.315485999754749 ], [ -76.659779000394408, 39.315224000788056 ], [ -76.659852000046143, 39.315402000605545 ], [ -76.660366999787144, 39.316253000267572 ], [ -76.660457999602173, 39.31638000069735 ], [ -76.661186999398822, 39.317169000665217 ], [ -76.661499999475922, 39.31749800017748 ], [ -76.663826999338468, 39.319823999897629 ], [ -76.664058999408354, 39.320080999596883 ], [ -76.664216999837521, 39.320289000102619 ], [ -76.66441199960903, 39.320626999552289 ], [ -76.664499999072532, 39.320807999731421 ], [ -76.664610999710121, 39.32107999975014 ], [ -76.66470300018085, 39.321425999655915 ], [ -76.664755999682129, 39.321700000300005 ], [ -76.66477599965701, 39.322194000370864 ], [ -76.664778999905664, 39.322348999053126 ], [ -76.664768000569282, 39.322475000512611 ], [ -76.664728000408999, 39.322707000470714 ], [ -76.66451500005715, 39.32379000003111 ], [ -76.664254000077918, 39.325280000083659 ], [ -76.664139999246586, 39.325971999477503 ], [ -76.664134999642485, 39.326443999764535 ], [ -76.664149999496686, 39.326603000346388 ], [ -76.664191000453926, 39.326985999359827 ], [ -76.664302000333336, 39.327512000113977 ], [ -76.663967999965308, 39.327424999083185 ], [ -76.663331000159204, 39.327261000195179 ], [ -76.661593999768243, 39.326914000734874 ], [ -76.66074799997952, 39.326681999102711 ] ] ] } },
{ "type": "Feature", "properties": { "GEOID20": "24510150600", "ORGANIZATION_NAME": "Greater Mondawmin Coordinating Council", "GOC_TRACK_TYPE": "Partnership Development" }, "geometry": { "type": "Polygon", "coordinates": [ [ [ -76.659750999287638, 39.307316000154181 ], [ -76.659664999850577, 39.307126999987823 ], [ -76.659535999195384, 39.306890000102214 ], [ -76.659292001056798, 39.306517999478274 ], [ -76.65903800014128, 39.306251999717801 ], [ -76.659203999328227, 39.306237998960313 ], [ -76.660170999204567, 39.306183999827624 ], [ -76.660898000813916, 39.306144000681947 ], [ -76.663083000675115, 39.306074999212342 ], [ -76.663825000446806, 39.306042999340114 ], [ -76.664539000036868, 39.306028999282745 ], [ -76.665594999590738, 39.305960000354631 ], [ -76.666484000634497, 39.305925000712556 ], [ -76.667324000441269, 39.305904000159522 ], [ -76.667408999472684, 39.306073999514467 ], [ -76.667519000352556, 39.306230999609618 ], [ -76.667604000248872, 39.306329999610654 ], [ -76.667789999700389, 39.306529999287889 ], [ -76.66840499963422, 39.307117000929317 ], [ -76.672192000296036, 39.307017999574107 ], [ -76.672291000145918, 39.307205000046736 ], [ -76.67330299960625, 39.30674199983234 ], [ -76.673720000499358, 39.306517000048245 ], [ -76.674122998749823, 39.30626799990452 ], [ -76.675353999681576, 39.305946000369183 ], [ -76.675469999274313, 39.305931999724677 ], [ -76.675592999211958, 39.305933000523744 ], [ -76.675702999309834, 39.305946000282411 ], [ -76.67579599979382, 39.305974000120493 ], [ -76.675953000486558, 39.306100999849242 ], [ -76.676091000986986, 39.306277000209718 ], [ -76.676195999745829, 39.306367999956215 ], [ -76.676334999668526, 39.306512999742743 ], [ -76.676532000965693, 39.306657999604518 ], [ -76.676717000904915, 39.306749000189207 ], [ -76.676867999330312, 39.306794000100076 ], [ -76.677060000826785, 39.306816999924514 ], [ -76.677374000625065, 39.30682300036873 ], [ -76.677600999752499, 39.306805000336652 ], [ -76.678287999764976, 39.306703000303479 ], [ -76.678463000145982, 39.306698999855044 ], [ -76.678654999968501, 39.306704000022471 ], [ -76.678869999948844, 39.306723000087686 ], [ -76.679015000600444, 39.306745999768523 ], [ -76.679130999332799, 39.306791000237403 ], [ -76.679261000626866, 39.306864999823169 ], [ -76.679867000641153, 39.307466999683449 ], [ -76.679696000595797, 39.308251999959886 ], [ -76.679698000466558, 39.308470000144496 ], [ -76.679711000539783, 39.30869999949708 ], [ -76.679760000767246, 39.308973999619205 ], [ -76.679857000149156, 39.309303000704396 ], [ -76.680044999908432, 39.30978499904144 ], [ -76.680296000025351, 39.310259000398432 ], [ -76.680427999867277, 39.310422000130494 ], [ -76.680500000363381, 39.310538000189766 ], [ -76.680531999997498, 39.310632000486287 ], [ -76.680564999383165, 39.310762000236672 ], [ -76.679565999736454, 39.310805999684113 ], [ -76.678031000769948, 39.310855000594543 ], [ -76.677831999949376, 39.310859000380987 ], [ -76.677499000276256, 39.310869000475172 ], [ -76.676015999791659, 39.310916000097201 ], [ -76.675972000910491, 39.310929000037092 ], [ -76.675674000717308, 39.310963000124062 ], [ -76.675442999492972, 39.310968999989342 ], [ -76.674239000387558, 39.311031999871382 ], [ -76.671067999605441, 39.311115999921064 ], [ -76.669446000338837, 39.311146999428686 ], [ -76.666822999181079, 39.311264000131693 ], [ -76.665909999831399, 39.31131999923835 ], [ -76.664137000331735, 39.311374000322907 ], [ -76.663258998905391, 39.311405000117475 ], [ -76.661318999955014, 39.311445999203514 ], [ -76.661380999342867, 39.312537999468852 ], [ -76.661412000127498, 39.312958000470189 ], [ -76.661444000087286, 39.313263999726757 ], [ -76.661544000581841, 39.313952000053533 ], [ -76.661668000037892, 39.314440999551238 ], [ -76.661728001049354, 39.314726999645934 ], [ -76.661451000088064, 39.314783999601701 ], [ -76.661196999697566, 39.31482600014909 ], [ -76.660635999377519, 39.31495199992694 ], [ -76.660226000520055, 39.315076999707948 ], [ -76.659779000394408, 39.315224000788056 ], [ -76.659711000534642, 39.315013999983059 ], [ -76.659673000710541, 39.314851999681522 ], [ -76.659625000148125, 39.314451000097549 ], [ -76.659649999796727, 39.313634999542835 ], [ -76.659777000792829, 39.311934000659413 ], [ -76.659907000297494, 39.310422000888359 ], [ -76.659934999549606, 39.309907999785587 ], [ -76.659984998991803, 39.309367999869636 ], [ -76.66000800014109, 39.309053000121224 ], [ -76.660025999301766, 39.308669999719172 ], [ -76.660015000161124, 39.308331000040539 ], [ -76.659969001108621, 39.307943999688462 ], [ -76.659930998994923, 39.307780000333416 ], [ -76.659872999660564, 39.307596000394128 ], [ -76.659800000466333, 39.307407000142021 ], [ -76.659750999287638, 39.307316000154181 ] ] ] } },
{ "type": "Feature", "properties": { "GEOID20": "24510150702", "ORGANIZATION_NAME": "Greater Mondawmin Coordinating Council", "GOC_TRACK_TYPE": "Partnership Development" }, "geometry": { "type": "Polygon", "coordinates": [ [ [ -76.671067999605441, 39.311115999921064 ], [ -76.674239000387558, 39.311031999871382 ], [ -76.674300000190229, 39.312064999895036 ], [ -76.674369000008525, 39.313116999656962 ], [ -76.674391000108429, 39.313666999057439 ], [ -76.674418000346819, 39.314163000471751 ], [ -76.672680999219679, 39.314218999400765 ], [ -76.669632000113069, 39.314344000314314 ], [ -76.667868000261009, 39.314404000181234 ], [ -76.666091000165082, 39.314457999787329 ], [ -76.665676000793681, 39.314464999621364 ], [ -76.664375999836082, 39.314541999615273 ], [ -76.663455, 39.314570000246789 ], [ -76.662572000367206, 39.314630000188608 ], [ -76.662081000450996, 39.314681999421737 ], [ -76.661728001049354, 39.314726999645934 ], [ -76.661668000037892, 39.314440999551238 ], [ -76.661544000581841, 39.313952000053533 ], [ -76.661444000087286, 39.313263999726757 ], [ -76.661412000127498, 39.312958000470189 ], [ -76.661380999342867, 39.312537999468852 ], [ -76.661318999955014, 39.311445999203514 ], [ -76.663258998905391, 39.311405000117475 ], [ -76.664137000331735, 39.311374000322907 ], [ -76.665909999831399, 39.31131999923835 ], [ -76.666822999181079, 39.311264000131693 ], [ -76.669446000338837, 39.311146999428686 ], [ -76.671067999605441, 39.311115999921064 ] ] ] } },
{ "type": "Feature", "properties": { "GEOID20": "24510151300", "ORGANIZATION_NAME": "Park Heights Renaissance, Inc.", "GOC_TRACK_TYPE": "Implementation" }, "geometry": { "type": "Polygon", "coordinates": [ [ [ -76.67384800052055, 39.34102600013496 ], [ -76.672561999899969, 39.340665000339143 ], [ -76.671349999784326, 39.340308999664082 ], [ -76.668858000627409, 39.339609000295461 ], [ -76.668526999552839, 39.339503999980849 ], [ -76.668406000255345, 39.33944500047749 ], [ -76.668324000351134, 39.339391999951161 ], [ -76.668192000504405, 39.339269999949821 ], [ -76.667926000116452, 39.338921000354638 ], [ -76.667134000200804, 39.339303999899073 ], [ -76.66682199949426, 39.339456000317242 ], [ -76.666472999618179, 39.339631999760215 ], [ -76.665498001050793, 39.340047000203718 ], [ -76.665341999718393, 39.340131000096491 ], [ -76.665237000189435, 39.340215999828857 ], [ -76.665140000219864, 39.340335999950682 ], [ -76.664901000312369, 39.340502999681362 ], [ -76.664720999513591, 39.340611000017248 ], [ -76.664549999855709, 39.340704999372143 ], [ -76.664231999218629, 39.340847999848208 ], [ -76.66395200025346, 39.34093099964079 ], [ -76.663826000120068, 39.340953999304169 ], [ -76.663626999832871, 39.340967999624453 ], [ -76.663318000271559, 39.340961000852047 ], [ -76.663183000167436, 39.340935999521001 ], [ -76.663001999125498, 39.340882000033353 ], [ -76.662800000011586, 39.340809000992969 ], [ -76.662581999158022, 39.340745999875104 ], [ -76.662435000303034, 39.340715000316521 ], [ -76.662262999614441, 39.340688999939886 ], [ -76.662166999666397, 39.34068000040125 ], [ -76.662006000418856, 39.34067300003403 ], [ -76.661279000055387, 39.340697999330089 ], [ -76.658700000142034, 39.340799999769388 ], [ -76.658410000135333, 39.340831999540384 ], [ -76.658194999535453, 39.340685000081201 ], [ -76.658133000440245, 39.340544000133498 ], [ -76.65805799974666, 39.340331000955771 ], [ -76.657983000169537, 39.340057999521974 ], [ -76.657891999054428, 39.339406000962846 ], [ -76.657829000182232, 39.339068999420014 ], [ -76.657316000611715, 39.338599999633573 ], [ -76.656902999078156, 39.338200999875525 ], [ -76.656845999339382, 39.338153000337954 ], [ -76.656685999248964, 39.337969000057093 ], [ -76.656603999517017, 39.337846999623856 ], [ -76.656553000284802, 39.337733000045645 ], [ -76.656489000039826, 39.337553999800598 ], [ -76.656444999896109, 39.337251000103137 ], [ -76.656358999598041, 39.336504000100092 ], [ -76.65685599936613, 39.336385000590091 ], [ -76.658469000598544, 39.335993999439893 ], [ -76.658722999256213, 39.335934000729118 ], [ -76.659843999610118, 39.335652000770565 ], [ -76.660210999253877, 39.33549199981335 ], [ -76.661153999265565, 39.335103000056101 ], [ -76.662664000429402, 39.334509999817378 ], [ -76.664031000706203, 39.333872999736222 ], [ -76.664745999218354, 39.333527000002533 ], [ -76.665061000086226, 39.333384999995204 ], [ -76.665889999607657, 39.332968000568357 ], [ -76.666050000046397, 39.333242000138895 ], [ -76.666224000482288, 39.333479000538802 ], [ -76.666330999488338, 39.333609999858538 ], [ -76.666470999642215, 39.333761000101369 ], [ -76.666693001054199, 39.333960999991916 ], [ -76.66687199996791, 39.334098999951465 ], [ -76.667089000247941, 39.334250000534219 ], [ -76.66728499987525, 39.334368999922326 ], [ -76.667454999235829, 39.33445799995097 ], [ -76.667658000100218, 39.334551000471379 ], [ -76.66791200036306, 39.334656000337645 ], [ -76.66815699892075, 39.334745000415076 ], [ -76.668904000347979, 39.334993000421882 ], [ -76.669583999486548, 39.335232999676535 ], [ -76.670831000216921, 39.335691999633447 ], [ -76.671105999025912, 39.335812000101718 ], [ -76.671669998903056, 39.336103999482418 ], [ -76.671899999503438, 39.336241999876378 ], [ -76.672363999689281, 39.336537999767792 ], [ -76.673018999404078, 39.336977000026693 ], [ -76.676243000041524, 39.339097999727713 ], [ -76.676599999148465, 39.339316000432774 ], [ -76.676898999725381, 39.339480999398369 ], [ -76.677234000201707, 39.339644000404178 ], [ -76.677568999508054, 39.33978999979913 ], [ -76.677964000276617, 39.339925000588899 ], [ -76.677664999878786, 39.340358999913775 ], [ -76.67726599885745, 39.340904000014113 ], [ -76.677198000646044, 39.340967000488632 ], [ -76.677066999962463, 39.341133999772161 ], [ -76.676709999784848, 39.341841000245616 ], [ -76.675715000571032, 39.34155399967262 ], [ -76.674889000388745, 39.341322999753942 ], [ -76.67384800052055, 39.34102600013496 ] ] ] } },
{ "type": "Feature", "properties": { "GEOID20": "24510160100", "ORGANIZATION_NAME": "Elev8 Baltimore, Inc.; We Our Us", "GOC_TRACK_TYPE": "Plan Development" }, "geometry": { "type": "Polygon", "coordinates": [ [ [ -76.63705799976313, 39.294245000296506 ], [ -76.638461999832529, 39.294189000119111 ], [ -76.638551999620191, 39.295446999717754 ], [ -76.638618999458018, 39.296688999928953 ], [ -76.63861999983321, 39.296868999523589 ], [ -76.63875699959479, 39.299062000079552 ], [ -76.638778001002805, 39.299369000153618 ], [ -76.638785999574338, 39.299670999754667 ], [ -76.63879699924756, 39.300137000253699 ], [ -76.638852999829908, 39.301161999637252 ], [ -76.638939999042449, 39.302495999098468 ], [ -76.638967000154935, 39.303378000120844 ], [ -76.638245999285729, 39.303404000494908 ], [ -76.637390000387128, 39.303432000241067 ], [ -76.636828999894092, 39.303420999744652 ], [ -76.636677000374135, 39.30311400002288 ], [ -76.636368998861187, 39.30254899942792 ], [ -76.635974999906935, 39.301871000102345 ], [ -76.635877999307681, 39.301685000582985 ], [ -76.635694000590732, 39.30128899920777 ], [ -76.635242999584221, 39.300513000935318 ], [ -76.635119000036156, 39.300262000266038 ], [ -76.634511000464855, 39.29919799959665 ], [ -76.634475000130109, 39.299142000150013 ], [ -76.633885000734821, 39.29804000023961 ], [ -76.633808999626439, 39.297903000533069 ], [ -76.63326099934477, 39.296885999978741 ], [ -76.632591999688799, 39.295688999876013 ], [ -76.632425999411296, 39.295382999429364 ], [ -76.632257999530609, 39.295054000609866 ], [ -76.631922000366032, 39.294457999521221 ], [ -76.632521000104632, 39.294425999853914 ], [ -76.634131998988167, 39.294353999540917 ], [ -76.635623000071348, 39.294301999995838 ], [ -76.636599999497008, 39.29426699970827 ], [ -76.63705799976313, 39.294245000296506 ] ] ] } },
{ "type": "Feature", "properties": { "GEOID20": "24510160200", "ORGANIZATION_NAME": "Elev8 Baltimore, Inc.; We Our Us", "GOC_TRACK_TYPE": "Plan Development" }, "geometry": { "type": "Polygon", "coordinates": [ [ [ -76.638967000154935, 39.303378000120844 ], [ -76.638939999042449, 39.302495999098468 ], [ -76.638852999829908, 39.301161999637252 ], [ -76.63879699924756, 39.300137000253699 ], [ -76.638785999574338, 39.299670999754667 ], [ -76.638778001002805, 39.299369000153618 ], [ -76.63875699959479, 39.299062000079552 ], [ -76.63861999983321, 39.296868999523589 ], [ -76.638618999458018, 39.296688999928953 ], [ -76.638551999620191, 39.295446999717754 ], [ -76.638461999832529, 39.294189000119111 ], [ -76.639374001053085, 39.294160000067009 ], [ -76.64130200031272, 39.294074999730832 ], [ -76.642078000292855, 39.294034000351431 ], [ -76.642696000196551, 39.294009000195224 ], [ -76.642744000941491, 39.294797000217009 ], [ -76.642775000685575, 39.295312999759517 ], [ -76.642837000195115, 39.296554999300078 ], [ -76.642857000995178, 39.296733001065242 ], [ -76.64297500044583, 39.298894000512405 ], [ -76.642999000385586, 39.299553000170661 ], [ -76.643036000575066, 39.300018000098028 ], [ -76.643057999485649, 39.300564999739883 ], [ -76.64309000044878, 39.301108999526726 ], [ -76.643145999707571, 39.301716999638181 ], [ -76.643180998965562, 39.30224000089207 ], [ -76.643218000018578, 39.303210999716697 ], [ -76.643217000237726, 39.303271000495656 ], [ -76.641802999537987, 39.303308000738461 ], [ -76.641115999682157, 39.303305999882824 ], [ -76.640407000004956, 39.303324000117485 ], [ -76.639675999899012, 39.303361999242398 ], [ -76.638967000154935, 39.303378000120844 ] ] ] } },
{ "type": "Feature", "properties": { "GEOID20": "24510170200", "ORGANIZATION_NAME": "Child First Authority; We Our Us", "GOC_TRACK_TYPE": "Plan Development" }, "geometry": { "type": "Polygon", "coordinates": [ [ [ -76.625174001290219, 39.303287000109805 ], [ -76.625118000387772, 39.303181999572104 ], [ -76.624569999396954, 39.303584000254162 ], [ -76.624364999631965, 39.303724999747764 ], [ -76.62417699968033, 39.303825000404629 ], [ -76.624028999676895, 39.303874000951346 ], [ -76.622877999925393, 39.304177999800658 ], [ -76.622715000088519, 39.304211999803137 ], [ -76.62250900001716, 39.304242999740396 ], [ -76.62212700037098, 39.304290999087016 ], [ -76.62184599976689, 39.304313000395062 ], [ -76.620723000366354, 39.304351000288577 ], [ -76.620658000129694, 39.303689999465654 ], [ -76.620603000203744, 39.303349000989385 ], [ -76.620268999776613, 39.301756999775399 ], [ -76.620404999417246, 39.301556000317007 ], [ -76.620472999837503, 39.301489999958747 ], [ -76.620855000105095, 39.301188999646833 ], [ -76.62126000010214, 39.300894000097664 ], [ -76.621821999520975, 39.300464999952467 ], [ -76.622627999802205, 39.299780000427049 ], [ -76.623055000680765, 39.299340000140134 ], [ -76.623347000456704, 39.299026999284465 ], [ -76.624049000318934, 39.298357000763978 ], [ -76.626158999474129, 39.296653000352329 ], [ -76.627695999734357, 39.297915999646214 ], [ -76.628125999780536, 39.29825700009912 ], [ -76.628616000272999, 39.298665999402999 ], [ -76.628915999917552, 39.298919999693517 ], [ -76.629130000997407, 39.299101999585176 ], [ -76.629664999957726, 39.299518001072315 ], [ -76.630148999867586, 39.299903000317272 ], [ -76.630633999139377, 39.300286999908344 ], [ -76.631732000317982, 39.30118100014036 ], [ -76.631188999445627, 39.301585000279594 ], [ -76.630918000510178, 39.301792999558089 ], [ -76.630627000437627, 39.302006000279668 ], [ -76.630107999758096, 39.302396000098106 ], [ -76.629553999846337, 39.302800000300728 ], [ -76.628764000758324, 39.303408999512065 ], [ -76.628422000144624, 39.303665999421504 ], [ -76.627570000396361, 39.304284001045957 ], [ -76.626905000263577, 39.304783999571548 ], [ -76.625912000647006, 39.303996000431873 ], [ -76.625381000170222, 39.303534999743256 ], [ -76.625236999297584, 39.303373999708064 ], [ -76.625174001290219, 39.303287000109805 ] ] ] } },
{ "type": "Feature", "properties": { "GEOID20": "24510170300", "ORGANIZATION_NAME": "Child First Authority; We Our Us", "GOC_TRACK_TYPE": "Plan Development" }, "geometry": { "type": "Polygon", "coordinates": [ [ [ -76.630406001172844, 39.29453999933105 ], [ -76.631922000366032, 39.294457999521221 ], [ -76.632257999530609, 39.295054000609866 ], [ -76.632425999411296, 39.295382999429364 ], [ -76.632591999688799, 39.295688999876013 ], [ -76.63326099934477, 39.296885999978741 ], [ -76.633808999626439, 39.297903000533069 ], [ -76.633885000734821, 39.29804000023961 ], [ -76.634475000130109, 39.299142000150013 ], [ -76.633562000592633, 39.299812999683226 ], [ -76.632644000106978, 39.300509000319678 ], [ -76.632189999805192, 39.300840999469202 ], [ -76.631981000382964, 39.301006999365555 ], [ -76.631732000317982, 39.30118100014036 ], [ -76.630633999139377, 39.300286999908344 ], [ -76.630148999867586, 39.299903000317272 ], [ -76.629664999957726, 39.299518001072315 ], [ -76.629130000997407, 39.299101999585176 ], [ -76.628915999917552, 39.298919999693517 ], [ -76.628616000272999, 39.298665999402999 ], [ -76.628125999780536, 39.29825700009912 ], [ -76.627695999734357, 39.297915999646214 ], [ -76.626158999474129, 39.296653000352329 ], [ -76.626986000960187, 39.295964999885491 ], [ -76.627186000186612, 39.295755999506113 ], [ -76.627290999572949, 39.295634999648591 ], [ -76.627413999384004, 39.295453999639527 ], [ -76.627488000855777, 39.295327000422574 ], [ -76.627565999505393, 39.295155999181965 ], [ -76.627656000338163, 39.294833999491914 ], [ -76.627688000917516, 39.294630000802904 ], [ -76.628031000691578, 39.294619000907396 ], [ -76.628588000023413, 39.294600000636024 ], [ -76.630406001172844, 39.29453999933105 ] ] ] } },
{ "type": "Feature", "properties": { "GEOID20": "24510250203", "ORGANIZATION_NAME": "Cherry Hill Strong", "GOC_TRACK_TYPE": "Implementation" }, "geometry": { "type": "Polygon", "coordinates": [ [ [ -76.611775000601057, 39.249151000513024 ], [ -76.611808999935946, 39.248965500075727 ], [ -76.611829000735909, 39.248907999734008 ], [ -76.611875000266849, 39.248816000236175 ], [ -76.611965000635777, 39.248713999867 ], [ -76.611976499494048, 39.248668500293171 ], [ -76.611962999740712, 39.24860850035693 ], [ -76.61194000062396, 39.248551000187085 ], [ -76.611860000306223, 39.248420000526444 ], [ -76.611768999131755, 39.248310000136925 ], [ -76.611632999201802, 39.248176500138854 ], [ -76.611618000120274, 39.248138000204548 ], [ -76.61160900056457, 39.248086000440438 ], [ -76.611608999988078, 39.248030000394536 ], [ -76.61162099920864, 39.247982000159062 ], [ -76.611691000789534, 39.247898500516385 ], [ -76.611740000700621, 39.247867000461021 ], [ -76.611863499374749, 39.247833500175119 ], [ -76.611977000269192, 39.247767999246555 ], [ -76.612422000260054, 39.24754399977499 ], [ -76.612690999534379, 39.247296999731745 ], [ -76.612762999585485, 39.24726599938397 ], [ -76.612841999904262, 39.247241000496061 ], [ -76.612988000285398, 39.247205999579769 ], [ -76.613091499728441, 39.247077500680675 ], [ -76.613124000161534, 39.246962999936045 ], [ -76.613240000348185, 39.246843999291066 ], [ -76.613294000228692, 39.246768000730384 ], [ -76.613337999979549, 39.246724999597802 ], [ -76.613366999586702, 39.246680999637626 ], [ -76.613399999852803, 39.246556500987403 ], [ -76.613428999910653, 39.246488999882892 ], [ -76.613483499937928, 39.246438500114621 ], [ -76.613529000311459, 39.246325999414786 ], [ -76.613614000684052, 39.246212999961728 ], [ -76.613630999601583, 39.24615600103386 ], [ -76.61365600015958, 39.246102999936618 ], [ -76.613712999740542, 39.246018000623238 ], [ -76.613724999761388, 39.245973999579697 ], [ -76.613705000070027, 39.245926999969562 ], [ -76.613771000299124, 39.245795000049732 ], [ -76.613786999327871, 39.24572499966829 ], [ -76.613787999466382, 39.245646999731754 ], [ -76.61382699949904, 39.245515000122658 ], [ -76.613871999648566, 39.245407999532638 ], [ -76.613917000333117, 39.245338999783982 ], [ -76.613961239273792, 39.245292682549319 ], [ -76.613985999233165, 39.245254000148897 ], [ -76.613986999727246, 39.245194000325519 ], [ -76.613970999757584, 39.245147500317891 ], [ -76.613963000200229, 39.24509349976514 ], [ -76.614030000321392, 39.244989999779492 ], [ -76.614067999431015, 39.244808000333393 ], [ -76.614099999403905, 39.244734999774479 ], [ -76.614137000587903, 39.244676000127924 ], [ -76.614178001228908, 39.244635000227262 ], [ -76.614227000254232, 39.244544000421719 ], [ -76.614247999824201, 39.244475000029553 ], [ -76.614243999566312, 39.244374000434561 ], [ -76.61425600013358, 39.244330000220735 ], [ -76.61430400020825, 39.244242000267867 ], [ -76.61435699951798, 39.244053000530606 ], [ -76.614394000207128, 39.243961999961591 ], [ -76.614426999527936, 39.24389000063632 ], [ -76.614488000035678, 39.243799000487314 ], [ -76.614634000119693, 39.24346599955129 ], [ -76.614671001122218, 39.243400000717742 ], [ -76.614714999834973, 39.243358999649303 ], [ -76.614743999653896, 39.24330900017155 ], [ -76.614768999832791, 39.243168000551712 ], [ -76.614902999673788, 39.242699000867276 ], [ -76.614940000183708, 39.242542000497444 ], [ -76.614953999494873, 39.242261999847805 ], [ -76.614970999881848, 39.242183000204633 ], [ -76.61499900072873, 39.24212099998315 ], [ -76.615142000715053, 39.241972999927661 ], [ -76.615163000991018, 39.24190100065713 ], [ -76.615174999134325, 39.241824999465223 ], [ -76.615175999445427, 39.241733000528313 ], [ -76.615210999329548, 39.241612999920115 ], [ -76.615267999555272, 39.241367000149708 ], [ -76.615307999627973, 39.241143999908566 ], [ -76.616384999883678, 39.241235000071086 ], [ -76.618339999769134, 39.241425000160902 ], [ -76.619307000475587, 39.241512999969302 ], [ -76.620264000172455, 39.24159400008439 ], [ -76.621720999304031, 39.241702000069282 ], [ -76.621488999290605, 39.241905999634739 ], [ -76.621187999676906, 39.24234600003517 ], [ -76.619811999465782, 39.244144000445409 ], [ -76.619495999598641, 39.244593000470523 ], [ -76.61920100028334, 39.245085000297721 ], [ -76.618824000130687, 39.245750000119948 ], [ -76.620094999352432, 39.246330000122022 ], [ -76.620887000484913, 39.246760999506215 ], [ -76.621615000528195, 39.247192999647808 ], [ -76.622467999990704, 39.247780000114247 ], [ -76.622580999818297, 39.247867000461994 ], [ -76.623001001226484, 39.248130999308906 ], [ -76.623206000720359, 39.248239000439654 ], [ -76.623358999438892, 39.248307999474775 ], [ -76.623857000043301, 39.248516999345156 ], [ -76.624015001017526, 39.248587999741005 ], [ -76.624423999665041, 39.248743999934945 ], [ -76.624786000123905, 39.248834000381649 ], [ -76.624889000219767, 39.248865000742086 ], [ -76.625398000526971, 39.249081999175061 ], [ -76.625273000111932, 39.249067000593648 ], [ -76.625207998589829, 39.249065999532533 ], [ -76.625143000505147, 39.249073999844732 ], [ -76.624956999503638, 39.249132000947284 ], [ -76.624541999465322, 39.249323000728964 ], [ -76.620880999891654, 39.250895000165023 ], [ -76.620498000565362, 39.251058000238395 ], [ -76.620083999362848, 39.25123399954844 ], [ -76.619769001121483, 39.251369999590175 ], [ -76.618436000187444, 39.251945999815881 ], [ -76.617349000023154, 39.252412000281211 ], [ -76.617420999481936, 39.252484001039555 ], [ -76.617661000533658, 39.252833999536819 ], [ -76.617714000134001, 39.252933999910653 ], [ -76.617809999720791, 39.253147000362432 ], [ -76.617915000150958, 39.253531000573147 ], [ -76.617923000469787, 39.253696000738096 ], [ -76.617911999779182, 39.253894000004031 ], [ -76.617861999893336, 39.254154000203116 ], [ -76.617774999532813, 39.25445500003881 ], [ -76.617587000033637, 39.254914999842484 ], [ -76.617429999608817, 39.255212999695559 ], [ -76.617231000433421, 39.255512999938937 ], [ -76.617143000094373, 39.25562699990607 ], [ -76.616933999005056, 39.256012999445225 ], [ -76.616882999766588, 39.256120000233238 ], [ -76.616791000565428, 39.256085999554088 ], [ -76.616723999632129, 39.256046000213423 ], [ -76.616656000299855, 39.25597999958142 ], [ -76.616532000664947, 39.255875000099167 ], [ -76.616407999951377, 39.255816999901654 ], [ -76.616306000256884, 39.255776999472822 ], [ -76.616006998979486, 39.255679000200189 ], [ -76.615482959558065, 39.255406645588536 ], [ -76.615423000029082, 39.255369999596233 ], [ -76.615345000243821, 39.255282000175306 ], [ -76.615305999333259, 39.25517599959695 ], [ -76.615253999874014, 39.254851000121811 ], [ -76.615204001154922, 39.254671000387823 ], [ -76.61513699980398, 39.254530000451624 ], [ -76.615040999487761, 39.254401999883527 ], [ -76.61488400016276, 39.254230000160682 ], [ -76.614701000342833, 39.254005999948859 ], [ -76.614554999994894, 39.25384700063011 ], [ -76.61449900035025, 39.253825000144786 ], [ -76.614063999699781, 39.253712999861122 ], [ -76.61400200036357, 39.253669000637096 ], [ -76.613922999136662, 39.253598999706874 ], [ -76.613777000518397, 39.253431000709973 ], [ -76.613610998934888, 39.253207000596355 ], [ -76.613325000530111, 39.252762000262187 ], [ -76.61310399930889, 39.25231699987566 ], [ -76.612936000186579, 39.252057999922293 ], [ -76.612706000556415, 39.251674999656991 ], [ -76.61253799943745, 39.2514149992151 ], [ -76.612336000408874, 39.251141999840009 ], [ -76.61201100029291, 39.25056200024197 ], [ -76.611730999744793, 39.250031999803781 ], [ -76.611701000704969, 39.249918999796797 ], [ -76.611710999767809, 39.249666999915718 ], [ -76.611775000601057, 39.249151000513024 ] ] ] } },
{ "type": "Feature", "properties": { "GEOID20": "24510250204", "ORGANIZATION_NAME": "Cherry Hill Strong", "GOC_TRACK_TYPE": "Implementation" }, "geometry": { "type": "Polygon", "coordinates": [ [ [ -76.628475999682962, 39.250156999637703 ], [ -76.628076999768496, 39.250030999556259 ], [ -76.628025999972266, 39.250125999836087 ], [ -76.62793500025559, 39.250330999672336 ], [ -76.627714999891793, 39.250859999118028 ], [ -76.62742700013797, 39.25158000040819 ], [ -76.626745000572839, 39.25141500035339 ], [ -76.62666400015074, 39.25178000041371 ], [ -76.62650900029503, 39.251819999752541 ], [ -76.626371000987575, 39.251832000319553 ], [ -76.626258000569393, 39.251813000148033 ], [ -76.626168999539189, 39.251780999809625 ], [ -76.626100000307446, 39.251736999993959 ], [ -76.625971000176335, 39.251531000151346 ], [ -76.62584600029173, 39.251301000179787 ], [ -76.625085999649272, 39.250074000688059 ], [ -76.625257000352732, 39.250032000533736 ], [ -76.625350999594033, 39.250044999577824 ], [ -76.626153999632891, 39.250341000339091 ], [ -76.626491999325097, 39.250458000676829 ], [ -76.626633000611506, 39.250481999781243 ], [ -76.626714000218996, 39.250485000179545 ], [ -76.626778999772384, 39.250481999175925 ], [ -76.626915000140059, 39.250458999685868 ], [ -76.627028000186669, 39.250425000636689 ], [ -76.627077999960235, 39.250402000663804 ], [ -76.627188999877347, 39.250332999293157 ], [ -76.627239999177164, 39.250283998997368 ], [ -76.627288000605972, 39.250223000814664 ], [ -76.627477999731298, 39.249924999447728 ], [ -76.627534999764279, 39.249821000824554 ], [ -76.626763999953226, 39.249541999736138 ], [ -76.626413001027259, 39.249426999921376 ], [ -76.62610000132409, 39.249336999344187 ], [ -76.625640999956403, 39.249161999695794 ], [ -76.625398000526971, 39.249081999175061 ], [ -76.624889000219767, 39.248865000742086 ], [ -76.624786000123905, 39.248834000381649 ], [ -76.624423999665041, 39.248743999934945 ], [ -76.624015001017526, 39.248587999741005 ], [ -76.623857000043301, 39.248516999345156 ], [ -76.623358999438892, 39.248307999474775 ], [ -76.623206000720359, 39.248239000439654 ], [ -76.623001001226484, 39.248130999308906 ], [ -76.622580999818297, 39.247867000461994 ], [ -76.622467999990704, 39.247780000114247 ], [ -76.621615000528195, 39.247192999647808 ], [ -76.620887000484913, 39.246760999506215 ], [ -76.620094999352432, 39.246330000122022 ], [ -76.618824000130687, 39.245750000119948 ], [ -76.61920100028334, 39.245085000297721 ], [ -76.619495999598641, 39.244593000470523 ], [ -76.619811999465782, 39.244144000445409 ], [ -76.621187999676906, 39.24234600003517 ], [ -76.621488999290605, 39.241905999634739 ], [ -76.621720999304031, 39.241702000069282 ], [ -76.623529999670779, 39.241828999739184 ], [ -76.624316999708341, 39.241901000169946 ], [ -76.624941999788476, 39.241964999656815 ], [ -76.625320000450827, 39.242023000382126 ], [ -76.625986000536926, 39.242149999945646 ], [ -76.626228999008887, 39.242217000435765 ], [ -76.626478999904108, 39.242293999651459 ], [ -76.626650999747397, 39.242352999680477 ], [ -76.626870999372471, 39.242441000151068 ], [ -76.627235000268584, 39.242605999732959 ], [ -76.627664000813596, 39.242812000302834 ], [ -76.627984999941873, 39.242995999836609 ], [ -76.628474000691426, 39.243325999500229 ], [ -76.628670000594127, 39.243472999516229 ], [ -76.628960000293674, 39.243709999663132 ], [ -76.629330000358536, 39.244068000108577 ], [ -76.629761999662932, 39.24454700003011 ], [ -76.634108999688507, 39.249845000372481 ], [ -76.634169000421863, 39.249957999751885 ], [ -76.634497000462346, 39.250435000623476 ], [ -76.634653999796242, 39.250691999625353 ], [ -76.634881000077357, 39.251104999679264 ], [ -76.634946000112478, 39.251262999485697 ], [ -76.635006999737115, 39.251458000326139 ], [ -76.635044999511351, 39.251640999845193 ], [ -76.635082000329575, 39.251962000390606 ], [ -76.63509300009251, 39.25217800029813 ], [ -76.635073999603378, 39.252817999835266 ], [ -76.635057999241667, 39.252938000091717 ], [ -76.635028999243204, 39.253059000322637 ], [ -76.635012000046984, 39.253195000520627 ], [ -76.634992999378184, 39.253502999904832 ], [ -76.634954999377939, 39.253733000273684 ], [ -76.634872999269433, 39.25433199969865 ], [ -76.634765000077266, 39.254964999574028 ], [ -76.634650000193446, 39.25558599994207 ], [ -76.634358000327268, 39.256750999389737 ], [ -76.634191000229777, 39.257283000642445 ], [ -76.633963000204545, 39.257914000386691 ], [ -76.633756999476503, 39.258425000388122 ], [ -76.633707999415392, 39.258598000297631 ], [ -76.633408000345256, 39.258227999781901 ], [ -76.633194999942802, 39.258001000504379 ], [ -76.63305500035402, 39.257891999856596 ], [ -76.632768000156716, 39.257731000159133 ], [ -76.632944000271777, 39.257438999976998 ], [ -76.633082000549351, 39.257227000481187 ], [ -76.633179999520252, 39.257090998857876 ], [ -76.63357100050959, 39.25662900063255 ], [ -76.633855999707393, 39.256318999470956 ], [ -76.634002999889717, 39.256148999098002 ], [ -76.634153001233358, 39.255899000750425 ], [ -76.634267000213143, 39.255610999243501 ], [ -76.634297001204175, 39.255469999937965 ], [ -76.634312999875078, 39.255291999384959 ], [ -76.634310999419057, 39.255110000101745 ], [ -76.634288000142874, 39.254957999456082 ], [ -76.634206000095134, 39.254608999780061 ], [ -76.634049999548751, 39.254063000076449 ], [ -76.634024000439695, 39.253930999658188 ], [ -76.633877000442482, 39.25338900005417 ], [ -76.633742000691683, 39.252977000565011 ], [ -76.633689000004594, 39.252866999951863 ], [ -76.633625999138744, 39.252741000173437 ], [ -76.633445999825796, 39.25242200026846 ], [ -76.633284000357506, 39.252194000639641 ], [ -76.633144999070353, 39.252043999982305 ], [ -76.63286799897449, 39.251765998972509 ], [ -76.632742000307317, 39.251655000351015 ], [ -76.632601000127863, 39.251544000587629 ], [ -76.632056999411162, 39.251196000732911 ], [ -76.631941, 39.251127000317048 ], [ -76.631831999360585, 39.251075000336954 ], [ -76.631401000565461, 39.250907000265535 ], [ -76.631220999587086, 39.250846000593107 ], [ -76.629782000573243, 39.250493000166557 ], [ -76.629368999129994, 39.25038099974946 ], [ -76.628475999682962, 39.250156999637703 ] ] ] } },
{ "type": "Feature", "properties": { "GEOID20": "24510250207", "ORGANIZATION_NAME": "Cherry Hill Strong", "GOC_TRACK_TYPE": "Implementation" }, "geometry": { "type": "Polygon", "coordinates": [ [ [ -76.6283789995001, 39.257608999570209 ], [ -76.628319000245298, 39.25760000015535 ], [ -76.628254001105546, 39.257606999635712 ], [ -76.628095000627368, 39.257697999767132 ], [ -76.628003999685731, 39.257770999795682 ], [ -76.627826999250459, 39.257815999765661 ], [ -76.62767564753095, 39.257828074858274 ], [ -76.627584999869654, 39.257828999829428 ], [ -76.627464000845791, 39.257790999935047 ], [ -76.627348999784331, 39.257717999791424 ], [ -76.627259999786162, 39.257619000333207 ], [ -76.627227000164311, 39.257496000181867 ], [ -76.627201000312454, 39.257260000157544 ], [ -76.627177999994402, 39.25716499967691 ], [ -76.627134000027581, 39.257088000116092 ], [ -76.62709000022025, 39.256938000476907 ], [ -76.627036000028468, 39.256883999957154 ], [ -76.626787000524899, 39.256764000215547 ], [ -76.626724000649503, 39.256745000021809 ], [ -76.626704058545457, 39.256785508130449 ], [ -76.626620000010547, 39.256750999960026 ], [ -76.625515999883731, 39.255964000289943 ], [ -76.625575000004247, 39.255932999332281 ], [ -76.625614999475857, 39.255892000484508 ], [ -76.625602000461981, 39.255826000256455 ], [ -76.625576000836318, 39.255749000719682 ], [ -76.625293000740967, 39.255650000639243 ], [ -76.625174000119301, 39.255644999879301 ], [ -76.625042000419427, 39.255650000158795 ], [ -76.624822000906519, 39.255618000209047 ], [ -76.624684000695837, 39.255468999905588 ], [ -76.624341999460512, 39.255252999015582 ], [ -76.624184000543551, 39.255190999732719 ], [ -76.624026000376006, 39.255174998893004 ], [ -76.623794999632352, 39.25516900030695 ], [ -76.623566999957234, 39.25517300041426 ], [ -76.623262999881703, 39.255218000659099 ], [ -76.623005999829914, 39.255273998989637 ], [ -76.6227550000295, 39.255350000493763 ], [ -76.62252400094826, 39.255389999877956 ], [ -76.622078000364382, 39.255403999899201 ], [ -76.621603000197425, 39.255444000049124 ], [ -76.621226999658234, 39.255504000378977 ], [ -76.620405000008546, 39.255573000219094 ], [ -76.619824000752203, 39.255566000529981 ], [ -76.619639000278326, 39.255575999837788 ], [ -76.619467999046293, 39.255625999630816 ], [ -76.619314999994742, 39.255703000440114 ], [ -76.61912399918738, 39.255774000270506 ], [ -76.618657999652783, 39.255874999764892 ], [ -76.618328000689971, 39.255904999582754 ], [ -76.617918999683894, 39.255970000224195 ], [ -76.617582000571105, 39.256051000122575 ], [ -76.617324000240856, 39.256121999487526 ], [ -76.617143000299777, 39.256142000133977 ], [ -76.616882999766588, 39.256120000233238 ], [ -76.616933999005056, 39.256012999445225 ], [ -76.617143000094373, 39.25562699990607 ], [ -76.617231000433421, 39.255512999938937 ], [ -76.617429999608817, 39.255212999695559 ], [ -76.617587000033637, 39.254914999842484 ], [ -76.617774999532813, 39.25445500003881 ], [ -76.617861999893336, 39.254154000203116 ], [ -76.617911999779182, 39.253894000004031 ], [ -76.617923000469787, 39.253696000738096 ], [ -76.617915000150958, 39.253531000573147 ], [ -76.617809999720791, 39.253147000362432 ], [ -76.617714000134001, 39.252933999910653 ], [ -76.617661000533658, 39.252833999536819 ], [ -76.617420999481936, 39.252484001039555 ], [ -76.617349000023154, 39.252412000281211 ], [ -76.618436000187444, 39.251945999815881 ], [ -76.619769001121483, 39.251369999590175 ], [ -76.620083999362848, 39.25123399954844 ], [ -76.620498000565362, 39.251058000238395 ], [ -76.620880999891654, 39.250895000165023 ], [ -76.624541999465322, 39.249323000728964 ], [ -76.624956999503638, 39.249132000947284 ], [ -76.625143000505147, 39.249073999844732 ], [ -76.625207998589829, 39.249065999532533 ], [ -76.625273000111932, 39.249067000593648 ], [ -76.625398000526971, 39.249081999175061 ], [ -76.625640999956403, 39.249161999695794 ], [ -76.62610000132409, 39.249336999344187 ], [ -76.626413001027259, 39.249426999921376 ], [ -76.626763999953226, 39.249541999736138 ], [ -76.627534999764279, 39.249821000824554 ], [ -76.627477999731298, 39.249924999447728 ], [ -76.627288000605972, 39.250223000814664 ], [ -76.627239999177164, 39.250283998997368 ], [ -76.627188999877347, 39.250332999293157 ], [ -76.627077999960235, 39.250402000663804 ], [ -76.627028000186669, 39.250425000636689 ], [ -76.626915000140059, 39.250458999685868 ], [ -76.626778999772384, 39.250481999175925 ], [ -76.626714000218996, 39.250485000179545 ], [ -76.626633000611506, 39.250481999781243 ], [ -76.626491999325097, 39.250458000676829 ], [ -76.626153999632891, 39.250341000339091 ], [ -76.625350999594033, 39.250044999577824 ], [ -76.625257000352732, 39.250032000533736 ], [ -76.625085999649272, 39.250074000688059 ], [ -76.62584600029173, 39.251301000179787 ], [ -76.625971000176335, 39.251531000151346 ], [ -76.626100000307446, 39.251736999993959 ], [ -76.626168999539189, 39.251780999809625 ], [ -76.626258000569393, 39.251813000148033 ], [ -76.626371000987575, 39.251832000319553 ], [ -76.62650900029503, 39.251819999752541 ], [ -76.62666400015074, 39.25178000041371 ], [ -76.626745000572839, 39.25141500035339 ], [ -76.62742700013797, 39.25158000040819 ], [ -76.627714999891793, 39.250859999118028 ], [ -76.62793500025559, 39.250330999672336 ], [ -76.628025999972266, 39.250125999836087 ], [ -76.628076999768496, 39.250030999556259 ], [ -76.628475999682962, 39.250156999637703 ], [ -76.629368999129994, 39.25038099974946 ], [ -76.629782000573243, 39.250493000166557 ], [ -76.631220999587086, 39.250846000593107 ], [ -76.631401000565461, 39.250907000265535 ], [ -76.631831999360585, 39.251075000336954 ], [ -76.631941, 39.251127000317048 ], [ -76.632056999411162, 39.251196000732911 ], [ -76.632601000127863, 39.251544000587629 ], [ -76.632742000307317, 39.251655000351015 ], [ -76.63286799897449, 39.251765998972509 ], [ -76.633144999070353, 39.252043999982305 ], [ -76.633284000357506, 39.252194000639641 ], [ -76.633445999825796, 39.25242200026846 ], [ -76.633625999138744, 39.252741000173437 ], [ -76.633689000004594, 39.252866999951863 ], [ -76.633742000691683, 39.252977000565011 ], [ -76.633877000442482, 39.25338900005417 ], [ -76.634024000439695, 39.253930999658188 ], [ -76.634049999548751, 39.254063000076449 ], [ -76.634206000095134, 39.254608999780061 ], [ -76.634288000142874, 39.254957999456082 ], [ -76.634310999419057, 39.255110000101745 ], [ -76.634312999875078, 39.255291999384959 ], [ -76.634297001204175, 39.255469999937965 ], [ -76.634267000213143, 39.255610999243501 ], [ -76.634153001233358, 39.255899000750425 ], [ -76.634002999889717, 39.256148999098002 ], [ -76.633855999707393, 39.256318999470956 ], [ -76.63357100050959, 39.25662900063255 ], [ -76.633179999520252, 39.257090998857876 ], [ -76.633082000549351, 39.257227000481187 ], [ -76.632944000271777, 39.257438999976998 ], [ -76.632768000156716, 39.257731000159133 ], [ -76.632269999927757, 39.257596999928282 ], [ -76.631945999966973, 39.257540000282603 ], [ -76.630090000249183, 39.258823999997205 ], [ -76.629801000076284, 39.258731999999007 ], [ -76.62949400018536, 39.258668999456553 ], [ -76.629256000766233, 39.25856899986595 ], [ -76.629034999578977, 39.258501999972459 ], [ -76.628931999710886, 39.258445999873452 ], [ -76.628886999668225, 39.258354999914275 ], [ -76.628847999918548, 39.258183000237359 ], [ -76.628725000565751, 39.257902999524951 ], [ -76.628563999752657, 39.257695000247729 ], [ -76.6283789995001, 39.257608999570209 ] ] ] } },
{ "type": "Feature", "properties": { "GEOID20": "24510250402", "ORGANIZATION_NAME": "South Baltimore Community Land Trust", "GOC_TRACK_TYPE": "Plan Development" }, "geometry": { "type": "Polygon", "coordinates": [ [ [ -76.596522999656955, 39.232921999354218 ], [ -76.597313999771842, 39.231396999796416 ], [ -76.597476000030568, 39.231063999877563 ], [ -76.597981000012751, 39.230093000377209 ], [ -76.59823600107066, 39.229629000818214 ], [ -76.598708000064775, 39.22872999928267 ], [ -76.599359999485671, 39.227460000116729 ], [ -76.599796999590552, 39.22661099982713 ], [ -76.599888999055281, 39.226460000040994 ], [ -76.599947000415241, 39.226384999973241 ], [ -76.599628999803471, 39.225834000115206 ], [ -76.59930800103551, 39.225297999614618 ], [ -76.600050000109732, 39.224434000453272 ], [ -76.600405000398041, 39.223996000354255 ], [ -76.600665000224382, 39.223733999600249 ], [ -76.601847000283669, 39.224932999636756 ], [ -76.603665000240966, 39.226708999914614 ], [ -76.604725000240748, 39.227915999684626 ], [ -76.604747000117115, 39.227940000200114 ], [ -76.605489000486656, 39.228517000104269 ], [ -76.606151998712932, 39.229083999933188 ], [ -76.606940000514626, 39.229785999516793 ], [ -76.607450999792874, 39.230463000617185 ], [ -76.608167000222494, 39.231098999561191 ], [ -76.607808000535499, 39.231260000551359 ], [ -76.606698999847666, 39.23171699960762 ], [ -76.606416999795798, 39.231825000465967 ], [ -76.605105000795845, 39.23239699920164 ], [ -76.604320999395412, 39.232727999910388 ], [ -76.604204999373209, 39.232622999972939 ], [ -76.603905000015061, 39.233234000023693 ], [ -76.60368699942093, 39.233599999521736 ], [ -76.603620999559112, 39.233724999734171 ], [ -76.603392000122014, 39.234241000004403 ], [ -76.603125999571247, 39.234749000994988 ], [ -76.602352999864081, 39.236302999412892 ], [ -76.6010190004842, 39.235897000294756 ], [ -76.599813999419609, 39.235540999916232 ], [ -76.599319000440829, 39.235389000814074 ], [ -76.597742000058588, 39.234897999412993 ], [ -76.597335999162709, 39.234771999562547 ], [ -76.596574000641766, 39.234532999028751 ], [ -76.595941999946348, 39.23435400033776 ], [ -76.59578700072214, 39.234308999014182 ], [ -76.596182999659774, 39.233574999541638 ], [ -76.596522999656955, 39.232921999354218 ] ] ] } },
{ "type": "Feature", "properties": { "GEOID20": "24510250500", "ORGANIZATION_NAME": "South Baltimore Community Land Trust", "GOC_TRACK_TYPE": "Plan Development" }, "geometry": { "type": "Polygon", "coordinates": [ [ [ -76.566987999023709, 39.214770000379872 ], [ -76.56647999936331, 39.214762999342447 ], [ -76.565846000159439, 39.214778999880956 ], [ -76.56549399941737, 39.214836000155792 ], [ -76.565235999347166, 39.214888000633962 ], [ -76.565106999579086, 39.214892000421472 ], [ -76.564822999981686, 39.214926000601395 ], [ -76.564552641771797, 39.214989285582554 ], [ -76.564376000746066, 39.215024000082039 ], [ -76.564239000338233, 39.215065000349142 ], [ -76.564099000365118, 39.215086999936943 ], [ -76.564010000286174, 39.215069500410209 ], [ -76.563966998860948, 39.214941999838125 ], [ -76.563929999568145, 39.214891000617904 ], [ -76.563733000284529, 39.214742000633926 ], [ -76.563541999060803, 39.214641000057874 ], [ -76.56339199962062, 39.214547000368547 ], [ -76.563257000853042, 39.214452000597056 ], [ -76.56316000039925, 39.214416999979377 ], [ -76.563083999099291, 39.214411000671937 ], [ -76.563016999088859, 39.214416000052026 ], [ -76.562895999688124, 39.214468999104263 ], [ -76.562805000667041, 39.214539000365136 ], [ -76.562683999521568, 39.214602000572405 ], [ -76.562500000332079, 39.214634000500368 ], [ -76.562303999677823, 39.214633000273828 ], [ -76.562032999934829, 39.214666999855488 ], [ -76.561890000062888, 39.214667000231479 ], [ -76.561814000270559, 39.214683999770919 ], [ -76.561586999842191, 39.214858999848964 ], [ -76.561474000393744, 39.214922999745667 ], [ -76.561330999573215, 39.214951000241058 ], [ -76.561210000321609, 39.21499800015058 ], [ -76.561093000137959, 39.215110999860045 ], [ -76.561016999492907, 39.215158000318006 ], [ -76.560828999775296, 39.215181000068185 ], [ -76.560746000686535, 39.215221000307082 ], [ -76.560708000216451, 39.215262000366749 ], [ -76.56065499987416, 39.21527899967662 ], [ -76.560492508108993, 39.215221004209099 ], [ -76.560369000645082, 39.215207999990298 ], [ -76.560302000645066, 39.215224999839165 ], [ -76.560241000499616, 39.215278000258699 ], [ -76.560195000249848, 39.215359999882196 ], [ -76.56016499941552, 39.215458999555089 ], [ -76.560164000453213, 39.2155469994822 ], [ -76.560185999746764, 39.215651999581269 ], [ -76.560267999232408, 39.215796000465765 ], [ -76.56021120232154, 39.215851000134613 ], [ -76.560124999370387, 39.2158390002134 ], [ -76.56008700004196, 39.215804000224523 ], [ -76.560020000348402, 39.215716000299416 ], [ -76.559975999575755, 39.21558100001166 ], [ -76.559893999928121, 39.215394000094037 ], [ -76.559784999998442, 39.215307999870909 ], [ -76.55968799908517, 39.215250000329299 ], [ -76.559589999221728, 39.215214000354379 ], [ -76.559492000125928, 39.215195999722191 ], [ -76.559371999345359, 39.215201999700597 ], [ -76.559130999820212, 39.215229999731015 ], [ -76.559032999618154, 39.215270000053408 ], [ -76.558927000373941, 39.215370000130633 ], [ -76.558607000127907, 39.215489999834197 ], [ -76.558666000585205, 39.215954999891174 ], [ -76.558606999476766, 39.215912999730641 ], [ -76.558550999569619, 39.215716999675102 ], [ -76.558498999461108, 39.215634999555249 ], [ -76.558437000044748, 39.215473000286224 ], [ -76.558409999926482, 39.215375999786012 ], [ -76.558411000276948, 39.215252000119868 ], [ -76.558287000576371, 39.215100000310414 ], [ -76.558197000387452, 39.215046000128261 ], [ -76.558107000226585, 39.215018999913603 ], [ -76.557835998670981, 39.214996000034347 ], [ -76.557409000324682, 39.21503500031411 ], [ -76.556951000577328, 39.215097999537541 ], [ -76.556659000892665, 39.215171999438475 ], [ -76.556491999298927, 39.215252999960882 ], [ -76.556337999642849, 39.215360000028852 ], [ -76.556159999762556, 39.215544999707603 ], [ -76.555949999687499, 39.215863000072225 ], [ -76.555697999439658, 39.216191000048617 ], [ -76.555592000134936, 39.216470999420238 ], [ -76.555545999718731, 39.216638999346358 ], [ -76.555466999420602, 39.216724999503846 ], [ -76.553471999818242, 39.217056000466883 ], [ -76.553388000127555, 39.217051000356598 ], [ -76.552938000085533, 39.216920000427749 ], [ -76.552854999274899, 39.216914000269455 ], [ -76.552170000264681, 39.217097000622921 ], [ -76.550889999491915, 39.217513000198338 ], [ -76.550412000098746, 39.21742000001548 ], [ -76.550263000941939, 39.217340999833731 ], [ -76.549951999213263, 39.217155999436947 ], [ -76.549709999210194, 39.217019999786245 ], [ -76.549571999437831, 39.216868999985728 ], [ -76.549475999919679, 39.216690999085415 ], [ -76.549356999897171, 39.216353000250358 ], [ -76.549202001270018, 39.215043999883441 ], [ -76.549111000497689, 39.214029999736482 ], [ -76.549077999887785, 39.213808000259434 ], [ -76.548995000544792, 39.213694999686354 ], [ -76.548753000488333, 39.213575000285424 ], [ -76.548504000063431, 39.213472000040596 ], [ -76.54849700030725, 39.21340699964604 ], [ -76.548498000694764, 39.213347999519122 ], [ -76.548547000473249, 39.213305000007871 ], [ -76.548796000658655, 39.213311000272938 ], [ -76.549366398120256, 39.213455602245652 ], [ -76.549533000028333, 39.213493000150045 ], [ -76.549682999420568, 39.213466000204598 ], [ -76.549720999624569, 39.21338699964965 ], [ -76.549877000306736, 39.213266999550264 ], [ -76.549979000244733, 39.213158999570567 ], [ -76.550043999489105, 39.213022000151234 ], [ -76.550076999678794, 39.212923000037378 ], [ -76.550180000022223, 39.212703000368855 ], [ -76.550495999475189, 39.212203000322752 ], [ -76.550518000235058, 39.21211600049935 ], [ -76.550497000146095, 39.212016000700075 ], [ -76.550384000283316, 39.211752000457196 ], [ -76.550230999667122, 39.211439 ], [ -76.550103999353468, 39.211260000432361 ], [ -76.549976000389336, 39.211098000071622 ], [ -76.549776999968344, 39.2109080001511 ], [ -76.549190999719613, 39.210511000886093 ], [ -76.54882600074086, 39.210348999159038 ], [ -76.548447000387725, 39.210210999631222 ], [ -76.547807000413698, 39.21004599944105 ], [ -76.547531999817124, 39.210000999131864 ], [ -76.547232001038182, 39.209987999347703 ], [ -76.546425000601403, 39.20990599927471 ], [ -76.545902000533474, 39.209878999547456 ], [ -76.545454999945392, 39.210073000156775 ], [ -76.544929999639663, 39.210434999924765 ], [ -76.544707000182953, 39.210546999480655 ], [ -76.543787000418661, 39.211144000313034 ], [ -76.543439000007581, 39.211384000069195 ], [ -76.543330000532379, 39.211495000143344 ], [ -76.542989000390278, 39.211752000161319 ], [ -76.542810000521513, 39.211849999930884 ], [ -76.54249600008886, 39.21206099979954 ], [ -76.542188000224641, 39.212281000341946 ], [ -76.541929998793179, 39.212456000252054 ], [ -76.541856000015969, 39.212482999697251 ], [ -76.541651999331279, 39.212519000052389 ], [ -76.54055099938094, 39.213224999888233 ], [ -76.539658000413766, 39.213770999490713 ], [ -76.539455000603766, 39.213592999099731 ], [ -76.541338999901072, 39.212362999960774 ], [ -76.541138999976013, 39.212060999675955 ], [ -76.541091000278328, 39.211951000154293 ], [ -76.5410860006793, 39.211886999749289 ], [ -76.541107999472587, 39.211832000164875 ], [ -76.541134999341182, 39.21179399990222 ], [ -76.541184999961374, 39.211752000010797 ], [ -76.541245000704137, 39.211734999906405 ], [ -76.541316000814277, 39.211730999637922 ], [ -76.541456998987911, 39.211800000339899 ], [ -76.541548999247595, 39.211830000093435 ], [ -76.541626543888071, 39.211822586914721 ], [ -76.541663998949531, 39.211771000318002 ], [ -76.541656999925408, 39.211671000418661 ], [ -76.541668998952261, 39.211443000408451 ], [ -76.541642998955538, 39.211255999758301 ], [ -76.541692999852359, 39.211086999957189 ], [ -76.541748000962727, 39.210985000132126 ], [ -76.541764999084393, 39.210918000461291 ], [ -76.541752000243434, 39.210793000181951 ], [ -76.54141179972541, 39.210586363582074 ], [ -76.541361000047814, 39.210550000369224 ], [ -76.541307000843716, 39.210473000175071 ], [ -76.541253999957618, 39.210363000035521 ], [ -76.541086001297259, 39.210142000564829 ], [ -76.540956000360495, 39.210010000124683 ], [ -76.540858000274895, 39.210001500638668 ], [ -76.540808999391515, 39.209962999449999 ], [ -76.540781999677577, 39.209915999872784 ], [ -76.540731000183357, 39.209917999987944 ], [ -76.540399500356898, 39.210067000558041 ], [ -76.540310000226896, 39.21004400065722 ], [ -76.5401630001152, 39.210052000148515 ], [ -76.54003699965422, 39.210081000681456 ], [ -76.539917000360504, 39.21015700049643 ], [ -76.539851000362034, 39.210230500596438 ], [ -76.539697999679902, 39.210308000286446 ], [ -76.539419000352666, 39.210425999962872 ], [ -76.539310000658475, 39.210459000168477 ], [ -76.539110000312135, 39.210409000452877 ], [ -76.538720000954783, 39.210396000099962 ], [ -76.538324000134082, 39.210473000095178 ], [ -76.537662999398748, 39.210707000191917 ], [ -76.536742999601643, 39.211077999676895 ], [ -76.535929000660019, 39.211546999434447 ], [ -76.535337999158187, 39.211931000543885 ], [ -76.534349000088639, 39.212849000760393 ], [ -76.534105000212364, 39.212951000845216 ], [ -76.533992999393504, 39.212974000813979 ], [ -76.533840999995888, 39.212950000138235 ], [ -76.533618001234345, 39.212865999652443 ], [ -76.533556000203461, 39.212778999642076 ], [ -76.5335469997693, 39.212662999673142 ], [ -76.533562000022911, 39.212557999090237 ], [ -76.533645000251227, 39.212442999833854 ], [ -76.533810000333006, 39.21231200050984 ], [ -76.533882000058611, 39.212264000014059 ], [ -76.533910000325932, 39.212116000754556 ], [ -76.533875999489254, 39.21205199922337 ], [ -76.533247000059177, 39.211501000820675 ], [ -76.532844999256724, 39.21110999935118 ], [ -76.532812000188414, 39.21100499958284 ], [ -76.532811999727812, 39.210918999913801 ], [ -76.532866000767726, 39.210814999573934 ], [ -76.532929000069629, 39.210724999882075 ], [ -76.533089000703612, 39.210635999602914 ], [ -76.533150999912024, 39.210610000134402 ], [ -76.534954999952987, 39.210670999802858 ], [ -76.535041999591414, 39.210660000088104 ], [ -76.535211000142482, 39.210586000015631 ], [ -76.535239999923945, 39.210519000154214 ], [ -76.535239999149724, 39.210450999953764 ], [ -76.53522099929809, 39.21041000027148 ], [ -76.535128000002132, 39.210377999935453 ], [ -76.534047260309734, 39.210338141425389 ], [ -76.532879000709812, 39.210286999871315 ], [ -76.532398999293974, 39.209992999716484 ], [ -76.532303000886714, 39.209552000189674 ], [ -76.532777999473126, 39.208759000497068 ], [ -76.532951000751282, 39.208544998895633 ], [ -76.533032000400368, 39.208318999996564 ], [ -76.533053000368525, 39.208216999424351 ], [ -76.533057000802316, 39.208124000299811 ], [ -76.533043000263262, 39.207956000447979 ], [ -76.532981000225604, 39.207852000387575 ], [ -76.532890999651855, 39.207757999236932 ], [ -76.543220000476992, 39.201515000173842 ], [ -76.543340999624604, 39.201330000252852 ], [ -76.545905000153013, 39.199674999195466 ], [ -76.550086000158245, 39.197206999390055 ], [ -76.551878000554666, 39.197783000081721 ], [ -76.555173000082149, 39.198871999711876 ], [ -76.563786000545932, 39.201406999640788 ], [ -76.566627999806784, 39.201990000175364 ], [ -76.56739599960234, 39.20211699947658 ], [ -76.569162999799858, 39.203096999834997 ], [ -76.569341000294045, 39.203152999313239 ], [ -76.570551999732402, 39.203643999336137 ], [ -76.571113999789858, 39.203820000913012 ], [ -76.5737159994232, 39.204520999768043 ], [ -76.577069000158502, 39.205509000315189 ], [ -76.577294999887656, 39.205586000272611 ], [ -76.577440001030581, 39.205756000442939 ], [ -76.577515999986389, 39.205871000579691 ], [ -76.57769, 39.206044000854007 ], [ -76.577862252296143, 39.206130169880829 ], [ -76.578001999461833, 39.206192999559747 ], [ -76.578145652402569, 39.206245064341459 ], [ -76.578350998946334, 39.206311000227956 ], [ -76.578526000016467, 39.206373000227188 ], [ -76.578684999717737, 39.206472999693013 ], [ -76.578761000587306, 39.20653700026417 ], [ -76.57887399998215, 39.206613000496667 ], [ -76.579190000041081, 39.206880999287804 ], [ -76.579207999711215, 39.206981000303074 ], [ -76.579176000188909, 39.207200999952427 ], [ -76.579139999482706, 39.207349999037781 ], [ -76.579102999720362, 39.207463000142361 ], [ -76.578946999781493, 39.207750999916314 ], [ -76.578868000114923, 39.207858000533662 ], [ -76.578534000547251, 39.208253999643105 ], [ -76.578419111720123, 39.208255420912444 ], [ -76.578215000527081, 39.208247999979861 ], [ -76.577824000621106, 39.208212000178634 ], [ -76.576948000633649, 39.208065999883331 ], [ -76.576473999540056, 39.208050999805792 ], [ -76.576240000137616, 39.208072999714673 ], [ -76.576083999555806, 39.208053999901068 ], [ -76.575969000427008, 39.208071999982138 ], [ -76.575837192059311, 39.208030250616254 ], [ -76.575724000496663, 39.207986000286397 ], [ -76.575619499649221, 39.20789099964459 ], [ -76.575519004502496, 39.207897038 ], [ -76.575420999129733, 39.207902999704125 ], [ -76.575131999681147, 39.207876000264932 ], [ -76.574986000105326, 39.207891999989478 ], [ -76.574867999593508, 39.207929000044764 ], [ -76.574696000006483, 39.208035999576381 ], [ -76.574399999000903, 39.208070999967383 ], [ -76.574092999811953, 39.208238000049285 ], [ -76.573717000593177, 39.208479000201699 ], [ -76.573590999525493, 39.208523999485074 ], [ -76.573499999169059, 39.208588000860942 ], [ -76.57325899967762, 39.208833999469306 ], [ -76.57282700009381, 39.209211999395954 ], [ -76.572254000084939, 39.209734000855306 ], [ -76.572109000298454, 39.209875999415303 ], [ -76.572016999991845, 39.21001800014583 ], [ -76.571946999962435, 39.210193999120953 ], [ -76.571616999718202, 39.21059499960586 ], [ -76.57146500034311, 39.210839000708603 ], [ -76.571418000012301, 39.210956000116788 ], [ -76.571424000093046, 39.211027000073656 ], [ -76.571544000666918, 39.211188000032131 ], [ -76.571694000576329, 39.211366999796141 ], [ -76.571859000112795, 39.211479999730066 ], [ -76.57218100033208, 39.211807000540567 ], [ -76.57224100042643, 39.211948999668145 ], [ -76.572334999363505, 39.212144000376981 ], [ -76.572624999685658, 39.212564999654802 ], [ -76.572750999591989, 39.212676999594507 ], [ -76.572845999830179, 39.212781000210775 ], [ -76.572861999213004, 39.212829999725606 ], [ -76.572839000625066, 39.213138999447501 ], [ -76.572811999940384, 39.213386999851679 ], [ -76.574196000522718, 39.213587999518396 ], [ -76.574173998611258, 39.213717999738094 ], [ -76.572793999448933, 39.213523000089268 ], [ -76.572767000705923, 39.213848001073082 ], [ -76.572722999156269, 39.21392600077872 ], [ -76.572727001190145, 39.21397599971661 ], [ -76.57277000006701, 39.213999999957373 ], [ -76.57284300108833, 39.214013000058323 ], [ -76.573018000158598, 39.214126999387098 ], [ -76.573087500097969, 39.214198500457414 ], [ -76.573095000587287, 39.214256000301212 ], [ -76.572696999984657, 39.214375000616933 ], [ -76.572725000747525, 39.214585999815377 ], [ -76.57271600031595, 39.214635999142267 ], [ -76.572651999336003, 39.214688999563137 ], [ -76.572537000398327, 39.214836999752791 ], [ -76.572414999143973, 39.215113999515864 ], [ -76.572362999131016, 39.215253999515433 ], [ -76.572316001142823, 39.2154890005868 ], [ -76.572188999832619, 39.215875999646684 ], [ -76.5721100002783, 39.216230000506819 ], [ -76.572073000195189, 39.216546999931872 ], [ -76.57211500085873, 39.21679799983329 ], [ -76.572161001194544, 39.216995999731331 ], [ -76.572240999814028, 39.217120999951341 ], [ -76.572425999686885, 39.217332000131414 ], [ -76.57259899947924, 39.217445999875331 ], [ -76.572786999906484, 39.217557000321321 ], [ -76.57298499875175, 39.217638000313684 ], [ -76.573163000613647, 39.217729999632468 ], [ -76.573358000024598, 39.217795000125321 ], [ -76.573465999642792, 39.217861000156574 ], [ -76.573536999647189, 39.217935999550967 ], [ -76.573583000400916, 39.218030000108165 ], [ -76.573611000404725, 39.218106999670205 ], [ -76.573596000507067, 39.21819500005968 ], [ -76.573567000020788, 39.218289999980307 ], [ -76.57346000004533, 39.218448999710454 ], [ -76.57338499986848, 39.218506999472893 ], [ -76.573327998832255, 39.218525999586227 ], [ -76.573229304388519, 39.218525451555415 ], [ -76.57315400025746, 39.218517999364479 ], [ -76.572601000434759, 39.218342000052388 ], [ -76.57230500013452, 39.218189999505235 ], [ -76.5717229997218, 39.21774899958362 ], [ -76.571410999270739, 39.217559000168421 ], [ -76.571278999802146, 39.217532999802032 ], [ -76.571063000262342, 39.217400000218618 ], [ -76.570636000186482, 39.217156999746642 ], [ -76.570577000171298, 39.217092999576508 ], [ -76.570069998778195, 39.216815999719842 ], [ -76.569716999231403, 39.21665300045369 ], [ -76.569536000211869, 39.2166140003267 ], [ -76.569310999627902, 39.216452999697651 ], [ -76.569110999858566, 39.216257000498459 ], [ -76.568978999453904, 39.216188000534828 ], [ -76.568782000743042, 39.216073000112019 ], [ -76.568664999691649, 39.215984999779423 ], [ -76.568474001074279, 39.215729999842338 ], [ -76.567910000534383, 39.215128999498866 ], [ -76.56770100029442, 39.214981000631205 ], [ -76.567252000545778, 39.214807999958978 ], [ -76.566987999023709, 39.214770000379872 ] ] ] } },
{ "type": "Feature", "properties": { "GEOID20": "24510271600", "ORGANIZATION_NAME": "Park Heights Renaissance, Inc.", "GOC_TRACK_TYPE": "Implementation" }, "geometry": { "type": "Polygon", "coordinates": [ [ [ -76.659447000181018, 39.346505999715745 ], [ -76.65955700084794, 39.346071999066197 ], [ -76.659588998797062, 39.345854000265525 ], [ -76.659582000248207, 39.345717000433297 ], [ -76.65955200061768, 39.345582000297128 ], [ -76.65946199980786, 39.345305999711236 ], [ -76.659295000762214, 39.344971999558744 ], [ -76.659096000679611, 39.344658999947384 ], [ -76.658852999768897, 39.344383000032252 ], [ -76.658682999363293, 39.344231999621265 ], [ -76.658390999299058, 39.344005000102889 ], [ -76.65776200030318, 39.343492999572213 ], [ -76.657548999741749, 39.343303999617987 ], [ -76.657375999621735, 39.343132000283909 ], [ -76.657304000514955, 39.343015000005813 ], [ -76.657239998706615, 39.342893000447518 ], [ -76.657195000195941, 39.342743999719161 ], [ -76.657170999876257, 39.342593000198903 ], [ -76.657175000181567, 39.342413000002374 ], [ -76.657192999770288, 39.342303000497864 ], [ -76.657229998872296, 39.342189000333072 ], [ -76.657268000048148, 39.342111000406881 ], [ -76.657421000396326, 39.341859000223906 ], [ -76.657683000267028, 39.341555999160711 ], [ -76.657838999774015, 39.341386000071338 ], [ -76.657958999769733, 39.341236999571812 ], [ -76.658055999856529, 39.341101000046351 ], [ -76.658109000166164, 39.341012999252385 ], [ -76.658181000249854, 39.340865999079476 ], [ -76.658410000135333, 39.340831999540384 ], [ -76.658700000142034, 39.340799999769388 ], [ -76.661279000055387, 39.340697999330089 ], [ -76.662006000418856, 39.34067300003403 ], [ -76.662166999666397, 39.34068000040125 ], [ -76.662262999614441, 39.340688999939886 ], [ -76.662435000303034, 39.340715000316521 ], [ -76.662581999158022, 39.340745999875104 ], [ -76.662800000011586, 39.340809000992969 ], [ -76.663001999125498, 39.340882000033353 ], [ -76.663183000167436, 39.340935999521001 ], [ -76.663318000271559, 39.340961000852047 ], [ -76.663626999832871, 39.340967999624453 ], [ -76.663826000120068, 39.340953999304169 ], [ -76.66395200025346, 39.34093099964079 ], [ -76.664231999218629, 39.340847999848208 ], [ -76.664549999855709, 39.340704999372143 ], [ -76.664720999513591, 39.340611000017248 ], [ -76.664901000312369, 39.340502999681362 ], [ -76.665140000219864, 39.340335999950682 ], [ -76.665237000189435, 39.340215999828857 ], [ -76.665341999718393, 39.340131000096491 ], [ -76.665498001050793, 39.340047000203718 ], [ -76.666472999618179, 39.339631999760215 ], [ -76.66682199949426, 39.339456000317242 ], [ -76.667134000200804, 39.339303999899073 ], [ -76.667926000116452, 39.338921000354638 ], [ -76.668192000504405, 39.339269999949821 ], [ -76.668324000351134, 39.339391999951161 ], [ -76.668406000255345, 39.33944500047749 ], [ -76.668526999552839, 39.339503999980849 ], [ -76.668858000627409, 39.339609000295461 ], [ -76.671349999784326, 39.340308999664082 ], [ -76.672561999899969, 39.340665000339143 ], [ -76.67384800052055, 39.34102600013496 ], [ -76.673552999773804, 39.341785000005437 ], [ -76.672995000131834, 39.343142999682499 ], [ -76.672549000727088, 39.344260999918532 ], [ -76.672386000718731, 39.344643000298142 ], [ -76.671397000320866, 39.345195000429761 ], [ -76.669281999799352, 39.346371999889435 ], [ -76.669087000004126, 39.346484999691668 ], [ -76.668919000891137, 39.346591000774673 ], [ -76.66878400070415, 39.346606999637629 ], [ -76.668498999804001, 39.346616999912513 ], [ -76.66555099975092, 39.346678000885376 ], [ -76.664366999880627, 39.346702000457299 ], [ -76.663339999740003, 39.346698999352903 ], [ -76.661893999253607, 39.346719000656776 ], [ -76.661429001044397, 39.346690000728792 ], [ -76.659447000181018, 39.346505999715745 ] ] ] } },
{ "type": "Feature", "properties": { "GEOID20": "24510271700", "ORGANIZATION_NAME": "Park Heights Renaissance, Inc.", "GOC_TRACK_TYPE": "Implementation" }, "geometry": { "type": "Polygon", "coordinates": [ [ [ -76.665332000321101, 39.356965999926246 ], [ -76.664717000156514, 39.356317999779257 ], [ -76.664282999813338, 39.355892999490287 ], [ -76.664130000377497, 39.355768999985912 ], [ -76.663971000480899, 39.355658999542001 ], [ -76.663729998857107, 39.355516999809367 ], [ -76.663488999727548, 39.355403999804849 ], [ -76.663010999720555, 39.355237999941075 ], [ -76.662784999871462, 39.355173999387439 ], [ -76.662207999975678, 39.355032999662654 ], [ -76.661975000566756, 39.355024000048196 ], [ -76.661675000458132, 39.355022999445445 ], [ -76.661373999749713, 39.35503399935974 ], [ -76.661177000405019, 39.355046999725097 ], [ -76.661001000278048, 39.35506599978315 ], [ -76.660776000802187, 39.355103999859779 ], [ -76.660506999694093, 39.355162999334361 ], [ -76.660408000805134, 39.355192999952926 ], [ -76.660352000258968, 39.355053000101108 ], [ -76.659885999713396, 39.352825000063298 ], [ -76.659711999601996, 39.351815000177972 ], [ -76.659604000091008, 39.350933999512449 ], [ -76.659486000355358, 39.350244999538681 ], [ -76.659334999784193, 39.349490000004046 ], [ -76.659132999056709, 39.347886999867114 ], [ -76.659156000587117, 39.347639000317102 ], [ -76.659447000181018, 39.346505999715745 ], [ -76.661429001044397, 39.346690000728792 ], [ -76.661893999253607, 39.346719000656776 ], [ -76.663339999740003, 39.346698999352903 ], [ -76.664366999880627, 39.346702000457299 ], [ -76.66555099975092, 39.346678000885376 ], [ -76.668498999804001, 39.346616999912513 ], [ -76.66878400070415, 39.346606999637629 ], [ -76.668919000891137, 39.346591000774673 ], [ -76.669087000004126, 39.346484999691668 ], [ -76.669281999799352, 39.346371999889435 ], [ -76.671397000320866, 39.345195000429761 ], [ -76.671797000457104, 39.3456359998439 ], [ -76.672669000402124, 39.346575000143758 ], [ -76.673106999714747, 39.347042999509952 ], [ -76.673452999481782, 39.347379999894613 ], [ -76.673474999621106, 39.347412999324916 ], [ -76.673488999384872, 39.347471000043448 ], [ -76.673905001110654, 39.347820999265757 ], [ -76.674251999956965, 39.348071000031126 ], [ -76.674521999717939, 39.348251999684194 ], [ -76.675239999817649, 39.348673000149262 ], [ -76.67550899997903, 39.348820999668305 ], [ -76.675825999720814, 39.348976000867339 ], [ -76.675960000481894, 39.349027999842463 ], [ -76.67620499957367, 39.349132999563111 ], [ -76.676493000098901, 39.349242999109585 ], [ -76.676828001053849, 39.349354999779919 ], [ -76.678856999523276, 39.349920000440541 ], [ -76.680848000680271, 39.350462000163951 ], [ -76.681210999498163, 39.350565999029165 ], [ -76.681322000440474, 39.350603999532211 ], [ -76.681442000112156, 39.350653000736372 ], [ -76.681702998962891, 39.350783000787011 ], [ -76.682579999835724, 39.351286000516673 ], [ -76.683358000625404, 39.351757000253556 ], [ -76.683184001122896, 39.351872000151197 ], [ -76.682264999658813, 39.352346000245269 ], [ -76.681404999733672, 39.352824999882216 ], [ -76.680502000085497, 39.353309999587374 ], [ -76.679415000153938, 39.353885000741613 ], [ -76.678870999942518, 39.354136000889405 ], [ -76.677347998895073, 39.354755999268434 ], [ -76.676276999475164, 39.355221000656989 ], [ -76.675907000084635, 39.355366000337092 ], [ -76.67518500021167, 39.355676999819508 ], [ -76.673008998961464, 39.356552999939453 ], [ -76.672581000876491, 39.356748999732403 ], [ -76.671753999403762, 39.356633000087392 ], [ -76.670774000608731, 39.356482000478266 ], [ -76.670817000114724, 39.356633000109397 ], [ -76.670848000415333, 39.356787999640623 ], [ -76.66813799951295, 39.35724599917625 ], [ -76.667549000238608, 39.357344999355469 ], [ -76.665964000474517, 39.357612999224962 ], [ -76.665633999844658, 39.357266000004849 ], [ -76.665332000321101, 39.356965999926246 ] ] ] } },
{ "type": "Feature", "properties": { "GEOID20": "24510271801", "ORGANIZATION_NAME": "Park Heights Renaissance, Inc.", "GOC_TRACK_TYPE": "Implementation" }, "geometry": { "type": "Polygon", "coordinates": [ [ [ -76.683448999653621, 39.343111000243844 ], [ -76.683518999669374, 39.34293999983106 ], [ -76.685717000797567, 39.344487999780462 ], [ -76.686080000219377, 39.344738999418688 ], [ -76.686398999795927, 39.34497900048995 ], [ -76.687526999495773, 39.345779000185239 ], [ -76.688007999393278, 39.346124000645098 ], [ -76.688197999572736, 39.346266999321536 ], [ -76.688693000443436, 39.346612999633166 ], [ -76.688990000357535, 39.346832000199939 ], [ -76.690059000182416, 39.347585000167449 ], [ -76.689366000579241, 39.348160000554138 ], [ -76.687985000080729, 39.349173000329152 ], [ -76.687607999140425, 39.349407000763705 ], [ -76.6869750010882, 39.349752000668033 ], [ -76.686658999237338, 39.349930000131685 ], [ -76.685731999570365, 39.350437999220233 ], [ -76.684657999123388, 39.351014000832627 ], [ -76.68386299954183, 39.351465000597635 ], [ -76.683358000625404, 39.351757000253556 ], [ -76.682579999835724, 39.351286000516673 ], [ -76.681702998962891, 39.350783000787011 ], [ -76.681442000112156, 39.350653000736372 ], [ -76.681322000440474, 39.350603999532211 ], [ -76.681210999498163, 39.350565999029165 ], [ -76.680848000680271, 39.350462000163951 ], [ -76.678856999523276, 39.349920000440541 ], [ -76.676828001053849, 39.349354999779919 ], [ -76.676493000098901, 39.349242999109585 ], [ -76.67620499957367, 39.349132999563111 ], [ -76.675960000481894, 39.349027999842463 ], [ -76.676232000316205, 39.34889100058367 ], [ -76.678227000148539, 39.34762099939487 ], [ -76.678449000044878, 39.347471999859685 ], [ -76.679360000065671, 39.346890000091243 ], [ -76.679601000350047, 39.34673499989173 ], [ -76.680281000877557, 39.346305000206151 ], [ -76.680692000847955, 39.346025999891168 ], [ -76.680799999841199, 39.345951000124977 ], [ -76.6809270002353, 39.345831000311733 ], [ -76.681411999407885, 39.345312999864262 ], [ -76.681960999950661, 39.344740999854629 ], [ -76.682440000671662, 39.344259999318211 ], [ -76.682933000704338, 39.343747999444147 ], [ -76.683040999735155, 39.343645999622829 ], [ -76.683259999955666, 39.343373000064709 ], [ -76.683448999653621, 39.343111000243844 ] ] ] } },
{ "type": "Feature", "properties": { "GEOID20": "24510271802", "ORGANIZATION_NAME": "Park Heights Renaissance, Inc.", "GOC_TRACK_TYPE": "Implementation" }, "geometry": { "type": "Polygon", "coordinates": [ [ [ -76.672995000131834, 39.343142999682499 ], [ -76.673552999773804, 39.341785000005437 ], [ -76.67384800052055, 39.34102600013496 ], [ -76.674889000388745, 39.341322999753942 ], [ -76.675715000571032, 39.34155399967262 ], [ -76.676709999784848, 39.341841000245616 ], [ -76.676958000128309, 39.341913999940182 ], [ -76.677744999343432, 39.342135999717307 ], [ -76.678010999253885, 39.342207000026384 ], [ -76.678215999456114, 39.342237000295711 ], [ -76.678400999818564, 39.342232000266442 ], [ -76.678542000880867, 39.342218000120809 ], [ -76.678613000828335, 39.342205999973253 ], [ -76.678970999813941, 39.342112999949087 ], [ -76.679192000425687, 39.342043000263317 ], [ -76.679397000317664, 39.341991000216545 ], [ -76.680196999960899, 39.341760000120964 ], [ -76.680356999866802, 39.341722000535505 ], [ -76.68043999980496, 39.341705000359021 ], [ -76.680661999800279, 39.341677000482186 ], [ -76.68075300005367, 39.341676000100506 ], [ -76.680992999472565, 39.341688000041756 ], [ -76.681145999968294, 39.34171200016597 ], [ -76.681492000268335, 39.34182000040694 ], [ -76.681754999204031, 39.341928000154944 ], [ -76.682296000278853, 39.342126000132673 ], [ -76.682463999158315, 39.342217000304011 ], [ -76.682670000292774, 39.342340999749105 ], [ -76.682836000114349, 39.342452000386437 ], [ -76.683518999669374, 39.34293999983106 ], [ -76.683448999653621, 39.343111000243844 ], [ -76.683259999955666, 39.343373000064709 ], [ -76.683040999735155, 39.343645999622829 ], [ -76.682933000704338, 39.343747999444147 ], [ -76.682440000671662, 39.344259999318211 ], [ -76.681960999950661, 39.344740999854629 ], [ -76.681411999407885, 39.345312999864262 ], [ -76.6809270002353, 39.345831000311733 ], [ -76.680799999841199, 39.345951000124977 ], [ -76.680692000847955, 39.346025999891168 ], [ -76.680281000877557, 39.346305000206151 ], [ -76.679601000350047, 39.34673499989173 ], [ -76.679360000065671, 39.346890000091243 ], [ -76.678449000044878, 39.347471999859685 ], [ -76.678227000148539, 39.34762099939487 ], [ -76.676232000316205, 39.34889100058367 ], [ -76.675960000481894, 39.349027999842463 ], [ -76.675825999720814, 39.348976000867339 ], [ -76.67550899997903, 39.348820999668305 ], [ -76.675239999817649, 39.348673000149262 ], [ -76.674521999717939, 39.348251999684194 ], [ -76.674251999956965, 39.348071000031126 ], [ -76.673905001110654, 39.347820999265757 ], [ -76.673488999384872, 39.347471000043448 ], [ -76.673474999621106, 39.347412999324916 ], [ -76.673452999481782, 39.347379999894613 ], [ -76.673106999714747, 39.347042999509952 ], [ -76.672669000402124, 39.346575000143758 ], [ -76.671797000457104, 39.3456359998439 ], [ -76.671397000320866, 39.345195000429761 ], [ -76.672386000718731, 39.344643000298142 ], [ -76.672549000727088, 39.344260999918532 ], [ -76.672995000131834, 39.343142999682499 ] ] ] } },
{ "type": "Feature", "properties": { "GEOID20": "24510280101", "ORGANIZATION_NAME": "Park Heights Renaissance, Inc.", "GOC_TRACK_TYPE": "Implementation" }, "geometry": { "type": "Polygon", "coordinates": [ [ [ -76.698058999334364, 39.353164999162026 ], [ -76.697487000587884, 39.352753999628213 ], [ -76.697310999887392, 39.352635000353175 ], [ -76.695354999435523, 39.351253999340052 ], [ -76.694578999820592, 39.350694000194785 ], [ -76.693239999144367, 39.349766999687674 ], [ -76.692422000073364, 39.349211999785481 ], [ -76.692337000187763, 39.349160000117443 ], [ -76.691839000252926, 39.348807999717671 ], [ -76.691692000140833, 39.348710000156174 ], [ -76.690879000471966, 39.348157000222983 ], [ -76.690059000182416, 39.347585000167449 ], [ -76.688990000357535, 39.346832000199939 ], [ -76.688693000443436, 39.346612999633166 ], [ -76.688197999572736, 39.346266999321536 ], [ -76.688007999393278, 39.346124000645098 ], [ -76.687526999495773, 39.345779000185239 ], [ -76.686398999795927, 39.34497900048995 ], [ -76.686080000219377, 39.344738999418688 ], [ -76.685717000797567, 39.344487999780462 ], [ -76.683518999669374, 39.34293999983106 ], [ -76.682836000114349, 39.342452000386437 ], [ -76.682670000292774, 39.342340999749105 ], [ -76.682463999158315, 39.342217000304011 ], [ -76.682296000278853, 39.342126000132673 ], [ -76.681754999204031, 39.341928000154944 ], [ -76.681492000268335, 39.34182000040694 ], [ -76.681145999968294, 39.34171200016597 ], [ -76.680992999472565, 39.341688000041756 ], [ -76.68075300005367, 39.341676000100506 ], [ -76.680661999800279, 39.341677000482186 ], [ -76.68043999980496, 39.341705000359021 ], [ -76.680356999866802, 39.341722000535505 ], [ -76.680196999960899, 39.341760000120964 ], [ -76.679397000317664, 39.341991000216545 ], [ -76.679192000425687, 39.342043000263317 ], [ -76.678970999813941, 39.342112999949087 ], [ -76.678613000828335, 39.342205999973253 ], [ -76.678542000880867, 39.342218000120809 ], [ -76.678400999818564, 39.342232000266442 ], [ -76.678215999456114, 39.342237000295711 ], [ -76.678010999253885, 39.342207000026384 ], [ -76.677744999343432, 39.342135999717307 ], [ -76.676958000128309, 39.341913999940182 ], [ -76.676709999784848, 39.341841000245616 ], [ -76.677066999962463, 39.341133999772161 ], [ -76.677198000646044, 39.340967000488632 ], [ -76.67726599885745, 39.340904000014113 ], [ -76.677664999878786, 39.340358999913775 ], [ -76.677964000276617, 39.339925000588899 ], [ -76.679338999838151, 39.340348000363321 ], [ -76.682916000714457, 39.341435000678551 ], [ -76.684698000175345, 39.341936000226376 ], [ -76.687476999223392, 39.342854000354663 ], [ -76.687753999429859, 39.342974999929943 ], [ -76.688258000273933, 39.34321099979713 ], [ -76.688966000053085, 39.343560000452662 ], [ -76.690393999573757, 39.344365999576105 ], [ -76.691028000036752, 39.344750999864694 ], [ -76.692518000320504, 39.345564001136246 ], [ -76.694063000732456, 39.346419999849623 ], [ -76.694362999266502, 39.346594000783824 ], [ -76.694494000719672, 39.346669999931493 ], [ -76.694664000648643, 39.346806999338568 ], [ -76.694996000734349, 39.347045001034239 ], [ -76.695315999485558, 39.347248999214855 ], [ -76.695667999525497, 39.347454000802301 ], [ -76.696937000009058, 39.348160000756629 ], [ -76.699120999253068, 39.349355000153643 ], [ -76.699493999349485, 39.349551000398364 ], [ -76.699810999991598, 39.349725998939768 ], [ -76.701714999674365, 39.350794999743584 ], [ -76.702293999454227, 39.351113999604621 ], [ -76.702441000857846, 39.351188999809487 ], [ -76.702666000714274, 39.351288000044178 ], [ -76.702919000221499, 39.351385999611743 ], [ -76.703405000114344, 39.351595000173333 ], [ -76.704739999427758, 39.352321999833165 ], [ -76.70516699982619, 39.352514999946273 ], [ -76.705713000085026, 39.352747000251419 ], [ -76.706441000629141, 39.35302699983832 ], [ -76.707066999879061, 39.352580000113733 ], [ -76.70740600013491, 39.352345999817544 ], [ -76.708111000040816, 39.351794999793363 ], [ -76.70884599905601, 39.351266000068343 ], [ -76.709601000022474, 39.350746000244456 ], [ -76.711056999488122, 39.349711000009329 ], [ -76.711387999553025, 39.349495999261229 ], [ -76.711363000307372, 39.349988999348994 ], [ -76.711204000036304, 39.350991000763031 ], [ -76.711357999213575, 39.351662000195688 ], [ -76.711344000277563, 39.352260000001117 ], [ -76.711257999316288, 39.353317999656511 ], [ -76.711193000135424, 39.353740000129577 ], [ -76.711193000033774, 39.354234000393696 ], [ -76.71118600006217, 39.354383000504953 ], [ -76.711191000235289, 39.355298999903255 ], [ -76.711191000447243, 39.355365000607385 ], [ -76.711193999162703, 39.35580500061797 ], [ -76.711228000855357, 39.356161000009344 ], [ -76.711350000186584, 39.356771000123871 ], [ -76.711349999813734, 39.35790599999978 ], [ -76.711208999628255, 39.358668000215033 ], [ -76.711400000081383, 39.359483999375122 ], [ -76.711294000033433, 39.36050099915893 ], [ -76.711341999262117, 39.361225000408034 ], [ -76.711191000092924, 39.36279800006988 ], [ -76.710582998832891, 39.362385000349249 ], [ -76.709115001328954, 39.361344999901476 ], [ -76.708672000375202, 39.36096899951476 ], [ -76.708599999948589, 39.360958000571244 ], [ -76.708541999794434, 39.360939999727123 ], [ -76.70840900046899, 39.360845999691087 ], [ -76.70814900078733, 39.360654000361173 ], [ -76.707750999289772, 39.360322999003472 ], [ -76.707345000971245, 39.359978000515596 ], [ -76.706917999220352, 39.35965799953788 ], [ -76.705097000802226, 39.358250000604905 ], [ -76.704228000060326, 39.357556999879527 ], [ -76.703773999849403, 39.35720699943839 ], [ -76.702446000293051, 39.356245999638652 ], [ -76.702428000332148, 39.356220000213028 ], [ -76.702424000300013, 39.356186999645715 ], [ -76.700583999788421, 39.354942000027989 ], [ -76.700188000598956, 39.354650000110716 ], [ -76.698964999197116, 39.35379699928923 ], [ -76.698058999334364, 39.353164999162026 ] ] ] } },
{ "type": "Feature", "properties": { "GEOID20": "24510280102", "ORGANIZATION_NAME": "Park Heights Renaissance, Inc.", "GOC_TRACK_TYPE": "Implementation" }, "geometry": { "type": "Polygon", "coordinates": [ [ [ -76.682916000714457, 39.341435000678551 ], [ -76.683477000510578, 39.340794000500729 ], [ -76.685475999973548, 39.340757999830586 ], [ -76.689379000712222, 39.340754000272867 ], [ -76.689368999867412, 39.340373999797379 ], [ -76.689372999806807, 39.339732000082513 ], [ -76.689364000189443, 39.33870399989241 ], [ -76.689362000043616, 39.338176000159649 ], [ -76.689361999928096, 39.337675999850546 ], [ -76.689347000047917, 39.336632999257603 ], [ -76.689347999460821, 39.335699000083096 ], [ -76.689356001048822, 39.33562900003988 ], [ -76.68936100018567, 39.333977000248389 ], [ -76.689500000280333, 39.333716999887976 ], [ -76.689674999249434, 39.333393999880073 ], [ -76.69006900007389, 39.33258400009791 ], [ -76.690510999527874, 39.331729000540761 ], [ -76.69086599911094, 39.331012999554162 ], [ -76.689774000122156, 39.330730999466596 ], [ -76.688645999707532, 39.330431000509101 ], [ -76.688592000480639, 39.329505000167522 ], [ -76.688580000770642, 39.329183999983563 ], [ -76.689777001200937, 39.329553999622668 ], [ -76.690388999927308, 39.329738999773333 ], [ -76.691346000321076, 39.330032000070346 ], [ -76.694259000521555, 39.33091999947613 ], [ -76.695674000108284, 39.331400001072886 ], [ -76.696433999565542, 39.331643999282427 ], [ -76.699504000130077, 39.332618999721134 ], [ -76.700637000358938, 39.332962000248408 ], [ -76.701680999979558, 39.33329799936373 ], [ -76.702455999186483, 39.333542000958637 ], [ -76.703073999017761, 39.333732000328141 ], [ -76.70536699923619, 39.334444999464793 ], [ -76.707643999439043, 39.335165000863881 ], [ -76.708587000446542, 39.335527000460061 ], [ -76.708669999694138, 39.335554999543106 ], [ -76.710353000313432, 39.336147999954619 ], [ -76.710850999515259, 39.336313999001135 ], [ -76.711024999371801, 39.336333000194728 ], [ -76.711010999315164, 39.336391000699862 ], [ -76.711193000949081, 39.340405000198714 ], [ -76.711193000235355, 39.34240500038257 ], [ -76.711170000647755, 39.34362800003526 ], [ -76.711193999579748, 39.344804999418507 ], [ -76.711294000373599, 39.348304999839847 ], [ -76.711387999553025, 39.349495999261229 ], [ -76.711056999488122, 39.349711000009329 ], [ -76.709601000022474, 39.350746000244456 ], [ -76.70884599905601, 39.351266000068343 ], [ -76.708111000040816, 39.351794999793363 ], [ -76.70740600013491, 39.352345999817544 ], [ -76.707066999879061, 39.352580000113733 ], [ -76.706441000629141, 39.35302699983832 ], [ -76.705713000085026, 39.352747000251419 ], [ -76.70516699982619, 39.352514999946273 ], [ -76.704739999427758, 39.352321999833165 ], [ -76.703405000114344, 39.351595000173333 ], [ -76.702919000221499, 39.351385999611743 ], [ -76.702666000714274, 39.351288000044178 ], [ -76.702441000857846, 39.351188999809487 ], [ -76.702293999454227, 39.351113999604621 ], [ -76.701714999674365, 39.350794999743584 ], [ -76.699810999991598, 39.349725998939768 ], [ -76.699493999349485, 39.349551000398364 ], [ -76.699120999253068, 39.349355000153643 ], [ -76.696937000009058, 39.348160000756629 ], [ -76.695667999525497, 39.347454000802301 ], [ -76.695315999485558, 39.347248999214855 ], [ -76.694996000734349, 39.347045001034239 ], [ -76.694664000648643, 39.346806999338568 ], [ -76.694494000719672, 39.346669999931493 ], [ -76.694362999266502, 39.346594000783824 ], [ -76.694063000732456, 39.346419999849623 ], [ -76.692518000320504, 39.345564001136246 ], [ -76.691028000036752, 39.344750999864694 ], [ -76.690393999573757, 39.344365999576105 ], [ -76.688966000053085, 39.343560000452662 ], [ -76.688258000273933, 39.34321099979713 ], [ -76.687753999429859, 39.342974999929943 ], [ -76.687476999223392, 39.342854000354663 ], [ -76.684698000175345, 39.341936000226376 ], [ -76.682916000714457, 39.341435000678551 ] ] ] } },
{ "type": "Feature", "properties": { "GEOID20": "24510280500", "ORGANIZATION_NAME": "Urban Strategies Inc", "GOC_TRACK_TYPE": "Partnership Development" }, "geometry": { "type": "Polygon", "coordinates": [ [ [ -76.594407999393837, 39.298372999790772 ], [ -76.594362999843568, 39.297297999602321 ], [ -76.594311999698505, 39.296292999742946 ], [ -76.594184999393775, 39.29529200035423 ], [ -76.59411700019443, 39.293968000041396 ], [ -76.59481599996262, 39.29394900092111 ], [ -76.595066999238583, 39.293868000761854 ], [ -76.595263000522266, 39.293812000355821 ], [ -76.595891999364682, 39.293604999278749 ], [ -76.597283999614859, 39.293236999675649 ], [ -76.599146000458404, 39.292699999583256 ], [ -76.599686999442966, 39.292535999947113 ], [ -76.601614999557015, 39.291992000246545 ], [ -76.602675000039156, 39.291729000186642 ], [ -76.603005999047113, 39.291641000688379 ], [ -76.604685000152614, 39.291164999959101 ], [ -76.606394000790516, 39.290715000537588 ], [ -76.60642900031489, 39.29071199936574 ], [ -76.606737000197228, 39.290684999160547 ], [ -76.607445999846092, 39.291360000405874 ], [ -76.607645999914894, 39.291541000674108 ], [ -76.607905000090199, 39.29175900076627 ], [ -76.608218999275479, 39.291974000411038 ], [ -76.608668999336842, 39.29226399917146 ], [ -76.60887399982181, 39.292403000707331 ], [ -76.609087000929094, 39.292518000737154 ], [ -76.60965399924612, 39.292804000005084 ], [ -76.609840000253485, 39.292904000463693 ], [ -76.609972000691855, 39.292983999246445 ], [ -76.610097999664958, 39.293073999809359 ], [ -76.610379000302885, 39.293301000147558 ], [ -76.610541000435816, 39.29347200059054 ], [ -76.610728999339315, 39.293737000101672 ], [ -76.610834999741257, 39.293966999826182 ], [ -76.610912999907455, 39.294176000089976 ], [ -76.611007001041457, 39.294532000386951 ], [ -76.611030999529845, 39.294627999863472 ], [ -76.611068000640103, 39.294880999614747 ], [ -76.611111999808543, 39.295121000228853 ], [ -76.611174000150911, 39.295592999446676 ], [ -76.611196999760551, 39.295831999990511 ], [ -76.611231000787228, 39.296742999117761 ], [ -76.611313000248359, 39.297707000659678 ], [ -76.610450999646375, 39.297753000182198 ], [ -76.609847001021151, 39.297802000535647 ], [ -76.608920999954634, 39.297800999019692 ], [ -76.607906000196664, 39.297862000473174 ], [ -76.606766999924361, 39.297908000332725 ], [ -76.606332000257424, 39.297912000395691 ], [ -76.605889000348398, 39.297931000263198 ], [ -76.605055000592941, 39.29796099992263 ], [ -76.60423400090103, 39.297993000208045 ], [ -76.604056000460872, 39.298001000016221 ], [ -76.602973000240894, 39.298049000173513 ], [ -76.601910999908171, 39.298106999574912 ], [ -76.600073999933798, 39.298170999386961 ], [ -76.599612999689441, 39.29818300010551 ], [ -76.599141000406021, 39.298207000126155 ], [ -76.597597000752458, 39.29825099988134 ], [ -76.594586999607586, 39.298402000490363 ], [ -76.594509999525897, 39.298400000808094 ], [ -76.594407999393837, 39.298372999790772 ] ] ] } },
{ "type": "Feature", "properties": { "GEOID20": "24510130200", "ORGANIZATION_NAME": "Child First Authority", "GOC_TRACK_TYPE": "Plan Development" }, "geometry": { "type": "Polygon", "coordinates": [ [ [ -76.627861999621075, 39.314748999404756 ], [ -76.625573999549459, 39.31234499968356 ], [ -76.625210999444448, 39.312068000256808 ], [ -76.623944999433448, 39.311237999679562 ], [ -76.623686000306321, 39.311096999742432 ], [ -76.623276999730905, 39.310847999940201 ], [ -76.624087999361748, 39.31084700036191 ], [ -76.624728000007011, 39.310799000048242 ], [ -76.625243999893996, 39.310750999899568 ], [ -76.627354999629972, 39.310593000369202 ], [ -76.628002999500424, 39.310573999261308 ], [ -76.629937999751192, 39.310496000033844 ], [ -76.632189000087152, 39.310385999884147 ], [ -76.633015999658213, 39.310369999342676 ], [ -76.633443999975668, 39.310349999945934 ], [ -76.63365800067173, 39.310341000402317 ], [ -76.633895999043403, 39.310334999983475 ], [ -76.634048000349509, 39.310492001018147 ], [ -76.635319000285719, 39.311799999175975 ], [ -76.636682999830043, 39.313246000092036 ], [ -76.636126999201238, 39.313553000232737 ], [ -76.635601000030746, 39.313873000349709 ], [ -76.635048999527839, 39.314195999726799 ], [ -76.634794999801827, 39.314322999527562 ], [ -76.634688000499125, 39.314367000202502 ], [ -76.634591999657857, 39.314385999461408 ], [ -76.634525000516462, 39.314393999674429 ], [ -76.634315999223332, 39.314400999595406 ], [ -76.63391299998051, 39.314401999461325 ], [ -76.632602000493179, 39.314422999535914 ], [ -76.631411999770279, 39.31441899935971 ], [ -76.631388000443465, 39.313644000132115 ], [ -76.630751999237546, 39.313660999454562 ], [ -76.630155001000048, 39.313668999769234 ], [ -76.62984000019668, 39.313686999459776 ], [ -76.629730999794702, 39.313698999992454 ], [ -76.629663001157425, 39.313717000750493 ], [ -76.629479000016559, 39.31382899956008 ], [ -76.629270999800127, 39.313968999741761 ], [ -76.628040999918767, 39.314656000404355 ], [ -76.627861999621075, 39.314748999404756 ] ] ] } },
{ "type": "Feature", "properties": { "GEOID20": "24510130300", "ORGANIZATION_NAME": "Child First Authority; Elev8 Baltimore, Inc.", "GOC_TRACK_TYPE": "Plan Development" }, "geometry": { "type": "Polygon", "coordinates": [ [ [ -76.642989000180052, 39.315208999853262 ], [ -76.641849000089906, 39.314032000472906 ], [ -76.641075000439756, 39.314528000107622 ], [ -76.64030299941551, 39.315138999750019 ], [ -76.639362000653222, 39.314203000358603 ], [ -76.638897999871816, 39.313719999879474 ], [ -76.637783000347952, 39.312615000014901 ], [ -76.636682999830043, 39.313246000092036 ], [ -76.635319000285719, 39.311799999175975 ], [ -76.634048000349509, 39.310492001018147 ], [ -76.633895999043403, 39.310334999983475 ], [ -76.634715999842186, 39.310307999900417 ], [ -76.634960999983434, 39.310306999357309 ], [ -76.635760999671547, 39.310278000436071 ], [ -76.636695000765627, 39.310263000105898 ], [ -76.636841999216401, 39.310266000915945 ], [ -76.636901000647185, 39.310281999573562 ], [ -76.636985999536265, 39.310318999419074 ], [ -76.638023000560949, 39.310256000161004 ], [ -76.638290000716907, 39.310239999844249 ], [ -76.638331000751961, 39.310236999523738 ], [ -76.63837200055697, 39.310236999598366 ], [ -76.640389000703635, 39.310145999911775 ], [ -76.640912000768324, 39.310153000174154 ], [ -76.642514000219848, 39.310089000414337 ], [ -76.643370999806478, 39.31077999975323 ], [ -76.643964000745996, 39.311292999650952 ], [ -76.645407999245734, 39.312514999866885 ], [ -76.645875999273244, 39.312898000525315 ], [ -76.646315998928102, 39.313247999695591 ], [ -76.645585000452925, 39.313921999377271 ], [ -76.645095999798016, 39.314379000189362 ], [ -76.64455700032839, 39.314876000532692 ], [ -76.644334999513532, 39.315093000101989 ], [ -76.644175000472345, 39.315259999789461 ], [ -76.643631000423298, 39.31579299991602 ], [ -76.643291999882535, 39.315476000280277 ], [ -76.642989000180052, 39.315208999853262 ] ] ] } },
{ "type": "Feature", "properties": { "GEOID20": "24510140300", "ORGANIZATION_NAME": "Child First Authority", "GOC_TRACK_TYPE": "Plan Development" }, "geometry": { "type": "Polygon", "coordinates": [ [ [ -76.63365800067173, 39.310341000402317 ], [ -76.632657999708158, 39.309499001120571 ], [ -76.631720999651023, 39.308725000187643 ], [ -76.630761000043464, 39.307947000085328 ], [ -76.631457000803678, 39.307407000167167 ], [ -76.631874000687972, 39.307101000434265 ], [ -76.632258000829182, 39.306807000275874 ], [ -76.632666000494083, 39.306529999958322 ], [ -76.633090000174008, 39.306217000862681 ], [ -76.633406999881018, 39.305968999101403 ], [ -76.633654001324757, 39.305811999515903 ], [ -76.634000999758655, 39.305588000200871 ], [ -76.634526001123348, 39.305161999940694 ], [ -76.635007001087445, 39.304740999435154 ], [ -76.635591000840165, 39.304338999873387 ], [ -76.636325999823001, 39.303781999856398 ], [ -76.636828999894092, 39.303420999744652 ], [ -76.637299999363606, 39.30427700030404 ], [ -76.637470999697783, 39.304589000164626 ], [ -76.637784999562172, 39.305152999906944 ], [ -76.638033001067328, 39.305596999518443 ], [ -76.638147000542048, 39.305772999632808 ], [ -76.638468000073317, 39.306336999954262 ], [ -76.638696000332388, 39.306775999405318 ], [ -76.638822999892795, 39.306991999832711 ], [ -76.639449000112776, 39.307511000348171 ], [ -76.639736999380759, 39.307743000105553 ], [ -76.640391999287075, 39.308300000684518 ], [ -76.640795999192989, 39.308656999940695 ], [ -76.641618999827898, 39.309356999835323 ], [ -76.642514000219848, 39.310089000414337 ], [ -76.640912000768324, 39.310153000174154 ], [ -76.640389000703635, 39.310145999911775 ], [ -76.63837200055697, 39.310236999598366 ], [ -76.638331000751961, 39.310236999523738 ], [ -76.638290000716907, 39.310239999844249 ], [ -76.638023000560949, 39.310256000161004 ], [ -76.636985999536265, 39.310318999419074 ], [ -76.636901000647185, 39.310281999573562 ], [ -76.636841999216401, 39.310266000915945 ], [ -76.636695000765627, 39.310263000105898 ], [ -76.635760999671547, 39.310278000436071 ], [ -76.634960999983434, 39.310306999357309 ], [ -76.634715999842186, 39.310307999900417 ], [ -76.633895999043403, 39.310334999983475 ], [ -76.63365800067173, 39.310341000402317 ] ] ] } },
{ "type": "Feature", "properties": { "GEOID20": "24510151100", "ORGANIZATION_NAME": "Park Heights Renaissance, Inc.", "GOC_TRACK_TYPE": "Implementation" }, "geometry": { "type": "Polygon", "coordinates": [ [ [ -76.664134999642485, 39.326443999764535 ], [ -76.664139999246586, 39.325971999477503 ], [ -76.664254000077918, 39.325280000083659 ], [ -76.66451500005715, 39.32379000003111 ], [ -76.664728000408999, 39.322707000470714 ], [ -76.664768000569282, 39.322475000512611 ], [ -76.664778999905664, 39.322348999053126 ], [ -76.66477599965701, 39.322194000370864 ], [ -76.666583999654534, 39.322741000632313 ], [ -76.668524000245071, 39.323344000732547 ], [ -76.669499000226381, 39.323619000477457 ], [ -76.670472999918118, 39.323896000656873 ], [ -76.671297000398738, 39.324142999944584 ], [ -76.671450000516259, 39.324188999302507 ], [ -76.67311799916844, 39.324674000297982 ], [ -76.67408400017446, 39.32496299924761 ], [ -76.674659000016604, 39.325134000470754 ], [ -76.675582000712936, 39.325401000540744 ], [ -76.678675000805896, 39.326317000363055 ], [ -76.678774000952018, 39.326336000213274 ], [ -76.678845000623141, 39.326339999889349 ], [ -76.678912000127269, 39.326332000544745 ], [ -76.681067999971674, 39.32694500040558 ], [ -76.680587999984638, 39.327932999424483 ], [ -76.679666999649044, 39.329777999705115 ], [ -76.679165999644951, 39.3307690001634 ], [ -76.678674000795368, 39.331756999921154 ], [ -76.678570999775175, 39.332024000305267 ], [ -76.67856100069848, 39.332067999628329 ], [ -76.678562999960292, 39.332164000302271 ], [ -76.678682000167797, 39.333434999694788 ], [ -76.678891000411838, 39.335312998915704 ], [ -76.678972000073713, 39.336127000023829 ], [ -76.678982999491325, 39.336220000443987 ], [ -76.679077999438718, 39.337034999666933 ], [ -76.679176999938065, 39.337890999692419 ], [ -76.679196999398556, 39.338172000035478 ], [ -76.679193001052496, 39.338233001039434 ], [ -76.679171999558449, 39.338278999682203 ], [ -76.679120999665784, 39.338358999705093 ], [ -76.678948001224242, 39.338605999644692 ], [ -76.678685000025283, 39.338960999374976 ], [ -76.678221000183626, 39.339641000785022 ], [ -76.677964000276617, 39.339925000588899 ], [ -76.677568999508054, 39.33978999979913 ], [ -76.677234000201707, 39.339644000404178 ], [ -76.676898999725381, 39.339480999398369 ], [ -76.676599999148465, 39.339316000432774 ], [ -76.676243000041524, 39.339097999727713 ], [ -76.673018999404078, 39.336977000026693 ], [ -76.672363999689281, 39.336537999767792 ], [ -76.671899999503438, 39.336241999876378 ], [ -76.671669998903056, 39.336103999482418 ], [ -76.671105999025912, 39.335812000101718 ], [ -76.670831000216921, 39.335691999633447 ], [ -76.669583999486548, 39.335232999676535 ], [ -76.668904000347979, 39.334993000421882 ], [ -76.66815699892075, 39.334745000415076 ], [ -76.66791200036306, 39.334656000337645 ], [ -76.667658000100218, 39.334551000471379 ], [ -76.667454999235829, 39.33445799995097 ], [ -76.66728499987525, 39.334368999922326 ], [ -76.667089000247941, 39.334250000534219 ], [ -76.66687199996791, 39.334098999951465 ], [ -76.666693001054199, 39.333960999991916 ], [ -76.666470999642215, 39.333761000101369 ], [ -76.666330999488338, 39.333609999858538 ], [ -76.666224000482288, 39.333479000538802 ], [ -76.666050000046397, 39.333242000138895 ], [ -76.665889999607657, 39.332968000568357 ], [ -76.665721999735041, 39.332540000821588 ], [ -76.665143000459921, 39.330431000153922 ], [ -76.664302000333336, 39.327512000113977 ], [ -76.664191000453926, 39.326985999359827 ], [ -76.664149999496686, 39.326603000346388 ], [ -76.664134999642485, 39.326443999764535 ] ] ] } },
{ "type": "Feature", "properties": { "GEOID20": "24510151200", "ORGANIZATION_NAME": "Park Heights Renaissance, Inc.", "GOC_TRACK_TYPE": "Implementation" }, "geometry": { "type": "Polygon", "coordinates": [ [ [ -76.654031999760676, 39.330290999401342 ], [ -76.654044000416491, 39.330213999198207 ], [ -76.654267000133814, 39.330099000244481 ], [ -76.654584999520196, 39.32988100036065 ], [ -76.655060999971454, 39.329543000998896 ], [ -76.655295999484949, 39.329326000402993 ], [ -76.655485000443406, 39.328995000095063 ], [ -76.655792000104881, 39.328156999712022 ], [ -76.656299000252631, 39.326936000595964 ], [ -76.656614000190473, 39.326374999330817 ], [ -76.656719000564038, 39.326212999278297 ], [ -76.657301000235663, 39.325623000422404 ], [ -76.657527998803786, 39.325453000818108 ], [ -76.657594000684682, 39.325400000301578 ], [ -76.657709000052932, 39.325558000499882 ], [ -76.65784199980331, 39.325712999440512 ], [ -76.658058000575934, 39.326003999631645 ], [ -76.658161999999592, 39.326132999280112 ], [ -76.658209000449574, 39.326183000495583 ], [ -76.658281000189135, 39.326223000404461 ], [ -76.658387999820434, 39.326375999096513 ], [ -76.658530999939885, 39.326555999520856 ], [ -76.658683999433791, 39.32677399983848 ], [ -76.658866999287, 39.327068000266593 ], [ -76.659794999624097, 39.326622000240015 ], [ -76.66074799997952, 39.326681999102711 ], [ -76.661593999768243, 39.326914000734874 ], [ -76.663331000159204, 39.327261000195179 ], [ -76.663967999965308, 39.327424999083185 ], [ -76.664302000333336, 39.327512000113977 ], [ -76.665143000459921, 39.330431000153922 ], [ -76.665721999735041, 39.332540000821588 ], [ -76.665889999607657, 39.332968000568357 ], [ -76.665061000086226, 39.333384999995204 ], [ -76.664745999218354, 39.333527000002533 ], [ -76.664031000706203, 39.333872999736222 ], [ -76.662664000429402, 39.334509999817378 ], [ -76.661153999265565, 39.335103000056101 ], [ -76.660210999253877, 39.33549199981335 ], [ -76.659843999610118, 39.335652000770565 ], [ -76.658722999256213, 39.335934000729118 ], [ -76.658469000598544, 39.335993999439893 ], [ -76.65685599936613, 39.336385000590091 ], [ -76.656358999598041, 39.336504000100092 ], [ -76.656278000343505, 39.335707000565783 ], [ -76.656247999985879, 39.335526000740295 ], [ -76.656215999649433, 39.335407999522438 ], [ -76.656156999964566, 39.335252999546185 ], [ -76.656005999664998, 39.334895000338037 ], [ -76.655972999416576, 39.334786000861492 ], [ -76.65593699881812, 39.334610999424299 ], [ -76.655924999616587, 39.334465001089136 ], [ -76.655955000480589, 39.333964001053417 ], [ -76.6559640004253, 39.333548999489643 ], [ -76.655949000517253, 39.333452999968927 ], [ -76.655921999006949, 39.333359000100586 ], [ -76.65588500024559, 39.333283000299978 ], [ -76.655816000047636, 39.333167000115083 ], [ -76.655664000221776, 39.332963999573415 ], [ -76.655536000765579, 39.332821000332522 ], [ -76.655439999580508, 39.33269099974035 ], [ -76.655305000483807, 39.332483999673144 ], [ -76.654967000967758, 39.331892999938688 ], [ -76.654630999686788, 39.331336999003788 ], [ -76.654031999760676, 39.330290999401342 ] ] ] } },
{ "type": "Feature", "properties": { "GEOID20": "24510160300", "ORGANIZATION_NAME": "Elev8 Baltimore, Inc.", "GOC_TRACK_TYPE": "Plan Development" }, "geometry": { "type": "Polygon", "coordinates": [ [ [ -76.644893000699696, 39.293917999474061 ], [ -76.645520000373494, 39.293895000543685 ], [ -76.645586000487597, 39.294618999873876 ], [ -76.645609999787737, 39.295240000423426 ], [ -76.645665000220006, 39.295437999655334 ], [ -76.645671000269303, 39.295758999907719 ], [ -76.645735000006255, 39.296454999879948 ], [ -76.645807999405406, 39.297629000782813 ], [ -76.645834000009572, 39.298074999653309 ], [ -76.645849999345558, 39.298525000097165 ], [ -76.645868000735973, 39.298802998972732 ], [ -76.645899000993111, 39.299344000189741 ], [ -76.645925999985309, 39.299698000383039 ], [ -76.645996998877649, 39.30096100036053 ], [ -76.646057000449858, 39.302091999694063 ], [ -76.646069999978494, 39.302434999693673 ], [ -76.646118000657509, 39.303111999745887 ], [ -76.645986000712128, 39.303115000664285 ], [ -76.645387999562132, 39.303133999454992 ], [ -76.644642999741833, 39.303175999181128 ], [ -76.64390499967719, 39.303195999138836 ], [ -76.643218000018578, 39.303210999716697 ], [ -76.643180998965562, 39.30224000089207 ], [ -76.643145999707571, 39.301716999638181 ], [ -76.64309000044878, 39.301108999526726 ], [ -76.643057999485649, 39.300564999739883 ], [ -76.643036000575066, 39.300018000098028 ], [ -76.642999000385586, 39.299553000170661 ], [ -76.64297500044583, 39.298894000512405 ], [ -76.642857000995178, 39.296733001065242 ], [ -76.642837000195115, 39.296554999300078 ], [ -76.642775000685575, 39.295312999759517 ], [ -76.642744000941491, 39.294797000217009 ], [ -76.642696000196551, 39.294009000195224 ], [ -76.644118999876625, 39.293956000552399 ], [ -76.644893000699696, 39.293917999474061 ] ] ] } }
]
}
