{
"type": "FeatureCollection",
"name": "enterprise_zones",
"crs": { "type": "name", "properties": { "name": "urn:ogc:def:crs:OGC:1.3:CRS84" } },
"features": [
{ "type": "Feature", "properties": { }, "geometry": { "type": "MultiPolygon", "coordinates": [ [ [ [ -76.938476961821678, 38.93402447738243 ], [ -76.938385558241521, 38.933772688902607 ], [ -76.938496591807279, 38.93407717739494 ], [ -76.938476961821678, 38.93402447738243 ] ] ], [ [ [ -77.001574440528657, 39.000851676742286 ], [ -77.001553158541256, 39.000645662393808 ], [ -77.001289245188886, 39.00058611030498 ], [ -77.000604118088006, 39.000737556005049 ], [ -76.999288121231061, 39.000539952235599 ], [ -76.999123424106884, 38.999818867940668 ], [ -76.998523342310548, 38.998913589552473 ], [ -76.997747016445373, 38.999121378705738 ], [ -76.997805284767978, 38.99963263965936 ], [ -76.997691222083091, 38.99993036521807 ], [ -76.997226806555943, 39.000301984074767 ], [ -76.997234071231631, 39.000518818841677 ], [ -76.99671805108467, 39.000516465489312 ], [ -76.997103620581015, 38.99985041754816 ], [ -76.996885309305725, 38.999701818299357 ], [ -76.996542018119882, 39.000515664749081 ], [ -76.995595837902499, 39.000678373994745 ], [ -76.995613841039102, 39.000836099729739 ], [ -76.993637745941726, 39.000894888570393 ], [ -76.993584375234065, 38.999873403262981 ], [ -76.991198523501296, 39.000006267878739 ], [ -76.990754308389924, 38.999703177548803 ], [ -76.990988004212767, 38.999258260374155 ], [ -76.991375301169413, 38.999333619215456 ], [ -76.99129762294848, 38.999639976262202 ], [ -76.991832974840378, 38.999592627968688 ], [ -76.991830156825316, 38.999720513387274 ], [ -76.993681350165616, 38.999532481585845 ], [ -76.993611325590905, 38.998993282764602 ], [ -76.994027007513893, 38.998989228711828 ], [ -76.993991885182908, 38.998889883750614 ], [ -76.994631730006972, 38.998679572951673 ], [ -76.993355961505074, 38.997017257393885 ], [ -76.992672410947506, 38.994841754480724 ], [ -76.991756857891417, 38.993337858525493 ], [ -76.988046734919621, 38.989426074938265 ], [ -76.987086087334561, 38.988634551972261 ], [ -76.98460507077553, 38.987265681963706 ], [ -76.985119359868975, 38.985143631330246 ], [ -76.985407251052905, 38.984713835891377 ], [ -76.985702705153216, 38.983528106911223 ], [ -76.98810473464593, 38.983910639444559 ], [ -76.988187377855439, 38.98330990730404 ], [ -76.987653850441902, 38.983107172725092 ], [ -76.987430719705102, 38.982747890383948 ], [ -76.985940171205314, 38.982528887428337 ], [ -76.986182864554053, 38.981456269703799 ], [ -76.988666134087794, 38.981597772696333 ], [ -76.989203760513988, 38.980530692463212 ], [ -76.990300221691896, 38.979219376921378 ], [ -76.990109530018344, 38.979123840822943 ], [ -76.990617256020286, 38.978793746678484 ], [ -76.992482070515223, 38.976724935162245 ], [ -76.991754145877579, 38.97634326887367 ], [ -76.99254267805081, 38.975956494125228 ], [ -76.992353729108885, 38.975384863108872 ], [ -76.994318009563671, 38.975003044337107 ], [ -76.996945309580184, 38.972598735991141 ], [ -76.997565109396987, 38.97195488582863 ], [ -76.997370194743269, 38.971834476896767 ], [ -76.997534424743506, 38.971658302505382 ], [ -76.997749864104833, 38.971770712955816 ], [ -76.998195697082039, 38.971204297373554 ], [ -76.998157282425538, 38.970835600834079 ], [ -76.998384746635253, 38.970536986030247 ], [ -76.998579593017013, 38.97063583789933 ], [ -77.002207155424301, 38.965692521562801 ], [ -77.003414990629466, 38.96673074402208 ], [ -77.001691883573955, 38.968221732407983 ], [ -77.00221145116798, 38.968668455259007 ], [ -77.001842361265517, 38.969483346494044 ], [ -77.001732600612527, 38.969576133338819 ], [ -77.001271878957823, 38.96924400277944 ], [ -77.000966231673985, 38.969805559067325 ], [ -77.000227771594666, 38.970049807966028 ], [ -76.999567969798264, 38.97056168608983 ], [ -76.999120311444415, 38.970462324275402 ], [ -76.998106979464566, 38.972164498722329 ], [ -76.996313629543749, 38.973736415721312 ], [ -76.997356289720983, 38.974568302918883 ], [ -76.996158715971305, 38.974794028571118 ], [ -76.995516289389144, 38.975696088046234 ], [ -76.994899427961641, 38.975510150360229 ], [ -76.994447903258802, 38.975834367046367 ], [ -76.994267164020272, 38.975778314517683 ], [ -76.994124279787812, 38.97609361683454 ], [ -76.993835978073776, 38.976013014413226 ], [ -76.991230479270882, 38.978544597698942 ], [ -76.99092948526021, 38.979315965268391 ], [ -76.990716805523434, 38.979224445379209 ], [ -76.990339651444657, 38.979733152452731 ], [ -76.99057737441494, 38.979868573722833 ], [ -76.990494337743328, 38.979976426477307 ], [ -76.990243493081707, 38.979860747642519 ], [ -76.99014030899491, 38.979997663770497 ], [ -76.990391718696841, 38.980109702746653 ], [ -76.990169326375209, 38.980506556626963 ], [ -76.99073396783696, 38.980751406179301 ], [ -76.990655378724313, 38.980955678897857 ], [ -76.990170083655002, 38.980845009949995 ], [ -76.989807163381897, 38.980439724416392 ], [ -76.989099237937424, 38.981571818142235 ], [ -76.98864255061666, 38.983516867321534 ], [ -76.988312712600518, 38.986230768627124 ], [ -76.98866145925507, 38.986256282269139 ], [ -76.988588635529922, 38.986854927470283 ], [ -76.988949064774729, 38.986880410862597 ], [ -76.988818132627131, 38.987864340972216 ], [ -76.988112036152557, 38.987795359534481 ], [ -76.988066767350446, 38.988119515778394 ], [ -76.989481034509595, 38.988273172945554 ], [ -76.991060745292899, 38.989895275249566 ], [ -76.989795447553973, 38.990635030383793 ], [ -76.990032235378024, 38.990866302383836 ], [ -76.990344914673926, 38.990603922826885 ], [ -76.991516299838111, 38.991926519904254 ], [ -76.99124220318366, 38.992093479294901 ], [ -76.991829222577437, 38.992696119767807 ], [ -76.99213269503997, 38.992490884599988 ], [ -76.992705827377762, 38.992500173401339 ], [ -76.992437053241389, 38.993319549943806 ], [ -76.992834299039799, 38.993578673569374 ], [ -76.993561811350745, 38.993682457363882 ], [ -76.993792318154348, 38.99454907207901 ], [ -76.993068372155079, 38.994649933286809 ], [ -76.993375790916659, 38.995977154779261 ], [ -76.993783916211484, 38.997044094333368 ], [ -76.994830387940468, 38.998344336048902 ], [ -76.995413559849879, 38.998038020866019 ], [ -76.996014777116699, 38.998688303130862 ], [ -76.997098663677278, 38.998517821141903 ], [ -76.997108378058755, 38.999050918426967 ], [ -76.998894295318934, 38.998617006752369 ], [ -76.998684968094778, 38.997729706267563 ], [ -76.998790936958954, 38.996928948850588 ], [ -77.000256264358839, 38.996960750383231 ], [ -77.000645583423193, 38.997698340722856 ], [ -77.00048909061249, 38.997274256975594 ], [ -77.001950993634509, 38.997055153746615 ], [ -77.002167126495223, 38.997861413896608 ], [ -77.002819024015452, 38.997775679067644 ], [ -77.002572470605941, 38.996686066102328 ], [ -77.003063234618693, 38.996629068722179 ], [ -77.00358684732646, 38.996312793167512 ], [ -77.004172028767158, 38.996769252593239 ], [ -77.004033592093663, 38.997469977886887 ], [ -77.00411224229174, 38.997356061139769 ], [ -77.004768710440118, 38.997659377948729 ], [ -77.005269878740492, 38.997157517292436 ], [ -77.00559232362184, 38.997513103115672 ], [ -77.00559928376866, 38.997744542534697 ], [ -77.005439491445927, 38.998052047922698 ], [ -77.004953149839309, 38.997871750604006 ], [ -77.004129021024625, 38.999454581074225 ], [ -77.003843470850313, 38.999685752346075 ], [ -77.004114621030624, 39.00070596700062 ], [ -77.00349446458263, 39.000709145518705 ], [ -77.003651894336173, 39.001281224792884 ], [ -77.001574440528657, 39.000851676742286 ] ] ], [ [ [ -77.050033858206191, 39.065740091013666 ], [ -77.048318336524943, 39.064638679109997 ], [ -77.047834082603046, 39.065060841120712 ], [ -77.046230066103092, 39.063817880200283 ], [ -77.04509011748226, 39.063414506880029 ], [ -77.042553674870206, 39.063083345480543 ], [ -77.042068479513915, 39.06259871576583 ], [ -77.044959457524186, 39.060742836826932 ], [ -77.044819944669001, 39.060262944692703 ], [ -77.044712834046095, 39.057059990801555 ], [ -77.045180788037158, 39.056556558068635 ], [ -77.045403999622323, 39.055963691988048 ], [ -77.048963570342366, 39.055911966487393 ], [ -77.048968791350802, 39.056471095997644 ], [ -77.049703558456002, 39.056453266942668 ], [ -77.049787632681756, 39.057807518700663 ], [ -77.049658271687576, 39.057947972620504 ], [ -77.051498525344329, 39.057409624516644 ], [ -77.05232395671618, 39.057411951561058 ], [ -77.060122469751192, 39.05938049903326 ], [ -77.061258676888826, 39.059349109914258 ], [ -77.063181493805033, 39.058918610226776 ], [ -77.064817179512005, 39.058896125706369 ], [ -77.065032476939535, 39.058357724145239 ], [ -77.065846831185624, 39.057697142272112 ], [ -77.066179027279389, 39.057204076296721 ], [ -77.066369983955951, 39.055752531780662 ], [ -77.067205585155136, 39.055223434247907 ], [ -77.069500167156733, 39.056817306208472 ], [ -77.068901656513845, 39.057670900343936 ], [ -77.068735169047301, 39.05925226393115 ], [ -77.063604771882083, 39.059184317508084 ], [ -77.062499933015829, 39.05936012819415 ], [ -77.061150310421155, 39.061180829290869 ], [ -77.060415527146318, 39.061617571883048 ], [ -77.058997328959478, 39.06188826946407 ], [ -77.057332447107456, 39.063213059294881 ], [ -77.056144169124352, 39.064354928848481 ], [ -77.054146935770007, 39.0668691798544 ], [ -77.051123820971313, 39.065017782198311 ], [ -77.050033858206191, 39.065740091013666 ] ] ], [ [ [ -76.940051468664564, 39.092462228501873 ], [ -76.946217073583412, 39.085059685637788 ], [ -76.943718825540628, 39.082678639205973 ], [ -76.946266968709253, 39.08135329706721 ], [ -76.947630832296099, 39.082742601624297 ], [ -76.947709667547116, 39.083305300076965 ], [ -76.946874396927967, 39.084287085915861 ], [ -76.947262399960408, 39.084834188444106 ], [ -76.946404786443509, 39.086102725419146 ], [ -76.946299432027004, 39.086051332986372 ], [ -76.945649623988118, 39.086797463344226 ], [ -76.938533184680367, 39.095360547117785 ], [ -76.937183148860683, 39.097555301136268 ], [ -76.933582338282548, 39.104162291218231 ], [ -76.93262749830582, 39.105986738243942 ], [ -76.932808551056382, 39.106265296590244 ], [ -76.931956813419745, 39.107746178569499 ], [ -76.931738208395359, 39.108818740832135 ], [ -76.931916091889605, 39.110234657981827 ], [ -76.933124334031589, 39.109470966217181 ], [ -76.933194289436017, 39.109737215043431 ], [ -76.933624499812112, 39.109657098837801 ], [ -76.933823401189059, 39.110409148161978 ], [ -76.934115226993939, 39.110159376271838 ], [ -76.933840700944785, 39.109016145699826 ], [ -76.937094682771502, 39.107012979443823 ], [ -76.9372311269817, 39.107282767479198 ], [ -76.936781713319789, 39.107979014990171 ], [ -76.937109027069965, 39.108225054918101 ], [ -76.9370145207088, 39.108362319160513 ], [ -76.937660073428191, 39.109691085049775 ], [ -76.937658744819871, 39.110039767944485 ], [ -76.937369904116679, 39.109765017794906 ], [ -76.936740609107332, 39.109946387489217 ], [ -76.935512583367839, 39.110958650732258 ], [ -76.93562579624647, 39.112202339024634 ], [ -76.936545824709313, 39.113197541365899 ], [ -76.935389135983172, 39.113841020032403 ], [ -76.932597599678218, 39.113404498924695 ], [ -76.932779238130351, 39.114685027332754 ], [ -76.932656173428001, 39.116074861506469 ], [ -76.931159692454074, 39.115680448312631 ], [ -76.9305072101306, 39.113005685921017 ], [ -76.930935983202232, 39.115098060480108 ], [ -76.929674585948263, 39.114751919437722 ], [ -76.929765881730589, 39.114527766199373 ], [ -76.92930987353617, 39.114278941483263 ], [ -76.929074554457614, 39.113904154034692 ], [ -76.929029234451519, 39.113312351743502 ], [ -76.927866844118284, 39.113337044453694 ], [ -76.92821266765489, 39.111890228156042 ], [ -76.926402344965084, 39.111520026247021 ], [ -76.925137687724956, 39.110992023631063 ], [ -76.923902965045031, 39.110266127626879 ], [ -76.922794398170339, 39.109271691063867 ], [ -76.923657696226371, 39.108684413446866 ], [ -76.924659835197787, 39.108716492307131 ], [ -76.925818431047261, 39.106987548416896 ], [ -76.929584344788083, 39.108306866588457 ], [ -76.929437702004478, 39.108171127391223 ], [ -76.929300986503065, 39.105702413265178 ], [ -76.931764597305147, 39.105563452031184 ], [ -76.93223811366444, 39.10466529165361 ], [ -76.93238753673387, 39.104714474695498 ], [ -76.933159642313825, 39.103274713120868 ], [ -76.933277732146138, 39.10327418611179 ], [ -76.937430381396553, 39.095860342692568 ], [ -76.940051468664564, 39.092462228501873 ] ] ], [ [ [ -77.203601571085372, 39.150975612260488 ], [ -77.205473908072506, 39.14965196376064 ], [ -77.203725632019371, 39.148246034026798 ], [ -77.203619391863967, 39.148315212733593 ], [ -77.203476936127913, 39.147470539699917 ], [ -77.203200251427148, 39.147055756845454 ], [ -77.202431973568622, 39.146617825281446 ], [ -77.20309189933252, 39.146197914037074 ], [ -77.201671906311759, 39.14478141268453 ], [ -77.201217418066818, 39.145062416999309 ], [ -77.200904630973085, 39.144799718943609 ], [ -77.201222206985591, 39.144574548699836 ], [ -77.200641190134547, 39.144085023754037 ], [ -77.200328621331437, 39.144310683947658 ], [ -77.200096273879851, 39.144115518925467 ], [ -77.19964990371011, 39.144306018174412 ], [ -77.199476589945704, 39.144160446870167 ], [ -77.199635284527162, 39.144078303402658 ], [ -77.199430386895699, 39.1438412089108 ], [ -77.199680920740235, 39.143711435059906 ], [ -77.199355223059243, 39.143331326004919 ], [ -77.199624448149891, 39.143191499125095 ], [ -77.198979352673007, 39.142705351277748 ], [ -77.197719741269822, 39.143371495953147 ], [ -77.197659419398505, 39.143260698824058 ], [ -77.195574611982053, 39.143458060835236 ], [ -77.195608621300394, 39.143644706311434 ], [ -77.195098353964497, 39.143680219323279 ], [ -77.195159240876137, 39.144025894254113 ], [ -77.192875331758444, 39.144177936761494 ], [ -77.193241103284279, 39.143029839211358 ], [ -77.188387770807182, 39.143025373308681 ], [ -77.185711613218984, 39.141759364857592 ], [ -77.186469120277252, 39.140935949794823 ], [ -77.189662760469702, 39.141514611136436 ], [ -77.191565443445455, 39.141655462741952 ], [ -77.19300116686513, 39.141339793197574 ], [ -77.193072724864038, 39.140925110774852 ], [ -77.192644314711799, 39.140899880801669 ], [ -77.192623769342916, 39.140473142290993 ], [ -77.194299616929612, 39.14073403523718 ], [ -77.195094599904934, 39.140571415852548 ], [ -77.195544400740744, 39.140276078475068 ], [ -77.19516210380695, 39.139963052444081 ], [ -77.195519377270188, 39.139685270409295 ], [ -77.193929767950735, 39.139881414092208 ], [ -77.194043444360048, 39.138997008106131 ], [ -77.193786603443925, 39.139105109262303 ], [ -77.193073308768987, 39.139018081960565 ], [ -77.193135023927312, 39.13869966026666 ], [ -77.192825560600141, 39.138665850390844 ], [ -77.192909344670056, 39.138196897900343 ], [ -77.193126226725724, 39.138219021309247 ], [ -77.193171466781763, 39.138001184998465 ], [ -77.192813261765593, 39.137381263746931 ], [ -77.192452233344468, 39.137343591070021 ], [ -77.191770961812779, 39.13686731299466 ], [ -77.19135115572432, 39.137095198109932 ], [ -77.189496207426146, 39.135080868389025 ], [ -77.18973510629111, 39.134899770340539 ], [ -77.188625423708842, 39.133585567097818 ], [ -77.188230358121615, 39.133832105015699 ], [ -77.187541140092932, 39.133160703955433 ], [ -77.188814382532229, 39.132389886296679 ], [ -77.193386554901807, 39.137525495258949 ], [ -77.197423501143632, 39.140838409702532 ], [ -77.199426207932987, 39.139147102222267 ], [ -77.200710370292896, 39.139567697227641 ], [ -77.201261599907426, 39.141067189801277 ], [ -77.200574152458145, 39.141233729217234 ], [ -77.200630317824675, 39.141771257888237 ], [ -77.203076732177266, 39.142289848503601 ], [ -77.202986736257145, 39.142394501438439 ], [ -77.204425632526437, 39.142939482309352 ], [ -77.203885677667031, 39.143531760281476 ], [ -77.20573781962824, 39.14527284867517 ], [ -77.206180778894847, 39.145427374957755 ], [ -77.20558071236988, 39.14586431349521 ], [ -77.207564921050917, 39.14746388724825 ], [ -77.208290871191579, 39.146570618692508 ], [ -77.211442905911653, 39.148278239081101 ], [ -77.211655060133978, 39.149002919268561 ], [ -77.212884070427023, 39.150003652016771 ], [ -77.214360029388288, 39.15023502516771 ], [ -77.213836570292443, 39.150880685906571 ], [ -77.212370653597731, 39.152096568116072 ], [ -77.211407936294265, 39.152377330061071 ], [ -77.211397808687764, 39.152677649000069 ], [ -77.210846661718222, 39.153217123678402 ], [ -77.209554156704286, 39.154078816021695 ], [ -77.208930434842941, 39.154230767153194 ], [ -77.208883137644932, 39.154485676903214 ], [ -77.204655525780666, 39.157578338703566 ], [ -77.204086388250971, 39.157563887075156 ], [ -77.198845508187247, 39.152680218806026 ], [ -77.198962532617614, 39.152443209715742 ], [ -77.203601571085372, 39.150975612260488 ] ] ], [ [ [ -76.770416442799529, 39.158797522473137 ], [ -76.772680892611532, 39.159991631941999 ], [ -76.773346011536091, 39.158789438979916 ], [ -76.771824687653009, 39.15751066741462 ], [ -76.774977104157045, 39.15368553585467 ], [ -76.774738264580876, 39.15358375648141 ], [ -76.775375173710586, 39.152828018365668 ], [ -76.775486259378624, 39.152887224064429 ], [ -76.776954691356124, 39.151038346552447 ], [ -76.777773077241207, 39.152559703235092 ], [ -76.777624993559883, 39.152677344580098 ], [ -76.778341438626512, 39.155003843659486 ], [ -76.77892898083978, 39.158190157340847 ], [ -76.778797883402163, 39.158181677435948 ], [ -76.778853511576131, 39.15846076496058 ], [ -76.776795603312564, 39.158326773942946 ], [ -76.773740113231028, 39.159120438635362 ], [ -76.773543505253002, 39.158955215533048 ], [ -76.773010761170383, 39.159847757120787 ], [ -76.772930265832727, 39.160123080205999 ], [ -76.775902407527241, 39.161689673350772 ], [ -76.774495886540819, 39.162295214737739 ], [ -76.773300677156982, 39.164876132089709 ], [ -76.77493814332486, 39.166226988417399 ], [ -76.776529536698462, 39.167868200500067 ], [ -76.773996846349334, 39.170123056603266 ], [ -76.774163873703387, 39.170509653809638 ], [ -76.774486687792304, 39.171028315405422 ], [ -76.776911730325963, 39.17251870754842 ], [ -76.777395316799613, 39.173258242501987 ], [ -76.777773177852509, 39.173108708621314 ], [ -76.778434554395616, 39.174431680452408 ], [ -76.778818603942511, 39.174005217001351 ], [ -76.779198503272781, 39.174037812089281 ], [ -76.782969329899899, 39.17273239921191 ], [ -76.784788206347841, 39.171891721477536 ], [ -76.784983390496137, 39.17231064369237 ], [ -76.78530961099662, 39.172501467054033 ], [ -76.785287701086844, 39.17315843234028 ], [ -76.786101895432822, 39.173042889405785 ], [ -76.78888342720046, 39.178334521615888 ], [ -76.790837042856182, 39.180269658868632 ], [ -76.79277175795832, 39.181607163389472 ], [ -76.793736191942287, 39.181457948078226 ], [ -76.792486540160667, 39.180233970044412 ], [ -76.791988150349454, 39.179160030310186 ], [ -76.791902208526224, 39.178514800404287 ], [ -76.792050576075169, 39.177898928139697 ], [ -76.792838789346504, 39.17681479890495 ], [ -76.796536061918161, 39.174808912543256 ], [ -76.798209937702808, 39.174243635392109 ], [ -76.803861854501179, 39.170906343683271 ], [ -76.811858773043085, 39.165850911025935 ], [ -76.813254768469335, 39.166927734064352 ], [ -76.823708504753142, 39.172882197833403 ], [ -76.823425887578253, 39.174150841472184 ], [ -76.822969649415114, 39.173912553690535 ], [ -76.819763668167283, 39.176862936449425 ], [ -76.821589134656136, 39.177558991937154 ], [ -76.822230110459131, 39.177997096513423 ], [ -76.823357953383194, 39.179482127397037 ], [ -76.823693838857821, 39.180173666948129 ], [ -76.823658512609256, 39.180687897504122 ], [ -76.823151224985168, 39.181259228964748 ], [ -76.819880452747483, 39.183697818409627 ], [ -76.814249693070678, 39.188307742801008 ], [ -76.813759952239039, 39.18803938058231 ], [ -76.812722533731488, 39.187930049802127 ], [ -76.811690069432743, 39.187123279818557 ], [ -76.81092711049898, 39.185929590609533 ], [ -76.810051682491675, 39.185113402596329 ], [ -76.808936506711447, 39.184759628985155 ], [ -76.807986556264794, 39.184799072720153 ], [ -76.809331491450308, 39.184916169959635 ], [ -76.810354357250247, 39.185437704707695 ], [ -76.811302796730587, 39.186780342711465 ], [ -76.811458727195927, 39.187527880955685 ], [ -76.812673830670036, 39.18838076724235 ], [ -76.812700833129171, 39.188723926304945 ], [ -76.813095623831913, 39.18897926944851 ], [ -76.811574989854932, 39.190022236483458 ], [ -76.810966929222275, 39.189978678790332 ], [ -76.810443092834007, 39.189717472010059 ], [ -76.810267953692971, 39.189585287425558 ], [ -76.810350114507159, 39.189338075204418 ], [ -76.808487510766142, 39.187769764060768 ], [ -76.808214555870435, 39.187137718410767 ], [ -76.808826277137882, 39.186589907634406 ], [ -76.808349534030071, 39.18609335778121 ], [ -76.807162685266576, 39.185900402382984 ], [ -76.806921809209683, 39.186457057791593 ], [ -76.804365044909261, 39.185895770004237 ], [ -76.803240237392558, 39.184921594785351 ], [ -76.802563454742355, 39.185009661979002 ], [ -76.802701750380322, 39.184524580824764 ], [ -76.801273228754269, 39.184441558403392 ], [ -76.801184800394324, 39.184689699995729 ], [ -76.800284346221531, 39.184360339995841 ], [ -76.800153856045029, 39.184570270479227 ], [ -76.799217717195873, 39.184226978335616 ], [ -76.797103929230062, 39.184223340860399 ], [ -76.796517295213548, 39.184001308988577 ], [ -76.7967301546134, 39.186110181351268 ], [ -76.79724090164963, 39.186197710919096 ], [ -76.797133219698225, 39.187260914567034 ], [ -76.796713436067634, 39.188401335444247 ], [ -76.797953548639256, 39.188157066334817 ], [ -76.798501697930689, 39.187849428643148 ], [ -76.798793980978033, 39.187455416124521 ], [ -76.798226663435088, 39.187247127013343 ], [ -76.798226619417647, 39.186904010175517 ], [ -76.799293464038939, 39.18571261289766 ], [ -76.800058602285574, 39.185700245463998 ], [ -76.800134397637663, 39.185542089455673 ], [ -76.802384338759524, 39.186241745819082 ], [ -76.802405146436456, 39.186929598248938 ], [ -76.800873295196524, 39.187883213495176 ], [ -76.800040036803594, 39.187896271238998 ], [ -76.798986862744272, 39.187517612393705 ], [ -76.798587662211787, 39.188037565424715 ], [ -76.798173356507817, 39.18829205744661 ], [ -76.797517482145835, 39.188405803340665 ], [ -76.79655555446152, 39.188850399737902 ], [ -76.795185725162852, 39.191578670539563 ], [ -76.794137096578865, 39.193200759831129 ], [ -76.794006059328368, 39.193172416344829 ], [ -76.793502015520758, 39.191447879825603 ], [ -76.792830580541448, 39.190470422210076 ], [ -76.793867040546587, 39.190210211490395 ], [ -76.793990345099104, 39.189346643257856 ], [ -76.791927462863796, 39.189283613802779 ], [ -76.791412809054393, 39.188679152142988 ], [ -76.790959585637353, 39.188723149282986 ], [ -76.789121898467371, 39.18687964753591 ], [ -76.7906798870888, 39.185894856479337 ], [ -76.791673978951891, 39.186453127994696 ], [ -76.790105816909843, 39.187412492534314 ], [ -76.79120208225504, 39.188440635795054 ], [ -76.793119361057506, 39.188535074911158 ], [ -76.793742213349645, 39.187877701168674 ], [ -76.794334811281317, 39.187938950145103 ], [ -76.794401978315108, 39.187675823835718 ], [ -76.793182311399363, 39.187269040045614 ], [ -76.792511133338195, 39.186741771825631 ], [ -76.79218176064937, 39.185919298836659 ], [ -76.792923160914611, 39.185002155243808 ], [ -76.792333377404717, 39.184347028838339 ], [ -76.791857323304725, 39.184315531024282 ], [ -76.790755354555827, 39.183009914855866 ], [ -76.791181336561863, 39.182105902139625 ], [ -76.791875954363732, 39.181745751067567 ], [ -76.792565449073535, 39.181639082301942 ], [ -76.790499923096348, 39.180158919838973 ], [ -76.789056279230806, 39.178775381013537 ], [ -76.788405798353793, 39.177893111415706 ], [ -76.787225758820142, 39.175747535410729 ], [ -76.786063173552506, 39.175595477548832 ], [ -76.786720575948763, 39.176431557388426 ], [ -76.787073672245924, 39.177330801915602 ], [ -76.786124841100118, 39.177769405118198 ], [ -76.785611152979627, 39.176302686260172 ], [ -76.785633144636094, 39.17347581578143 ], [ -76.7847852239411, 39.173626612161499 ], [ -76.785067815064863, 39.174101203415951 ], [ -76.784941765260839, 39.174185348807619 ], [ -76.783922336415159, 39.172674743023308 ], [ -76.780760597195084, 39.173651000286505 ], [ -76.779024229209355, 39.174510764731863 ], [ -76.779044388302651, 39.174854658652734 ], [ -76.778792686648231, 39.174941605427158 ], [ -76.779234547275237, 39.175711896519758 ], [ -76.777185095751761, 39.176747687204951 ], [ -76.776801341750598, 39.176084728272237 ], [ -76.776359888060412, 39.175924615381668 ], [ -76.776149228634722, 39.17554359187956 ], [ -76.772474648405449, 39.177806324276681 ], [ -76.772791651292806, 39.177987734615897 ], [ -76.773442313629502, 39.179294876451806 ], [ -76.76983290347917, 39.181636156338413 ], [ -76.774959540296607, 39.183755183555505 ], [ -76.777033019059004, 39.184372674242852 ], [ -76.777230926899236, 39.185676490265116 ], [ -76.775963840614565, 39.187252650529665 ], [ -76.774675952042898, 39.18819499518716 ], [ -76.773705458024011, 39.189663299844902 ], [ -76.771170331443841, 39.192135509335543 ], [ -76.769135752428198, 39.193862695445858 ], [ -76.7689965575766, 39.193939438113148 ], [ -76.76885888357279, 39.193676661487572 ], [ -76.767736397302784, 39.194163846753561 ], [ -76.766479747645079, 39.194374368269052 ], [ -76.765495029701995, 39.194326762081793 ], [ -76.7646204955184, 39.194082890214055 ], [ -76.763318827688551, 39.193199957098855 ], [ -76.76433897967803, 39.193214090198154 ], [ -76.764366931656411, 39.191920608822507 ], [ -76.766413101634171, 39.191829875390411 ], [ -76.767701839113798, 39.191198501913703 ], [ -76.768504295173955, 39.191039614004559 ], [ -76.769002651747485, 39.190399430174757 ], [ -76.768880233832164, 39.190298833227359 ], [ -76.769604964060662, 39.189960087686636 ], [ -76.769964876774196, 39.190256123727224 ], [ -76.770373881519674, 39.189831760060869 ], [ -76.76854907529254, 39.188444229187745 ], [ -76.764019729205828, 39.184161448048698 ], [ -76.763106681551051, 39.184159607724091 ], [ -76.763225960752806, 39.183855816328773 ], [ -76.762090660913572, 39.182971167126361 ], [ -76.761506017563718, 39.182850483413006 ], [ -76.761204271663161, 39.183086920047117 ], [ -76.760966757102054, 39.182903116405171 ], [ -76.759817254898181, 39.183615259448359 ], [ -76.760098046696427, 39.183827526866772 ], [ -76.760295474836312, 39.183668041573796 ], [ -76.761542814354399, 39.184617798327771 ], [ -76.761991595602353, 39.1843111617424 ], [ -76.76245289756875, 39.184670803211489 ], [ -76.760717831241863, 39.185888043337805 ], [ -76.760334311700987, 39.185896772653521 ], [ -76.759728552552076, 39.186396800417924 ], [ -76.759246960338359, 39.186035689571689 ], [ -76.759943514009677, 39.185473056671611 ], [ -76.759195873148172, 39.184900914854346 ], [ -76.758577419007651, 39.185390281160636 ], [ -76.758322699013902, 39.1851960343011 ], [ -76.757522278536186, 39.185789898516177 ], [ -76.758097777036426, 39.186244990487545 ], [ -76.757695266212124, 39.186516871584431 ], [ -76.755202198753565, 39.186194061709088 ], [ -76.756703628546404, 39.18515688183868 ], [ -76.755580944647036, 39.184313577206773 ], [ -76.754710043250441, 39.184990463089548 ], [ -76.754950313842855, 39.185290420681206 ], [ -76.754802713455149, 39.185408448040533 ], [ -76.753698479155076, 39.184767246457227 ], [ -76.752871535918601, 39.185734252767972 ], [ -76.749634985001663, 39.184165316002876 ], [ -76.750596434782267, 39.182411925836021 ], [ -76.748019384726121, 39.181429287204473 ], [ -76.747792847577756, 39.181465399485703 ], [ -76.747753155516932, 39.181649379575781 ], [ -76.74673127427053, 39.181294223723988 ], [ -76.747650450232172, 39.179716528801059 ], [ -76.748157150358082, 39.179564349306091 ], [ -76.749355992528933, 39.180308370484923 ], [ -76.749973206096016, 39.180354690977687 ], [ -76.750271991149404, 39.180829409510089 ], [ -76.751299022437337, 39.180890304623915 ], [ -76.75190627099299, 39.181462236763373 ], [ -76.75181947936349, 39.181521585481867 ], [ -76.752102025571489, 39.182027900828771 ], [ -76.752403003412496, 39.182311327900607 ], [ -76.753574545781859, 39.182826773207779 ], [ -76.755352519239949, 39.184143690968114 ], [ -76.755673461239837, 39.184144360113955 ], [ -76.756343246013969, 39.184643561307595 ], [ -76.756688944684768, 39.184354668636715 ], [ -76.756089400979306, 39.183917265167757 ], [ -76.758075305679611, 39.182330577656842 ], [ -76.757574449094619, 39.181944450004991 ], [ -76.758628637351904, 39.181094141426428 ], [ -76.760064405687359, 39.182204932950931 ], [ -76.761056652410829, 39.181800453667883 ], [ -76.758055186112188, 39.18063568692213 ], [ -76.750613252142699, 39.174793316797043 ], [ -76.75154014912421, 39.173933998718645 ], [ -76.753586000200031, 39.172486294914044 ], [ -76.759623865583819, 39.169563824542912 ], [ -76.760644385882557, 39.169907390953213 ], [ -76.761049932114204, 39.170264928342959 ], [ -76.761370975623691, 39.170057230414571 ], [ -76.76204062565057, 39.170185385906024 ], [ -76.762777002536737, 39.170012008390387 ], [ -76.763156249690113, 39.170113644906465 ], [ -76.762366865015665, 39.169292756797738 ], [ -76.764750868015568, 39.168669463123329 ], [ -76.765769757872079, 39.167689295004806 ], [ -76.763634245947742, 39.166488217016607 ], [ -76.770416442799529, 39.158797522473137 ] ], [ [ -76.767228828505992, 39.162478187677287 ], [ -76.767250391666082, 39.162455008312705 ], [ -76.767250339563788, 39.162454981845102 ], [ -76.767228828505992, 39.162478187677287 ] ] ], [ [ [ -76.643682932796324, 39.219185916727533 ], [ -76.642778941057941, 39.220673225646259 ], [ -76.643260442541788, 39.220853500906557 ], [ -76.643055067904896, 39.221191128049362 ], [ -76.647154871063805, 39.221315243671711 ], [ -76.651609466539085, 39.222285129858484 ], [ -76.651858825387237, 39.222525998344622 ], [ -76.653524220177303, 39.223131681707606 ], [ -76.655047860815529, 39.221850815125457 ], [ -76.656786340740481, 39.220769915944643 ], [ -76.659074932775752, 39.221193007072351 ], [ -76.659558917203071, 39.221720327826716 ], [ -76.660834451244668, 39.224028111496942 ], [ -76.660429072099674, 39.224323095821475 ], [ -76.660523586545651, 39.224572815437718 ], [ -76.66035216912482, 39.225848202334021 ], [ -76.661657689828914, 39.226028429509775 ], [ -76.662148745794141, 39.226359553089758 ], [ -76.662675621183013, 39.226998699413976 ], [ -76.662247454474183, 39.226994563817648 ], [ -76.663022457120945, 39.227523410179273 ], [ -76.662721052580181, 39.227794232468838 ], [ -76.662941389556451, 39.227795639515854 ], [ -76.663662036043661, 39.228799812994772 ], [ -76.661202537728954, 39.229057933763329 ], [ -76.658310334416626, 39.228755298880152 ], [ -76.656985219659546, 39.22825960234924 ], [ -76.655139313803019, 39.228246829061852 ], [ -76.653504512936593, 39.226728023668699 ], [ -76.651590849853136, 39.225330577853569 ], [ -76.652137330973076, 39.22439601949992 ], [ -76.653306622164337, 39.223091770959385 ], [ -76.652044353544554, 39.222824497105755 ], [ -76.649231789475422, 39.221845815579229 ], [ -76.64661653496853, 39.221355751148479 ], [ -76.644313194392922, 39.221422267678989 ], [ -76.644190330014894, 39.221959411806743 ], [ -76.642704176971776, 39.221759047228701 ], [ -76.642477340684422, 39.222125621205429 ], [ -76.641885659932669, 39.221906632000575 ], [ -76.643670230618199, 39.218877089102428 ], [ -76.644396841918905, 39.217293613002788 ], [ -76.64413596307557, 39.216974491917433 ], [ -76.644596198741723, 39.216492461292994 ], [ -76.644251949951808, 39.215893704179763 ], [ -76.64324381023431, 39.217208078555252 ], [ -76.643312124416724, 39.216806154549886 ], [ -76.643168186460429, 39.216805716779781 ], [ -76.642841603938876, 39.217415112397966 ], [ -76.641682690984112, 39.217874775261407 ], [ -76.641737323824742, 39.217981148913601 ], [ -76.632436063168385, 39.220693879042045 ], [ -76.632300791259652, 39.220607230361196 ], [ -76.630564697260084, 39.221107185082801 ], [ -76.630985831956849, 39.221859454373913 ], [ -76.630080576288861, 39.222045346190335 ], [ -76.629773178188529, 39.221443855490953 ], [ -76.626411005065634, 39.222988454557658 ], [ -76.624757064693753, 39.224357650895818 ], [ -76.624724799903689, 39.2245729059048 ], [ -76.624152035875156, 39.225048579011954 ], [ -76.623981378429065, 39.227251353755271 ], [ -76.623690326073643, 39.228338836899958 ], [ -76.623387906436591, 39.229024357985985 ], [ -76.62230524877134, 39.23055544399832 ], [ -76.621193477606056, 39.231893725983106 ], [ -76.621200595856351, 39.231463910118194 ], [ -76.621979395681819, 39.230910036325653 ], [ -76.621870482140139, 39.23081909927555 ], [ -76.622031468323883, 39.230436072271004 ], [ -76.622320963898929, 39.230218541739006 ], [ -76.622391073813603, 39.229279903963828 ], [ -76.62113733020584, 39.22824284523756 ], [ -76.6208649080111, 39.228193912722858 ], [ -76.620792406781163, 39.228374284877368 ], [ -76.619884569355023, 39.228323292697681 ], [ -76.620163532183355, 39.225339885427182 ], [ -76.618111648920376, 39.225233678109888 ], [ -76.618028634706661, 39.226121160497676 ], [ -76.614052701140622, 39.22590169315729 ], [ -76.613913434423807, 39.227467460683727 ], [ -76.613472606859375, 39.227442650747236 ], [ -76.613298512459011, 39.229360446262916 ], [ -76.613735091890447, 39.229384336995217 ], [ -76.613671753476396, 39.230117723477107 ], [ -76.61349545281368, 39.230108271801114 ], [ -76.613417641642073, 39.230970330669393 ], [ -76.612795789174868, 39.230936989608495 ], [ -76.612358494684443, 39.231964330256197 ], [ -76.611979112783757, 39.233602244142304 ], [ -76.612481106635883, 39.233633106153647 ], [ -76.612426497151446, 39.233928545523661 ], [ -76.612942087005408, 39.233700840546135 ], [ -76.613553247724127, 39.233989197006309 ], [ -76.613415752485054, 39.234165172080623 ], [ -76.612886248625671, 39.23391494177725 ], [ -76.612587544420634, 39.234046861337227 ], [ -76.613032629101212, 39.234257195816532 ], [ -76.612632081095811, 39.234774702273313 ], [ -76.611482420788434, 39.234279728758473 ], [ -76.610944947075851, 39.23377339613868 ], [ -76.611208660103927, 39.233217025899137 ], [ -76.611020518747438, 39.233159544581611 ], [ -76.611355418770216, 39.232524379498258 ], [ -76.610638091557945, 39.232308098181853 ], [ -76.61083450460157, 39.231911091768509 ], [ -76.611430449655998, 39.232089991046259 ], [ -76.611515955796321, 39.231914694070774 ], [ -76.611269429336275, 39.231838029078489 ], [ -76.611463445674701, 39.231450945364202 ], [ -76.612181151976003, 39.231576509657273 ], [ -76.612786568866781, 39.230343765186312 ], [ -76.613050571152371, 39.22934744145666 ], [ -76.613216853803053, 39.227358254588552 ], [ -76.612743637481046, 39.227314459093009 ], [ -76.612871830665341, 39.225667137539773 ], [ -76.611997805826519, 39.225585774722092 ], [ -76.612198131033196, 39.224325784096209 ], [ -76.612417280436645, 39.224318029644607 ], [ -76.612488293158165, 39.223815486742943 ], [ -76.612148671590262, 39.223785497954808 ], [ -76.612502706626898, 39.219547943576018 ], [ -76.613430405803953, 39.219479197529068 ], [ -76.613811719082506, 39.215777609979568 ], [ -76.613615789332513, 39.215790443999111 ], [ -76.613575068700683, 39.215406700233991 ], [ -76.614722857817299, 39.215321975711042 ], [ -76.615077449809405, 39.211852963953262 ], [ -76.615442011304523, 39.211764564987377 ], [ -76.61508275436114, 39.211783836604802 ], [ -76.615118055456875, 39.211036670565157 ], [ -76.614818379274723, 39.210900612276212 ], [ -76.614704677712581, 39.209510026266045 ], [ -76.613906464395512, 39.209526522654564 ], [ -76.61387592167587, 39.209286083579933 ], [ -76.614660989945364, 39.209156800070858 ], [ -76.614648170986257, 39.209053172906863 ], [ -76.614056476759757, 39.209149506123417 ], [ -76.613756303809268, 39.208989222150691 ], [ -76.612011850985979, 39.209391200646351 ], [ -76.611917828816772, 39.209077225771011 ], [ -76.612707147015897, 39.209048385442088 ], [ -76.613657320244727, 39.208632782416309 ], [ -76.613699797082944, 39.208780618912023 ], [ -76.61467609871012, 39.208475828609814 ], [ -76.614889238384336, 39.208953353015062 ], [ -76.615068463063295, 39.21094815990196 ], [ -76.621514404334562, 39.210717445869726 ], [ -76.621551278380338, 39.21021261028649 ], [ -76.620570751078048, 39.210250582220624 ], [ -76.620605296690627, 39.206766584662951 ], [ -76.622696964540893, 39.20814411045918 ], [ -76.623919609371811, 39.210036327363078 ], [ -76.621761823720007, 39.210204457531212 ], [ -76.621819381475206, 39.210690894093048 ], [ -76.626275867005859, 39.21052607684868 ], [ -76.626206653609842, 39.209982547424438 ], [ -76.62546250360154, 39.21001331263092 ], [ -76.625328836083881, 39.20855273211393 ], [ -76.625821523389661, 39.20754179832862 ], [ -76.628336758574491, 39.206426365558002 ], [ -76.628876526584307, 39.207146802699796 ], [ -76.629135013214054, 39.20717802298838 ], [ -76.629217079705157, 39.208505362449834 ], [ -76.628937099983915, 39.209498754427685 ], [ -76.627230144637224, 39.209482290746998 ], [ -76.627192460311079, 39.209677845168336 ], [ -76.626395854978369, 39.209723024970309 ], [ -76.626482414842499, 39.210518334097493 ], [ -76.626299041743565, 39.210610740338609 ], [ -76.615821097659477, 39.211010700098747 ], [ -76.615273027419803, 39.215829280117624 ], [ -76.617771891706894, 39.21567298340149 ], [ -76.617477553314146, 39.21851060116429 ], [ -76.615851862263014, 39.218386578713961 ], [ -76.615711787062452, 39.21964275705583 ], [ -76.614864267914385, 39.219603337056668 ], [ -76.614818292138139, 39.220115144610467 ], [ -76.614589312470528, 39.220103818102928 ], [ -76.614287286295607, 39.223264982746294 ], [ -76.614604790442883, 39.223280942833469 ], [ -76.614574260299634, 39.223623012127305 ], [ -76.614453122483567, 39.223991553440925 ], [ -76.614223461892976, 39.223980009740018 ], [ -76.614067371527526, 39.225737355595797 ], [ -76.617830506779171, 39.225946952985382 ], [ -76.617913074530207, 39.225054414797235 ], [ -76.622173022151415, 39.225443865032609 ], [ -76.622370845550023, 39.223180569037652 ], [ -76.624233658598513, 39.223285476711183 ], [ -76.624157673701887, 39.224763075881782 ], [ -76.625611151424849, 39.223543033195028 ], [ -76.625385743458821, 39.223453661447877 ], [ -76.625627946327413, 39.221415779503246 ], [ -76.625825480468492, 39.217109482643664 ], [ -76.627318647557345, 39.217024123357703 ], [ -76.627558831911486, 39.215048198126944 ], [ -76.628232412966028, 39.214316165903071 ], [ -76.627824097228356, 39.213690131747519 ], [ -76.629910786615326, 39.213042127165458 ], [ -76.630301507051527, 39.212945184010358 ], [ -76.632378990503454, 39.220584800204009 ], [ -76.641466727006645, 39.217936917459788 ], [ -76.641358995647892, 39.217203721062333 ], [ -76.640916295096105, 39.217336111194079 ], [ -76.641169654142189, 39.215074728768172 ], [ -76.640254808958531, 39.214864267894249 ], [ -76.642606707068509, 39.214043879416522 ], [ -76.642435710059232, 39.21370436512602 ], [ -76.642854686104371, 39.213593499907418 ], [ -76.642080352702507, 39.210042930741849 ], [ -76.640262354806907, 39.210125779531218 ], [ -76.640207936663643, 39.209421883281806 ], [ -76.640922267096101, 39.209469875989058 ], [ -76.640913802271186, 39.209234927882491 ], [ -76.641268493976284, 39.20921948455382 ], [ -76.641215096319158, 39.208449375522328 ], [ -76.642096417274743, 39.208466596063005 ], [ -76.642604035478854, 39.211433541697289 ], [ -76.642753798111443, 39.211418245714711 ], [ -76.642776362893059, 39.211554396964821 ], [ -76.642601328854894, 39.211571801192029 ], [ -76.642843015192199, 39.212932230452012 ], [ -76.643298453854712, 39.213977204861877 ], [ -76.643638613513474, 39.213900810510879 ], [ -76.643833025110624, 39.214199208137892 ], [ -76.644597370144851, 39.213707986458985 ], [ -76.645282476584484, 39.214152204204673 ], [ -76.644735866107155, 39.214596426100087 ], [ -76.644667019223775, 39.215044212161523 ], [ -76.644806604842515, 39.215077970713175 ], [ -76.644303411739472, 39.215710762378038 ], [ -76.644749410006682, 39.216501838244668 ], [ -76.645098242001183, 39.216045784820821 ], [ -76.64550093338687, 39.216016174809646 ], [ -76.64573797453582, 39.216262502523307 ], [ -76.64549305965339, 39.21648240158261 ], [ -76.645759866479295, 39.216864851214467 ], [ -76.645582681874345, 39.21702600388415 ], [ -76.644721046599912, 39.216892011028527 ], [ -76.643682932796324, 39.219185916727533 ] ] ], [ [ [ -76.683568114343245, 39.264179813814856 ], [ -76.680992692932705, 39.262162523459125 ], [ -76.680660792384671, 39.262418969757839 ], [ -76.678972555233571, 39.261197144700546 ], [ -76.676423822770118, 39.263119041926593 ], [ -76.669424080007659, 39.268894439030007 ], [ -76.66875705934963, 39.269600479586749 ], [ -76.669748640421503, 39.271032955396876 ], [ -76.671232359030185, 39.270535825959101 ], [ -76.671252416613854, 39.270682025729599 ], [ -76.671832637557543, 39.270653062586533 ], [ -76.674906393982056, 39.269584729632101 ], [ -76.675340361112674, 39.270554746928404 ], [ -76.676013492111267, 39.270368096249378 ], [ -76.676814088658773, 39.271912083474824 ], [ -76.673155833513164, 39.273099707393371 ], [ -76.673549503118451, 39.274104968077289 ], [ -76.672840148454341, 39.274354871404611 ], [ -76.672945322309502, 39.274612310635355 ], [ -76.672517688301639, 39.27475896434364 ], [ -76.67260307676267, 39.275414916914634 ], [ -76.674041051360447, 39.275361150222281 ], [ -76.673972305088384, 39.275185466269583 ], [ -76.675230963379065, 39.274584334505427 ], [ -76.67502498956587, 39.274300148408749 ], [ -76.675311597955584, 39.274046706639517 ], [ -76.675043640387813, 39.273677026326212 ], [ -76.675737575470066, 39.273426131699317 ], [ -76.67530394161443, 39.272702090404678 ], [ -76.678778222688138, 39.271582991382814 ], [ -76.679837171118109, 39.270235073173382 ], [ -76.679638108942726, 39.270082621075211 ], [ -76.679866453501432, 39.269795018044917 ], [ -76.679492917836626, 39.269508629489906 ], [ -76.679239686351295, 39.269777300698813 ], [ -76.67915270877053, 39.269710455857307 ], [ -76.679405905221572, 39.269441785087579 ], [ -76.678670498515913, 39.268877023286464 ], [ -76.679590862948672, 39.268077402183685 ], [ -76.68154602640162, 39.268022512240812 ], [ -76.683214488040079, 39.265682773239817 ], [ -76.684521992224319, 39.266225766981165 ], [ -76.682839689343979, 39.268666929630569 ], [ -76.68161530806961, 39.270088986524115 ], [ -76.681916289503846, 39.270268811432857 ], [ -76.682252913393654, 39.269919227809424 ], [ -76.682364556017163, 39.270118442973761 ], [ -76.68333802345964, 39.269791882945682 ], [ -76.683190835398648, 39.269527277422732 ], [ -76.682410503047322, 39.269765134451433 ], [ -76.68329024386631, 39.268610818219024 ], [ -76.68374848257757, 39.268455173877449 ], [ -76.684025621825867, 39.268959559907515 ], [ -76.683867075466438, 39.26901346782229 ], [ -76.684307042444814, 39.269765690118064 ], [ -76.68078677301844, 39.270944468243648 ], [ -76.681206468614121, 39.271274632917581 ], [ -76.680019270406007, 39.271702756245126 ], [ -76.679796375027806, 39.271259320769538 ], [ -76.679195288016686, 39.271450414996615 ], [ -76.677177274833198, 39.274048112063412 ], [ -76.676937003342474, 39.274590572981708 ], [ -76.67591338565262, 39.275544403112548 ], [ -76.673160231664809, 39.279251914128139 ], [ -76.673196131038509, 39.280001458581111 ], [ -76.672650929119527, 39.280003757411613 ], [ -76.674598197279437, 39.280295168682265 ], [ -76.67459883957487, 39.281202813921972 ], [ -76.678001450360298, 39.281736308741024 ], [ -76.682036054694166, 39.281685139801873 ], [ -76.681989290197109, 39.280465633763207 ], [ -76.682771999490683, 39.280426747198476 ], [ -76.682808484565953, 39.281282084622326 ], [ -76.684512651541993, 39.281236147775914 ], [ -76.684530937647921, 39.281620240742264 ], [ -76.685502697393034, 39.281594041906303 ], [ -76.685358984015565, 39.278687990732692 ], [ -76.687440023897707, 39.275840779954351 ], [ -76.689888684038507, 39.2735751815082 ], [ -76.690834134823888, 39.273001116999737 ], [ -76.690627368696639, 39.2727061968803 ], [ -76.689575388498326, 39.273367205573905 ], [ -76.688993285584118, 39.27321751831937 ], [ -76.689448064883237, 39.272266406233172 ], [ -76.690962088158017, 39.27191908368625 ], [ -76.692484774785427, 39.271810623447259 ], [ -76.692820715955605, 39.272581705540787 ], [ -76.691435939588914, 39.272911324939685 ], [ -76.690520238310796, 39.273330216339787 ], [ -76.687032180673867, 39.276615441346749 ], [ -76.685545812933412, 39.278889239933839 ], [ -76.685679439128549, 39.281770367573905 ], [ -76.684468551448063, 39.281803253363236 ], [ -76.684485011279023, 39.282104973762316 ], [ -76.683178957873963, 39.282144367681475 ], [ -76.683246023398127, 39.283367766781041 ], [ -76.682752305724719, 39.283385237329483 ], [ -76.682676334302826, 39.282042770889198 ], [ -76.682112086303178, 39.282053797443808 ], [ -76.682102007205685, 39.281867019556557 ], [ -76.681855056740829, 39.281877416863018 ], [ -76.68186982863736, 39.28215173330932 ], [ -76.681079125236081, 39.28217583690909 ], [ -76.681064394662044, 39.281901518471201 ], [ -76.677566858002237, 39.281866466071882 ], [ -76.677468984755407, 39.28224323863757 ], [ -76.676530583050038, 39.282095996354009 ], [ -76.676477082984988, 39.282315791987095 ], [ -76.675311780313578, 39.282243691991944 ], [ -76.675355114144594, 39.282068648314628 ], [ -76.674813570165441, 39.282024047019505 ], [ -76.674728443114176, 39.282353684575199 ], [ -76.67450438082443, 39.282241376547077 ], [ -76.674571311601312, 39.281982053884001 ], [ -76.674361246860329, 39.281945643542116 ], [ -76.67440196030563, 39.281787942820827 ], [ -76.673920178547391, 39.281700122864358 ], [ -76.673863497547913, 39.281919636739481 ], [ -76.673453311517818, 39.281705887879781 ], [ -76.673261595764842, 39.282355488255227 ], [ -76.673056930797017, 39.282312363324294 ], [ -76.672995722288491, 39.282615518072028 ], [ -76.673184949708158, 39.282643279616181 ], [ -76.673094124643029, 39.282965240688796 ], [ -76.673511665180371, 39.283026585411918 ], [ -76.673298765356336, 39.283612764994302 ], [ -76.672686064026919, 39.283521171759382 ], [ -76.672531908632578, 39.282876372271382 ], [ -76.672271009127982, 39.282852743818118 ], [ -76.672289320386739, 39.281952069102424 ], [ -76.671564442834523, 39.281817354022905 ], [ -76.671610270388754, 39.282761584861895 ], [ -76.671103174105795, 39.282693477878006 ], [ -76.670870575125917, 39.283066629632849 ], [ -76.671103872096779, 39.283098445410978 ], [ -76.671036079835545, 39.283395815193103 ], [ -76.671652561275678, 39.283501101457212 ], [ -76.670438950801568, 39.283542728641173 ], [ -76.670187311130931, 39.283785440051773 ], [ -76.670199490489551, 39.283999852150352 ], [ -76.670682487668373, 39.283987828825467 ], [ -76.670699252926511, 39.284303281194511 ], [ -76.671693025887663, 39.284269218726045 ], [ -76.671706807840749, 39.284527830662334 ], [ -76.673986990746656, 39.284381666736103 ], [ -76.672966836062244, 39.285113218249272 ], [ -76.673116226792303, 39.285713102699191 ], [ -76.675995293141924, 39.287821619190787 ], [ -76.676249168719309, 39.287576019685702 ], [ -76.677176050429452, 39.288050305366227 ], [ -76.676649325957584, 39.288450355589056 ], [ -76.67612270209699, 39.288113738399858 ], [ -76.676013847844118, 39.288199317108784 ], [ -76.675825598689812, 39.288054412332727 ], [ -76.675915765289815, 39.287983525236719 ], [ -76.673032952965457, 39.285882488016128 ], [ -76.67245806891286, 39.286311358512592 ], [ -76.672195584780113, 39.286316611416254 ], [ -76.67217239836431, 39.28592896136216 ], [ -76.670798418849046, 39.286023710156655 ], [ -76.670783416085484, 39.285762925388134 ], [ -76.672154079020729, 39.285718685217255 ], [ -76.67211007863979, 39.284796752994495 ], [ -76.668686893739419, 39.284864958056851 ], [ -76.66584819588202, 39.286663387708657 ], [ -76.6660909727741, 39.286799568859493 ], [ -76.666871862080896, 39.286387128915884 ], [ -76.668497533369106, 39.287464761556123 ], [ -76.669571455816538, 39.288498646048808 ], [ -76.66831838414862, 39.289465543975822 ], [ -76.669906787030641, 39.290721342222241 ], [ -76.668579141719405, 39.291746374883225 ], [ -76.669640266767303, 39.292833431544416 ], [ -76.670483794700559, 39.294105543699331 ], [ -76.67287285341888, 39.293992655243009 ], [ -76.672818538581879, 39.292914147658898 ], [ -76.673132772861507, 39.292902229452594 ], [ -76.673147560029406, 39.293136380156348 ], [ -76.673668669132468, 39.293116769369739 ], [ -76.673694581935152, 39.293620671266432 ], [ -76.673090844893949, 39.293643345727183 ], [ -76.673105881793489, 39.293984407940947 ], [ -76.689501197537325, 39.293347218012613 ], [ -76.689428924479472, 39.292167851848426 ], [ -76.692581195456455, 39.292054574414578 ], [ -76.692673761456575, 39.293465423141775 ], [ -76.692337142058378, 39.293475901457242 ], [ -76.693239205113855, 39.293450140176525 ], [ -76.695694018714349, 39.293351000001415 ], [ -76.696723018211074, 39.293258001254628 ], [ -76.696499873101232, 39.29448535591478 ], [ -76.693893415795941, 39.294577655044208 ], [ -76.693930942018611, 39.295255504353769 ], [ -76.691517839891688, 39.295344571879582 ], [ -76.690892715760214, 39.294881932290124 ], [ -76.690654783482472, 39.294881296874266 ], [ -76.690857474851612, 39.294713907705287 ], [ -76.690349019417653, 39.294755578279315 ], [ -76.688774932087995, 39.293718009062815 ], [ -76.688212309140738, 39.293736313372655 ], [ -76.687782256868118, 39.294132554727824 ], [ -76.687235996733747, 39.293773335630505 ], [ -76.687031127848371, 39.293854413562968 ], [ -76.686883569681484, 39.294240340119671 ], [ -76.6870438255349, 39.294348226150845 ], [ -76.686773997674692, 39.294592708345256 ], [ -76.686717667916497, 39.294051007154444 ], [ -76.686063938731408, 39.294072543414863 ], [ -76.68604961599253, 39.293811956165641 ], [ -76.685836329892922, 39.293791838757116 ], [ -76.670597321091222, 39.294341427705533 ], [ -76.671094549380769, 39.295374556488959 ], [ -76.670686380966799, 39.295388130931983 ], [ -76.670738327844745, 39.295834351566036 ], [ -76.671301756580831, 39.295815242769983 ], [ -76.671329596269814, 39.295556609947759 ], [ -76.671338743814346, 39.295793903785594 ], [ -76.671965551388666, 39.296532081485402 ], [ -76.671608859135432, 39.296544704688415 ], [ -76.671146416308645, 39.29623660139211 ], [ -76.670766428045141, 39.296313373251657 ], [ -76.67063922480429, 39.296511049296981 ], [ -76.670001222424887, 39.299228740966093 ], [ -76.670534953756004, 39.299377701114182 ], [ -76.67035569404274, 39.299765274633863 ], [ -76.669845784236315, 39.299623081961563 ], [ -76.669615327738384, 39.300539570631919 ], [ -76.669027584302512, 39.301468561176918 ], [ -76.667956655939903, 39.302321451956566 ], [ -76.666750800621642, 39.302749438365026 ], [ -76.666702973417586, 39.303023935115469 ], [ -76.666199684194837, 39.303040517259724 ], [ -76.66646660151352, 39.303804388540257 ], [ -76.666637381130499, 39.3037988887925 ], [ -76.6665735234902, 39.30405530225601 ], [ -76.667140000210054, 39.304024072942589 ], [ -76.667159814350285, 39.304448335671708 ], [ -76.666527780377621, 39.304471747610854 ], [ -76.66601468784016, 39.303119297510236 ], [ -76.66553733657291, 39.303147025901808 ], [ -76.665529492483856, 39.30301914641668 ], [ -76.664899829165236, 39.303193943093852 ], [ -76.664915242458889, 39.303446822011928 ], [ -76.663624987724717, 39.30353411977417 ], [ -76.663568585202981, 39.303737102099419 ], [ -76.660491519384948, 39.304501739432716 ], [ -76.660269815172825, 39.304625142503426 ], [ -76.660203138619181, 39.305810099385631 ], [ -76.660723653037522, 39.305809683023845 ], [ -76.660735176625977, 39.306052856648449 ], [ -76.659362827552968, 39.306107419293404 ], [ -76.659531120633247, 39.306282162382004 ], [ -76.660766401166939, 39.306233050773869 ], [ -76.660832062624337, 39.307312718312609 ], [ -76.659985555877583, 39.307343080089552 ], [ -76.659958552520152, 39.307520718567353 ], [ -76.660239264368329, 39.307512224021082 ], [ -76.66039634647386, 39.308443622879615 ], [ -76.660663846799167, 39.308433798778943 ], [ -76.660691088210157, 39.308834527690799 ], [ -76.666253910098646, 39.308638642184114 ], [ -76.6662747016059, 39.308981476735489 ], [ -76.66765400543585, 39.308932397604401 ], [ -76.667635156086249, 39.308580371938632 ], [ -76.670213818618336, 39.308487869544543 ], [ -76.669341069387201, 39.307902740623021 ], [ -76.669340454939544, 39.307578599756816 ], [ -76.669633464723972, 39.307570143446853 ], [ -76.669639533742028, 39.307883807499707 ], [ -76.669982120648669, 39.308089309357946 ], [ -76.670753527339343, 39.308066326098476 ], [ -76.670786525154668, 39.308509242193104 ], [ -76.671313454442469, 39.30850324792663 ], [ -76.671377028215119, 39.308229066680532 ], [ -76.671520452335074, 39.308226723596952 ], [ -76.671482523667123, 39.308792600677556 ], [ -76.671109291632902, 39.308807757266919 ], [ -76.672558012776449, 39.310485763105731 ], [ -76.673040942581594, 39.310764951654058 ], [ -76.674342681378334, 39.310872453575442 ], [ -76.674289572080426, 39.3100233702392 ], [ -76.675816493366085, 39.309969774686444 ], [ -76.675944381123188, 39.311689520885444 ], [ -76.67548579296728, 39.311833848518248 ], [ -76.675271617535557, 39.311423103894235 ], [ -76.674381576633522, 39.311507238319095 ], [ -76.674364170876572, 39.311229929342964 ], [ -76.673305233226387, 39.311129454150283 ], [ -76.672309195612399, 39.310510819594136 ], [ -76.671436862301249, 39.30950281604909 ], [ -76.667686790350459, 39.309477116270742 ], [ -76.667666297083883, 39.309204897522385 ], [ -76.666057864465998, 39.309263759439354 ], [ -76.666073173555048, 39.309532583991491 ], [ -76.665686959966635, 39.309544823958539 ], [ -76.665696827061709, 39.309689712060013 ], [ -76.663580692696371, 39.309602048035053 ], [ -76.66356724940816, 39.309821101200654 ], [ -76.662810659529768, 39.309844054691538 ], [ -76.662660491756995, 39.310264367615289 ], [ -76.663099031312385, 39.310248361989473 ], [ -76.663316535002252, 39.310477271004515 ], [ -76.663585970298683, 39.310463768992342 ], [ -76.663604754071258, 39.310736037057154 ], [ -76.663180461796273, 39.310750810255392 ], [ -76.66320054183781, 39.311041826681084 ], [ -76.663613088640474, 39.311019864019428 ], [ -76.663631807734347, 39.311290898309039 ], [ -76.661781132721984, 39.31135584145914 ], [ -76.661707480750167, 39.310288070225013 ], [ -76.662184493352555, 39.310271598225782 ], [ -76.662192908770137, 39.309751542151908 ], [ -76.660853632970912, 39.309836938720935 ], [ -76.660863131756741, 39.309993954897521 ], [ -76.660698939485727, 39.310000206901094 ], [ -76.660888428315133, 39.312456136264451 ], [ -76.660765103101369, 39.312459951972286 ], [ -76.660788603029189, 39.3129033934975 ], [ -76.66121304891611, 39.314750333038553 ], [ -76.66078910788238, 39.314852181921722 ], [ -76.660972795391672, 39.315427777114209 ], [ -76.660439320978739, 39.315558650911882 ], [ -76.660306805101285, 39.315324546018388 ], [ -76.660056598243514, 39.315392570527969 ], [ -76.66047994728747, 39.316139222691397 ], [ -76.660825234529838, 39.316240292552571 ], [ -76.661639286043695, 39.317115240674731 ], [ -76.661494739029635, 39.317194225390551 ], [ -76.664356519996559, 39.319953818231731 ], [ -76.664839344698834, 39.320966289120932 ], [ -76.664962881915017, 39.322065988032563 ], [ -76.681186383182691, 39.326867779710248 ], [ -76.682035479772381, 39.325205739529622 ], [ -76.681106591225884, 39.32357762746539 ], [ -76.679791507955585, 39.322276508032971 ], [ -76.677606033531788, 39.321033818904532 ], [ -76.676857153893494, 39.320901546696078 ], [ -76.676710944996159, 39.320739175416449 ], [ -76.676685696946791, 39.320330314962042 ], [ -76.67787362189199, 39.320299532815469 ], [ -76.678072835882659, 39.32066387027912 ], [ -76.678346355818675, 39.320632315497605 ], [ -76.67780564188287, 39.320876914370501 ], [ -76.679951798843319, 39.322091266922115 ], [ -76.681367179015083, 39.323514443381058 ], [ -76.683741702992123, 39.32758524680272 ], [ -76.694392784770784, 39.330868891584821 ], [ -76.69505334744025, 39.329597425391647 ], [ -76.69631070856363, 39.329995646261729 ], [ -76.697018714856512, 39.329991774532239 ], [ -76.697078204887873, 39.330457883501701 ], [ -76.698850114717814, 39.330321353695872 ], [ -76.70089931111977, 39.330410377985743 ], [ -76.703581685948038, 39.329825246879949 ], [ -76.705495126249303, 39.329011380685394 ], [ -76.708033327762664, 39.328373622288311 ], [ -76.708216942508443, 39.328941944250992 ], [ -76.707889305364759, 39.329016023073635 ], [ -76.707760124033641, 39.328670984597075 ], [ -76.707216371995528, 39.328781377443974 ], [ -76.705577484692867, 39.329239594595492 ], [ -76.703834410783543, 39.330000966762576 ], [ -76.701239555220155, 39.330590001447312 ], [ -76.698880017836984, 39.330551442897359 ], [ -76.69689676226848, 39.330706371817065 ], [ -76.696960200395537, 39.331202984480591 ], [ -76.69894430217704, 39.331051636497698 ], [ -76.698427992772537, 39.332177071870689 ], [ -76.701608677461962, 39.333178994197709 ], [ -76.70126831658061, 39.333709144135327 ], [ -76.700341163579239, 39.333386249135501 ], [ -76.700644715093517, 39.333072508340209 ], [ -76.70044540767806, 39.333004262698999 ], [ -76.700137518199256, 39.333322501379961 ], [ -76.699015950905789, 39.332896997675753 ], [ -76.698927049133687, 39.333069158593865 ], [ -76.694093121165068, 39.331445851671234 ], [ -76.693886189747786, 39.331406345830786 ], [ -76.693812455130953, 39.331552989680596 ], [ -76.693397843101465, 39.331422788534482 ], [ -76.693455835641245, 39.331326949835663 ], [ -76.693258245804628, 39.331266424963886 ], [ -76.693495854688848, 39.330796843677035 ], [ -76.68240599530121, 39.327473442156958 ], [ -76.68235008056466, 39.328031335817734 ], [ -76.68089152915698, 39.327488995644899 ], [ -76.681096264193386, 39.327076233961719 ], [ -76.666397714205957, 39.32278485879597 ], [ -76.666205016594361, 39.323171288797305 ], [ -76.665742639344572, 39.323034318777289 ], [ -76.664510786781989, 39.325495378300801 ], [ -76.664372480364207, 39.326613029320747 ], [ -76.664523733301849, 39.327271609226635 ], [ -76.66494912780972, 39.327400858472437 ], [ -76.665060824332144, 39.327820013879915 ], [ -76.664467721547268, 39.327641511784826 ], [ -76.665493093646859, 39.331266074068743 ], [ -76.666025941035741, 39.33126147907916 ], [ -76.666386016344319, 39.332663740133732 ], [ -76.665957984382786, 39.332862286260145 ], [ -76.666658432250856, 39.333763856832476 ], [ -76.667707934895603, 39.334433594751744 ], [ -76.670073699400319, 39.335206273863804 ], [ -76.669578390810528, 39.335381365324821 ], [ -76.671333990828174, 39.336024035231802 ], [ -76.672986687033372, 39.336885149340532 ], [ -76.675232156341764, 39.336033965930525 ], [ -76.673522244639472, 39.334098748133279 ], [ -76.674187069814934, 39.33388067285567 ], [ -76.674436708039124, 39.334163240715526 ], [ -76.674899126611422, 39.334010034257759 ], [ -76.674873613559029, 39.333714963927463 ], [ -76.675050031901065, 39.333705841667111 ], [ -76.675018804665157, 39.334109339873258 ], [ -76.675513933591873, 39.334154276236291 ], [ -76.6758988895389, 39.334790122608119 ], [ -76.675782080704181, 39.334836528049159 ], [ -76.675985170925287, 39.334910007263012 ], [ -76.676403257638313, 39.335569909744144 ], [ -76.676045241268355, 39.335712639403894 ], [ -76.676458971152243, 39.336330063797575 ], [ -76.676005995670209, 39.336503267479351 ], [ -76.67558313620809, 39.336051072464194 ], [ -76.673186016906726, 39.336992390875558 ], [ -76.675091128926979, 39.338268936168994 ], [ -76.675245080403755, 39.338165610945218 ], [ -76.676774438818754, 39.339238145845101 ], [ -76.677906193905883, 39.339748999496244 ], [ -76.678163705863525, 39.339833357607056 ], [ -76.678746108815062, 39.339001728129951 ], [ -76.683310937457193, 39.340828378370311 ], [ -76.683734779676229, 39.340340439964699 ], [ -76.68345986555488, 39.340233831622236 ], [ -76.683629822315055, 39.339790432047756 ], [ -76.684116914014936, 39.339789773417976 ], [ -76.684134766234578, 39.339238027735419 ], [ -76.684619517823123, 39.339127452000177 ], [ -76.684644961705246, 39.335924461365607 ], [ -76.682799595736213, 39.33315160983274 ], [ -76.682298673574209, 39.333176972263068 ], [ -76.682117408821242, 39.332878980843283 ], [ -76.682905833196656, 39.332867006213256 ], [ -76.684857019807836, 39.335931016067001 ], [ -76.684830864460039, 39.33933403900739 ], [ -76.683327845547467, 39.341169692082175 ], [ -76.68505725248805, 39.341586961408659 ], [ -76.684908553460744, 39.341873956940084 ], [ -76.686955485209864, 39.342315202828672 ], [ -76.686960328027553, 39.342606100442907 ], [ -76.687130094344909, 39.342657428406511 ], [ -76.687133880743815, 39.34236803232082 ], [ -76.689265564048412, 39.342944937113337 ], [ -76.689209760702965, 39.343532330195728 ], [ -76.689525131351459, 39.343708130952159 ], [ -76.688314476334611, 39.344838674318588 ], [ -76.688609995113637, 39.345078209577984 ], [ -76.688057686622443, 39.345573668380531 ], [ -76.692400140909228, 39.348441101354098 ], [ -76.694248379690563, 39.346976003605512 ], [ -76.695754201346816, 39.346027357913641 ], [ -76.703623722611738, 39.344329372337249 ], [ -76.706212514546991, 39.343402632800554 ], [ -76.706240271590957, 39.343197586903862 ], [ -76.707166428360679, 39.342326207384069 ], [ -76.707857239102367, 39.341280419514433 ], [ -76.708665399464564, 39.338379585518418 ], [ -76.709569207946643, 39.336693081029843 ], [ -76.710973890980014, 39.336430507658712 ], [ -76.710500884863805, 39.336828753533631 ], [ -76.711249558787884, 39.337357288220929 ], [ -76.711274021709713, 39.349476057906095 ], [ -76.708783919589905, 39.351235440252474 ], [ -76.708239515374885, 39.350928410661048 ], [ -76.70739984570578, 39.34966190237536 ], [ -76.707613098567705, 39.349252592081683 ], [ -76.704832519014261, 39.347726660332739 ], [ -76.704129557660025, 39.348082957839026 ], [ -76.701993848106341, 39.349659690580864 ], [ -76.701783440208928, 39.349619622633568 ], [ -76.701539004128534, 39.349817994175602 ], [ -76.703863429062167, 39.35130071100135 ], [ -76.706504154400605, 39.352495182792964 ], [ -76.706485888057628, 39.352864143353059 ], [ -76.70569305205585, 39.353294021118771 ], [ -76.704727960505068, 39.353123006128193 ], [ -76.703078001466551, 39.352246148838546 ], [ -76.70209007563956, 39.353079646254798 ], [ -76.701110139428735, 39.352626952759785 ], [ -76.699765123394855, 39.3537862333758 ], [ -76.701418410691531, 39.354848661676861 ], [ -76.701830013364827, 39.355007515451895 ], [ -76.702121764609529, 39.354922979777015 ], [ -76.702683714718674, 39.355322905418149 ], [ -76.704301822192178, 39.353612255647448 ], [ -76.705096332653653, 39.354069595291548 ], [ -76.705965199366119, 39.353457464318701 ], [ -76.710638469036084, 39.356545838068953 ], [ -76.70821638734958, 39.358510078001011 ], [ -76.710180817823016, 39.359856434131842 ], [ -76.708869141862593, 39.361038982236579 ], [ -76.710698921163129, 39.362329803396953 ], [ -76.711285489602616, 39.361826055326212 ], [ -76.711289931771702, 39.363427376560274 ], [ -76.709613697909418, 39.362763189324347 ], [ -76.709574148680716, 39.362145545603255 ], [ -76.709100293656547, 39.362145236535206 ], [ -76.709500786864737, 39.361784403862799 ], [ -76.707228096806631, 39.360088310447424 ], [ -76.706917919318784, 39.360331827396763 ], [ -76.706661095470636, 39.36011682263527 ], [ -76.706959507723184, 39.359878794718973 ], [ -76.705761831565567, 39.358941499083521 ], [ -76.705311907660587, 39.359299147978277 ], [ -76.703909454245746, 39.358017285713935 ], [ -76.704238280758858, 39.357754578521217 ], [ -76.703343678211823, 39.357072369115834 ], [ -76.702969249621617, 39.357371517371455 ], [ -76.700932599090933, 39.355806078470827 ], [ -76.700451365305028, 39.355607901052032 ], [ -76.700182124943012, 39.355844533487961 ], [ -76.699792226465291, 39.355579698899284 ], [ -76.700490428545152, 39.354987846293383 ], [ -76.699550637146046, 39.354341099717601 ], [ -76.699041655299325, 39.354798042831952 ], [ -76.698878938062023, 39.354683881830375 ], [ -76.699140565202001, 39.354449018111687 ], [ -76.697953005871128, 39.353872090893411 ], [ -76.697249512714251, 39.353287364546709 ], [ -76.697377266622368, 39.353174225647322 ], [ -76.696494854213739, 39.352693598268708 ], [ -76.696313834700831, 39.352841828449918 ], [ -76.694745395079394, 39.351711426360957 ], [ -76.69535502596716, 39.351254020572114 ], [ -76.694914072638596, 39.351469235995999 ], [ -76.694593331861341, 39.351233087495153 ], [ -76.694335586341694, 39.351428773835302 ], [ -76.692229707143653, 39.349956965134403 ], [ -76.69234458370218, 39.349862245234149 ], [ -76.691901708877225, 39.349569804416582 ], [ -76.691737376469021, 39.349704662795311 ], [ -76.691488867427154, 39.34952362896351 ], [ -76.691080330703926, 39.349858327368203 ], [ -76.690139543073172, 39.34900956237437 ], [ -76.690598314485413, 39.348628822099037 ], [ -76.689551158240178, 39.347885946411338 ], [ -76.689171870662605, 39.348192402371673 ], [ -76.688881535162778, 39.347985065593257 ], [ -76.688504629019008, 39.348263032586409 ], [ -76.687941440133102, 39.347862981090088 ], [ -76.68718759460792, 39.347269630681218 ], [ -76.687725518376467, 39.346813776925337 ], [ -76.68768328947327, 39.34664686002305 ], [ -76.687493109839409, 39.346604458970532 ], [ -76.687623035873912, 39.346697554936689 ], [ -76.687381329773672, 39.346900964998873 ], [ -76.685928716230023, 39.345871935670296 ], [ -76.686124949610573, 39.345698287669549 ], [ -76.6854899359261, 39.345076499215168 ], [ -76.684805762836064, 39.345508863289069 ], [ -76.684512275147895, 39.345232758955305 ], [ -76.684931924929501, 39.344968096724294 ], [ -76.684579867084821, 39.344632314771729 ], [ -76.684851003790385, 39.344431283744299 ], [ -76.683654035505214, 39.343594785494894 ], [ -76.682508970978844, 39.344800775957069 ], [ -76.682196853130023, 39.344620571408882 ], [ -76.681705479161181, 39.345138603003662 ], [ -76.682689389518842, 39.345783811249945 ], [ -76.68303115806026, 39.345628761518427 ], [ -76.681374595506071, 39.346703885632976 ], [ -76.680379375358996, 39.345610684749481 ], [ -76.682608480956148, 39.343234671919397 ], [ -76.681769831773195, 39.342548345496809 ], [ -76.682304131737894, 39.342244278983351 ], [ -76.682137681102262, 39.342168833740338 ], [ -76.682282397897907, 39.342022518534854 ], [ -76.680684354296261, 39.341590662979712 ], [ -76.678773383463707, 39.342064870956904 ], [ -76.678647048893737, 39.341690509449478 ], [ -76.678542411332799, 39.341857916167832 ], [ -76.677729318321383, 39.341575038291381 ], [ -76.677880349375144, 39.341037998469673 ], [ -76.677367226294962, 39.340874593611233 ], [ -76.677539198874641, 39.340649770533759 ], [ -76.677396376625936, 39.34056855228625 ], [ -76.676509234587314, 39.340315008573512 ], [ -76.676663301946746, 39.339986261590674 ], [ -76.67650933430032, 39.339913515121687 ], [ -76.67630565298775, 39.340345560284618 ], [ -76.675920324239897, 39.340224464964692 ], [ -76.676156212850344, 39.339723764506374 ], [ -76.675413921456339, 39.339250182607294 ], [ -76.674741104868104, 39.340466050961865 ], [ -76.67432067804377, 39.340353130298368 ], [ -76.675376984528484, 39.338715373192741 ], [ -76.674829398480739, 39.338352280310005 ], [ -76.67385885864779, 39.338759023359849 ], [ -76.67351080549264, 39.338231585199978 ], [ -76.674232524568311, 39.337952314512719 ], [ -76.674087414310577, 39.337855078536542 ], [ -76.673140893631683, 39.338221333133617 ], [ -76.67253372592441, 39.337281816859793 ], [ -76.672943002859427, 39.337088219029667 ], [ -76.672826460824353, 39.336948929281817 ], [ -76.672184022564082, 39.336543471482528 ], [ -76.671552403613092, 39.336841504256434 ], [ -76.671339721181383, 39.336472932947899 ], [ -76.671133766232799, 39.336552085481607 ], [ -76.670984522826458, 39.336318439933656 ], [ -76.67132928994431, 39.336139702459022 ], [ -76.670872237907517, 39.335938514994844 ], [ -76.668641605174372, 39.336804892472806 ], [ -76.668469984734287, 39.336541886667753 ], [ -76.668246410229742, 39.336645968136864 ], [ -76.667725459230169, 39.33598259002602 ], [ -76.667319276092982, 39.336117314820434 ], [ -76.66695615819053, 39.335649170299234 ], [ -76.668178705105106, 39.335067456307186 ], [ -76.667001283262209, 39.33451033999453 ], [ -76.665846660661202, 39.333394593238346 ], [ -76.66524471306407, 39.331348511452475 ], [ -76.664675650992834, 39.331235823425367 ], [ -76.663892084706447, 39.328788440762445 ], [ -76.663259947427562, 39.329068142737377 ], [ -76.662352613057976, 39.327856467767567 ], [ -76.662592758784555, 39.327748946776445 ], [ -76.6623294922192, 39.327322541943879 ], [ -76.65982052817337, 39.326504345257966 ], [ -76.658946091906117, 39.326898639572981 ], [ -76.658180180210053, 39.325849215927882 ], [ -76.657803229150517, 39.325984538400007 ], [ -76.657615010538947, 39.32724784635694 ], [ -76.657805715687246, 39.327711375470173 ], [ -76.661895037303381, 39.333305977828836 ], [ -76.662450640815038, 39.33305139819592 ], [ -76.661919549632557, 39.333339874693614 ], [ -76.665442504123305, 39.338151631409673 ], [ -76.666375840228795, 39.337830673121104 ], [ -76.666723947282847, 39.33828233207246 ], [ -76.666313469300292, 39.338481179058569 ], [ -76.666675040303829, 39.33903104512337 ], [ -76.668179226127947, 39.338362689375465 ], [ -76.668551695492539, 39.338748134963829 ], [ -76.668866636746301, 39.339242217154201 ], [ -76.668257022028214, 39.339547719594592 ], [ -76.669124805372448, 39.339793888464669 ], [ -76.668435494817274, 39.340771139542113 ], [ -76.667616997541089, 39.341055427529831 ], [ -76.672492035112072, 39.346259999135412 ], [ -76.672984176242167, 39.345974575647979 ], [ -76.67313838643372, 39.346102971275904 ], [ -76.673235107142048, 39.346218730892915 ], [ -76.672748805061303, 39.346528980920752 ], [ -76.673717400940006, 39.347507897458406 ], [ -76.674037539845997, 39.347302711470256 ], [ -76.674349775374139, 39.347554568160959 ], [ -76.674776473337474, 39.347291635451441 ], [ -76.675778095777574, 39.348277414399362 ], [ -76.67655321251037, 39.348801099185579 ], [ -76.67683965291512, 39.348618277017827 ], [ -76.677300157177541, 39.349131232243835 ], [ -76.677582567739918, 39.348962979476759 ], [ -76.679177091742289, 39.349447166258379 ], [ -76.679308714694358, 39.349148432130619 ], [ -76.679712526279175, 39.349259872845565 ], [ -76.679397383802794, 39.349464264646933 ], [ -76.679620953815743, 39.349569671736504 ], [ -76.681986230535244, 39.350222373980408 ], [ -76.682645021726955, 39.350828374551476 ], [ -76.683007229636033, 39.350631486175715 ], [ -76.683707490654513, 39.351393013682056 ], [ -76.683346372401871, 39.35159108844087 ], [ -76.683554779751177, 39.351745697046645 ], [ -76.684277581296769, 39.351349301246032 ], [ -76.685687151165268, 39.352886527711767 ], [ -76.686597817386229, 39.35239776838327 ], [ -76.688667264509618, 39.354724332381522 ], [ -76.688387989067564, 39.354871462858718 ], [ -76.688785609463466, 39.355340506650386 ], [ -76.687223516439502, 39.35612502254677 ], [ -76.686408211775841, 39.355192855513224 ], [ -76.686673421397188, 39.354917753555576 ], [ -76.686292906720908, 39.355061451580411 ], [ -76.685484085198652, 39.354045063560797 ], [ -76.684553868043849, 39.354581697806061 ], [ -76.684816153648924, 39.354901505311247 ], [ -76.684445414439608, 39.355073118865953 ], [ -76.684319420331107, 39.354920169398021 ], [ -76.683958356875706, 39.35510612858409 ], [ -76.683488364607271, 39.35455747466213 ], [ -76.68288866369663, 39.354722547237024 ], [ -76.682642006980871, 39.354421358677548 ], [ -76.681237944683375, 39.355215878856072 ], [ -76.681033348885819, 39.354810561056148 ], [ -76.680554531568035, 39.354487384965608 ], [ -76.683602235052675, 39.353037790913305 ], [ -76.683194462795768, 39.352460302588582 ], [ -76.682624481747993, 39.352762331766577 ], [ -76.682322285791471, 39.352388298466501 ], [ -76.682952745915742, 39.352055396698091 ], [ -76.681571741574956, 39.351226062565708 ], [ -76.681801868391176, 39.350989975066526 ], [ -76.68071116182098, 39.350553507566822 ], [ -76.680509435242456, 39.350997862075161 ], [ -76.67994181406894, 39.35130177797263 ], [ -76.679662725476462, 39.351039074007709 ], [ -76.680270762752926, 39.350694836090206 ], [ -76.679868295047754, 39.350801107549316 ], [ -76.679698700308649, 39.350641562759478 ], [ -76.679425610665632, 39.350815938276853 ], [ -76.678716161678437, 39.350148724694911 ], [ -76.676626679429248, 39.351504016666823 ], [ -76.678613855245672, 39.353755216588787 ], [ -76.678883978651598, 39.353672684764284 ], [ -76.679100769079113, 39.353942217327301 ], [ -76.67881950656367, 39.354183008502865 ], [ -76.679340825872501, 39.354740389649677 ], [ -76.675242892107718, 39.356659504258666 ], [ -76.673471525758544, 39.356810155694681 ], [ -76.66701802516414, 39.355829206495812 ], [ -76.66411983098719, 39.355304402586846 ], [ -76.661413174696776, 39.354506031103135 ], [ -76.660767948065853, 39.353992691617499 ], [ -76.66022691882138, 39.353241316582498 ], [ -76.659827199961001, 39.351062953132825 ], [ -76.662532987580505, 39.350957580944112 ], [ -76.665019162265878, 39.353385872440455 ], [ -76.666517659059338, 39.353115655609791 ], [ -76.666835670754722, 39.353860755434361 ], [ -76.667362372768764, 39.354087223929511 ], [ -76.667534606758167, 39.354053832386121 ], [ -76.667174470364145, 39.352931319330416 ], [ -76.669843838485406, 39.352421105231379 ], [ -76.674246134943175, 39.349992630160173 ], [ -76.673840917494928, 39.349504853678738 ], [ -76.674524711495948, 39.349131496910921 ], [ -76.673783922983418, 39.348928380933039 ], [ -76.674039716463938, 39.348620898700197 ], [ -76.673614026410362, 39.348294929877689 ], [ -76.673180863271938, 39.348232363462948 ], [ -76.672842092408615, 39.34841243226802 ], [ -76.672730791144915, 39.348310345356715 ], [ -76.673120665368117, 39.348083144011859 ], [ -76.672915831517045, 39.347858517095915 ], [ -76.673396060088137, 39.347581929517055 ], [ -76.668392558939956, 39.342263210449389 ], [ -76.667887067048099, 39.342433922715323 ], [ -76.667740808743446, 39.342173871947836 ], [ -76.668182212127974, 39.342037734619097 ], [ -76.668025060852159, 39.341869239679291 ], [ -76.667620035643381, 39.342006550049128 ], [ -76.665958729086171, 39.339944548473909 ], [ -76.664525845241087, 39.34081219007173 ], [ -76.663830489922375, 39.341026740824297 ], [ -76.66194963421141, 39.340755228434602 ], [ -76.658534601522263, 39.340909043992774 ], [ -76.657466806483356, 39.341981286695393 ], [ -76.657294413492139, 39.342527351454706 ], [ -76.657427533037463, 39.342967042590978 ], [ -76.659243718132799, 39.344659880126919 ], [ -76.659560591662768, 39.345228754686616 ], [ -76.659680919198436, 39.345846945340213 ], [ -76.659236331286223, 39.347676480922566 ], [ -76.659486760926185, 39.348968638920482 ], [ -76.659390891820749, 39.349132211720558 ], [ -76.657655575762234, 39.34943385932727 ], [ -76.65765335692349, 39.350003179201885 ], [ -76.657701445537271, 39.350003291041475 ], [ -76.657866372630167, 39.35013486773115 ], [ -76.657686020565535, 39.350012140954071 ], [ -76.656646343693339, 39.350009109477092 ], [ -76.656622470964678, 39.350250642203754 ], [ -76.656438116007109, 39.349400143931653 ], [ -76.656134483644436, 39.349399234619568 ], [ -76.656239783263743, 39.349307255101884 ], [ -76.654799654505894, 39.348640752349077 ], [ -76.654806373904208, 39.347375760771577 ], [ -76.654422937008363, 39.347591527211634 ], [ -76.653496541286771, 39.346889392215431 ], [ -76.653945097955912, 39.34595132278919 ], [ -76.654805335451755, 39.345875577270469 ], [ -76.65498006046947, 39.346090712696771 ], [ -76.655049987127811, 39.348528974426351 ], [ -76.656681509143453, 39.349226470659225 ], [ -76.659151047928091, 39.348961881904451 ], [ -76.659022328331034, 39.347719148081225 ], [ -76.659417373257028, 39.346136952940725 ], [ -76.659343411366422, 39.345421271246764 ], [ -76.658843279721864, 39.344572209213126 ], [ -76.657370852936296, 39.343333260678165 ], [ -76.657034085316056, 39.342715700834908 ], [ -76.657165498960666, 39.342001520861182 ], [ -76.657791590577716, 39.34127988317335 ], [ -76.657735550975346, 39.341154911413255 ], [ -76.656589492912275, 39.341673100000378 ], [ -76.65448950396754, 39.342170081481775 ], [ -76.651169070165992, 39.34455794612775 ], [ -76.651717646157181, 39.345043023474624 ], [ -76.651516416347022, 39.345338498937537 ], [ -76.651690400254608, 39.345447865098883 ], [ -76.650642617883634, 39.345927993506031 ], [ -76.65018314309053, 39.345629841775619 ], [ -76.650103721239631, 39.346063252804854 ], [ -76.650450612873115, 39.346093716556013 ], [ -76.650746671539636, 39.347515652176099 ], [ -76.65004932645256, 39.34760938256013 ], [ -76.649688708561527, 39.346547553460866 ], [ -76.648968557046004, 39.345901071939934 ], [ -76.648640489609321, 39.346522489040503 ], [ -76.648015458004309, 39.347066938606886 ], [ -76.648326473620273, 39.3454221549067 ], [ -76.648668888050381, 39.345215549073629 ], [ -76.648393538246125, 39.344112930289327 ], [ -76.649241631417667, 39.344901930141539 ], [ -76.650146692151253, 39.34478498734066 ], [ -76.650836558763572, 39.344529954180388 ], [ -76.654219356307081, 39.342108751073603 ], [ -76.656476562104643, 39.341497800591021 ], [ -76.657913463215692, 39.340811421681501 ], [ -76.662023648204297, 39.340582173542622 ], [ -76.663801459067344, 39.34086357701662 ], [ -76.664405662334161, 39.340686299018209 ], [ -76.664927914992589, 39.340403914536779 ], [ -76.665047861642591, 39.340159185260035 ], [ -76.666214254868748, 39.339636305555231 ], [ -76.658919974287556, 39.329712746788985 ], [ -76.65860187545556, 39.329852489407401 ], [ -76.658521013605267, 39.329742772957566 ], [ -76.65883983108948, 39.329602663234645 ], [ -76.657263148526994, 39.3274282450896 ], [ -76.657489808744529, 39.32596559001756 ], [ -76.657016322927944, 39.325794316364771 ], [ -76.657566479055731, 39.325030732382409 ], [ -76.656472098375986, 39.323551226819568 ], [ -76.656968859541593, 39.323340718994864 ], [ -76.65659147549411, 39.322834537660221 ], [ -76.657110434928683, 39.322603612087597 ], [ -76.656463296682858, 39.321734616637976 ], [ -76.657353476823758, 39.321357098954351 ], [ -76.657074865236694, 39.320910450329286 ], [ -76.657390739840054, 39.320329298944372 ], [ -76.657687521650359, 39.320414560987196 ], [ -76.657822514183053, 39.320172417153366 ], [ -76.656454535413872, 39.31969804192093 ], [ -76.656258604765583, 39.319954554883267 ], [ -76.655681246752678, 39.320218683575618 ], [ -76.655213070877764, 39.319450714685487 ], [ -76.655413624256497, 39.31935433349468 ], [ -76.652743585992027, 39.318530294118915 ], [ -76.652318387316924, 39.318235327348631 ], [ -76.651991941339304, 39.318428543021199 ], [ -76.651609998341726, 39.318220237433707 ], [ -76.651823460511125, 39.317994119745663 ], [ -76.650285135112952, 39.316709162614913 ], [ -76.650149218213826, 39.316805647528078 ], [ -76.649871577705596, 39.316556407884264 ], [ -76.649994372015044, 39.316469249379189 ], [ -76.648523581959921, 39.315255412221106 ], [ -76.648306713378972, 39.315411667724554 ], [ -76.646974577389642, 39.314279466983137 ], [ -76.646785375122818, 39.314479897346402 ], [ -76.645946105204018, 39.313708053987256 ], [ -76.645710811278263, 39.313604634784411 ], [ -76.645402113315711, 39.313896540079767 ], [ -76.645233252500191, 39.313753428114282 ], [ -76.645753680680244, 39.313265642022259 ], [ -76.645194602485091, 39.312761417952835 ], [ -76.645740213137515, 39.312367025178311 ], [ -76.64638872670406, 39.31291047440503 ], [ -76.646794855942318, 39.312959465953142 ], [ -76.647083079502906, 39.312745909146699 ], [ -76.64705829588253, 39.312328713047776 ], [ -76.648195113874593, 39.312287943963774 ], [ -76.648287429244775, 39.313670660708134 ], [ -76.648745384986725, 39.314231317322765 ], [ -76.649276974734207, 39.313969806381543 ], [ -76.65027128848115, 39.313898007255268 ], [ -76.650155907967743, 39.311967770505738 ], [ -76.650514560344931, 39.311954147845377 ], [ -76.650538056679494, 39.312227232332894 ], [ -76.650980560500258, 39.312210097730322 ], [ -76.651098732079248, 39.314052184921657 ], [ -76.6491744365361, 39.314192762959074 ], [ -76.648629935303035, 39.314563123890494 ], [ -76.648943141011685, 39.314822024954331 ], [ -76.648686387232118, 39.315010724886974 ], [ -76.651565500294154, 39.317343792939305 ], [ -76.651419399194637, 39.316943072449632 ], [ -76.6515280351569, 39.316276980432683 ], [ -76.652943389277524, 39.315717518229526 ], [ -76.654231811448511, 39.315692050082596 ], [ -76.65663883647251, 39.316112796998389 ], [ -76.65870630550566, 39.315856597291656 ], [ -76.659097401437649, 39.316905990167633 ], [ -76.658000817190526, 39.318131879394251 ], [ -76.656611653452018, 39.318908675610523 ], [ -76.655280378947054, 39.319055971133949 ], [ -76.660343156327571, 39.320596987829816 ], [ -76.661000017039726, 39.318568014215629 ], [ -76.66219780458843, 39.318495001527921 ], [ -76.660312489640404, 39.316854601599459 ], [ -76.659623713582818, 39.315861757629321 ], [ -76.65921205611231, 39.315979965049863 ], [ -76.659097024145225, 39.315726663686263 ], [ -76.65959488574704, 39.315552438324879 ], [ -76.659496663953874, 39.315225889268689 ], [ -76.658001822405339, 39.31568128319396 ], [ -76.656509625496994, 39.315775767241789 ], [ -76.656380265401125, 39.313105750929502 ], [ -76.656599659146352, 39.312525168573501 ], [ -76.657386941763022, 39.311525084812708 ], [ -76.657308092138976, 39.309579970932141 ], [ -76.657074975729472, 39.30958815940221 ], [ -76.657107501929289, 39.310163379478212 ], [ -76.655801519491149, 39.31020922714859 ], [ -76.655780081196866, 39.309868886907161 ], [ -76.654232739408201, 39.309935205498391 ], [ -76.654217717780014, 39.309695975211653 ], [ -76.652595045068225, 39.309756559063338 ], [ -76.652609562741532, 39.31000334020068 ], [ -76.650759954029411, 39.310035690746552 ], [ -76.650772758615474, 39.310255807372229 ], [ -76.650353529245407, 39.310271802570611 ], [ -76.650340522538414, 39.310042268726072 ], [ -76.645825843245362, 39.310281004343203 ], [ -76.645860068159351, 39.310815822716187 ], [ -76.646087173941282, 39.311042680888718 ], [ -76.64604113438466, 39.311727159876014 ], [ -76.645770818739251, 39.312105663651344 ], [ -76.645752723076157, 39.31188582807831 ], [ -76.64556112859573, 39.311973017314401 ], [ -76.645584458741965, 39.312239906917924 ], [ -76.645393514641825, 39.312378499422046 ], [ -76.642818799307079, 39.310198268972186 ], [ -76.642473220112237, 39.310207046773236 ], [ -76.645234094221607, 39.312511201982602 ], [ -76.644854127517689, 39.31260955327307 ], [ -76.644965425188119, 39.312700516990589 ], [ -76.644427655929803, 39.313087242482624 ], [ -76.643531186683589, 39.312340823945199 ], [ -76.643724693677257, 39.312198892436115 ], [ -76.643238618870285, 39.311729693977242 ], [ -76.643006275011928, 39.311899623120496 ], [ -76.642220238358547, 39.311245394697536 ], [ -76.64280833662896, 39.310848472450715 ], [ -76.642717760397176, 39.310773034338581 ], [ -76.642438257681363, 39.310972963889299 ], [ -76.641656192479871, 39.310333650219476 ], [ -76.641783102869937, 39.310235391647069 ], [ -76.641034629270138, 39.310272617169773 ], [ -76.641042008930228, 39.310518746617269 ], [ -76.641296168375234, 39.31071769270936 ], [ -76.641061533812916, 39.310885522496079 ], [ -76.641156343804624, 39.310964470457151 ], [ -76.64101656414978, 39.311063047725362 ], [ -76.640648948382704, 39.310752758468489 ], [ -76.640116787306695, 39.311069583210767 ], [ -76.641988186452679, 39.312616505630317 ], [ -76.641170399743885, 39.313194547620185 ], [ -76.64128346080723, 39.313341914251147 ], [ -76.642323851840047, 39.314372093078035 ], [ -76.642698005545782, 39.314146727465527 ], [ -76.643985135041063, 39.315218661255194 ], [ -76.643487940887496, 39.315659429018076 ], [ -76.641849002380866, 39.314032006608571 ], [ -76.64038946641962, 39.315070577859132 ], [ -76.640068442673055, 39.314733242144243 ], [ -76.640639802634794, 39.314253347782483 ], [ -76.641073405049383, 39.313972546125683 ], [ -76.641332499838583, 39.314232427255547 ], [ -76.641690158679069, 39.314019235741299 ], [ -76.64066983151811, 39.312979912159591 ], [ -76.640718114167996, 39.312748639208344 ], [ -76.641332917555189, 39.312312089317317 ], [ -76.640101583320515, 39.311288180701204 ], [ -76.639927887772117, 39.311182041004734 ], [ -76.639732594927665, 39.311298305353624 ], [ -76.639140293440036, 39.310632240916348 ], [ -76.638648635603559, 39.31065014115174 ], [ -76.638459926511842, 39.310459956650845 ], [ -76.637229143842745, 39.310761204663272 ], [ -76.637361138697344, 39.310898568477789 ], [ -76.636347389899214, 39.310940461562204 ], [ -76.636099266234581, 39.310688155331391 ], [ -76.635439565947806, 39.311001592030507 ], [ -76.634975071368899, 39.310533825682434 ], [ -76.633963027573174, 39.310574689619912 ], [ -76.634181281356291, 39.310804316939169 ], [ -76.633191742155077, 39.311242130785857 ], [ -76.632869070898266, 39.310910056863221 ], [ -76.632528707321953, 39.31087482228704 ], [ -76.631343054216117, 39.311578326790212 ], [ -76.62817071757064, 39.311702420759659 ], [ -76.628226481390215, 39.312742322117913 ], [ -76.630092172640857, 39.314697487543377 ], [ -76.630410134928937, 39.314519399543222 ], [ -76.630124678179413, 39.314150630652705 ], [ -76.630803208052868, 39.314081629137853 ], [ -76.630734131200768, 39.314553090756519 ], [ -76.629894724738051, 39.315046502957806 ], [ -76.628438323897143, 39.313532679599355 ], [ -76.628592762260794, 39.313439793151069 ], [ -76.627997522383851, 39.312750574855407 ], [ -76.627895065932435, 39.311181058216128 ], [ -76.627517390830803, 39.311196470063344 ], [ -76.627532705309761, 39.311423133085903 ], [ -76.62694402582936, 39.311447155715982 ], [ -76.62658130049067, 39.311247504146365 ], [ -76.626354743579384, 39.31090117975895 ], [ -76.623628077316013, 39.311016169865574 ], [ -76.623652206064548, 39.311729550799839 ], [ -76.6233673592711, 39.312026634268896 ], [ -76.623532535197356, 39.311663439639993 ], [ -76.623512609666037, 39.31102108729516 ], [ -76.622757333124611, 39.31105326291479 ], [ -76.622912603328203, 39.311682125697835 ], [ -76.623423267719446, 39.312599745047805 ], [ -76.62426632583383, 39.313161647382493 ], [ -76.626095132258897, 39.313613818048282 ], [ -76.626531609282409, 39.314193735975209 ], [ -76.626737997218939, 39.31408932223227 ], [ -76.627820120386602, 39.315312910322653 ], [ -76.629013100151894, 39.317256212171721 ], [ -76.629454835014783, 39.317111143057794 ], [ -76.630520749879764, 39.317831943955262 ], [ -76.631118952400499, 39.31942530557923 ], [ -76.631186668304935, 39.320411756170081 ], [ -76.631807694322092, 39.321026991083656 ], [ -76.631884066392601, 39.321601531982402 ], [ -76.632532162242541, 39.322092150182016 ], [ -76.63299277879436, 39.323217538642666 ], [ -76.634353703991934, 39.324007732615961 ], [ -76.634922342956656, 39.324744935910871 ], [ -76.636467396736307, 39.325483291222426 ], [ -76.638575560350148, 39.325807365125684 ], [ -76.640618397578194, 39.326752420961618 ], [ -76.640294038386983, 39.326982985394018 ], [ -76.640840003873947, 39.327708011569484 ], [ -76.641595001039335, 39.330808012639736 ], [ -76.641929004543428, 39.331495012286624 ], [ -76.643986950536245, 39.333860136873533 ], [ -76.644531773366182, 39.333513711120879 ], [ -76.645750572509371, 39.334385797337042 ], [ -76.64793831697591, 39.338264414590668 ], [ -76.647317091532742, 39.338107078351968 ], [ -76.646774035688978, 39.338184462922193 ], [ -76.646765331013867, 39.338540715975455 ], [ -76.644181754697186, 39.337800899850592 ], [ -76.644083814076708, 39.337659737010739 ], [ -76.64390649921603, 39.337729657385346 ], [ -76.643403506437323, 39.337009883475069 ], [ -76.643003453403622, 39.337165098230741 ], [ -76.641791465286914, 39.335815269287693 ], [ -76.640901765744687, 39.336148859141502 ], [ -76.640502928131568, 39.33490118739909 ], [ -76.639040157337007, 39.335503523740435 ], [ -76.638808098244596, 39.3347179640975 ], [ -76.638172401840535, 39.33484016883471 ], [ -76.638053893393305, 39.334465952760297 ], [ -76.636797753080373, 39.334720136066011 ], [ -76.637260294721841, 39.336190010351331 ], [ -76.636725267121776, 39.336411970643745 ], [ -76.636853488153861, 39.336766322064797 ], [ -76.637362125047503, 39.337466224295618 ], [ -76.637652040135777, 39.33734159588726 ], [ -76.637839984761214, 39.337597475810036 ], [ -76.637545244821553, 39.33772596464199 ], [ -76.639188367680788, 39.340187841057698 ], [ -76.640105467635806, 39.342494592844389 ], [ -76.640649869155865, 39.342327589205944 ], [ -76.640893117663452, 39.343284835066598 ], [ -76.640198161196707, 39.343111940666162 ], [ -76.641236464544818, 39.345853083682499 ], [ -76.643435917652752, 39.35310048639338 ], [ -76.647420051939037, 39.364464224523786 ], [ -76.647764339356513, 39.365785847997124 ], [ -76.64788072059315, 39.365775188135082 ], [ -76.647879064998079, 39.366542812105706 ], [ -76.648294589715903, 39.367076809221359 ], [ -76.648888933972501, 39.369233247028646 ], [ -76.64840344307045, 39.369346582842034 ], [ -76.648182854565917, 39.368801424914516 ], [ -76.648503813633781, 39.36872133178715 ], [ -76.648244885032923, 39.367713085280926 ], [ -76.647906156390405, 39.367753034512759 ], [ -76.647826848625556, 39.367334801230349 ], [ -76.647628477254628, 39.367331105189905 ], [ -76.648001734441692, 39.367111048757103 ], [ -76.647884157547438, 39.366920828901804 ], [ -76.647489166520373, 39.367001725531807 ], [ -76.647728465135643, 39.366734159452314 ], [ -76.647475963082314, 39.366698397410445 ], [ -76.64745522547399, 39.366458754310798 ], [ -76.647685266950248, 39.366373414380824 ], [ -76.64765241376368, 39.366109181556155 ], [ -76.647298139775188, 39.366012818846137 ], [ -76.647630613448371, 39.365934004562433 ], [ -76.647613814054239, 39.365798829566423 ], [ -76.647067170339227, 39.36580165895375 ], [ -76.647045221801889, 39.365535257121941 ], [ -76.647544434469907, 39.365482613908476 ], [ -76.646221436143634, 39.361817228440721 ], [ -76.645729242911258, 39.361984095212968 ], [ -76.645607286729984, 39.361739882539524 ], [ -76.644746690806315, 39.36198680946174 ], [ -76.643190082895487, 39.362138375918711 ], [ -76.641891750510283, 39.362585443898325 ], [ -76.64138859513649, 39.362449336610169 ], [ -76.640336958992947, 39.362541832226739 ], [ -76.634862037255019, 39.36233208077099 ], [ -76.632179626494136, 39.362064181481898 ], [ -76.631930789567164, 39.363080595210498 ], [ -76.632412556054035, 39.364356448002638 ], [ -76.632536817312342, 39.364374381713922 ], [ -76.632508231123381, 39.365392389043173 ], [ -76.630619745122388, 39.365390068015238 ], [ -76.629147595916251, 39.365123491681601 ], [ -76.628478409420055, 39.365286463417696 ], [ -76.62805532088754, 39.365732359766902 ], [ -76.627863612321079, 39.364218240481776 ], [ -76.62848281655485, 39.364176296665157 ], [ -76.629161579091956, 39.363763023746358 ], [ -76.629192634749643, 39.3633700833172 ], [ -76.628608878036985, 39.363408816841172 ], [ -76.629137037118397, 39.362876118227014 ], [ -76.629068926853549, 39.361929631719221 ], [ -76.63149315192031, 39.362022042596024 ], [ -76.631524725905919, 39.361755145031843 ], [ -76.629156982412653, 39.361667593496342 ], [ -76.62902889073797, 39.357227337889384 ], [ -76.630770605496267, 39.357086566439676 ], [ -76.631212275680426, 39.357942411771155 ], [ -76.634797493301846, 39.357808565316866 ], [ -76.634656968943645, 39.356961819512925 ], [ -76.634136028723859, 39.356978537513008 ], [ -76.633847872536904, 39.35573345265788 ], [ -76.632107207010876, 39.355829777455142 ], [ -76.631661040758701, 39.354150924964237 ], [ -76.629438233249999, 39.354238696388698 ], [ -76.62926812557285, 39.353477943141648 ], [ -76.630362625728495, 39.353386542056093 ], [ -76.630345193920419, 39.354104669879277 ], [ -76.631800816820274, 39.354004178481432 ], [ -76.632248960264391, 39.355684161138477 ], [ -76.634782637861989, 39.355518527514349 ], [ -76.635004704993491, 39.356489220575341 ], [ -76.639265304791607, 39.357549737961349 ], [ -76.641113308214315, 39.357745077379867 ], [ -76.642791106043504, 39.360046516952949 ], [ -76.642957543204403, 39.361000491184235 ], [ -76.642708762871308, 39.361067041887203 ], [ -76.642884186778304, 39.361465130019916 ], [ -76.643138808855696, 39.361406279392575 ], [ -76.643239621390151, 39.361844998850913 ], [ -76.644525717822845, 39.361619894577423 ], [ -76.645759817970273, 39.360898078169342 ], [ -76.642224306828453, 39.350684800498378 ], [ -76.641517522244385, 39.348113931295437 ], [ -76.641577033835333, 39.347799153448804 ], [ -76.640215071981928, 39.343833605985346 ], [ -76.639915904246251, 39.342230145338043 ], [ -76.639511004801605, 39.341087014781053 ], [ -76.638967003031837, 39.339999013821867 ], [ -76.637742011801393, 39.338184494187004 ], [ -76.637429460066258, 39.337898323491672 ], [ -76.636804588361372, 39.337954160531055 ], [ -76.637105162858816, 39.338081270970292 ], [ -76.636724705674737, 39.338246361623668 ], [ -76.636612849252174, 39.338086283765691 ], [ -76.636422468395693, 39.338166933793651 ], [ -76.636290153740873, 39.337977305581212 ], [ -76.636750190879354, 39.337956607530089 ], [ -76.636693167621729, 39.33778154127765 ], [ -76.636116842671427, 39.337742608734573 ], [ -76.636701720481554, 39.337488428775089 ], [ -76.636876105936082, 39.337733863569206 ], [ -76.637187117958803, 39.33756292722213 ], [ -76.636593867850223, 39.336664260524323 ], [ -76.636149640162458, 39.336849494995391 ], [ -76.63592563626321, 39.336050470077481 ], [ -76.635341791515643, 39.336160565019263 ], [ -76.635125601162756, 39.335466387376783 ], [ -76.635709753134122, 39.335356130147922 ], [ -76.635377195917627, 39.333942011872516 ], [ -76.635239160791073, 39.333968063272685 ], [ -76.635177292020828, 39.333762153140988 ], [ -76.63565662676821, 39.333670346898337 ], [ -76.635424726677627, 39.332903335875436 ], [ -76.634938897110729, 39.332973840491007 ], [ -76.63440021067251, 39.331112076089596 ], [ -76.635275430270667, 39.330883431927404 ], [ -76.635343718401941, 39.331098695488485 ], [ -76.635622303039526, 39.331048192850609 ], [ -76.635766097265375, 39.331520752615639 ], [ -76.636835032266347, 39.331321278540791 ], [ -76.636879120682181, 39.331465140430041 ], [ -76.635875557881064, 39.331655289368761 ], [ -76.635895745720447, 39.331950492766701 ], [ -76.635378272099345, 39.332044321845395 ], [ -76.635541128575525, 39.332582914913807 ], [ -76.636057464031154, 39.332485074610865 ], [ -76.636222242003726, 39.333029270127511 ], [ -76.636124410977686, 39.333161958528102 ], [ -76.636421439824701, 39.333687154543838 ], [ -76.636187944326153, 39.33373302570763 ], [ -76.636693093959892, 39.334618603761818 ], [ -76.638651816537987, 39.334323415102638 ], [ -76.638742293056779, 39.334619786325995 ], [ -76.640029713606211, 39.334373435955321 ], [ -76.640096692892115, 39.334599011546672 ], [ -76.64061523281346, 39.334500257610884 ], [ -76.640726154988116, 39.334845120024788 ], [ -76.641151460562739, 39.334761308961014 ], [ -76.641044942827932, 39.334418568085205 ], [ -76.641614860993627, 39.334310212293026 ], [ -76.641576790391881, 39.33420437016526 ], [ -76.640589505063716, 39.334393454847493 ], [ -76.640232395093875, 39.333091389483556 ], [ -76.64055937017919, 39.333420116778917 ], [ -76.641607206449095, 39.332936102454624 ], [ -76.641705778585234, 39.332682501182227 ], [ -76.641529645907468, 39.332047483340752 ], [ -76.64177634125079, 39.332035479385262 ], [ -76.641453597230452, 39.331357014222185 ], [ -76.641023444346558, 39.331375216274509 ], [ -76.640522423369873, 39.329829872537637 ], [ -76.640643123706397, 39.329723305840183 ], [ -76.640496527635179, 39.32974998001432 ], [ -76.640427017795133, 39.329535592687769 ], [ -76.640042336732577, 39.329610271933987 ], [ -76.63963206985413, 39.32866709542256 ], [ -76.639948578668069, 39.327982296454927 ], [ -76.639427453395328, 39.327862725818541 ], [ -76.639161584410587, 39.32841097852387 ], [ -76.638817061634498, 39.328348284520786 ], [ -76.637709416431306, 39.328639411886989 ], [ -76.637531165526099, 39.328128944705924 ], [ -76.636013759195947, 39.327653237848622 ], [ -76.637050603680038, 39.327938406776326 ], [ -76.6372973610071, 39.327742701223073 ], [ -76.637387821356214, 39.32733460646822 ], [ -76.635936849034579, 39.326865374711126 ], [ -76.635280883942769, 39.326487433042303 ], [ -76.634932921517446, 39.327268922119501 ], [ -76.635568176848722, 39.327492865428347 ], [ -76.634199565665583, 39.328273412142245 ], [ -76.633524038860145, 39.32731137589888 ], [ -76.633283590401291, 39.326695883563218 ], [ -76.633296062610711, 39.326437104965933 ], [ -76.633639949379543, 39.326100894892129 ], [ -76.63368479777013, 39.325529511743007 ], [ -76.633219188381929, 39.325284581689338 ], [ -76.633044563077235, 39.325424278954344 ], [ -76.633033954872047, 39.325882275584028 ], [ -76.632531800221471, 39.326526884680845 ], [ -76.632510588302679, 39.326922882032058 ], [ -76.632082117963293, 39.327500758562877 ], [ -76.632166707822037, 39.326526977101082 ], [ -76.631327354359897, 39.326569785724033 ], [ -76.631180523828391, 39.324787143835785 ], [ -76.631393494619317, 39.32461122253202 ], [ -76.631057041409434, 39.323878522268835 ], [ -76.630367557479417, 39.323291429645984 ], [ -76.630179992841349, 39.323597947568175 ], [ -76.63043356119492, 39.323730062490924 ], [ -76.630183799901516, 39.324094289662646 ], [ -76.630340518189371, 39.324762074392574 ], [ -76.629665767528323, 39.325272122802225 ], [ -76.629108151790433, 39.325141163636054 ], [ -76.629665347116756, 39.323701317252528 ], [ -76.630231413306532, 39.323159682898506 ], [ -76.6298758843716, 39.322840908738513 ], [ -76.629709963741988, 39.322975849958404 ], [ -76.628286037896913, 39.322234931675681 ], [ -76.627875785391495, 39.322183198166186 ], [ -76.627856460833101, 39.32241697086446 ], [ -76.627553501308597, 39.322402310623382 ], [ -76.627573091768312, 39.322158544749037 ], [ -76.627866151858385, 39.322173339163129 ], [ -76.627701460124086, 39.322004289046369 ], [ -76.627825199461213, 39.321865397329823 ], [ -76.626924760559774, 39.320818131022627 ], [ -76.626176998425677, 39.320843008684662 ], [ -76.625238085578928, 39.321239646291744 ], [ -76.624999089695905, 39.321990987314891 ], [ -76.624559059835448, 39.321435183103738 ], [ -76.624968219989483, 39.321244934796503 ], [ -76.624807018210049, 39.321034534696395 ], [ -76.623396946183306, 39.321855479907391 ], [ -76.623305441093535, 39.3217401768255 ], [ -76.622789746136675, 39.321982295079195 ], [ -76.623232517655396, 39.322546019908479 ], [ -76.622776560664946, 39.322760107606257 ], [ -76.623005341804884, 39.322684680252621 ], [ -76.623153887220255, 39.322867897559249 ], [ -76.622943724562916, 39.322965070987209 ], [ -76.623253027091636, 39.323362868891991 ], [ -76.62372263757608, 39.323140865091155 ], [ -76.623841459535356, 39.323290819505203 ], [ -76.622423352078386, 39.323937174485508 ], [ -76.622136149902275, 39.323572116763081 ], [ -76.622870422035732, 39.323222502469399 ], [ -76.622142562975085, 39.322288264878324 ], [ -76.621481835015615, 39.322602086025768 ], [ -76.621879124831494, 39.323122537894214 ], [ -76.621575667640315, 39.322849840616826 ], [ -76.621262996429252, 39.322999067374411 ], [ -76.620947337421583, 39.322642209071248 ], [ -76.621174148556079, 39.322532953165897 ], [ -76.621009719129844, 39.322326839798244 ], [ -76.621335193130321, 39.322186036269002 ], [ -76.620890016821591, 39.321615314684905 ], [ -76.620459987905207, 39.322096421240431 ], [ -76.620364211326248, 39.320852238949634 ], [ -76.620532843071388, 39.320845800280509 ], [ -76.620527366043092, 39.320609156366579 ], [ -76.62078229893757, 39.320692701549319 ], [ -76.621031695514958, 39.320530724515756 ], [ -76.620940604548522, 39.320415065520692 ], [ -76.621941145417011, 39.319936671622337 ], [ -76.621663074615782, 39.320107785881163 ], [ -76.621924323565025, 39.320426578751622 ], [ -76.621654391500229, 39.320527953060825 ], [ -76.621942663569854, 39.320904603063596 ], [ -76.623169005866487, 39.320236497964281 ], [ -76.623338402976245, 39.320452703292005 ], [ -76.622963346463663, 39.320723986664291 ], [ -76.623487386769483, 39.321398479860356 ], [ -76.624032819555495, 39.321120540858217 ], [ -76.623949498117938, 39.321015095037531 ], [ -76.624107508183158, 39.320940455954059 ], [ -76.624693424445766, 39.320889092587812 ], [ -76.624078010204173, 39.320103672455637 ], [ -76.624727564019821, 39.319798117718541 ], [ -76.624473904038098, 39.319474105621445 ], [ -76.624637287825351, 39.319391274097008 ], [ -76.624519887000858, 39.319240446790985 ], [ -76.624998511180863, 39.318978928164569 ], [ -76.624601536673666, 39.318506010527614 ], [ -76.624356036987976, 39.318583829601998 ], [ -76.62420123660327, 39.318401992403402 ], [ -76.623390098325913, 39.318782842413015 ], [ -76.623662033633778, 39.319128157620689 ], [ -76.62255593263454, 39.319729387247051 ], [ -76.621822717818176, 39.319787405668386 ], [ -76.621576620752833, 39.319472664276326 ], [ -76.621331471410102, 39.31958948888407 ], [ -76.621841857323616, 39.319280320188859 ], [ -76.622098086487057, 39.319604395729755 ], [ -76.622336254123383, 39.31953726416728 ], [ -76.623436224120809, 39.318972285003582 ], [ -76.62282619617767, 39.318199584962116 ], [ -76.622620154990827, 39.318295401342773 ], [ -76.622478027139834, 39.318104322343444 ], [ -76.621592150827453, 39.318540725594389 ], [ -76.621783274590683, 39.318832419874781 ], [ -76.620885802824603, 39.319071598075034 ], [ -76.621015970505908, 39.319238944979425 ], [ -76.619969548184258, 39.319727722131177 ], [ -76.619993528710779, 39.320166394003053 ], [ -76.620156192947476, 39.320226085505382 ], [ -76.619998020287198, 39.320232192044749 ], [ -76.62001310389914, 39.320451523962994 ], [ -76.619540285530803, 39.320468195795875 ], [ -76.619527684862319, 39.320261227113576 ], [ -76.61977140678205, 39.320252570105481 ], [ -76.61974847369116, 39.319915595735097 ], [ -76.619461626349576, 39.31992449810393 ], [ -76.619485229583674, 39.320235226898028 ], [ -76.618630732322487, 39.320214502051336 ], [ -76.618617615122687, 39.320018073676266 ], [ -76.619224833135632, 39.320078078729011 ], [ -76.619193162131978, 39.319573019074561 ], [ -76.618895388581592, 39.319580216755 ], [ -76.618878564034645, 39.319222265208964 ], [ -76.618015596558621, 39.319252967214126 ], [ -76.618028302330018, 39.319640602325016 ], [ -76.617759963876551, 39.319649957146055 ], [ -76.617802461376002, 39.320311911974038 ], [ -76.61808291181444, 39.320270706942807 ], [ -76.618098989861409, 39.320520957707963 ], [ -76.617816512823694, 39.320531295068498 ], [ -76.61783042503248, 39.320710899427901 ], [ -76.617300790019073, 39.320730287745214 ], [ -76.617376230536621, 39.321828898623266 ], [ -76.617863660901364, 39.321811061012291 ], [ -76.617957906751101, 39.322691511386324 ], [ -76.618558669470389, 39.322676977679556 ], [ -76.618584103471022, 39.323061155335189 ], [ -76.617589939742714, 39.323277673680742 ], [ -76.617760133658138, 39.326020098220894 ], [ -76.617919451670403, 39.326059463956291 ], [ -76.619945702405047, 39.32447993552092 ], [ -76.621457402636523, 39.325185491468851 ], [ -76.623596218564472, 39.324156100770914 ], [ -76.624840255875583, 39.325735743533926 ], [ -76.62332833016697, 39.32645456476687 ], [ -76.623574757812335, 39.326733059329477 ], [ -76.623639550598824, 39.326494244347671 ], [ -76.624957697124259, 39.32587380411379 ], [ -76.625280725012217, 39.326287590909715 ], [ -76.625047619382499, 39.326463354426252 ], [ -76.624935612941314, 39.328418116925761 ], [ -76.625947773518021, 39.330997706852557 ], [ -76.625635043916461, 39.331359967296372 ], [ -76.624262186396976, 39.331986061366209 ], [ -76.623827171830769, 39.332879670110565 ], [ -76.623116150791802, 39.333645441142536 ], [ -76.623869282156335, 39.334944464752837 ], [ -76.62387310448787, 39.336229830314331 ], [ -76.623406075761551, 39.33587649960868 ], [ -76.623602778062676, 39.335298355315565 ], [ -76.623405018444458, 39.335289951686981 ], [ -76.623173360000663, 39.335772498980056 ], [ -76.618180204749621, 39.332496560841058 ], [ -76.617785564065514, 39.326528671935264 ], [ -76.617321592306112, 39.32644542766154 ], [ -76.61728166309004, 39.325872239209176 ], [ -76.615725983138873, 39.325935712324465 ], [ -76.615874596826231, 39.328316237762841 ], [ -76.615417366024715, 39.328336980360227 ], [ -76.61546414309818, 39.329130772167694 ], [ -76.615059596691438, 39.329148254226617 ], [ -76.615071348451991, 39.329327766973059 ], [ -76.615939952856394, 39.329289837271638 ], [ -76.615971832269224, 39.329787587747603 ], [ -76.614894940889755, 39.329799197410509 ], [ -76.614948360106439, 39.330597317507994 ], [ -76.61373818478998, 39.329834656622154 ], [ -76.613620536030481, 39.328076390741082 ], [ -76.615447757827411, 39.328005891610424 ], [ -76.615321604717096, 39.325945205282522 ], [ -76.614642789179413, 39.325977718011366 ], [ -76.614545948995143, 39.324498344361452 ], [ -76.614004583780741, 39.324518283386674 ], [ -76.613993981863771, 39.324355168609507 ], [ -76.614746235574259, 39.324270663959091 ], [ -76.614846942107505, 39.325786804535724 ], [ -76.617267540675456, 39.325691919155489 ], [ -76.617143142873232, 39.321837195459658 ], [ -76.616494697578645, 39.321862647470773 ], [ -76.616354132796246, 39.319763447752919 ], [ -76.61663657569801, 39.319752343047178 ], [ -76.616607396620935, 39.319302043276004 ], [ -76.615601421843266, 39.319335220695251 ], [ -76.615510038026045, 39.319211179876199 ], [ -76.615414136581251, 39.316498090023046 ], [ -76.616790588260187, 39.316447704024611 ], [ -76.616778617310715, 39.316262700454814 ], [ -76.61516858389497, 39.316324868758798 ], [ -76.61534937613412, 39.31907288236674 ], [ -76.613654069241704, 39.31913985800832 ], [ -76.613530694620593, 39.318364370207952 ], [ -76.611228634144268, 39.318616201199497 ], [ -76.611227642404202, 39.318461463021215 ], [ -76.610600190737799, 39.318460673536286 ], [ -76.610644227949663, 39.318963494402773 ], [ -76.609882429639271, 39.318944751912596 ], [ -76.609862733178346, 39.319225979083456 ], [ -76.609582541454714, 39.319233888440117 ], [ -76.609584390187578, 39.319668014219552 ], [ -76.610700515487054, 39.319623229777598 ], [ -76.61070108322231, 39.319783654991021 ], [ -76.609647478869974, 39.319816426327762 ], [ -76.609650283410289, 39.320313018335582 ], [ -76.610297577962996, 39.320341901871686 ], [ -76.610295061781883, 39.320600438246075 ], [ -76.609896017556252, 39.320590246139865 ], [ -76.609891050771054, 39.320818188703115 ], [ -76.609583400244119, 39.320816975327915 ], [ -76.609890012318587, 39.320864777152863 ], [ -76.609896128049044, 39.321000205171146 ], [ -76.609892128749394, 39.321162065757228 ], [ -76.609591883035364, 39.321157497901382 ], [ -76.609620419816991, 39.323127018061427 ], [ -76.611023363711951, 39.323129532291965 ], [ -76.611024318621091, 39.323367815335416 ], [ -76.610952362668527, 39.324647474484294 ], [ -76.610152013157716, 39.325383494569827 ], [ -76.609528005632129, 39.325362616285723 ], [ -76.609815884239651, 39.325453377188516 ], [ -76.609815697390076, 39.325596499269786 ], [ -76.609831893116336, 39.325453980361431 ], [ -76.610046700962016, 39.325461886929133 ], [ -76.61006513079839, 39.325980270358592 ], [ -76.609525449925144, 39.32599997408709 ], [ -76.609521137113461, 39.326179542862675 ], [ -76.610174802518173, 39.326156920635626 ], [ -76.610179188991708, 39.326432775801877 ], [ -76.609891720914248, 39.32647250890146 ], [ -76.610464377144936, 39.326448271845422 ], [ -76.610515462538515, 39.327058490108506 ], [ -76.610295194732544, 39.327065529280119 ], [ -76.610296015792713, 39.327250549447186 ], [ -76.610942655473579, 39.327228066542993 ], [ -76.610956771599959, 39.328153755144491 ], [ -76.611518523181402, 39.327999723905904 ], [ -76.611482017444871, 39.328494204475945 ], [ -76.611702696679259, 39.328484033671231 ], [ -76.611709814929583, 39.328630007542884 ], [ -76.611594623062359, 39.328561337864976 ], [ -76.610968413766031, 39.328918358444639 ], [ -76.61097248133764, 39.329188663969283 ], [ -76.610569501592764, 39.32919114601826 ], [ -76.610565348681192, 39.328917078502897 ], [ -76.610296936565888, 39.328916214090498 ], [ -76.609910650213934, 39.329039196097838 ], [ -76.609912339046645, 39.329195226250839 ], [ -76.609558816049741, 39.329197375460424 ], [ -76.609552058023851, 39.329326638518531 ], [ -76.610234690503219, 39.329326213958311 ], [ -76.610237969353989, 39.329604534488354 ], [ -76.609989645365062, 39.32960725277438 ], [ -76.609986915384923, 39.329853046681826 ], [ -76.609559153816292, 39.329855223665497 ], [ -76.609998385074462, 39.329882077756906 ], [ -76.610002875752571, 39.330133030678091 ], [ -76.609562885417986, 39.330133765832691 ], [ -76.609679647540304, 39.346100578748192 ], [ -76.613392078284051, 39.345972792364044 ], [ -76.616359911658478, 39.345245333774784 ], [ -76.619837128426539, 39.345441528731222 ], [ -76.621978579113232, 39.345289929522515 ], [ -76.623379778479915, 39.353163907004934 ], [ -76.617643252958203, 39.353671039906033 ], [ -76.617735936637629, 39.352098270962721 ], [ -76.617222710251198, 39.351780105253901 ], [ -76.61685524809603, 39.351952365541081 ], [ -76.615982912988258, 39.351961436101142 ], [ -76.615843063264805, 39.351399338395787 ], [ -76.614295559779364, 39.351526796017147 ], [ -76.614247377740782, 39.350860695795838 ], [ -76.614681775164428, 39.350826072489745 ], [ -76.614675851673425, 39.349788622660718 ], [ -76.614827542988934, 39.349666369032967 ], [ -76.614686818306424, 39.349677384240081 ], [ -76.614683771220967, 39.349334216340928 ], [ -76.614858164760349, 39.349328006754213 ], [ -76.614971037177469, 39.348065734765697 ], [ -76.617270861747059, 39.348140945790149 ], [ -76.61727092552745, 39.346687988380339 ], [ -76.617131704624725, 39.346926059849693 ], [ -76.615842151474794, 39.346863538753425 ], [ -76.615817153157067, 39.346204131911939 ], [ -76.617090029982052, 39.346295013731662 ], [ -76.61723725487397, 39.346185379354921 ], [ -76.61718920219279, 39.345490371752916 ], [ -76.616446064585787, 39.345516475815046 ], [ -76.613522620562819, 39.346181464756313 ], [ -76.60974326712703, 39.346237069403863 ], [ -76.609778461323245, 39.347288448942173 ], [ -76.610367889100274, 39.347273903675259 ], [ -76.610268557887736, 39.348209389919468 ], [ -76.610372828037711, 39.348561985846892 ], [ -76.610535474308108, 39.348558049151947 ], [ -76.61054189726238, 39.348914458428659 ], [ -76.610400718930649, 39.348919598960507 ], [ -76.610370104345762, 39.349720319009883 ], [ -76.610679365551988, 39.349709098885199 ], [ -76.610572643001305, 39.350591331954412 ], [ -76.61140784624682, 39.350527628369022 ], [ -76.61142840958199, 39.351143093601003 ], [ -76.61086624747044, 39.351229473265292 ], [ -76.610929607444064, 39.35180417167799 ], [ -76.609910044749412, 39.351887331577501 ], [ -76.6099206529546, 39.351996912552131 ], [ -76.610749245497956, 39.351929318894477 ], [ -76.610784811596687, 39.352626317173716 ], [ -76.611074373647057, 39.352611215230212 ], [ -76.611103090990056, 39.353177784206707 ], [ -76.609962998638792, 39.353207804464901 ], [ -76.609978965294644, 39.353622449192038 ], [ -76.611017714207136, 39.353591901200822 ], [ -76.611048454556169, 39.354202541048977 ], [ -76.610003887255573, 39.35429901729875 ], [ -76.610007453567263, 39.354409286324412 ], [ -76.610636008364821, 39.354350970855712 ], [ -76.61077781911051, 39.354800844185924 ], [ -76.610677882433464, 39.355392929678523 ], [ -76.610033345708686, 39.355423438679146 ], [ -76.610035303137693, 39.355588171632355 ], [ -76.61046632918405, 39.355586884538276 ], [ -76.610582091481461, 39.356124609262906 ], [ -76.610479044836893, 39.356754380256561 ], [ -76.610046648859722, 39.356753059149121 ], [ -76.610058769827845, 39.357821276788904 ], [ -76.610925588381477, 39.35777363080971 ], [ -76.610971888449541, 39.358165067018348 ], [ -76.610694666556242, 39.358288991505397 ], [ -76.610882634537873, 39.358562975126155 ], [ -76.610832962194223, 39.358862972011366 ], [ -76.610873326194891, 39.358968553844335 ], [ -76.611144167354738, 39.358897468396407 ], [ -76.611363630270219, 39.359319870964228 ], [ -76.61091797965102, 39.359520160431607 ], [ -76.610205367695713, 39.35850774424209 ], [ -76.610064404061305, 39.358603395648494 ], [ -76.610850222424091, 39.359660642902497 ], [ -76.61050445907459, 39.359813491004886 ], [ -76.610734514923919, 39.360315876291274 ], [ -76.610085638438008, 39.360664238271667 ], [ -76.610655915929826, 39.360414781282351 ], [ -76.610850078693645, 39.360968990722924 ], [ -76.611102024689799, 39.360872910547151 ], [ -76.611458684603704, 39.361353392060479 ], [ -76.610095897198562, 39.3618463636179 ], [ -76.610098099867628, 39.362879510300147 ], [ -76.610603627692086, 39.362760990446105 ], [ -76.610733013839081, 39.363093673821659 ], [ -76.610101190970511, 39.363236954288418 ], [ -76.610102295, 39.363351084644385 ], [ -76.610609114601829, 39.363236193784545 ], [ -76.610739466437778, 39.363593012267977 ], [ -76.610100800203384, 39.363687509364524 ], [ -76.610763697594251, 39.363618186549807 ], [ -76.610801727771786, 39.364002813610462 ], [ -76.610093768191334, 39.364033194532496 ], [ -76.610087968667855, 39.364251438953488 ], [ -76.61165937811964, 39.364196046578279 ], [ -76.611708799833295, 39.364438714403029 ], [ -76.610078723206954, 39.364569030455819 ], [ -76.610779120769351, 39.364583513783458 ], [ -76.610793407575628, 39.364796251809977 ], [ -76.609729370189598, 39.364912674964941 ], [ -76.607337619220345, 39.364619157452516 ], [ -76.607411819164497, 39.364249812401681 ], [ -76.609804599603052, 39.364263706153238 ], [ -76.609809391216785, 39.364042215602474 ], [ -76.607923127647808, 39.364098733214853 ], [ -76.607239638175685, 39.36394492702734 ], [ -76.607292362994656, 39.363582265256177 ], [ -76.609818801967691, 39.363482915394705 ], [ -76.609337251076496, 39.363453449613196 ], [ -76.609335843416446, 39.363041654535799 ], [ -76.609817542529655, 39.363043637407579 ], [ -76.60982275365663, 39.362906410045142 ], [ -76.609341372547021, 39.362904399388363 ], [ -76.60934270385026, 39.362355312898906 ], [ -76.60744584105926, 39.362347402863776 ], [ -76.607445843754192, 39.361823348016593 ], [ -76.609070653558049, 39.361830079479986 ], [ -76.609068432024344, 39.361623887488705 ], [ -76.60981614744604, 39.361626975414062 ], [ -76.609233320489693, 39.361558681947294 ], [ -76.609232144594998, 39.361425084817171 ], [ -76.609801317159011, 39.361198688727001 ], [ -76.609606279436093, 39.361215913424978 ], [ -76.608952288841266, 39.360623548067302 ], [ -76.607605111460828, 39.361368600462953 ], [ -76.60700999734803, 39.360282841947203 ], [ -76.608348914719429, 39.360191106654483 ], [ -76.608677851725332, 39.360352758442147 ], [ -76.609797283723395, 39.360338274237201 ], [ -76.609798975251067, 39.360230630954661 ], [ -76.609215274233961, 39.360238904481236 ], [ -76.609153719874058, 39.359856889761645 ], [ -76.608744539058762, 39.359862392047575 ], [ -76.608676154807767, 39.359731588661994 ], [ -76.608998792826895, 39.359630065601706 ], [ -76.608791319725512, 39.359326194265826 ], [ -76.608911407410986, 39.359205498563995 ], [ -76.609784107234802, 39.358697896717295 ], [ -76.609781510205295, 39.358565694369879 ], [ -76.609093941483479, 39.358935366752966 ], [ -76.608961277383997, 39.358782912633096 ], [ -76.609318865257578, 39.358589609123975 ], [ -76.60925937163293, 39.357918161314778 ], [ -76.609491818797551, 39.357797431229585 ], [ -76.609468238021336, 39.357468748422669 ], [ -76.609773801761861, 39.357454334467036 ], [ -76.609125660097831, 39.357404106476025 ], [ -76.609093364765044, 39.356988308952666 ], [ -76.609445805292054, 39.356982918268784 ], [ -76.6094647157271, 39.356555073345227 ], [ -76.609761491249202, 39.356561849770131 ], [ -76.609628452552244, 39.356465426655689 ], [ -76.609646152956614, 39.356127821069201 ], [ -76.609176944019097, 39.356120442388466 ], [ -76.60918633141381, 39.35551391328088 ], [ -76.598347275365299, 39.354279222215794 ], [ -76.595711103587035, 39.357013673847703 ], [ -76.596612893554678, 39.357935869552577 ], [ -76.597370778803693, 39.359466099946083 ], [ -76.59694272977417, 39.359567946215371 ], [ -76.596807627647024, 39.359189624992524 ], [ -76.595784963968029, 39.359619980590445 ], [ -76.59567398250455, 39.359965079541666 ], [ -76.594433235722335, 39.360188035334971 ], [ -76.594360414692133, 39.360843077637846 ], [ -76.591759862911516, 39.360889656087707 ], [ -76.588733063223529, 39.359999050992428 ], [ -76.585845728780043, 39.366110209409491 ], [ -76.585291816796072, 39.366211022306118 ], [ -76.584281401645953, 39.367967899095831 ], [ -76.583175536903653, 39.367662835498557 ], [ -76.581706280272712, 39.368011975456497 ], [ -76.581271807390607, 39.367213065834115 ], [ -76.581071396843981, 39.367267205745215 ], [ -76.581509756736324, 39.36826418876425 ], [ -76.581889860882498, 39.368160389116213 ], [ -76.582052883546993, 39.368520075610242 ], [ -76.582163704212022, 39.368913596112058 ], [ -76.581758597256538, 39.369197871694546 ], [ -76.580232382046717, 39.367203229848748 ], [ -76.585533396233842, 39.365834163563491 ], [ -76.588340193118867, 39.359874570420246 ], [ -76.582226023038231, 39.357907475941744 ], [ -76.582028575135411, 39.358759643199427 ], [ -76.583705478242578, 39.359157534723764 ], [ -76.58250870219689, 39.360470622558566 ], [ -76.581421243934741, 39.359812350540423 ], [ -76.582082544121064, 39.357607488150201 ], [ -76.583257753413406, 39.358001342414809 ], [ -76.583536535680366, 39.357478274606528 ], [ -76.583083984203157, 39.356381393545909 ], [ -76.58352442369538, 39.356071431758672 ], [ -76.584312562406538, 39.355951381964928 ], [ -76.584293632208556, 39.355675971118977 ], [ -76.587476906740932, 39.355604213420811 ], [ -76.587501746056844, 39.356257887293125 ], [ -76.588059840596785, 39.356244797677675 ], [ -76.5881746803244, 39.357192360721932 ], [ -76.589420324721544, 39.357524525374153 ], [ -76.588438056484236, 39.359668267777884 ], [ -76.591352824578195, 39.360589618593266 ], [ -76.592550635483093, 39.360704363089283 ], [ -76.59409428429764, 39.360625926901278 ], [ -76.594264024563842, 39.359542649620181 ], [ -76.593845621643851, 39.359564840140429 ], [ -76.593760804511348, 39.358468648906857 ], [ -76.594734750755876, 39.358416788706336 ], [ -76.595514231504325, 39.356844793400121 ], [ -76.598158427933015, 39.354030866313487 ], [ -76.607715341034393, 39.355192054634728 ], [ -76.607774247160819, 39.354752811333654 ], [ -76.609741147102952, 39.354906926718449 ], [ -76.609724619898358, 39.354414634835528 ], [ -76.608360341289853, 39.354258411602544 ], [ -76.608353476364442, 39.353907204478872 ], [ -76.609401045834716, 39.354048440781185 ], [ -76.609373491810004, 39.354338626896919 ], [ -76.609443139990617, 39.354052315346074 ], [ -76.609713675723242, 39.354077071434993 ], [ -76.608891191723842, 39.353917187511612 ], [ -76.608915472287663, 39.35352252391106 ], [ -76.609097799747616, 39.353536503150842 ], [ -76.609184787209841, 39.352793262165846 ], [ -76.607948337069615, 39.352688863677848 ], [ -76.605880164655616, 39.352253216732699 ], [ -76.605665603846631, 39.35226849102262 ], [ -76.605558213847686, 39.352535022641831 ], [ -76.605586475744829, 39.35215134660136 ], [ -76.608933049622834, 39.352688546232365 ], [ -76.609089313363128, 39.351773058151018 ], [ -76.609631944303771, 39.351831416755019 ], [ -76.609621209436128, 39.351719395950106 ], [ -76.608982238672837, 39.351650828834394 ], [ -76.609071549178395, 39.351133840243236 ], [ -76.609234683233979, 39.351151332082367 ], [ -76.609275885362806, 39.350907043332427 ], [ -76.609587111184553, 39.350938678924422 ], [ -76.609590367577468, 39.350828246041694 ], [ -76.609262747501774, 39.350794957137978 ], [ -76.609221890326026, 39.349649437412097 ], [ -76.608882699051151, 39.349663217364956 ], [ -76.608879563032488, 39.349539633243381 ], [ -76.60923286414554, 39.349525266278107 ], [ -76.609213418314582, 39.348952747740412 ], [ -76.608864070687105, 39.348919020998032 ], [ -76.608910297093317, 39.348679770518359 ], [ -76.608325163263331, 39.34852333370312 ], [ -76.608393163933712, 39.348183807868537 ], [ -76.609523896738025, 39.348272405808132 ], [ -76.609325455298503, 39.347450547393862 ], [ -76.609063940447925, 39.347429524952979 ], [ -76.609348921090344, 39.346702125292403 ], [ -76.609120141747056, 39.346676792777636 ], [ -76.609107023648946, 39.346266631367989 ], [ -76.605963339667781, 39.346051085918504 ], [ -76.604077363559696, 39.34567279431554 ], [ -76.599537738949493, 39.345239822001233 ], [ -76.599421760158094, 39.346015600196608 ], [ -76.599058809342282, 39.345982021396253 ], [ -76.598955464457049, 39.346567472304883 ], [ -76.597558091015159, 39.346435443601102 ], [ -76.597660183648884, 39.345057453190151 ], [ -76.596689383304494, 39.344978800054442 ], [ -76.595821361906701, 39.345139641586151 ], [ -76.593383716907908, 39.346198898091437 ], [ -76.591888828646972, 39.346240749887826 ], [ -76.592278478291348, 39.343531544467417 ], [ -76.593018168164278, 39.341427105875539 ], [ -76.592541362174416, 39.341318983958168 ], [ -76.592431491028648, 39.34161681851954 ], [ -76.589451681314841, 39.341422667175671 ], [ -76.589360346006657, 39.34226024255166 ], [ -76.586888567721999, 39.342126827358861 ], [ -76.585495182799974, 39.347117599870963 ], [ -76.585211368170789, 39.347711413531776 ], [ -76.578192685328901, 39.353169206987744 ], [ -76.577635197151778, 39.35240838305193 ], [ -76.577665279035699, 39.351827988718902 ], [ -76.576897186230113, 39.350895966495564 ], [ -76.576770124024748, 39.350328926102982 ], [ -76.577084568510173, 39.349928567586197 ], [ -76.578196418727217, 39.349909820196551 ], [ -76.579159310303851, 39.350380302577733 ], [ -76.578286470342874, 39.349597295579699 ], [ -76.579318366906364, 39.349760504991288 ], [ -76.580737035810401, 39.348982148087948 ], [ -76.580005853881516, 39.346969328369731 ], [ -76.579918609501135, 39.345113480417545 ], [ -76.580733747976439, 39.345150437285668 ], [ -76.58071796547523, 39.34448888429818 ], [ -76.581062025618934, 39.344030712897393 ], [ -76.581170136965071, 39.344093251811621 ], [ -76.582241529756644, 39.341615434599404 ], [ -76.583128347503461, 39.341666753564148 ], [ -76.583220985368825, 39.340354654583308 ], [ -76.580237599461896, 39.340091707292196 ], [ -76.578134989233149, 39.339270831642047 ], [ -76.578667393752582, 39.338846283315796 ], [ -76.578692497173208, 39.338060917558018 ], [ -76.579394983318636, 39.337034809570703 ], [ -76.580128407442473, 39.336673130190597 ], [ -76.580605694929332, 39.336643508585745 ], [ -76.580835729219089, 39.336945783293316 ], [ -76.581550350705712, 39.3370728399833 ], [ -76.581892898984776, 39.337319888130111 ], [ -76.581803950500301, 39.337576549758914 ], [ -76.582290301090069, 39.338085944715928 ], [ -76.582730633682772, 39.337927201154777 ], [ -76.582861624220868, 39.338096073827138 ], [ -76.582489924712505, 39.338295259697013 ], [ -76.584405166135909, 39.340413129019815 ], [ -76.586087068367632, 39.339991811990032 ], [ -76.590455301608145, 39.340289263145131 ], [ -76.592715193368406, 39.340190232398278 ], [ -76.593535487275147, 39.340038143808087 ], [ -76.59393351820114, 39.338515425662578 ], [ -76.594034771808396, 39.337004248075218 ], [ -76.59445884130119, 39.337019213044954 ], [ -76.594669971444119, 39.335555059800832 ], [ -76.595204513055606, 39.334505022615986 ], [ -76.595483776819549, 39.334429769820289 ], [ -76.598589780067826, 39.337150816959081 ], [ -76.594457055450405, 39.337151733378398 ], [ -76.594196414660615, 39.339301076029912 ], [ -76.592737603639804, 39.343440007405903 ], [ -76.592348134556786, 39.34599077456074 ], [ -76.59277404469762, 39.34601535774793 ], [ -76.592884202405955, 39.345487820812522 ], [ -76.593402135066185, 39.345534408805449 ], [ -76.594176635554689, 39.345350833371093 ], [ -76.594211331185903, 39.345614766107914 ], [ -76.595744917072651, 39.344922210701853 ], [ -76.59678677415603, 39.344759413067372 ], [ -76.604031901619791, 39.345442814622764 ], [ -76.605925369677351, 39.345827612615231 ], [ -76.609142574476323, 39.346045901409894 ], [ -76.609317408190179, 39.345336776771205 ], [ -76.609067383690416, 39.345227802248594 ], [ -76.609064248570064, 39.344809353508595 ], [ -76.608756138105718, 39.34481488963079 ], [ -76.608736174845149, 39.343902556613102 ], [ -76.608396154425279, 39.343905103443042 ], [ -76.608961814576531, 39.343828437985472 ], [ -76.609090653649531, 39.343034792199482 ], [ -76.608028292519805, 39.343059616801149 ], [ -76.607990468056457, 39.341491848056599 ], [ -76.609103117774097, 39.341456677516291 ], [ -76.609092435907058, 39.340997178728095 ], [ -76.608823735432537, 39.341004005988708 ], [ -76.608781144508299, 39.340283835740557 ], [ -76.609434918609139, 39.340284526324318 ], [ -76.60938319631002, 39.335407394649842 ], [ -76.607596289106411, 39.335420634771552 ], [ -76.607611221801378, 39.335910121477674 ], [ -76.60706323420672, 39.335972966419462 ], [ -76.607043596136279, 39.335842189875009 ], [ -76.60748074959119, 39.335816662355015 ], [ -76.607465723471449, 39.335319303587482 ], [ -76.607590260512538, 39.335283445561629 ], [ -76.609380031545271, 39.33526906593849 ], [ -76.609371970063904, 39.33440983292617 ], [ -76.609120613362578, 39.334414790400018 ], [ -76.609118257979915, 39.334245798360122 ], [ -76.609370412385204, 39.334243945295675 ], [ -76.609354356796132, 39.330964040930503 ], [ -76.609054216184973, 39.330961636072253 ], [ -76.609048873903987, 39.330702322245955 ], [ -76.608268189413067, 39.330610412622399 ], [ -76.608301184533445, 39.330397227245847 ], [ -76.608907858167314, 39.330460497527113 ], [ -76.608972097591604, 39.329414653053028 ], [ -76.60842774188562, 39.32936015583379 ], [ -76.608502043339399, 39.328580628114338 ], [ -76.606454037205211, 39.328586148150123 ], [ -76.606365461521548, 39.327788281658918 ], [ -76.606786587235163, 39.327756773173917 ], [ -76.607309695089739, 39.327119781604054 ], [ -76.607593714534801, 39.327231155293504 ], [ -76.607753016377401, 39.32698607415535 ], [ -76.607947571705012, 39.327062361305508 ], [ -76.608255889680194, 39.326573101037283 ], [ -76.608827217302562, 39.3266873760574 ], [ -76.609289914352601, 39.325640960234402 ], [ -76.609297272453091, 39.324729069104556 ], [ -76.608242499392574, 39.324748207531485 ], [ -76.60830404926088, 39.324586786782056 ], [ -76.608929215613188, 39.324445907192718 ], [ -76.608849904255067, 39.323881941946958 ], [ -76.608991708712566, 39.323878156048437 ], [ -76.60899511422582, 39.323536244373983 ], [ -76.607418685886529, 39.323215588691852 ], [ -76.607744498551867, 39.322729655229253 ], [ -76.607775510192113, 39.321364712025499 ], [ -76.608232031324562, 39.321377500315315 ], [ -76.608301064159193, 39.32151846391816 ], [ -76.608298807591197, 39.321632669364114 ], [ -76.607944914488399, 39.321625448961946 ], [ -76.607934591947469, 39.32218821557607 ], [ -76.608635024544171, 39.322202465157275 ], [ -76.608650653433486, 39.321524186043582 ], [ -76.609354182522964, 39.321399465285197 ], [ -76.609361263942347, 39.320980142832866 ], [ -76.609007793047738, 39.320980530611706 ], [ -76.608957740716718, 39.321198630831205 ], [ -76.608866768327886, 39.320620018399595 ], [ -76.608959197784117, 39.320844740488738 ], [ -76.609359804180016, 39.320852802550348 ], [ -76.609040517775213, 39.320686789635353 ], [ -76.609359526600599, 39.320602492511931 ], [ -76.60903928977821, 39.320518514268386 ], [ -76.609359364903852, 39.32047817665535 ], [ -76.609038719348021, 39.320436064118034 ], [ -76.609359261597589, 39.32039399881193 ], [ -76.609038110290257, 39.320354082961927 ], [ -76.60935916457953, 39.320309216955025 ], [ -76.609037488656085, 39.320268394145351 ], [ -76.609359109782304, 39.320267512947261 ], [ -76.60935897144175, 39.320151460868956 ], [ -76.609036364863641, 39.320113132152571 ], [ -76.609358797168582, 39.320029230461387 ], [ -76.60903576119577, 39.320030104712941 ], [ -76.609034261907581, 39.319821468230899 ], [ -76.608709030452204, 39.319803639142485 ], [ -76.608707566198305, 39.319640222183303 ], [ -76.608228432673528, 39.319726152919287 ], [ -76.608230829378712, 39.320149104980509 ], [ -76.607947414499833, 39.320144261162447 ], [ -76.6079480118795, 39.320394185753457 ], [ -76.60823246880409, 39.320434752748319 ], [ -76.60777463074146, 39.320426086727302 ], [ -76.607777900609094, 39.320813571483711 ], [ -76.606804187028217, 39.320790411717738 ], [ -76.605631865819504, 39.321967405418697 ], [ -76.605118738247754, 39.321954249616425 ], [ -76.604947214825714, 39.322692333485058 ], [ -76.604490331672224, 39.323366106526151 ], [ -76.60402019118176, 39.32316174612324 ], [ -76.60367158825764, 39.323722128625633 ], [ -76.602440258514562, 39.323244072144441 ], [ -76.600823317054278, 39.32492907482375 ], [ -76.600919231973791, 39.324682113537953 ], [ -76.600718134215981, 39.324888741144001 ], [ -76.600510979118212, 39.324809325935462 ], [ -76.600115435627245, 39.325245833980361 ], [ -76.603813183407667, 39.326874215045507 ], [ -76.603498892534176, 39.32748032076956 ], [ -76.603494029953538, 39.328248248056369 ], [ -76.596522221203159, 39.328199317940673 ], [ -76.595791997776701, 39.327967532454345 ], [ -76.59494538233379, 39.327331507299043 ], [ -76.594324848593416, 39.326293327932589 ], [ -76.594417488255402, 39.325924268794907 ], [ -76.59659467661902, 39.323784152012266 ], [ -76.596939768927001, 39.323998387411599 ], [ -76.597157983184246, 39.323784876114964 ], [ -76.598008914133743, 39.324316845671135 ], [ -76.598085639242171, 39.324151060570053 ], [ -76.597930977198018, 39.324091285552981 ], [ -76.598370857039825, 39.323660372727247 ], [ -76.600203017774177, 39.324809568457638 ], [ -76.601116089683472, 39.323909265315002 ], [ -76.6008895399587, 39.323771304399628 ], [ -76.601131133769542, 39.323515886727634 ], [ -76.600847650618704, 39.323721331555966 ], [ -76.60001397810241, 39.323207320510726 ], [ -76.599769409071371, 39.323447919456179 ], [ -76.599503850005391, 39.323282668774674 ], [ -76.60048909346294, 39.322313458905995 ], [ -76.601239319675827, 39.322782034615948 ], [ -76.601775149471436, 39.322280758927093 ], [ -76.599611745755865, 39.320820380561877 ], [ -76.600759280649243, 39.319690558625361 ], [ -76.598335213685971, 39.318170272438707 ], [ -76.597160232565699, 39.317920250945384 ], [ -76.595496424200434, 39.319536193931299 ], [ -76.594148756339848, 39.318700154623095 ], [ -76.594262215356864, 39.318595146458478 ], [ -76.594034198683232, 39.318589528338585 ], [ -76.592677667145722, 39.319887714148003 ], [ -76.59291843091323, 39.320037735302336 ], [ -76.593123134508616, 39.319837940761779 ], [ -76.593272083267536, 39.319930704743065 ], [ -76.593068505261229, 39.320131219684477 ], [ -76.592900748475174, 39.320235299867925 ], [ -76.592533856750208, 39.320007492311134 ], [ -76.591398580267196, 39.321198436942439 ], [ -76.591120304650062, 39.32099127027687 ], [ -76.59000819931147, 39.322025330947476 ], [ -76.588343317459419, 39.323120403091245 ], [ -76.588178768557256, 39.323855945161931 ], [ -76.588358314833087, 39.324219200191273 ], [ -76.587979062289804, 39.324218968090705 ], [ -76.587386902735986, 39.323837853728783 ], [ -76.584203012857643, 39.327708957992265 ], [ -76.581831247606843, 39.329827917907203 ], [ -76.581577124992748, 39.330183969649511 ], [ -76.581735732437622, 39.330280989078247 ], [ -76.581451843248288, 39.330557761853811 ], [ -76.581189347437402, 39.330394718835379 ], [ -76.578959175540021, 39.33192968940088 ], [ -76.577521507267733, 39.333078682545519 ], [ -76.575387796465549, 39.335200507695589 ], [ -76.575004126007698, 39.335932770425742 ], [ -76.574805547125919, 39.337251780727783 ], [ -76.574967832273586, 39.337390912156948 ], [ -76.573562177263085, 39.338963887742914 ], [ -76.573710937375822, 39.339042540004868 ], [ -76.572924237765747, 39.339793206907906 ], [ -76.57306397879303, 39.33986661213121 ], [ -76.572662689677514, 39.340313721892869 ], [ -76.572812565497827, 39.340393682936821 ], [ -76.571737002726692, 39.341414246220012 ], [ -76.571884357874325, 39.341497564379338 ], [ -76.571197224835402, 39.342229661109172 ], [ -76.57104895071123, 39.342144429830952 ], [ -76.570870875875826, 39.342340292378772 ], [ -76.572280818545181, 39.342588902419529 ], [ -76.572540914057598, 39.342333233902927 ], [ -76.572963361193004, 39.342570662992358 ], [ -76.572463905979873, 39.342866455281978 ], [ -76.572224607364603, 39.342658100903869 ], [ -76.570640825416419, 39.342371905449141 ], [ -76.57063201653672, 39.343473959797869 ], [ -76.569974471308328, 39.34313609205298 ], [ -76.569835930430258, 39.343248095354916 ], [ -76.569705971158115, 39.343148458832552 ], [ -76.569215617675439, 39.343503489584137 ], [ -76.56954544940335, 39.343812362925888 ], [ -76.568958843234626, 39.344188918089237 ], [ -76.568711069912951, 39.343951358332667 ], [ -76.568588617861636, 39.344064533006552 ], [ -76.568811063183858, 39.344283239967204 ], [ -76.567456244733592, 39.346072235903151 ], [ -76.569328099325418, 39.347200621548481 ], [ -76.569221695676646, 39.347330985042753 ], [ -76.567463156371403, 39.346277027445126 ], [ -76.567216134939628, 39.346573143057689 ], [ -76.566989822370104, 39.346457073500858 ], [ -76.566749104416672, 39.346758033799027 ], [ -76.566968629315909, 39.346870645399825 ], [ -76.566154217577648, 39.347686804543414 ], [ -76.566450283430683, 39.347836928615891 ], [ -76.56624639281064, 39.348075574835306 ], [ -76.565950596452211, 39.347925111578824 ], [ -76.565656982999897, 39.348269372171622 ], [ -76.565545427512973, 39.348212299211994 ], [ -76.564459946442781, 39.34935259293546 ], [ -76.564648251292624, 39.349447852583609 ], [ -76.564419440508303, 39.349762598690702 ], [ -76.563618284310365, 39.350552482263154 ], [ -76.563302146500618, 39.35109788335452 ], [ -76.563654056123283, 39.351438778061393 ], [ -76.563129817289791, 39.351764998264997 ], [ -76.562933800403215, 39.351575124919982 ], [ -76.562457409435012, 39.352107467232791 ], [ -76.562703226225977, 39.352317558501589 ], [ -76.562635581288447, 39.352471520187571 ], [ -76.562736297703168, 39.352349593563197 ], [ -76.563334961957963, 39.352923142186079 ], [ -76.561845239908223, 39.353945341712269 ], [ -76.561640561465694, 39.353743885973081 ], [ -76.561308046469989, 39.35394855500801 ], [ -76.564387344601514, 39.356975148626304 ], [ -76.564621849806443, 39.356775176929204 ], [ -76.565313225588454, 39.356799696587885 ], [ -76.565289601693095, 39.357122257693341 ], [ -76.564320104804182, 39.357066331084809 ], [ -76.563950816374032, 39.357295267461829 ], [ -76.563813761309447, 39.357160363999213 ], [ -76.564191943060905, 39.356934154127728 ], [ -76.560971724414159, 39.353775504304451 ], [ -76.560138113881635, 39.35426853906467 ], [ -76.560357840901816, 39.354482652580117 ], [ -76.560005688734037, 39.354699052786764 ], [ -76.560177999080253, 39.354867006952979 ], [ -76.559703826950781, 39.355393322823282 ], [ -76.559345874361213, 39.35554622471718 ], [ -76.560133402217971, 39.356315324593872 ], [ -76.558780337279146, 39.356265861225836 ], [ -76.558388180436808, 39.356719836275815 ], [ -76.557986696386891, 39.356512126105017 ], [ -76.557860661854207, 39.356654295531889 ], [ -76.558020738044576, 39.357536936144434 ], [ -76.557561043164227, 39.357504989589344 ], [ -76.557630524258201, 39.358425138850613 ], [ -76.558162909913008, 39.35854596578551 ], [ -76.557635484755195, 39.358480818493092 ], [ -76.55768337753625, 39.358836034591647 ], [ -76.556702207040217, 39.358397345549101 ], [ -76.556154966843849, 39.359096064335716 ], [ -76.555879637700841, 39.358973151180059 ], [ -76.556048642246836, 39.359064418545977 ], [ -76.555729229179562, 39.359448795636631 ], [ -76.555832793253728, 39.359495055518011 ], [ -76.555178766726286, 39.360171699413364 ], [ -76.554892594019492, 39.360900721616481 ], [ -76.554647724052813, 39.360951636778381 ], [ -76.554759221149254, 39.36100009182006 ], [ -76.554387434504306, 39.361656531561749 ], [ -76.553794073004624, 39.361398841538751 ], [ -76.553694714842621, 39.361512951283828 ], [ -76.554055147680714, 39.361669520843996 ], [ -76.55357458763126, 39.362341793121026 ], [ -76.553138033352639, 39.36215220619308 ], [ -76.553038675190635, 39.362266315401897 ], [ -76.553454590675614, 39.362447091882991 ], [ -76.552797336501342, 39.363217362455607 ], [ -76.552448880900954, 39.363387106068153 ], [ -76.55967047250428, 39.365590887343245 ], [ -76.565473407780019, 39.367657873438212 ], [ -76.565598436199565, 39.366418484872064 ], [ -76.566870875545021, 39.366531596071653 ], [ -76.566929861621517, 39.368482568580532 ], [ -76.559716980981491, 39.365823023115944 ], [ -76.552304835146828, 39.36353517812887 ], [ -76.551770774133999, 39.364503383871018 ], [ -76.551658248466566, 39.364465189895284 ], [ -76.551327181555124, 39.365053225763994 ], [ -76.551055037838111, 39.364956208065898 ], [ -76.550459460194645, 39.365969669766116 ], [ -76.549961877070572, 39.365808558102366 ], [ -76.549775377834422, 39.366012002118254 ], [ -76.550184552361515, 39.366159352589584 ], [ -76.550084982197106, 39.36628240658289 ], [ -76.550399728516453, 39.366428818918976 ], [ -76.550132916300669, 39.366771530606719 ], [ -76.549730203355423, 39.366642462495655 ], [ -76.549567958631954, 39.36682655633286 ], [ -76.549172428615734, 39.366707479945759 ], [ -76.549097371678812, 39.366802652038238 ], [ -76.549492651065066, 39.366921674093007 ], [ -76.549124184593396, 39.367547380868146 ], [ -76.548587695434364, 39.367385451965418 ], [ -76.548506172424013, 39.367478650805339 ], [ -76.548869646957641, 39.367588382333174 ], [ -76.54850177067911, 39.368213758815038 ], [ -76.547996627333603, 39.368061258276931 ], [ -76.547915809500736, 39.368154704837018 ], [ -76.54830809210722, 39.368273088449278 ], [ -76.548109534785027, 39.368581410616336 ], [ -76.547779904279736, 39.368965495742849 ], [ -76.547354063309186, 39.368801270742431 ], [ -76.547234334051495, 39.368939043485135 ], [ -76.547639572161003, 39.369095310972476 ], [ -76.547048915488631, 39.369642404844626 ], [ -76.546752037558591, 39.369494103365177 ], [ -76.54665315460538, 39.369607961684117 ], [ -76.546950632610034, 39.369756566400469 ], [ -76.546590694743671, 39.370170842062421 ], [ -76.546294998098233, 39.370020184719536 ], [ -76.546197213784623, 39.370133416476286 ], [ -76.546492197167723, 39.370284894419534 ], [ -76.54613439369848, 39.370702196831772 ], [ -76.54584293889782, 39.370546611419435 ], [ -76.545739240076358, 39.370654959642536 ], [ -76.546031693803627, 39.370809394806244 ], [ -76.545844685222718, 39.371024327763145 ], [ -76.546026308403498, 39.371120051612216 ], [ -76.54578019337184, 39.371406248763265 ], [ -76.545305635865134, 39.371153340553107 ], [ -76.545226454762712, 39.3712443767254 ], [ -76.545518020954489, 39.371399745305645 ], [ -76.545068641428557, 39.371985483223867 ], [ -76.544730056516514, 39.371814831351017 ], [ -76.544650909550086, 39.371905839577735 ], [ -76.544802392456447, 39.371985303364667 ], [ -76.541361867376139, 39.371983083249297 ], [ -76.541709998684723, 39.370714746928336 ], [ -76.543840735165006, 39.371488437414868 ], [ -76.544068116729733, 39.371108029367292 ], [ -76.54478045380057, 39.371364525235542 ], [ -76.544880694108173, 39.371249327419754 ], [ -76.544416380090652, 39.371082115422517 ], [ -76.544636443080734, 39.37070000306467 ], [ -76.545205759375207, 39.370875693105759 ], [ -76.543209812408364, 39.370153587627996 ], [ -76.543307578755673, 39.369994262731979 ], [ -76.544886761329607, 39.370574763779011 ], [ -76.545108829359421, 39.370276668611396 ], [ -76.545577144473228, 39.370448808288323 ], [ -76.545663742066623, 39.370359146096249 ], [ -76.545237000085848, 39.370202268928068 ], [ -76.545774537578808, 39.369584830582205 ], [ -76.54615504596687, 39.369786197581696 ], [ -76.54625523507049, 39.369673087486881 ], [ -76.545875713930954, 39.369472192395449 ], [ -76.546372753574275, 39.368908215376571 ], [ -76.546749081203004, 39.369104730706368 ], [ -76.546847965054525, 39.368990927818672 ], [ -76.546477701952298, 39.368797565751514 ], [ -76.546890964712233, 39.368262583834593 ], [ -76.547192192284868, 39.367917595327533 ], [ -76.547642824960647, 39.368076068672956 ], [ -76.547722539662317, 39.367983577607831 ], [ -76.547303743280224, 39.367835578175949 ], [ -76.547909907569334, 39.367144818109516 ], [ -76.548403857906408, 39.367204590344159 ], [ -76.547954330158447, 39.36704538303259 ], [ -76.548554869197247, 39.366352729601211 ], [ -76.549008349532457, 39.36651335039312 ], [ -76.549081776027137, 39.366418639743863 ], [ -76.548790491906374, 39.366315472119638 ], [ -76.549462773997021, 39.365537346181604 ], [ -76.549843172790602, 39.365551436220848 ], [ -76.548922708644838, 39.36522578251877 ], [ -76.549145979518812, 39.364850042868142 ], [ -76.549744701265794, 39.365061977928377 ], [ -76.550173380014314, 39.364576299205922 ], [ -76.5505640645179, 39.364719236321548 ], [ -76.55066422936703, 39.36460412130193 ], [ -76.550395627707189, 39.364505850081287 ], [ -76.550756203377404, 39.363909760147699 ], [ -76.551208771024278, 39.363978035341823 ], [ -76.550804314449053, 39.363830241332742 ], [ -76.551165050019378, 39.36323384698759 ], [ -76.551689457736174, 39.363425423563832 ], [ -76.551887688969927, 39.363197508781589 ], [ -76.551372546476983, 39.363008467295977 ], [ -76.552728330616176, 39.361441247504672 ], [ -76.553898513834511, 39.360106341103247 ], [ -76.554430114361779, 39.360277773790401 ], [ -76.55399841008736, 39.360086349022971 ], [ -76.556067796125319, 39.357680767697829 ], [ -76.556537089504474, 39.356903664540646 ], [ -76.556678749333201, 39.356940235234553 ], [ -76.556776699835154, 39.356720266226318 ], [ -76.556963097561663, 39.356768340095812 ], [ -76.557074134720651, 39.356514427979462 ], [ -76.557616903103536, 39.356545043457274 ], [ -76.557244928710688, 39.356444365251456 ], [ -76.557372281071892, 39.356155199211592 ], [ -76.557077540233905, 39.3559079002085 ], [ -76.557404699473864, 39.355360966167126 ], [ -76.558230357221163, 39.355838522440173 ], [ -76.55831164487293, 39.355745070514743 ], [ -76.557621720768395, 39.355348335515899 ], [ -76.557956255176833, 39.354963123868323 ], [ -76.55864429820916, 39.355361980286602 ], [ -76.558039952110192, 39.354960241251895 ], [ -76.558377250634749, 39.354573310387991 ], [ -76.559010462298744, 39.354940358141249 ], [ -76.559092358109936, 39.354850751056148 ], [ -76.558173457931076, 39.354318056637361 ], [ -76.55851572413917, 39.353915284261653 ], [ -76.558919126990531, 39.354149098128232 ], [ -76.559229473361654, 39.35385252560792 ], [ -76.559760252828724, 39.354080455599998 ], [ -76.559128765031758, 39.353682962348998 ], [ -76.559489977607512, 39.35334505782685 ], [ -76.559128706641289, 39.353117613062196 ], [ -76.559326718686094, 39.352928038609114 ], [ -76.5597442646133, 39.353187184554152 ], [ -76.559989685247245, 39.352942024914071 ], [ -76.560557329776955, 39.353164912126246 ], [ -76.560137619808231, 39.352912048997823 ], [ -76.560294985781383, 39.352727034223797 ], [ -76.559979579200288, 39.352535991651358 ], [ -76.560378939632884, 39.352127216390471 ], [ -76.560350949026969, 39.351987694733843 ], [ -76.559329377699328, 39.351368180231482 ], [ -76.559959051797733, 39.350906703650189 ], [ -76.557365744929882, 39.347725173721152 ], [ -76.556836675855095, 39.347564918197634 ], [ -76.557279749207737, 39.34731151587588 ], [ -76.560038138577028, 39.350845374656785 ], [ -76.560478774800316, 39.350406138761741 ], [ -76.561915650758522, 39.351587734024797 ], [ -76.561433297671755, 39.351109595759226 ], [ -76.561824200465949, 39.350660336349499 ], [ -76.562483502799054, 39.350904879507993 ], [ -76.561329111963417, 39.350305440595115 ], [ -76.561905551898079, 39.349718478164888 ], [ -76.5623005105858, 39.349925049846085 ], [ -76.562740420970314, 39.349686604447157 ], [ -76.563163246296469, 39.350087935477681 ], [ -76.5633830182324, 39.349834718747758 ], [ -76.563061721397986, 39.349669394967556 ], [ -76.563473718431695, 39.34919080802112 ], [ -76.563809238291995, 39.349339583996432 ], [ -76.564182174780512, 39.348905179073078 ], [ -76.563701542865843, 39.348688229500127 ], [ -76.56394407361951, 39.34840075414477 ], [ -76.564120799185361, 39.348466824329051 ], [ -76.564459157721956, 39.34806351805797 ], [ -76.564770159863201, 39.348208051978268 ], [ -76.564402273703209, 39.348006105233893 ], [ -76.564662942340789, 39.347661122962066 ], [ -76.56507127155318, 39.347848136536932 ], [ -76.565148744958222, 39.34775611885437 ], [ -76.564734496746425, 39.347566386056265 ], [ -76.564996873081355, 39.347224947277276 ], [ -76.563913840818628, 39.346729898932345 ], [ -76.564197008660798, 39.346595383546926 ], [ -76.565239418208066, 39.346993732678492 ], [ -76.565164332525057, 39.34686946998972 ], [ -76.56548062664163, 39.346495359296235 ], [ -76.566056187125639, 39.346677973053779 ], [ -76.565516577219313, 39.346415681719705 ], [ -76.565835643536857, 39.346036429242822 ], [ -76.565031834613904, 39.34567700905253 ], [ -76.564803131627386, 39.346055934194382 ], [ -76.564524917095696, 39.345920680439015 ], [ -76.565169074731415, 39.345155330085113 ], [ -76.566198258382769, 39.345620111818768 ], [ -76.566393993198346, 39.345517709602689 ], [ -76.567214024797025, 39.344282427153559 ], [ -76.567696783023976, 39.344410017246275 ], [ -76.567297831324822, 39.344219274976844 ], [ -76.567582007975062, 39.343487616613452 ], [ -76.568187390729875, 39.343666559000155 ], [ -76.567697507964397, 39.343438914609941 ], [ -76.568299795124744, 39.342457618593052 ], [ -76.568907072426484, 39.342829603499354 ], [ -76.569123938312487, 39.342663582312909 ], [ -76.568176774439848, 39.342083803166219 ], [ -76.568374170240375, 39.341822222674764 ], [ -76.568097596032374, 39.341331166257874 ], [ -76.569422638025927, 39.341412435724827 ], [ -76.57008195383375, 39.3420874901215 ], [ -76.570200598824897, 39.342014206724862 ], [ -76.569826015724459, 39.341630556287775 ], [ -76.57001258772415, 39.341585142581089 ], [ -76.569964914132015, 39.341004515236854 ], [ -76.569261748860214, 39.340932509731871 ], [ -76.56974800872014, 39.340378664498807 ], [ -76.570395737159131, 39.340093284384167 ], [ -76.571048227567445, 39.340493941713774 ], [ -76.57132995271526, 39.340179059376311 ], [ -76.571813570629942, 39.340440067289585 ], [ -76.571895640714303, 39.340350587507473 ], [ -76.571393052177442, 39.34008688986647 ], [ -76.571542776182483, 39.33991689788833 ], [ -76.570596274368214, 39.339409179530996 ], [ -76.571052423598132, 39.338899528815546 ], [ -76.572508211787991, 39.339662107499556 ], [ -76.572608386518596, 39.339549001426043 ], [ -76.571844600236474, 39.339148483885921 ], [ -76.572074766578581, 39.338884579533165 ], [ -76.57248717953226, 39.339098355287454 ], [ -76.572734521662582, 39.338863783788618 ], [ -76.573057328564985, 39.339034259104935 ], [ -76.57317573999417, 39.338898789584498 ], [ -76.572852571969023, 39.338731211119239 ], [ -76.572964431086518, 39.338602583096808 ], [ -76.573160963606057, 39.338380993124822 ], [ -76.573394443833237, 39.338647300498849 ], [ -76.573502570450728, 39.338527656389999 ], [ -76.573145929401463, 39.338114411690228 ], [ -76.573501593982016, 39.337803123831605 ], [ -76.5739221887913, 39.338054137254645 ], [ -76.574734916188419, 39.336843546928726 ], [ -76.574961713848197, 39.335476812157545 ], [ -76.576156983419153, 39.334243012162794 ], [ -76.57844098506331, 39.332181011572814 ], [ -76.580635985222401, 39.330710010038302 ], [ -76.583873985121897, 39.327913010481538 ], [ -76.587469985221674, 39.323564009150282 ], [ -76.589977986273524, 39.321861008118319 ], [ -76.594866989053912, 39.317238007139586 ], [ -76.594673968947134, 39.31719295218408 ], [ -76.594848928425108, 39.317028556149516 ], [ -76.591337031297172, 39.316194367519984 ], [ -76.591745142218954, 39.315796756111837 ], [ -76.595035628883878, 39.316853486843407 ], [ -76.595366085839245, 39.316540647638568 ], [ -76.59508596777745, 39.316450620198935 ], [ -76.595426122944616, 39.316128646994436 ], [ -76.595706242803047, 39.316218619249128 ], [ -76.596399622726452, 39.31556089575524 ], [ -76.596211330453002, 39.315442365842095 ], [ -76.596382597855168, 39.315261585914463 ], [ -76.596581333043801, 39.315386693611039 ], [ -76.596877901055066, 39.31510592708289 ], [ -76.596681161024691, 39.314982078230926 ], [ -76.596852539817959, 39.314770349208068 ], [ -76.595935937529617, 39.314242152545638 ], [ -76.595785337667166, 39.31320654994439 ], [ -76.59605602341847, 39.312916481499514 ], [ -76.595459802581246, 39.312505746010814 ], [ -76.595350880056415, 39.311977733117068 ], [ -76.594228703705184, 39.31203022689462 ], [ -76.594191215211751, 39.311478773718775 ], [ -76.595674181032223, 39.31150936722107 ], [ -76.595641211962985, 39.310956086145758 ], [ -76.596544662017266, 39.310918090877848 ], [ -76.596585802162323, 39.311592752291915 ], [ -76.599371528164056, 39.311517853636744 ], [ -76.600482483659079, 39.308228427215418 ], [ -76.600111860332419, 39.308242813788738 ], [ -76.600108674906409, 39.3078481918891 ], [ -76.599863470766451, 39.307857380078872 ], [ -76.599855570981845, 39.307735588332044 ], [ -76.600089843523108, 39.30752846729419 ], [ -76.600043229943026, 39.307360811566923 ], [ -76.600539053267454, 39.307340308112202 ], [ -76.600880481347403, 39.306264104634039 ], [ -76.601634279261859, 39.305175759959212 ], [ -76.599216770898479, 39.305263246717558 ], [ -76.599228522659018, 39.305446962854298 ], [ -76.598909414120641, 39.305459049224147 ], [ -76.5988778554064, 39.305096481549981 ], [ -76.601695247021865, 39.304998056445541 ], [ -76.602422649738358, 39.302832017102759 ], [ -76.60220697681504, 39.302839728116915 ], [ -76.602184702189277, 39.302325035348652 ], [ -76.60253019514586, 39.302313355783561 ], [ -76.60277959441818, 39.30163416437901 ], [ -76.6032823814827, 39.301613898373574 ], [ -76.603389031269856, 39.301417267627272 ], [ -76.603664941622853, 39.298730118891207 ], [ -76.604013295713628, 39.2977594357558 ], [ -76.604615116648333, 39.297159698989354 ], [ -76.604052163121025, 39.296652601767654 ], [ -76.602821418181179, 39.297636174909819 ], [ -76.602323390391049, 39.297758338770024 ], [ -76.60246264003986, 39.297973841915123 ], [ -76.601995242105957, 39.297989211484641 ], [ -76.601975238421204, 39.297536119552547 ], [ -76.600715282963264, 39.297531660687397 ], [ -76.600778623173952, 39.298212870351811 ], [ -76.594779401517059, 39.298455467659281 ], [ -76.594983162779712, 39.30038942911812 ], [ -76.597583836731189, 39.300288891091242 ], [ -76.597669339278269, 39.301656531079743 ], [ -76.596890152278917, 39.301687658569428 ], [ -76.596903206596622, 39.301479682687365 ], [ -76.596526452268137, 39.301496432030461 ], [ -76.596463613317397, 39.30051050930502 ], [ -76.594890596779564, 39.30057228841909 ], [ -76.594903378907745, 39.301329014188951 ], [ -76.594690534779261, 39.301337284955743 ], [ -76.594707479700489, 39.301599321360499 ], [ -76.594919231477562, 39.301591111101551 ], [ -76.594930366993836, 39.301763831501113 ], [ -76.594256227187174, 39.301790058938643 ], [ -76.594226135421778, 39.30132953623859 ], [ -76.593788107007782, 39.301338602939659 ], [ -76.592264668490486, 39.301442346826462 ], [ -76.592294384760095, 39.3018664020667 ], [ -76.589927137136854, 39.301957798219213 ], [ -76.589823764403846, 39.300367213554985 ], [ -76.590102293345907, 39.300356923961083 ], [ -76.59005128161418, 39.299508586160925 ], [ -76.589205023700771, 39.299546746119077 ], [ -76.589248660264019, 39.30079080886636 ], [ -76.589602879455256, 39.300778618808977 ], [ -76.589678090004114, 39.301966620847246 ], [ -76.587477202286664, 39.302066975730199 ], [ -76.58745541095449, 39.301718535101386 ], [ -76.58631762547688, 39.301762218092811 ], [ -76.586279587214506, 39.301153436382052 ], [ -76.587417398743256, 39.301109751620452 ], [ -76.587402213621672, 39.300866700545591 ], [ -76.588108315486153, 39.300837389797707 ], [ -76.587981090685716, 39.29871605778532 ], [ -76.587730665537336, 39.298722261439657 ], [ -76.587800348752239, 39.299859234476699 ], [ -76.587552690414924, 39.299868826209348 ], [ -76.587500118309549, 39.298982549567206 ], [ -76.581907611592513, 39.299031883153447 ], [ -76.581913845900573, 39.299148267095802 ], [ -76.581023685522609, 39.299182957008718 ], [ -76.581065418555781, 39.299865808546727 ], [ -76.580685207510072, 39.299880975411135 ], [ -76.580781264363409, 39.299188325038642 ], [ -76.579612995454951, 39.299241613245357 ], [ -76.579601258067441, 39.299049660531622 ], [ -76.57907996480975, 39.299070197002202 ], [ -76.579091686925892, 39.299262178161186 ], [ -76.578952345648901, 39.299267691473453 ], [ -76.578850579103644, 39.299079258434674 ], [ -76.575372358917392, 39.299216673680064 ], [ -76.57542409558954, 39.300091444685869 ], [ -76.572941230297673, 39.300192845678239 ], [ -76.572932498673111, 39.299536138717784 ], [ -76.575156193717305, 39.299446323668413 ], [ -76.575123673805706, 39.299226565114793 ], [ -76.572567905736946, 39.299323544757229 ], [ -76.572635000905507, 39.302533220037773 ], [ -76.585457939546615, 39.30210767152392 ], [ -76.585383190731818, 39.300941853205352 ], [ -76.585669432608896, 39.300931797959166 ], [ -76.585695471175725, 39.302098504823476 ], [ -76.586243973505049, 39.302077331110247 ], [ -76.586240046968939, 39.30227908728034 ], [ -76.587023968988163, 39.302511698892289 ], [ -76.587010697278146, 39.302254533899294 ], [ -76.587946512733808, 39.302217229037481 ], [ -76.587995568833165, 39.303000597070181 ], [ -76.588259681611518, 39.303171882737615 ], [ -76.588224220615686, 39.302602586759782 ], [ -76.588491323885634, 39.302592980108933 ], [ -76.588556587389334, 39.30245377249976 ], [ -76.588587233415268, 39.302945604502355 ], [ -76.588932269129373, 39.303202599432268 ], [ -76.588845455940302, 39.303370896288826 ], [ -76.588582342088543, 39.303381096464456 ], [ -76.589318253647392, 39.303899114537742 ], [ -76.589526170516535, 39.303889708952731 ], [ -76.589976946024407, 39.30438872732821 ], [ -76.593208820311986, 39.304261491003317 ], [ -76.593196925719312, 39.304444275543993 ], [ -76.592730438677094, 39.304834580575722 ], [ -76.592706591999558, 39.304463798354398 ], [ -76.591162547926274, 39.304529251793312 ], [ -76.591209369017221, 39.30530103444049 ], [ -76.591411328259369, 39.305437774348057 ], [ -76.592273557320226, 39.305544934819025 ], [ -76.592059009087649, 39.305723690014027 ], [ -76.592199863127576, 39.305798170862971 ], [ -76.592362495024929, 39.305662699515125 ], [ -76.593119440636173, 39.306023608545331 ], [ -76.594508732833745, 39.305975946720054 ], [ -76.594542132196011, 39.306446005352861 ], [ -76.596585488650305, 39.306406014816382 ], [ -76.596592004131054, 39.306509184695862 ], [ -76.594544996025149, 39.30648140550467 ], [ -76.594253033676338, 39.306592123223332 ], [ -76.594261656604743, 39.306715227891928 ], [ -76.593929491053714, 39.306728877985478 ], [ -76.593941417087422, 39.306898867233478 ], [ -76.592600091332756, 39.306954089548107 ], [ -76.592631422773209, 39.307479319026399 ], [ -76.591576947953371, 39.307520735249234 ], [ -76.591507497402134, 39.306375151473624 ], [ -76.591944304107344, 39.306011160129664 ], [ -76.591805400309909, 39.305935038391517 ], [ -76.591145812312533, 39.306470455780655 ], [ -76.590911487669004, 39.30648011611617 ], [ -76.590695982730651, 39.305426204432784 ], [ -76.590399887233218, 39.305438127458054 ], [ -76.590388155235601, 39.305259901200102 ], [ -76.590683637183716, 39.305220186635964 ], [ -76.590383288163395, 39.305232567072508 ], [ -76.590342415716293, 39.305078661916085 ], [ -76.590364678663974, 39.305439567007021 ], [ -76.590133187306833, 39.305449076648472 ], [ -76.590077082127451, 39.304718824036577 ], [ -76.589400379427289, 39.304216753698618 ], [ -76.588072545469856, 39.304236515690533 ], [ -76.588086851140758, 39.304466309780175 ], [ -76.587143269749475, 39.304502763326447 ], [ -76.587090641948549, 39.303624772754894 ], [ -76.588403117409584, 39.303573834599909 ], [ -76.587040835755928, 39.302793530141514 ], [ -76.58522706173882, 39.30242272946127 ], [ -76.582052825156495, 39.302554108610977 ], [ -76.582076055589752, 39.303409310640234 ], [ -76.5817691794106, 39.303420794694155 ], [ -76.581714609452035, 39.302565535109686 ], [ -76.577726913345643, 39.302761222126129 ], [ -76.577781878562959, 39.30356025479297 ], [ -76.577404568177315, 39.303576277241007 ], [ -76.577466458507118, 39.304866672151753 ], [ -76.582884873518751, 39.304658429063139 ], [ -76.582951277882856, 39.307321647307951 ], [ -76.583196588922334, 39.307349479686778 ], [ -76.582703263812689, 39.30736775958011 ], [ -76.582544104802238, 39.304855829221225 ], [ -76.582298171230278, 39.304865094960434 ], [ -76.582309066896357, 39.305055197352168 ], [ -76.582239990044258, 39.30486726924623 ], [ -76.57830815118227, 39.305020178090352 ], [ -76.578346921571608, 39.305691266575046 ], [ -76.577920167014412, 39.305712537898593 ], [ -76.577932510764725, 39.305926331649218 ], [ -76.577165352207047, 39.305954487106241 ], [ -76.577091852948811, 39.304880408103692 ], [ -76.572685610191982, 39.30506405434496 ], [ -76.57270734762524, 39.306153514988296 ], [ -76.575567470302147, 39.306015717852929 ], [ -76.575601711385843, 39.307081348781288 ], [ -76.57431238371305, 39.307128162549198 ], [ -76.574259887066162, 39.306250561493712 ], [ -76.572711033412844, 39.306338622442674 ], [ -76.572791213441846, 39.309738807341326 ], [ -76.574624135947559, 39.309732384330708 ], [ -76.574726941843636, 39.314229308045533 ], [ -76.582035723030117, 39.314173989305232 ], [ -76.582397616528851, 39.313861160359352 ], [ -76.582383370146744, 39.311755278942478 ], [ -76.582875907433902, 39.311736752067397 ], [ -76.582888247590944, 39.311983791724046 ], [ -76.584576035584405, 39.312049753149175 ], [ -76.585994128668347, 39.310743486558309 ], [ -76.585879195515943, 39.308982742445707 ], [ -76.586520204556606, 39.308958023906051 ], [ -76.58667862694854, 39.309171891149582 ], [ -76.587529452795152, 39.309139055746385 ], [ -76.587370419548833, 39.309272723633867 ], [ -76.587589077573824, 39.309429766098567 ], [ -76.588340691683854, 39.308707864536949 ], [ -76.588326889967831, 39.308491249661074 ], [ -76.587857472621153, 39.308509360354698 ], [ -76.587819217864791, 39.307849846166491 ], [ -76.588538267147428, 39.307822057776384 ], [ -76.588588539565677, 39.308611155071198 ], [ -76.590080450809765, 39.308640668998542 ], [ -76.590136157137167, 39.309515086603895 ], [ -76.58942660664033, 39.309485506319746 ], [ -76.589385947992255, 39.308847312710618 ], [ -76.588603599821411, 39.308877553575627 ], [ -76.588358710091811, 39.30899038675124 ], [ -76.588394237562994, 39.309439289099082 ], [ -76.587164831112915, 39.310317658510485 ], [ -76.587308408844763, 39.310418126528248 ], [ -76.586972504505525, 39.310645398847839 ], [ -76.587003592502569, 39.31089018902383 ], [ -76.585754386285316, 39.311188598025261 ], [ -76.585157532135824, 39.311725321505719 ], [ -76.585374287529049, 39.312075799498992 ], [ -76.585552426144829, 39.31206788516284 ], [ -76.585581054554623, 39.312412561421759 ], [ -76.585406664608527, 39.312419687555902 ], [ -76.585378343422548, 39.31270034531908 ], [ -76.585448977953334, 39.312944642484489 ], [ -76.585640899420525, 39.312935473728281 ], [ -76.585728298311153, 39.314230552810507 ], [ -76.584971212562735, 39.314230983717415 ], [ -76.584974529142769, 39.314373893848298 ], [ -76.586242873967151, 39.314356104377069 ], [ -76.586244019319139, 39.314998061923852 ], [ -76.589289812087173, 39.315578878824482 ], [ -76.589996787114089, 39.315863092714622 ], [ -76.589755629884493, 39.316093291337531 ], [ -76.58506198552557, 39.314926006701199 ], [ -76.581812983958798, 39.314553005965564 ], [ -76.581695907426138, 39.314655373611117 ], [ -76.582287051883682, 39.314768791005108 ], [ -76.58229774093725, 39.315570571515828 ], [ -76.581286939511571, 39.315179775224721 ], [ -76.578364907640236, 39.317723058603754 ], [ -76.580066458722172, 39.318046724374945 ], [ -76.57959439224372, 39.318451014159713 ], [ -76.578805666932695, 39.31830276455765 ], [ -76.578323591425359, 39.318726777404279 ], [ -76.57741390885964, 39.318546425029467 ], [ -76.574431300893735, 39.321189135144088 ], [ -76.574625186976462, 39.32136467171896 ], [ -76.574053659029758, 39.321892360119449 ], [ -76.57438329043336, 39.322079933257918 ], [ -76.574103802090605, 39.322331919046661 ], [ -76.574212641072108, 39.32240212924669 ], [ -76.574028222334178, 39.322550817694989 ], [ -76.573336142272979, 39.322099667272397 ], [ -76.572687420297299, 39.322627192379471 ], [ -76.572902716826505, 39.322767391129638 ], [ -76.571703391362021, 39.32366172156204 ], [ -76.57330334927353, 39.324623429980143 ], [ -76.572817185533353, 39.325036179038591 ], [ -76.570926013569661, 39.323897103606576 ], [ -76.570007630820413, 39.324671461997745 ], [ -76.569835201896566, 39.324549860042019 ], [ -76.566017900029919, 39.327843800875897 ], [ -76.566419818864446, 39.328140209292357 ], [ -76.565851495208378, 39.328602015471134 ], [ -76.565385744784692, 39.328354625912212 ], [ -76.565897052369692, 39.328729905877509 ], [ -76.565479903497845, 39.329078166840965 ], [ -76.564964999956771, 39.328705839151418 ], [ -76.560325280566019, 39.332209948573812 ], [ -76.560485138465779, 39.332665154108675 ], [ -76.560060968361668, 39.332959730679832 ], [ -76.560141396325676, 39.333185012753297 ], [ -76.559682613235353, 39.333277970953148 ], [ -76.559521810307928, 39.332774956995465 ], [ -76.559416039073113, 39.33284822159014 ], [ -76.559596090202135, 39.333369583161165 ], [ -76.559154088539614, 39.333471463994321 ], [ -76.559256031154703, 39.333817884397774 ], [ -76.558958511827541, 39.333926335447849 ], [ -76.558799717533077, 39.333364622833919 ], [ -76.558683041649033, 39.333456483673956 ], [ -76.558770720814039, 39.333698222296292 ], [ -76.55856290096294, 39.333847755943999 ], [ -76.55878636766964, 39.333745749202343 ], [ -76.558899854534445, 39.33409040758854 ], [ -76.558404052769561, 39.334194995751744 ], [ -76.558521970125341, 39.334542433245183 ], [ -76.557763725550203, 39.334464969604028 ], [ -76.557403229830058, 39.334714761034448 ], [ -76.55711640404806, 39.33445833833602 ], [ -76.556969898706669, 39.334556361391805 ], [ -76.557247376619856, 39.334834736838211 ], [ -76.556720181430734, 39.335206738686828 ], [ -76.556399910472379, 39.335332917529037 ], [ -76.556160570534587, 39.335122586907964 ], [ -76.555783869206721, 39.335386619409796 ], [ -76.556022995345458, 39.335596799854791 ], [ -76.555578194532544, 39.335910182619699 ], [ -76.555331513562265, 39.335703447924423 ], [ -76.553221909949031, 39.337174608423538 ], [ -76.553622146239036, 39.337596610115426 ], [ -76.553292046813141, 39.337804363313658 ], [ -76.552917031623068, 39.337402582392883 ], [ -76.552814991989948, 39.337458166233453 ], [ -76.552869296047177, 39.337567882388086 ], [ -76.551584363831083, 39.338315495624592 ], [ -76.551771601482386, 39.338593732434155 ], [ -76.55157919222998, 39.338728159699393 ], [ -76.550833049758367, 39.339220366866108 ], [ -76.550521885022064, 39.33904698163493 ], [ -76.550766424408678, 39.339264821252712 ], [ -76.550060605513551, 39.339992000963427 ], [ -76.549591113606724, 39.339690504356206 ], [ -76.549450368262953, 39.339778260595672 ], [ -76.54976906986451, 39.339982930239223 ], [ -76.549201347181366, 39.340518257966167 ], [ -76.548788953990609, 39.340245147059775 ], [ -76.548658025436282, 39.340338972649008 ], [ -76.548921065626189, 39.340512334527858 ], [ -76.54822228413299, 39.341150464359181 ], [ -76.5485727402815, 39.34137880885995 ], [ -76.54811118588853, 39.341794843084742 ], [ -76.547420329332766, 39.341209099310348 ], [ -76.5472892300985, 39.341302379622661 ], [ -76.547580518710859, 39.341602742410707 ], [ -76.547269954947453, 39.341889950466623 ], [ -76.546905700676149, 39.341575232818407 ], [ -76.547139579755324, 39.341818428715989 ], [ -76.54667031242731, 39.342152276153875 ], [ -76.546382140070691, 39.341947747640916 ], [ -76.546808950323424, 39.342316558945726 ], [ -76.546606589534321, 39.342595756619154 ], [ -76.546326796662669, 39.342352013198635 ], [ -76.545954987559824, 39.342616497759288 ], [ -76.545744893174444, 39.342401069577733 ], [ -76.545926103130199, 39.342715497974289 ], [ -76.545340973791767, 39.343369984366483 ], [ -76.545951102346237, 39.343714896118051 ], [ -76.545838903665555, 39.343952881844416 ], [ -76.545127132533324, 39.343700070830657 ], [ -76.544530119382046, 39.343246920578615 ], [ -76.543687711647934, 39.343834566084219 ], [ -76.544002834361393, 39.343981658356753 ], [ -76.543526235882354, 39.344316677167747 ], [ -76.543287164540843, 39.344109948575834 ], [ -76.543181289999779, 39.344182760148833 ], [ -76.543417994280517, 39.344387485672193 ], [ -76.542878891023989, 39.344721429908489 ], [ -76.542665701942454, 39.34453725627759 ], [ -76.542563309271415, 39.344613100506024 ], [ -76.542775821023241, 39.344796675099268 ], [ -76.542261890357608, 39.345152981291328 ], [ -76.542050449397621, 39.344971284728743 ], [ -76.541944783265691, 39.345044314236461 ], [ -76.542158142128827, 39.3452276494139 ], [ -76.541629868063055, 39.345597619537948 ], [ -76.541396385140928, 39.345445790027078 ], [ -76.541303558629366, 39.345528699065156 ], [ -76.541543946002761, 39.345684976551119 ], [ -76.541086207653109, 39.346090894012072 ], [ -76.540847312381416, 39.345928089374127 ], [ -76.54075480297513, 39.346011163872248 ], [ -76.540990318784736, 39.346177443869308 ], [ -76.540752055927001, 39.346391374465846 ], [ -76.541823447820263, 39.347109655460251 ], [ -76.54169969860169, 39.347424820571419 ], [ -76.541393847400272, 39.347356453478078 ], [ -76.54094383995195, 39.348483606187571 ], [ -76.539187311076304, 39.348120844000569 ], [ -76.539112225393268, 39.348672219467865 ], [ -76.538307183981743, 39.348518582157567 ], [ -76.538165087571784, 39.348309504108315 ], [ -76.537738781273916, 39.348688820663241 ], [ -76.538189268422599, 39.348983397097051 ], [ -76.538155720838304, 39.349215121247873 ], [ -76.537694595840037, 39.349179434985359 ], [ -76.537634578497588, 39.349576518999584 ], [ -76.53700807455381, 39.350140832727867 ], [ -76.536497287991708, 39.349798214494967 ], [ -76.536382918082978, 39.349902888218047 ], [ -76.536747520900605, 39.350147602828343 ], [ -76.535294716015784, 39.351454046277581 ], [ -76.534918761187924, 39.351203599180273 ], [ -76.534780378413345, 39.351328458501172 ], [ -76.535220550207626, 39.35162273761599 ], [ -76.534824856698009, 39.351982312694368 ], [ -76.534318324557077, 39.352019788296033 ], [ -76.534289560501676, 39.351763765976962 ], [ -76.534104132955662, 39.351928228315145 ], [ -76.534222807591235, 39.352275457498074 ], [ -76.533970271401913, 39.352339385245585 ], [ -76.533750137444926, 39.352661899565369 ], [ -76.533707348891312, 39.352280191422352 ], [ -76.533578192713009, 39.352394740482907 ], [ -76.533644680620455, 39.352987592394378 ], [ -76.532964494253619, 39.352939069973111 ], [ -76.53321010173714, 39.354938097196808 ], [ -76.533007637641774, 39.354978033592175 ], [ -76.532346796494593, 39.354532315174652 ], [ -76.531609397325624, 39.35525369168986 ], [ -76.53061600884341, 39.35540898262542 ], [ -76.530507167166959, 39.355659416038023 ], [ -76.537402790696405, 39.357395385302752 ], [ -76.537739714623498, 39.357692020576756 ], [ -76.538450547016254, 39.35746253400221 ], [ -76.538117603524171, 39.35820614205975 ], [ -76.537496308012422, 39.357804231149565 ], [ -76.537084382843943, 39.358058048283205 ], [ -76.536799807341723, 39.358747416707089 ], [ -76.536134452160226, 39.358614824799631 ], [ -76.537099564372255, 39.357682113098001 ], [ -76.536650101302996, 39.357422984520035 ], [ -76.5302502957081, 39.355737407008178 ], [ -76.530083934005674, 39.356111634230665 ], [ -76.529753295590638, 39.356023555369411 ], [ -76.52991558073829, 39.355650407777411 ], [ -76.529697716824003, 39.355461664688484 ], [ -76.52970817411223, 39.353939665306164 ], [ -76.530125808074345, 39.35376801562564 ], [ -76.530088146206054, 39.354068337343321 ], [ -76.530609849095512, 39.354214798205113 ], [ -76.530788458428503, 39.354109808640104 ], [ -76.530836797672251, 39.353821765164263 ], [ -76.531526711895296, 39.353873949689024 ], [ -76.531616678171005, 39.353797957833009 ], [ -76.531228517933357, 39.353768625500429 ], [ -76.531459303214703, 39.353372302303029 ], [ -76.531908641418141, 39.35296896946889 ], [ -76.532500012251134, 39.353017582865341 ], [ -76.532642435647844, 39.352891253953722 ], [ -76.532050255432793, 39.352842443195215 ], [ -76.532933841041185, 39.3520528432188 ], [ -76.533532808926552, 39.352101537135667 ], [ -76.533603660849636, 39.351969296603933 ], [ -76.533334625303496, 39.351947276635421 ], [ -76.53339820985596, 39.351549170384722 ], [ -76.53362246977504, 39.351558444526688 ], [ -76.534032819298517, 39.3510602370703 ], [ -76.534594993986474, 39.351159351055145 ], [ -76.534826343409819, 39.35095194041692 ], [ -76.534857924581928, 39.349972282994955 ], [ -76.535207055715432, 39.350126998686164 ], [ -76.53533330135221, 39.349957376370853 ], [ -76.535227283080673, 39.34978740909353 ], [ -76.535952176802567, 39.34995181425905 ], [ -76.535672998378573, 39.349859863949682 ], [ -76.535818348486487, 39.349462907973894 ], [ -76.53643663554034, 39.349518210611905 ], [ -76.536058019004287, 39.349432347049557 ], [ -76.536245113823455, 39.348934900376449 ], [ -76.536653142998532, 39.349027403467275 ], [ -76.536959084031494, 39.348751974358485 ], [ -76.537228592091452, 39.348813819243162 ], [ -76.537305380081946, 39.34874554103687 ], [ -76.537064367481108, 39.348690228062047 ], [ -76.537256739004263, 39.34818472970057 ], [ -76.537796633676535, 39.348308578109865 ], [ -76.537907159694143, 39.348212838973311 ], [ -76.537723862053682, 39.348108008500894 ], [ -76.537796652541147, 39.347850522058025 ], [ -76.538279089171226, 39.347875315078099 ], [ -76.537886573901105, 39.347785256422505 ], [ -76.53836525916654, 39.347197160635069 ], [ -76.538935268960415, 39.347294364859387 ], [ -76.53844110123103, 39.347095161562827 ], [ -76.539669318311681, 39.34600831701065 ], [ -76.540110461184767, 39.346253899036995 ], [ -76.539704313980195, 39.345977377355695 ], [ -76.540959540706481, 39.344882103913463 ], [ -76.541365687911053, 39.345156515249911 ], [ -76.541493932299332, 39.345064302284726 ], [ -76.541105670552056, 39.344799687350587 ], [ -76.542068997811597, 39.344125362893877 ], [ -76.542419931863861, 39.344420688010487 ], [ -76.542543082804485, 39.344328178127171 ], [ -76.542200310844905, 39.344033460495282 ], [ -76.542788025534676, 39.343712219368896 ], [ -76.542950484057201, 39.343258594700011 ], [ -76.543815276909854, 39.343445367872221 ], [ -76.543973248347513, 39.34333654601825 ], [ -76.543574929062331, 39.343250684586785 ], [ -76.543664765980623, 39.342999329261431 ], [ -76.544221584912862, 39.342608745971638 ], [ -76.544587090537362, 39.342915184778747 ], [ -76.544719910045373, 39.342824525044939 ], [ -76.544353457596557, 39.342517310521615 ], [ -76.544726639325162, 39.34225418934593 ], [ -76.545122496328162, 39.342190966558022 ], [ -76.545325845264074, 39.342406701068867 ], [ -76.545519275900944, 39.342263282006869 ], [ -76.545184660644125, 39.341947766398739 ], [ -76.545563692201853, 39.341677729042637 ], [ -76.545313219442761, 39.341225841921876 ], [ -76.546181940628159, 39.340635788021245 ], [ -76.546606806926619, 39.341002961786813 ], [ -76.546920141094347, 39.340780065656581 ], [ -76.54723029971754, 39.341046412523198 ], [ -76.547323771219496, 39.340987111869595 ], [ -76.54704292642063, 39.340738496826297 ], [ -76.547675050224825, 39.340298905610545 ], [ -76.547952765293232, 39.34054465290118 ], [ -76.548046358067722, 39.34047760952442 ], [ -76.547635278213946, 39.340115629064265 ], [ -76.547946888514645, 39.339891971430859 ], [ -76.548085175169476, 39.340012537923478 ], [ -76.54840285358992, 39.33979415455665 ], [ -76.54867723051872, 39.340033314567904 ], [ -76.548763892790831, 39.339966466621696 ], [ -76.548443845512949, 39.339688628509087 ], [ -76.548759102973719, 39.339466995430826 ], [ -76.549100754734155, 39.339729661610676 ], [ -76.548812435952129, 39.339472216554981 ], [ -76.549153925117508, 39.339189459639236 ], [ -76.549471575690177, 39.339468956044591 ], [ -76.550129496414371, 39.339014101893895 ], [ -76.549919755066895, 39.338832067000901 ], [ -76.55026553458606, 39.338592968188124 ], [ -76.550558323384919, 39.33871756449058 ], [ -76.550321213065686, 39.33851595090858 ], [ -76.550681399765367, 39.338252255378734 ], [ -76.549501276688403, 39.337258616691571 ], [ -76.550211862942774, 39.336763532493976 ], [ -76.551205854194549, 39.337610546685717 ], [ -76.551490214101094, 39.338085967643494 ], [ -76.551802897888578, 39.337868182713308 ], [ -76.550239189693727, 39.33654283575018 ], [ -76.550662722892284, 39.33625469207238 ], [ -76.551157739529614, 39.336833689992382 ], [ -76.552171190087066, 39.337611593022658 ], [ -76.551497623405567, 39.33705459981158 ], [ -76.552496977599574, 39.336379344651654 ], [ -76.552030946003228, 39.335570742808315 ], [ -76.551529190204647, 39.335139135737514 ], [ -76.552810568685487, 39.334245394674177 ], [ -76.55442449899293, 39.335665424409704 ], [ -76.553807931314509, 39.336095056406364 ], [ -76.554048867558549, 39.336303392133622 ], [ -76.554663294551645, 39.335875041231645 ], [ -76.554452867789607, 39.335689962592589 ], [ -76.554822914397846, 39.335424948093589 ], [ -76.555153481845991, 39.335532444080769 ], [ -76.554933545518352, 39.335340771564553 ], [ -76.555328334424473, 39.33506421226668 ], [ -76.555577403116772, 39.335235445845598 ], [ -76.555237812989915, 39.334944869824376 ], [ -76.555629597929709, 39.334667363326609 ], [ -76.555973980568623, 39.33495778208556 ], [ -76.556068191384043, 39.33489131490316 ], [ -76.555723296705438, 39.334600444242383 ], [ -76.556481503551339, 39.334065638860778 ], [ -76.556830075034398, 39.334358462081461 ], [ -76.556938055226482, 39.334283669788299 ], [ -76.556583217095991, 39.333988068384649 ], [ -76.55715370120032, 39.333592789880043 ], [ -76.557581655008434, 39.333837726270858 ], [ -76.557269578482092, 39.333568370469926 ], [ -76.558300307235726, 39.332783228909243 ], [ -76.558838528346627, 39.332953568970886 ], [ -76.558396322766527, 39.332694571730094 ], [ -76.558789971710567, 39.332290906242839 ], [ -76.559496122084056, 39.332661877994596 ], [ -76.561611978869976, 39.331095009343287 ], [ -76.561514287082829, 39.330563695863489 ], [ -76.561700938134251, 39.330387583414655 ], [ -76.562034179866998, 39.330603542655787 ], [ -76.561889295984699, 39.330473878945213 ], [ -76.562135366100605, 39.330302691377575 ], [ -76.56236988567855, 39.330379386956189 ], [ -76.562166495420129, 39.330226940713835 ], [ -76.562469651675713, 39.330010798257788 ], [ -76.56223152266692, 39.329846273225833 ], [ -76.562587276180679, 39.329551281909453 ], [ -76.563065547322793, 39.329878422121226 ], [ -76.5631664227393, 39.329801074217805 ], [ -76.562772292298277, 39.329531483290992 ], [ -76.563399858050701, 39.328741802696072 ], [ -76.563959669271156, 39.329186858716419 ], [ -76.564059307707524, 39.329108898568279 ], [ -76.563840139439449, 39.328935201975682 ], [ -76.564119402305096, 39.328711115278864 ], [ -76.564384034309683, 39.328862844250025 ], [ -76.565715383374837, 39.32763965507101 ], [ -76.562204954094085, 39.325044962622059 ], [ -76.560663774748235, 39.325859537213312 ], [ -76.557703414458658, 39.325471532134529 ], [ -76.555733334480422, 39.32590294941383 ], [ -76.555204263608999, 39.325750549004603 ], [ -76.554067369260153, 39.325045838200751 ], [ -76.553676728774008, 39.324251423944325 ], [ -76.553105284370631, 39.324357282527423 ], [ -76.553016391581707, 39.324098316684257 ], [ -76.553749157240432, 39.323941061143465 ], [ -76.554103622570068, 39.324858892871802 ], [ -76.555299337705407, 39.325634527565249 ], [ -76.555756389742186, 39.325766667131745 ], [ -76.556979353475043, 39.325487879642736 ], [ -76.556739030780335, 39.325120480547326 ], [ -76.556881741637952, 39.325072728189284 ], [ -76.557121919703903, 39.325439908642082 ], [ -76.557816764779531, 39.325336503307753 ], [ -76.560685866117709, 39.325717239123271 ], [ -76.562213690210214, 39.32486423530554 ], [ -76.565918881431088, 39.327600022696942 ], [ -76.569448704440518, 39.32468584032577 ], [ -76.569218644099635, 39.324518977600697 ], [ -76.569945261688559, 39.323845965479357 ], [ -76.570263188044009, 39.323606567331638 ], [ -76.570452898757281, 39.323749500005391 ], [ -76.571120572490528, 39.323232366189004 ], [ -76.570939303245979, 39.323097140545535 ], [ -76.57122093317237, 39.32287317273736 ], [ -76.570180976924149, 39.322054015025572 ], [ -76.570838207742213, 39.321555115673149 ], [ -76.571755074135268, 39.322299772936439 ], [ -76.572765410233629, 39.321755255557051 ], [ -76.570894644399942, 39.320529492371897 ], [ -76.570566360469257, 39.320688660432658 ], [ -76.570124823235744, 39.320545460203505 ], [ -76.567967802050248, 39.320821684279977 ], [ -76.567860879175228, 39.32020195886691 ], [ -76.569118926611509, 39.31991310710238 ], [ -76.569289456496847, 39.320514959605823 ], [ -76.57028672480277, 39.320387470452104 ], [ -76.570010571006321, 39.319150461743504 ], [ -76.570112228855464, 39.319138286003401 ], [ -76.571041348268977, 39.320291415788958 ], [ -76.57128606552206, 39.320166954134514 ], [ -76.570564479397035, 39.319154933825601 ], [ -76.571058595922452, 39.319019898364061 ], [ -76.571066722980817, 39.319294531444605 ], [ -76.571810526239446, 39.319497503499193 ], [ -76.571597999216252, 39.320016697668017 ], [ -76.572241858611321, 39.32049311041466 ], [ -76.57336143254318, 39.319870353476233 ], [ -76.573498913409196, 39.31990846619474 ], [ -76.573265210399825, 39.32042986725304 ], [ -76.573359794016113, 39.320501017543222 ], [ -76.574104951934174, 39.320716909327331 ], [ -76.57435866042492, 39.320494809564764 ], [ -76.57460209039219, 39.320654434979822 ], [ -76.576182330283203, 39.319284318994271 ], [ -76.575855470182248, 39.319056059394271 ], [ -76.575723451073145, 39.31916869755127 ], [ -76.573033709161223, 39.318442324263941 ], [ -76.573458268235868, 39.317374310209267 ], [ -76.573034068487331, 39.317378963794681 ], [ -76.573031098656998, 39.317149979366043 ], [ -76.574426264938253, 39.317134559100424 ], [ -76.574429380295669, 39.317374527737989 ], [ -76.578461442397284, 39.317317291253431 ], [ -76.580813764512072, 39.315261496954342 ], [ -76.580465756272687, 39.31524054058881 ], [ -76.580462641813611, 39.315012900247538 ], [ -76.580783739222028, 39.314726508924274 ], [ -76.574011730163875, 39.314781750777101 ], [ -76.572771819713168, 39.314560592671853 ], [ -76.572809578599518, 39.31543899718131 ], [ -76.569281338421618, 39.315350602964095 ], [ -76.569110760027257, 39.315038788423585 ], [ -76.568785860050241, 39.315140883612628 ], [ -76.567873434927975, 39.313600487615616 ], [ -76.56643459615087, 39.311978410079739 ], [ -76.567097604932826, 39.311975255322501 ], [ -76.567096742550163, 39.311865432289665 ], [ -76.566317784621205, 39.311869148639794 ], [ -76.565782851344252, 39.311414586885348 ], [ -76.565559482553908, 39.311597231112465 ], [ -76.564314027701286, 39.311607228528388 ], [ -76.561268002269586, 39.309222041201551 ], [ -76.561724923152326, 39.308798164674023 ], [ -76.564248809113352, 39.307381449165902 ], [ -76.564617031243245, 39.30736205714917 ], [ -76.564401202013087, 39.304359749622215 ], [ -76.563143294713996, 39.30437514837444 ], [ -76.563089404780101, 39.30346274994988 ], [ -76.563326831306313, 39.303453446488625 ], [ -76.56330161110472, 39.30244121709454 ], [ -76.562646077204235, 39.302466920846939 ], [ -76.562620723153657, 39.302080081051812 ], [ -76.562033281551706, 39.302078589994046 ], [ -76.562045005464469, 39.30167938923433 ], [ -76.560061135448308, 39.301754506264857 ], [ -76.560134532298591, 39.302840187594079 ], [ -76.559798069207247, 39.302853426234741 ], [ -76.55981694909957, 39.303134665950047 ], [ -76.560749971693014, 39.303098098386322 ], [ -76.560735810650854, 39.302885406804293 ], [ -76.561473810792748, 39.302925199156824 ], [ -76.56149550959843, 39.303250322231357 ], [ -76.56075956120867, 39.303279173189701 ], [ -76.560774631345865, 39.303498487352549 ], [ -76.561127571336172, 39.303484678837165 ], [ -76.561156531224299, 39.303905248221341 ], [ -76.561768080913524, 39.303858457321752 ], [ -76.561746952538059, 39.303529106587391 ], [ -76.562495626462137, 39.303506855874538 ], [ -76.562464898689527, 39.304583143457648 ], [ -76.564065097349541, 39.304520432963777 ], [ -76.564240217625965, 39.30695662938291 ], [ -76.563892025231951, 39.306971728677993 ], [ -76.563975440094282, 39.307198600007638 ], [ -76.560967138514627, 39.308895793451171 ], [ -76.555806345953457, 39.310104525268493 ], [ -76.554067576770976, 39.306233212729978 ], [ -76.552698131951274, 39.306578309062509 ], [ -76.552289603312886, 39.30639261280664 ], [ -76.551793881498057, 39.306525344096194 ], [ -76.549663061474448, 39.30207623002137 ], [ -76.5464649243157, 39.303045560371793 ], [ -76.544735156252372, 39.305102016645996 ], [ -76.544849816316912, 39.305429699388469 ], [ -76.546020875392657, 39.306408943225733 ], [ -76.547548406634377, 39.307394463132184 ], [ -76.549338128259777, 39.308926421445769 ], [ -76.551098504619773, 39.309601224392345 ], [ -76.553337255428147, 39.309811200837245 ], [ -76.554908679252961, 39.31281244116412 ], [ -76.556423547842456, 39.311922639177716 ], [ -76.557103632699636, 39.31641578177684 ], [ -76.555675772233641, 39.317363435162619 ], [ -76.555438595439071, 39.317066819142632 ], [ -76.555488559735181, 39.316499099146569 ], [ -76.555344456488882, 39.316148481376729 ], [ -76.553222171358769, 39.313785462779336 ], [ -76.552813600499576, 39.314021176218276 ], [ -76.552939966510579, 39.314153497576932 ], [ -76.553086654209963, 39.314067489104517 ], [ -76.555158550140817, 39.316227884178872 ], [ -76.555233027664386, 39.317111808156099 ], [ -76.555515364564926, 39.317471172273621 ], [ -76.550170694949927, 39.315227243131169 ], [ -76.548340205081999, 39.316299949180561 ], [ -76.550059285888395, 39.317634462949101 ], [ -76.550443811542394, 39.317331026846439 ], [ -76.552228083088949, 39.317722125945352 ], [ -76.551015082570913, 39.318557865596304 ], [ -76.547044213706442, 39.315648830313705 ], [ -76.546286296118083, 39.315573212507587 ], [ -76.545205270691682, 39.315898406788207 ], [ -76.546177063674477, 39.316598896660516 ], [ -76.546498969566656, 39.317380059777896 ], [ -76.545301867432499, 39.318081021990906 ], [ -76.544829158658644, 39.317485832158255 ], [ -76.545340331496348, 39.317295245078995 ], [ -76.544916553956014, 39.316661722123456 ], [ -76.544560916324912, 39.316705452776745 ], [ -76.544220982143301, 39.315934192050108 ], [ -76.543366835225072, 39.316020246877251 ], [ -76.541322619981386, 39.315520145929504 ], [ -76.540224675684939, 39.315051645285145 ], [ -76.539781100174054, 39.315591983005994 ], [ -76.539629064803776, 39.316308297407076 ], [ -76.540320753199524, 39.319259300395743 ], [ -76.540829880573312, 39.323515444759181 ], [ -76.545205100011785, 39.322204789704621 ], [ -76.548231623018665, 39.321756512002032 ], [ -76.548668972306317, 39.322038008622066 ], [ -76.549048974044553, 39.322895007981494 ], [ -76.55048657853645, 39.324469179018635 ], [ -76.545495270221593, 39.325338006378225 ], [ -76.544796291997343, 39.324185922241469 ], [ -76.544111720953609, 39.324670731650052 ], [ -76.543698054850111, 39.324416054562107 ], [ -76.543018737154171, 39.323183764736754 ], [ -76.54088819830325, 39.323910994263507 ], [ -76.541684668888649, 39.328837394786291 ], [ -76.54265231165482, 39.328752402196166 ], [ -76.542758515877608, 39.32915168129059 ], [ -76.541875731566421, 39.329293343542822 ], [ -76.541978264374663, 39.329417071166851 ], [ -76.542453969029992, 39.329340734470776 ], [ -76.543504916165716, 39.330178459467803 ], [ -76.543104720299894, 39.330575938404763 ], [ -76.54375833719557, 39.330043762141315 ], [ -76.544069761545018, 39.330465335071956 ], [ -76.543795718789497, 39.330602039698533 ], [ -76.544068087983632, 39.330956223230103 ], [ -76.543583948147784, 39.331065235983665 ], [ -76.543718592134155, 39.331204184473641 ], [ -76.544385521164017, 39.330970502987753 ], [ -76.544588756912205, 39.331448401734384 ], [ -76.544110315090194, 39.331580437902019 ], [ -76.544250165711944, 39.331691400786632 ], [ -76.543683564126269, 39.331972075731116 ], [ -76.543434646350931, 39.331808244591606 ], [ -76.543929408765024, 39.331675031798866 ], [ -76.541546182807821, 39.329321215126882 ], [ -76.533035771978163, 39.330596435050317 ], [ -76.532823863894208, 39.330646535002614 ], [ -76.532106096507476, 39.331577296535855 ], [ -76.531950195686534, 39.331576393940232 ], [ -76.529728770685068, 39.33449976290629 ], [ -76.529716545512372, 39.33105647539135 ], [ -76.541107315367356, 39.329203316534119 ], [ -76.541048299646448, 39.328926477944307 ], [ -76.541477061938281, 39.328871374421787 ], [ -76.540815121253203, 39.325034200647458 ], [ -76.537946138492643, 39.325174836530792 ], [ -76.538102495657739, 39.325686719933813 ], [ -76.537634071847776, 39.325687904733783 ], [ -76.536978216350406, 39.326055434962882 ], [ -76.537029910801749, 39.32622108421527 ], [ -76.536711714053382, 39.32590942236223 ], [ -76.537243382852608, 39.325198180383978 ], [ -76.538472152397148, 39.324427052206268 ], [ -76.538391799891613, 39.323820783122379 ], [ -76.53825117312546, 39.323832303436838 ], [ -76.538487475859256, 39.323554434563576 ], [ -76.539092630441971, 39.323763152335239 ], [ -76.539433211410582, 39.323316949925072 ], [ -76.539893530620077, 39.323528117299276 ], [ -76.540175028494119, 39.323301143252927 ], [ -76.540588775445997, 39.323272128903703 ], [ -76.539877996053846, 39.318295623038424 ], [ -76.536400816116711, 39.319437971215763 ], [ -76.536581850002662, 39.318649930053105 ], [ -76.535646196243761, 39.318932209890384 ], [ -76.535783391445506, 39.318481581679336 ], [ -76.535482964271779, 39.3178216631838 ], [ -76.536701321443871, 39.316841031319441 ], [ -76.538970073287771, 39.314609445453087 ], [ -76.539315182663742, 39.315979125497357 ], [ -76.539437438882331, 39.315979148432184 ], [ -76.539141327215219, 39.314732762590005 ], [ -76.539820052921399, 39.315209626237284 ], [ -76.540051090629333, 39.314943997578702 ], [ -76.539184262194212, 39.314364179001679 ], [ -76.540510469302674, 39.313243966407263 ], [ -76.541778808737163, 39.312630811373381 ], [ -76.542136094776808, 39.313122608693945 ], [ -76.54185921783656, 39.312591948230576 ], [ -76.542777025664051, 39.312148227413864 ], [ -76.543254316744168, 39.312914264372232 ], [ -76.543021514745021, 39.31296133139692 ], [ -76.543137666012939, 39.313301122126767 ], [ -76.543947571801752, 39.313556827303429 ], [ -76.543510684248162, 39.31177944324579 ], [ -76.542995648654738, 39.311130459875962 ], [ -76.541754924330405, 39.310228806735132 ], [ -76.539594532665944, 39.309121935678974 ], [ -76.536363421946376, 39.307847287597077 ], [ -76.535449359195326, 39.309275044440525 ], [ -76.535924000245359, 39.309526738555036 ], [ -76.535375374846836, 39.310247573801995 ], [ -76.536845024041554, 39.310831938724348 ], [ -76.537087113722421, 39.310979008682423 ], [ -76.536905367472443, 39.311214516113019 ], [ -76.539162388217065, 39.312351248698249 ], [ -76.538137393409897, 39.313493611927022 ], [ -76.534446730642088, 39.310220426505971 ], [ -76.534203643831262, 39.310430495619514 ], [ -76.538070485090898, 39.313847191255078 ], [ -76.534935611786025, 39.316991744261458 ], [ -76.534366946770135, 39.315230233026455 ], [ -76.533698102532085, 39.314533914094639 ], [ -76.532842209288944, 39.311199120255743 ], [ -76.531552331847209, 39.31103721715693 ], [ -76.532178984911312, 39.313731608782071 ], [ -76.532493830045354, 39.314127969089597 ], [ -76.532775464463327, 39.314216452422912 ], [ -76.532813096687221, 39.314405849693159 ], [ -76.532508797774611, 39.314580873693657 ], [ -76.533267027078395, 39.316525073646204 ], [ -76.533362486552051, 39.317535995015923 ], [ -76.533078377275459, 39.317928488477612 ], [ -76.532937957121803, 39.318603464527449 ], [ -76.532478832671671, 39.318960065449652 ], [ -76.530918703364918, 39.320956120001163 ], [ -76.529724056326458, 39.322057430623268 ], [ -76.529760468638187, 39.319882528393997 ], [ -76.529951031852661, 39.319843508049644 ], [ -76.529985623279302, 39.318048743272186 ], [ -76.52968799076443, 39.31804659233002 ], [ -76.529694844910054, 39.317689867910325 ], [ -76.530005657506777, 39.317692100175719 ], [ -76.530008402758284, 39.317277986621001 ], [ -76.529702821051444, 39.317275737662833 ], [ -76.529741883393271, 39.313821435386046 ], [ -76.529970491158352, 39.313809828630994 ], [ -76.530091858044813, 39.313618375276398 ], [ -76.529741328234437, 39.313638826850422 ], [ -76.52971905360863, 39.305859886922221 ], [ -76.532242553294083, 39.30459299520809 ], [ -76.531859450571488, 39.304024296073706 ], [ -76.531613474778695, 39.303101836055696 ], [ -76.532465165702959, 39.303127494382615 ], [ -76.533009278863801, 39.303458791252197 ], [ -76.532967897970238, 39.303351359966243 ], [ -76.533315720258358, 39.30308357590178 ], [ -76.534077427838909, 39.303500069440474 ], [ -76.533518889531209, 39.302798404356075 ], [ -76.532426739368347, 39.302342066712008 ], [ -76.529873754276025, 39.302413903820593 ], [ -76.529819416985447, 39.305725120520826 ], [ -76.526268864452504, 39.307544990679816 ], [ -76.5267581139057, 39.308074434812347 ], [ -76.526376455674082, 39.308403019738741 ], [ -76.526550457547998, 39.308524507274385 ], [ -76.526284181626423, 39.308757292748453 ], [ -76.52916692118724, 39.31074731070013 ], [ -76.526432921976223, 39.31231713454136 ], [ -76.518327403404683, 39.316098358528698 ], [ -76.519284087622694, 39.316584242844911 ], [ -76.517258671422951, 39.317967906720376 ], [ -76.517902431105014, 39.318457241083671 ], [ -76.517696784278598, 39.31871058607323 ], [ -76.515507221621917, 39.320147407211884 ], [ -76.515125249878281, 39.319867921828212 ], [ -76.514463824826166, 39.320129582376275 ], [ -76.514490770691424, 39.318530251030872 ], [ -76.515282484697408, 39.317872951660121 ], [ -76.516093566380917, 39.318258332982005 ], [ -76.516741102580426, 39.317720264798389 ], [ -76.516045581971696, 39.317214949742045 ], [ -76.515807121484585, 39.316356167642006 ], [ -76.51593865819838, 39.315533398156546 ], [ -76.515626244803812, 39.315347131438898 ], [ -76.51555248593246, 39.315204230940978 ], [ -76.515673801614952, 39.315204731342078 ], [ -76.515299885064465, 39.314598659632637 ], [ -76.515907023127326, 39.314456221176954 ], [ -76.51561529164556, 39.313721936242253 ], [ -76.516375904179782, 39.313190802149514 ], [ -76.515556823896972, 39.312207517774375 ], [ -76.515132234279619, 39.310726505892625 ], [ -76.515374235925577, 39.31032608460135 ], [ -76.514286491100862, 39.308405796539461 ], [ -76.513401688275252, 39.308185761673428 ], [ -76.513302192671006, 39.307796034170849 ], [ -76.51113020824782, 39.307327966973013 ], [ -76.509181629445905, 39.307218534232696 ], [ -76.506593751995638, 39.306697605379476 ], [ -76.505567587581965, 39.306676818830418 ], [ -76.505204883802847, 39.306431497464779 ], [ -76.504916023336719, 39.306541771101458 ], [ -76.506761931888192, 39.307140203448419 ], [ -76.505213568715021, 39.308842949094824 ], [ -76.504800873690343, 39.308572550346142 ], [ -76.503349304887351, 39.310177837244005 ], [ -76.502986202256238, 39.309925934870009 ], [ -76.502848459082173, 39.310038660012104 ], [ -76.50169194373089, 39.307855463758614 ], [ -76.501140335027287, 39.305606487753856 ], [ -76.502765220289604, 39.305579659792265 ], [ -76.50324704247204, 39.30587472787893 ], [ -76.503962790446039, 39.30381813999314 ], [ -76.50350113813667, 39.303740825832385 ], [ -76.503379336465613, 39.30352234378946 ], [ -76.503496161469997, 39.30285155565565 ], [ -76.503981044212608, 39.30246129517586 ], [ -76.503614936716872, 39.301901803144617 ], [ -76.503878216756959, 39.301657190068724 ], [ -76.503256942804782, 39.301442023587228 ], [ -76.503000627403082, 39.302671682313886 ], [ -76.502227205791229, 39.303062754218352 ], [ -76.501301436195391, 39.30284906989155 ], [ -76.500823015932966, 39.302539539440083 ], [ -76.500393599667575, 39.302534608902171 ], [ -76.501044099409214, 39.300735579603348 ], [ -76.501414980552354, 39.29912384747783 ], [ -76.50120787845519, 39.298760669305103 ], [ -76.50071595202246, 39.298747389570757 ], [ -76.500882806001641, 39.298074593208732 ], [ -76.500214819654687, 39.29825761496965 ], [ -76.500684402291341, 39.298314629296776 ], [ -76.500620837501842, 39.298617214255863 ], [ -76.500005672093607, 39.298817676966046 ], [ -76.500199038051775, 39.299316689096834 ], [ -76.50002790180362, 39.299989772437129 ], [ -76.500430622833704, 39.299879161060034 ], [ -76.499895493724011, 39.301093955919129 ], [ -76.499195125805997, 39.300986938089089 ], [ -76.499007909714265, 39.301297787134793 ], [ -76.498133321631741, 39.30138445569623 ], [ -76.498265958781772, 39.301666474304909 ], [ -76.498132759286378, 39.301704289689738 ], [ -76.496799410571413, 39.301576467350557 ], [ -76.495366275198052, 39.301665439942617 ], [ -76.494923527933864, 39.301483156985945 ], [ -76.494648293113954, 39.301145467979964 ], [ -76.494607170036872, 39.299819299264925 ], [ -76.494295502244015, 39.299894165950782 ], [ -76.494196198879237, 39.299666598728074 ], [ -76.498376506358937, 39.298451458626303 ], [ -76.499229348923393, 39.298024597144021 ], [ -76.500025435029855, 39.297376747273574 ], [ -76.501995292225885, 39.294918526392365 ], [ -76.502476308619521, 39.293835135984814 ], [ -76.502532837803713, 39.292657359676696 ], [ -76.50216939111786, 39.291513100396195 ], [ -76.501437614504255, 39.290510033424944 ], [ -76.488360747285171, 39.28584101379662 ], [ -76.488293364655718, 39.286246293393589 ], [ -76.487851447434849, 39.28642025241178 ], [ -76.487109080582357, 39.288112486912929 ], [ -76.486779857912197, 39.287985697961069 ], [ -76.486253215186991, 39.288218539226392 ], [ -76.486300984898847, 39.288407105786327 ], [ -76.486014178879785, 39.288654376575309 ], [ -76.485590751682395, 39.288670970466519 ], [ -76.484626877348845, 39.289442982184411 ], [ -76.483554098456764, 39.289367200486836 ], [ -76.483138621349667, 39.289613915852868 ], [ -76.483125187044593, 39.289866725633914 ], [ -76.482494906583355, 39.290359025674888 ], [ -76.48218502913285, 39.290286644040805 ], [ -76.481113568069276, 39.290836047062022 ], [ -76.481186116011642, 39.290990045409565 ], [ -76.478906743386119, 39.29111827015597 ], [ -76.476457245117174, 39.290656055245762 ], [ -76.476417465021427, 39.290041842290904 ], [ -76.47515815096061, 39.288800971686499 ], [ -76.473920490789709, 39.288296421183212 ], [ -76.472457147768282, 39.284289217191315 ], [ -76.472070779669636, 39.284086283469748 ], [ -76.47398633101183, 39.281160268889884 ], [ -76.47366046265094, 39.281025405570603 ], [ -76.474398575980558, 39.280260346334842 ], [ -76.47251453843684, 39.279417280610133 ], [ -76.47270302654303, 39.279121731078376 ], [ -76.471650879258064, 39.278851739046772 ], [ -76.474102858673831, 39.276037252353419 ], [ -76.473347448283448, 39.276337647145112 ], [ -76.472311045770496, 39.276224106283401 ], [ -76.470231848332972, 39.27527195575194 ], [ -76.468834872844766, 39.27400312944458 ], [ -76.466405232733464, 39.275746433926003 ], [ -76.466070160234182, 39.27559817244579 ], [ -76.465027946519641, 39.276389655845442 ], [ -76.46302321402932, 39.275008334747682 ], [ -76.461647212406334, 39.273414683059734 ], [ -76.457676427085204, 39.275214812094617 ], [ -76.454072054686961, 39.272645478737132 ], [ -76.453759186744861, 39.272749853464632 ], [ -76.453388033412168, 39.272423700006065 ], [ -76.454682855181247, 39.272130709358564 ], [ -76.456437934176037, 39.271476119694164 ], [ -76.458164214081094, 39.270076631168529 ], [ -76.45852817101003, 39.269122947065384 ], [ -76.457658997972047, 39.26654539017224 ], [ -76.456472833724817, 39.264056489693928 ], [ -76.456090773946272, 39.261687233428951 ], [ -76.455527973132547, 39.25974491031743 ], [ -76.455495171149948, 39.25343419258693 ], [ -76.456196718555944, 39.247947155743383 ], [ -76.456585868737022, 39.247378094014302 ], [ -76.457563013882265, 39.246690179614397 ], [ -76.458052893054457, 39.245525475147389 ], [ -76.458146547812717, 39.244640333623721 ], [ -76.459407396196056, 39.243359357301834 ], [ -76.458725464402619, 39.241933559187288 ], [ -76.4557547914536, 39.242848244521305 ], [ -76.455577845800505, 39.242769836173004 ], [ -76.4570101196895, 39.234497250875854 ], [ -76.457408350939787, 39.233513002796499 ], [ -76.458325818305767, 39.232803096042339 ], [ -76.459590203356385, 39.232551667547156 ], [ -76.462517003485246, 39.232445439135596 ], [ -76.462509861878729, 39.231752003701558 ], [ -76.462066448064604, 39.231760102463355 ], [ -76.461776035309668, 39.230912392433325 ], [ -76.460959382274751, 39.230087111120135 ], [ -76.461456931262859, 39.230187880716905 ], [ -76.460917697750617, 39.229616034855567 ], [ -76.460360808749797, 39.229536955530072 ], [ -76.460109758373989, 39.228692864255322 ], [ -76.461167688114415, 39.228214281384638 ], [ -76.462916663955141, 39.228192974000926 ], [ -76.463162582255762, 39.227554469708075 ], [ -76.463114340928357, 39.226994371059739 ], [ -76.461961404465171, 39.226496380990582 ], [ -76.463357926304184, 39.225484162055203 ], [ -76.463838717220654, 39.224752839206317 ], [ -76.463630397007947, 39.223017071339314 ], [ -76.463321407991245, 39.222667072566345 ], [ -76.463500978521608, 39.222199208295081 ], [ -76.463125293188313, 39.221021752016604 ], [ -76.461756387357767, 39.220768328508626 ], [ -76.46142833878568, 39.219888651693367 ], [ -76.461020805480629, 39.219684409638482 ], [ -76.461984606152342, 39.219223177415955 ], [ -76.462185811707982, 39.218833145643586 ], [ -76.463038738714062, 39.218090093996054 ], [ -76.46258949213879, 39.217187081018757 ], [ -76.461488726234023, 39.216756978125431 ], [ -76.461474178018008, 39.216559649180667 ], [ -76.46226586776946, 39.216052690388111 ], [ -76.462024398824468, 39.215521042543052 ], [ -76.462714012111874, 39.215141112050993 ], [ -76.462704133338704, 39.215023378232829 ], [ -76.462161217632129, 39.215068689618683 ], [ -76.461531484244915, 39.210379037514748 ], [ -76.462020763342508, 39.209580122665614 ], [ -76.461970123513311, 39.209271278542758 ], [ -76.461657418166283, 39.209246323660629 ], [ -76.461958724790676, 39.209219379449792 ], [ -76.461895628023441, 39.208702486418609 ], [ -76.46212415943171, 39.208473051328468 ], [ -76.461527099568031, 39.204117044062592 ], [ -76.461739590658595, 39.204025842587583 ], [ -76.462126403423284, 39.204408277228048 ], [ -76.463007428833137, 39.206006379779204 ], [ -76.465707054009812, 39.206013654562675 ], [ -76.466052410422478, 39.206245753242349 ], [ -76.466704711286269, 39.206062646391842 ], [ -76.46705261532108, 39.205784037362925 ], [ -76.470135363881582, 39.205675806863624 ], [ -76.475391827918841, 39.205100081761096 ], [ -76.479876428921258, 39.20482106030515 ], [ -76.481828834546278, 39.204490089210545 ], [ -76.481460589060177, 39.201419900289416 ], [ -76.481751147342194, 39.201397901868908 ], [ -76.482098877103837, 39.20417299755016 ], [ -76.482375542939991, 39.204887066251764 ], [ -76.481197010779411, 39.207385460195312 ], [ -76.481079158102332, 39.209561886165403 ], [ -76.48093771925916, 39.209842460461743 ], [ -76.479224333771668, 39.210006726650541 ], [ -76.476160188422384, 39.211418000015648 ], [ -76.476289097563964, 39.212383553082006 ], [ -76.484023362191508, 39.211765080744001 ], [ -76.484354677037985, 39.21152388926869 ], [ -76.484113297924509, 39.209616021411271 ], [ -76.484458280638023, 39.209591513515356 ], [ -76.484709136977727, 39.211510260298652 ], [ -76.48510438043138, 39.211480937923561 ], [ -76.485283676077259, 39.211089010993085 ], [ -76.485271673686739, 39.210581443341418 ], [ -76.485784532662223, 39.210183341661001 ], [ -76.485720480985862, 39.209670634800865 ], [ -76.48630883617443, 39.209508946692104 ], [ -76.486367886929656, 39.209324733969773 ], [ -76.485570750692617, 39.209339569622003 ], [ -76.485698887283036, 39.209175351292494 ], [ -76.485222414568142, 39.205011752953638 ], [ -76.485681886666285, 39.202906382639611 ], [ -76.486443638264291, 39.203032881362731 ], [ -76.487760352875142, 39.202636132610898 ], [ -76.489077413337384, 39.202464990312443 ], [ -76.491884823771741, 39.202924617387389 ], [ -76.492228327858271, 39.202743305518894 ], [ -76.492110256890584, 39.201424774594358 ], [ -76.492299417834914, 39.201323168029695 ], [ -76.495555986809634, 39.201804811317565 ], [ -76.498622326743188, 39.205411866416334 ], [ -76.498687725892495, 39.205901978095596 ], [ -76.49832835216813, 39.206592759994138 ], [ -76.496128725685352, 39.207123236426234 ], [ -76.496304972449138, 39.207729069377471 ], [ -76.498274163993571, 39.207660829633411 ], [ -76.500555310791768, 39.207943004123209 ], [ -76.500844876435394, 39.208371334540516 ], [ -76.500804579808374, 39.209386955428691 ], [ -76.501180527449733, 39.210901240797092 ], [ -76.499306145897023, 39.211155718915698 ], [ -76.499155537051436, 39.211312130091919 ], [ -76.499022158791306, 39.21212393509736 ], [ -76.493924103671262, 39.212531165915628 ], [ -76.493966302930033, 39.212967247023876 ], [ -76.494122613382743, 39.213020634212114 ], [ -76.495901026117011, 39.212981028834669 ], [ -76.493873939050843, 39.213213373845853 ], [ -76.493806790881663, 39.213387635927845 ], [ -76.500889644875883, 39.212777723013062 ], [ -76.501088424980267, 39.214189997919597 ], [ -76.499148054085111, 39.214355203285699 ], [ -76.50060785235442, 39.224434531438874 ], [ -76.497088669889536, 39.22774640816133 ], [ -76.494204586449044, 39.226261304055555 ], [ -76.493580074070266, 39.226459809606638 ], [ -76.493820552173503, 39.226861933033831 ], [ -76.493386350582625, 39.226701928876686 ], [ -76.492518681324412, 39.227185398056768 ], [ -76.490875642906815, 39.227501389317091 ], [ -76.49118375247285, 39.228981786847086 ], [ -76.491364624662054, 39.229111844524837 ], [ -76.49130415546702, 39.229533346843077 ], [ -76.491456769352325, 39.229979036373962 ], [ -76.492525851677016, 39.231500361994691 ], [ -76.493489966759071, 39.233671469686918 ], [ -76.493520178898692, 39.233919048437606 ], [ -76.49322059434472, 39.234033273617278 ], [ -76.493250701381456, 39.235105191767801 ], [ -76.493977036001056, 39.236842864902385 ], [ -76.49337658409884, 39.237339322512206 ], [ -76.492835714754477, 39.238272353155075 ], [ -76.492903244707662, 39.238450223182618 ], [ -76.491378987825129, 39.238878930349458 ], [ -76.490842986451312, 39.240212037256669 ], [ -76.490951471496587, 39.240440297874144 ], [ -76.490618121067698, 39.240589838750395 ], [ -76.490206035100769, 39.241544963682387 ], [ -76.489145734706312, 39.242679176780591 ], [ -76.488239580723018, 39.2431534240812 ], [ -76.487383565309017, 39.244002114656709 ], [ -76.486886532852182, 39.245587569210457 ], [ -76.486984319860753, 39.245734166775804 ], [ -76.48774348970062, 39.245856163750176 ], [ -76.488430702689612, 39.246303784478187 ], [ -76.488756111113076, 39.246980704684375 ], [ -76.488068873869565, 39.247822705994217 ], [ -76.48807588881364, 39.248395040696344 ], [ -76.487909100411457, 39.248460492276124 ], [ -76.48750953336635, 39.247963387093215 ], [ -76.467916441586496, 39.244553917653114 ], [ -76.467187036525246, 39.245149369908873 ], [ -76.467732814264309, 39.246925312637494 ], [ -76.46818503875474, 39.252800399884116 ], [ -76.466501231196304, 39.254716441487112 ], [ -76.466825259807493, 39.254593374089318 ], [ -76.465837475016016, 39.25560204222392 ], [ -76.464755942041506, 39.257222968431051 ], [ -76.462880754699995, 39.256673061110966 ], [ -76.463403068443839, 39.256354459930613 ], [ -76.463077501916871, 39.256296840369252 ], [ -76.463216393137898, 39.256212128342952 ], [ -76.462808805933932, 39.255808169828249 ], [ -76.462643391055835, 39.255860486608661 ], [ -76.462510120593549, 39.255286886334368 ], [ -76.461890729510202, 39.255365583968747 ], [ -76.461510686449472, 39.25343707382288 ], [ -76.460279502233448, 39.251463788323996 ], [ -76.459429232443981, 39.251863907642324 ], [ -76.458956261362047, 39.252517710778619 ], [ -76.459402300053441, 39.252341762959126 ], [ -76.459843965746046, 39.252990606745371 ], [ -76.459745534645407, 39.253014428912394 ], [ -76.460172386220648, 39.254012641804735 ], [ -76.46117303219205, 39.253752944072836 ], [ -76.461226566393094, 39.254003258039432 ], [ -76.460418821950867, 39.254152722697768 ], [ -76.460584790191191, 39.254537912234632 ], [ -76.460249824591401, 39.254624843865713 ], [ -76.460786693737802, 39.255870824475515 ], [ -76.460543197295195, 39.255880169037766 ], [ -76.460658090023415, 39.256490480888353 ], [ -76.460790506187863, 39.256484119073519 ], [ -76.461125302006053, 39.258396229532693 ], [ -76.462040357395495, 39.259771129147751 ], [ -76.462013368411107, 39.26007446002663 ], [ -76.462379682519327, 39.260055651689044 ], [ -76.462790659965194, 39.262226208067901 ], [ -76.463818383854189, 39.264115862514679 ], [ -76.464640893006447, 39.265351955578197 ], [ -76.46603297537132, 39.266944457398488 ], [ -76.466199099918484, 39.267513140561334 ], [ -76.466135870200588, 39.268145898930214 ], [ -76.468243257670011, 39.267627322856207 ], [ -76.470307696685694, 39.270388392857036 ], [ -76.469641553681697, 39.271231669461343 ], [ -76.470938668849683, 39.272392126256214 ], [ -76.471090600913683, 39.27226379907426 ], [ -76.471634478715927, 39.272652210441656 ], [ -76.472162935139693, 39.272217059353487 ], [ -76.473550799015982, 39.274035422218184 ], [ -76.475323096019821, 39.275372909386249 ], [ -76.474359994237403, 39.276300593417346 ], [ -76.474257361716198, 39.277053741616221 ], [ -76.474766795415505, 39.278117896259246 ], [ -76.475603938123712, 39.278872803658388 ], [ -76.476498113072694, 39.279318315268739 ], [ -76.477107905657235, 39.278403269159895 ], [ -76.477486561719161, 39.278562299390558 ], [ -76.478477927195343, 39.277091922156544 ], [ -76.503304224731451, 39.289091569751385 ], [ -76.503876791130622, 39.289331565720921 ], [ -76.504370325547711, 39.289191129636841 ], [ -76.504505203994356, 39.288928663698783 ], [ -76.504966896727893, 39.289110317456355 ], [ -76.505170773873203, 39.289640450278412 ], [ -76.506865178857055, 39.29037664743398 ], [ -76.514384876387425, 39.292491733153241 ], [ -76.51440476778275, 39.293761979303738 ], [ -76.514112182901442, 39.294067232695205 ], [ -76.512590920103776, 39.294629041201304 ], [ -76.507747138514787, 39.295954629036785 ], [ -76.508455827527271, 39.29751299935355 ], [ -76.510310271870566, 39.297000401628274 ], [ -76.512312765759205, 39.300048685899135 ], [ -76.521900863875658, 39.296665909706789 ], [ -76.522554811351355, 39.296719823414556 ], [ -76.522910084266442, 39.296319511075922 ], [ -76.525277054310266, 39.295496323166873 ], [ -76.525972526409959, 39.294948639101541 ], [ -76.53116748729127, 39.292070776780086 ], [ -76.531533169883886, 39.291665678279635 ], [ -76.531856236399392, 39.290865049833087 ], [ -76.532210754729647, 39.288679753053152 ], [ -76.531720555757204, 39.288275386520944 ], [ -76.531344791372177, 39.288198195638785 ], [ -76.531371832458859, 39.288591765835491 ], [ -76.529795393339796, 39.288811917221906 ], [ -76.52978391197216, 39.286386026189703 ], [ -76.531909730176253, 39.286366841114614 ], [ -76.531539371852602, 39.287018801850934 ], [ -76.531541845812896, 39.287890986584543 ], [ -76.534285482150295, 39.287761213115672 ], [ -76.534222894727804, 39.286719910177183 ], [ -76.534662214919194, 39.285841477557128 ], [ -76.536403163414548, 39.285996133509308 ], [ -76.537091257650815, 39.28545957497839 ], [ -76.537054466250041, 39.284882508886973 ], [ -76.540823449534201, 39.284854714855804 ], [ -76.540738646774756, 39.283519804767877 ], [ -76.543150412208504, 39.283414614485665 ], [ -76.543191461623735, 39.284750528511275 ], [ -76.546112825148512, 39.284612662128076 ], [ -76.547438196823762, 39.284298579519358 ], [ -76.549652287080932, 39.283024098248632 ], [ -76.550226545007774, 39.28284877491577 ], [ -76.553652342209006, 39.282609688466223 ], [ -76.554522793549623, 39.282147765757941 ], [ -76.554573275275345, 39.282943835904746 ], [ -76.55363620666985, 39.282978001925336 ], [ -76.553626660273324, 39.282781498928195 ], [ -76.553142162009678, 39.282851751592545 ], [ -76.553151375131236, 39.283001472498441 ], [ -76.549627545681389, 39.283138217025467 ], [ -76.549767673882556, 39.285168372923643 ], [ -76.549307379825919, 39.285186372841302 ], [ -76.549319161230855, 39.285378330883873 ], [ -76.549785163182804, 39.285360102262622 ], [ -76.549868109124574, 39.286683056620681 ], [ -76.549574363619925, 39.286693790425232 ], [ -76.549605024018888, 39.287190408904998 ], [ -76.55336669591496, 39.287062277782113 ], [ -76.553216578447817, 39.287342602679622 ], [ -76.553399550898135, 39.291630390910697 ], [ -76.553281565270424, 39.291781250615166 ], [ -76.551932977534975, 39.291857465611557 ], [ -76.551148898310572, 39.292154209343714 ], [ -76.551112318013907, 39.292569908609686 ], [ -76.551936502524143, 39.293181688366147 ], [ -76.552086213054451, 39.293918566446067 ], [ -76.553144688970576, 39.29402014253521 ], [ -76.553846055815171, 39.292977397614656 ], [ -76.554080529579068, 39.292313704747656 ], [ -76.557207273130615, 39.291893577412417 ], [ -76.558573996055017, 39.288926956829535 ], [ -76.558522993306426, 39.287329664942341 ], [ -76.557684558820853, 39.287292606599451 ], [ -76.557698310231217, 39.287508069648823 ], [ -76.557436960670657, 39.287518395199704 ], [ -76.557239783160753, 39.287382602021033 ], [ -76.555673468953259, 39.287440424772747 ], [ -76.555968150502423, 39.291713405467675 ], [ -76.555841709931244, 39.291701149868061 ], [ -76.555377235115273, 39.291311229074068 ], [ -76.555054295262224, 39.286585330809658 ], [ -76.55561147082561, 39.286469410598748 ], [ -76.555625492628863, 39.286686462125118 ], [ -76.557937024043241, 39.286695466756385 ], [ -76.557946335081155, 39.286851160966258 ], [ -76.558490715041643, 39.286824880652794 ], [ -76.558164573592919, 39.281788184796824 ], [ -76.557466567345813, 39.281922918011119 ], [ -76.557449916173681, 39.281640205197164 ], [ -76.555304339524909, 39.281717600086758 ], [ -76.555315561279443, 39.281893597246537 ], [ -76.555037858787443, 39.281900480340234 ], [ -76.555055510682777, 39.282210326632359 ], [ -76.554773748704037, 39.282220238548177 ], [ -76.554679278275501, 39.280703544055356 ], [ -76.554423449760677, 39.280576914136645 ], [ -76.551429089135908, 39.280628829295011 ], [ -76.551847923247237, 39.279502145384207 ], [ -76.552219758401222, 39.278949510416268 ], [ -76.553032726546832, 39.278262549704152 ], [ -76.553533705302684, 39.278113609304697 ], [ -76.553506251889289, 39.275988684881078 ], [ -76.551056008018634, 39.276181624984964 ], [ -76.550460660343859, 39.277482335866935 ], [ -76.550684221373686, 39.278421259690155 ], [ -76.549371101820597, 39.279920540533709 ], [ -76.549289528504588, 39.281141689414966 ], [ -76.545769106364617, 39.281280696031679 ], [ -76.54574278842172, 39.280868434973144 ], [ -76.546332112892514, 39.280847760353453 ], [ -76.54615688391992, 39.278170143540336 ], [ -76.546289400695713, 39.277819757936093 ], [ -76.547968331300481, 39.277781041659722 ], [ -76.547902151515189, 39.276212036423537 ], [ -76.543772310489814, 39.27639730996853 ], [ -76.543703126738222, 39.275314207425389 ], [ -76.543225794335569, 39.275366353878596 ], [ -76.54315197976868, 39.275025406134951 ], [ -76.542861994611812, 39.275036597908631 ], [ -76.542707858980435, 39.273874963071577 ], [ -76.54289167405048, 39.273868075016843 ], [ -76.54286542348126, 39.273759083717486 ], [ -76.542082603694908, 39.273788504549131 ], [ -76.54203112214428, 39.272955527997077 ], [ -76.541557442291591, 39.272969464232041 ], [ -76.541531675914314, 39.272579967674481 ], [ -76.538814070058891, 39.272697301718381 ], [ -76.53883160966484, 39.272999024479368 ], [ -76.538390633878365, 39.273015410671704 ], [ -76.538374687883774, 39.272741150940433 ], [ -76.538233858098351, 39.272745813752209 ], [ -76.538262172996113, 39.27322579240667 ], [ -76.537736522010988, 39.273246560375512 ], [ -76.537745564452635, 39.273405542505714 ], [ -76.537012743098344, 39.273238465708523 ], [ -76.536981414352823, 39.27272044888705 ], [ -76.534855911457385, 39.273074880215795 ], [ -76.534031157415257, 39.27310606144146 ], [ -76.53401495090921, 39.272838081031772 ], [ -76.532412785837039, 39.272951103033286 ], [ -76.532439988620482, 39.27339033444045 ], [ -76.531770410458833, 39.273414537717677 ], [ -76.535178280880231, 39.280595377638733 ], [ -76.53585704790892, 39.281681779250981 ], [ -76.534959528532141, 39.282035647920331 ], [ -76.53469519656484, 39.281760742767183 ], [ -76.534554100878125, 39.281843282986216 ], [ -76.534210165600228, 39.281440091735355 ], [ -76.534174978590556, 39.281184689210221 ], [ -76.534793879193771, 39.28102279387025 ], [ -76.531147371317132, 39.273375118026834 ], [ -76.530687928863372, 39.273711262930796 ], [ -76.530033153141005, 39.273001022422541 ], [ -76.529804569630414, 39.273018380812097 ], [ -76.529788775451095, 39.271958509759678 ], [ -76.530536416312614, 39.2721034193221 ], [ -76.53111933849037, 39.271976588178269 ], [ -76.530058791059204, 39.269797530714179 ], [ -76.531854443362079, 39.269705066790372 ], [ -76.531841005463761, 39.269568203546562 ], [ -76.52986565147647, 39.269669886584211 ], [ -76.529747973072574, 39.269428164583452 ], [ -76.529775707658658, 39.265237270904514 ], [ -76.530482675499059, 39.265795196835434 ], [ -76.53098003584094, 39.265968066731446 ], [ -76.532942612191633, 39.265929817535394 ], [ -76.534296627548017, 39.266397930592284 ], [ -76.534366746445841, 39.267741724734371 ], [ -76.540135569096947, 39.26753190169206 ], [ -76.54147078990097, 39.265700071543378 ], [ -76.539643158472273, 39.265055679035427 ], [ -76.539484452212733, 39.265531876797006 ], [ -76.539716339726908, 39.266014190938733 ], [ -76.539579098711044, 39.266524245351015 ], [ -76.539336028968222, 39.266703234395145 ], [ -76.535752128276997, 39.266456984288247 ], [ -76.535676017616225, 39.265690571108614 ], [ -76.535006889510541, 39.265722043554092 ], [ -76.534404392144452, 39.265417837837852 ], [ -76.534375059455471, 39.264978735897543 ], [ -76.533931672590796, 39.264369851398712 ], [ -76.533835817858403, 39.263364268833207 ], [ -76.531404294878286, 39.263507601351755 ], [ -76.53129670635164, 39.262370016566898 ], [ -76.532677598403026, 39.262290189608784 ], [ -76.532701164806184, 39.262545782727642 ], [ -76.532841993693282, 39.262537615185565 ], [ -76.532602572907123, 39.259760824546937 ], [ -76.532405780774468, 39.259772226728522 ], [ -76.53236693672325, 39.259375284626678 ], [ -76.532334989038489, 39.258909079192755 ], [ -76.53248869168192, 39.258900182975161 ], [ -76.532229131565416, 39.258565922952521 ], [ -76.529826287300736, 39.258706859332463 ], [ -76.529800768858451, 39.25839546997522 ], [ -76.531641006345524, 39.258288567742873 ], [ -76.531641243500772, 39.258178430958175 ], [ -76.531605292024793, 39.257835230102835 ], [ -76.531334638612833, 39.25785089644706 ], [ -76.531297401647677, 39.257426327054517 ], [ -76.529800859588306, 39.257513020000239 ], [ -76.529827348211086, 39.240256876669797 ], [ -76.53296146333787, 39.239216678116307 ], [ -76.538738736440862, 39.245407694201106 ], [ -76.535546206566124, 39.25555186002768 ], [ -76.534889084444188, 39.255669048682272 ], [ -76.534471632840081, 39.256432691020429 ], [ -76.534705553241764, 39.257607922690596 ], [ -76.536364661621477, 39.258221281387783 ], [ -76.536658574212765, 39.256731493498499 ], [ -76.538750927477579, 39.253345338885097 ], [ -76.541507184246399, 39.251025645215321 ], [ -76.552724670879698, 39.257716819470765 ], [ -76.552906992949772, 39.260622614328099 ], [ -76.554049502667468, 39.260666549006217 ], [ -76.554845224956239, 39.26047032494381 ], [ -76.554913876905204, 39.259846080379575 ], [ -76.555115172292389, 39.259503785649017 ], [ -76.55568926762416, 39.259471006941787 ], [ -76.555565134824931, 39.257581211976259 ], [ -76.555849768717664, 39.257571636014724 ], [ -76.556155371984062, 39.26145368773274 ], [ -76.556502014784201, 39.261436245796475 ], [ -76.556640313117128, 39.260792304445332 ], [ -76.556865068906276, 39.260606400514924 ], [ -76.557392847102008, 39.260514987256883 ], [ -76.557599030222647, 39.260667757859807 ], [ -76.55790021198122, 39.261558438024892 ], [ -76.558754982330257, 39.261515404622905 ], [ -76.55874275625925, 39.261323443097233 ], [ -76.559130751206851, 39.261308509928988 ], [ -76.558853707179992, 39.256848881899799 ], [ -76.560178704257751, 39.257183591800811 ], [ -76.560439594779183, 39.261258121069623 ], [ -76.561142062060014, 39.261231043111287 ], [ -76.560938463392446, 39.258304371707986 ], [ -76.562219717007451, 39.258477157135069 ], [ -76.562397613078119, 39.261178370745476 ], [ -76.562863914169057, 39.261160394567526 ], [ -76.562692933329444, 39.258542696683378 ], [ -76.563056686340815, 39.258615351783099 ], [ -76.562952464699862, 39.256381456997929 ], [ -76.563525605122521, 39.256579731956151 ], [ -76.5636677509398, 39.259101089758978 ], [ -76.564581062699276, 39.259220177612399 ], [ -76.564476603004763, 39.256936394952717 ], [ -76.564780869578016, 39.256932087921633 ], [ -76.564962806270842, 39.26034952051976 ], [ -76.565561095928146, 39.260333727448916 ], [ -76.565528140333655, 39.259821722872552 ], [ -76.567262212225515, 39.259735409075489 ], [ -76.56728310164911, 39.259871637007713 ], [ -76.567579020178428, 39.259894885094198 ], [ -76.56754593612483, 39.259342962144139 ], [ -76.567985157501525, 39.2593270610353 ], [ -76.568018209215793, 39.259878984806114 ], [ -76.568405114506973, 39.25986497710835 ], [ -76.568375078437114, 39.259363090142422 ], [ -76.568668124154158, 39.259352470394781 ], [ -76.568657831257639, 39.259180781237241 ], [ -76.568834240616511, 39.259174399495386 ], [ -76.568933718254442, 39.260083130737449 ], [ -76.56946998822454, 39.259648556118592 ], [ -76.57127264738665, 39.260993005491137 ], [ -76.571800636686476, 39.262245887318812 ], [ -76.571303690467929, 39.262495456659344 ], [ -76.571657940201916, 39.262544603813978 ], [ -76.571933970030841, 39.263450763169089 ], [ -76.571290178907731, 39.263627259691113 ], [ -76.571166590487579, 39.264189509892127 ], [ -76.571826802814073, 39.264218988295632 ], [ -76.571765158622654, 39.264373338666609 ], [ -76.569911158047091, 39.264445057136932 ], [ -76.569920709833525, 39.264594093360074 ], [ -76.568932406714126, 39.26463232241997 ], [ -76.568937260311614, 39.264837841338284 ], [ -76.572065345946186, 39.264716829530791 ], [ -76.572076802161021, 39.264896073571087 ], [ -76.568859329664079, 39.265014554145473 ], [ -76.568794300620652, 39.266050128977149 ], [ -76.571532376386443, 39.26589950734872 ], [ -76.571594569448507, 39.266584996617475 ], [ -76.570848986627311, 39.266709943024097 ], [ -76.571221937488858, 39.266796581369 ], [ -76.571233081988282, 39.26695726467316 ], [ -76.569740003832649, 39.267019618645406 ], [ -76.569650964618319, 39.267240363613013 ], [ -76.568899920040195, 39.267268634080111 ], [ -76.568953817160605, 39.268007245978652 ], [ -76.572783113332932, 39.267846841879575 ], [ -76.572826197432263, 39.26847031903106 ], [ -76.56898722460771, 39.268631020057136 ], [ -76.569025378752769, 39.269292397535033 ], [ -76.569991671351062, 39.269453669731533 ], [ -76.569884922749239, 39.269612631258191 ], [ -76.569059617141519, 39.269639971641922 ], [ -76.569057290504929, 39.269859715946382 ], [ -76.572340295101839, 39.269735181299872 ], [ -76.572361472884666, 39.270065684096387 ], [ -76.56907943846825, 39.270185034978283 ], [ -76.569109750320891, 39.270672865346725 ], [ -76.570597678434993, 39.270615688729897 ], [ -76.570694820453184, 39.270749174943745 ], [ -76.569652185428794, 39.270795795332134 ], [ -76.5696634467092, 39.270989011916804 ], [ -76.570546231918669, 39.270951636153036 ], [ -76.570476607992589, 39.271260971738897 ], [ -76.571658606751839, 39.271212820304967 ], [ -76.570104212289863, 39.27145876926776 ], [ -76.571801367915114, 39.2714605481926 ], [ -76.571803201376611, 39.271601594255863 ], [ -76.570099774612359, 39.271672055635136 ], [ -76.570188730283377, 39.271856469113779 ], [ -76.570572721439774, 39.271862403233769 ], [ -76.570453718020829, 39.272078728095764 ], [ -76.573078200920605, 39.271976883040892 ], [ -76.570462585290997, 39.272195364768756 ], [ -76.570445336739226, 39.272786251200408 ], [ -76.571216280797529, 39.272777070925379 ], [ -76.571515835707118, 39.272955883357199 ], [ -76.571491516515749, 39.273233670800124 ], [ -76.572122091624379, 39.273206675355205 ], [ -76.571938962867179, 39.272986393554859 ], [ -76.572024369294525, 39.272899012502435 ], [ -76.572143670954134, 39.273206971603457 ], [ -76.572527495922216, 39.273458709163933 ], [ -76.572151974980613, 39.273224026739612 ], [ -76.571492626833432, 39.273254650869077 ], [ -76.571414267689519, 39.273852837844679 ], [ -76.57105434689116, 39.273874721763676 ], [ -76.571065433898383, 39.274053801908877 ], [ -76.570653435966378, 39.274441757598431 ], [ -76.57072425824505, 39.274979668938251 ], [ -76.572634399034271, 39.274934222389398 ], [ -76.572740835022415, 39.274945316126022 ], [ -76.572643818768341, 39.27500638206277 ], [ -76.573806913380778, 39.274951387673909 ], [ -76.573833846669615, 39.274995688886627 ], [ -76.570833170888406, 39.275170963725188 ], [ -76.570897063562995, 39.275710037032525 ], [ -76.572358875855173, 39.275730470476162 ], [ -76.570904759430036, 39.275774914447219 ], [ -76.570957451909663, 39.276349283061677 ], [ -76.570195734447651, 39.276706329452388 ], [ -76.568292725383472, 39.276883987257868 ], [ -76.568375756665162, 39.278193035091306 ], [ -76.56805771083377, 39.278206060742043 ], [ -76.568050461429422, 39.27805623710212 ], [ -76.567428557758234, 39.278104757942209 ], [ -76.567444312411695, 39.278363044259009 ], [ -76.566517252835098, 39.278398916162978 ], [ -76.566529362125124, 39.278590873336718 ], [ -76.564372160378269, 39.278681100369688 ], [ -76.563034665938261, 39.279905939534181 ], [ -76.562102330556016, 39.281518375485454 ], [ -76.562193682932204, 39.282843918086009 ], [ -76.562611370793221, 39.282824875972572 ], [ -76.562859392948226, 39.285871831960002 ], [ -76.564323567809595, 39.28581206456829 ], [ -76.564315524294557, 39.285579626221825 ], [ -76.564577848527179, 39.285564927669881 ], [ -76.564541524250359, 39.285010463219429 ], [ -76.564745953859543, 39.285003165336391 ], [ -76.564779128643011, 39.285559408411473 ], [ -76.565496377701834, 39.285533261805483 ], [ -76.56553579847143, 39.284963187580985 ], [ -76.565676935480681, 39.2849581369086 ], [ -76.565688953142555, 39.285153305776475 ], [ -76.566871980472811, 39.285119099794237 ], [ -76.566900958327253, 39.285713860569999 ], [ -76.567539998260798, 39.28567912296112 ], [ -76.567730158131724, 39.28611685756934 ], [ -76.568551155419328, 39.286057606292623 ], [ -76.568525340533029, 39.285643650408161 ], [ -76.568847718939026, 39.285632039675512 ], [ -76.56888748556004, 39.286269864383698 ], [ -76.569352678129917, 39.286251446180586 ], [ -76.569414654698008, 39.286021486615148 ], [ -76.569466733628275, 39.286230392826532 ], [ -76.570625911586063, 39.286147163877878 ], [ -76.570430036633311, 39.286269760785672 ], [ -76.572142096207443, 39.286056766381158 ], [ -76.572160722774854, 39.286330948260634 ], [ -76.571904345389399, 39.28634140748035 ], [ -76.571938456217381, 39.286947004972994 ], [ -76.570672881797321, 39.286829598149886 ], [ -76.570682017663771, 39.286963917012599 ], [ -76.569549754130193, 39.28701138806521 ], [ -76.569544940058591, 39.287461198261688 ], [ -76.569183633159753, 39.287475936741728 ], [ -76.569166121401594, 39.287218203399846 ], [ -76.568510567738173, 39.287247536536285 ], [ -76.568498432397007, 39.287052860201065 ], [ -76.567800559998844, 39.287077964709113 ], [ -76.56771710471233, 39.287476342088098 ], [ -76.563926304044884, 39.287677360934133 ], [ -76.563902147448559, 39.287259731730792 ], [ -76.563276569667863, 39.28724847933475 ], [ -76.5633131355915, 39.287873969087364 ], [ -76.56416257803258, 39.287835172849327 ], [ -76.564176844177624, 39.288051274574173 ], [ -76.565479847802294, 39.287992081250991 ], [ -76.565470545747502, 39.287704430064295 ], [ -76.569556403459941, 39.287627566722783 ], [ -76.569587044095954, 39.288045380760558 ], [ -76.569258537383078, 39.288057328994931 ], [ -76.569234799401684, 39.28770158430541 ], [ -76.567389375042168, 39.28776091692896 ], [ -76.567406264267831, 39.287981143235463 ], [ -76.567131458842638, 39.287986759641065 ], [ -76.567111627634418, 39.287721018618349 ], [ -76.566512095607067, 39.287747662919202 ], [ -76.566539872413955, 39.288127937908037 ], [ -76.56426602442744, 39.288215097642457 ], [ -76.564291087423868, 39.288673118139982 ], [ -76.563371068842486, 39.288707646379677 ], [ -76.563443927601909, 39.289791659811165 ], [ -76.562514163198031, 39.289817814560891 ], [ -76.562542656860515, 39.290242422022978 ], [ -76.563069182804739, 39.290224965699466 ], [ -76.563093194772279, 39.290519896889464 ], [ -76.563492715104999, 39.290504442945867 ], [ -76.563529510099045, 39.291062786451576 ], [ -76.56384859617954, 39.291052975901884 ], [ -76.563862334115171, 39.291261358884533 ], [ -76.564372242124961, 39.291241285933779 ], [ -76.564384689181537, 39.291438926937552 ], [ -76.564428681477622, 39.291208467147477 ], [ -76.56449536611612, 39.291390565505388 ], [ -76.564976552291313, 39.2913737184967 ], [ -76.565031503135543, 39.291170230339368 ], [ -76.565472915503236, 39.291157476852653 ], [ -76.565492049618797, 39.291402337273809 ], [ -76.567129601126624, 39.291337962389868 ], [ -76.567116048243932, 39.291132326530651 ], [ -76.56733936223705, 39.291124281206649 ], [ -76.56735319449578, 39.291329915699045 ], [ -76.567664865881923, 39.291317007203155 ], [ -76.5677100098182, 39.291823805881307 ], [ -76.567599003201934, 39.29182811911086 ], [ -76.567575936262074, 39.291485391729665 ], [ -76.565503138422656, 39.291564916372714 ], [ -76.565513346877552, 39.291743494526848 ], [ -76.567272915652097, 39.291689779300484 ], [ -76.56740408675158, 39.292086386804989 ], [ -76.567107975084468, 39.292102455678837 ], [ -76.567179533083376, 39.29248275707635 ], [ -76.569046042699256, 39.292409941729602 ], [ -76.569030756966384, 39.292204384103272 ], [ -76.569254432980529, 39.292195485855274 ], [ -76.569647516884274, 39.292182292474592 ], [ -76.569661584501603, 39.292385210384744 ], [ -76.570972261535431, 39.29233511987745 ], [ -76.571024624333347, 39.292931309928015 ], [ -76.57130703669236, 39.292921743663349 ], [ -76.571294656111121, 39.29274354184966 ], [ -76.571981242974346, 39.292720293537123 ], [ -76.57199474914465, 39.293199187751405 ], [ -76.571319764921626, 39.293224539640008 ], [ -76.571306707010649, 39.293035379819059 ], [ -76.570814162537005, 39.293050879783934 ], [ -76.570784715761988, 39.292533624741402 ], [ -76.569718950915643, 39.292574341372202 ], [ -76.569733828813369, 39.292788876732203 ], [ -76.569232910244651, 39.292812793827359 ], [ -76.569217783513594, 39.292598065267796 ], [ -76.566784551937786, 39.292684497099607 ], [ -76.566871436992074, 39.292794280708868 ], [ -76.565020449365974, 39.294494034186322 ], [ -76.565080571811322, 39.296208095821328 ], [ -76.564218319394271, 39.296245399019234 ], [ -76.564222538781181, 39.296426699410503 ], [ -76.564989252672802, 39.296393967867637 ], [ -76.56499500638219, 39.296602457307991 ], [ -76.567889357566372, 39.296179392109686 ], [ -76.567870566607269, 39.295870807522164 ], [ -76.568357816410625, 39.295768927537125 ], [ -76.56833268065067, 39.295306434657974 ], [ -76.568751629746345, 39.295290373471445 ], [ -76.568733495455717, 39.295029922843149 ], [ -76.569193944022572, 39.29501226958056 ], [ -76.569175487236762, 39.294786202728858 ], [ -76.56970410445895, 39.294757982991861 ], [ -76.569677246628586, 39.294329018924742 ], [ -76.572379465241482, 39.294223297052284 ], [ -76.572424421429872, 39.294883676555209 ], [ -76.572797823245708, 39.294873012135874 ], [ -76.572810203826947, 39.295099782250844 ], [ -76.573413504286918, 39.295022160914129 ], [ -76.573459145889885, 39.295668568491614 ], [ -76.572492805680881, 39.295755191187588 ], [ -76.57249569735778, 39.295890968825688 ], [ -76.572187813268883, 39.295934461494845 ], [ -76.572193734064911, 39.296182897259705 ], [ -76.571406055291177, 39.295942787819229 ], [ -76.570152803960212, 39.296072383451055 ], [ -76.570171047845307, 39.296350433772588 ], [ -76.569214543290357, 39.29652401662139 ], [ -76.569398459870058, 39.299265380762364 ], [ -76.578839405858119, 39.298896064335779 ], [ -76.578825154086132, 39.298642327826258 ], [ -76.581642982282844, 39.298567244299875 ], [ -76.581599780504206, 39.297860049713577 ], [ -76.582115303882844, 39.297839506631426 ], [ -76.582156779099492, 39.298518218345251 ], [ -76.583576459506531, 39.298525256217665 ], [ -76.583410405926259, 39.295742546986389 ], [ -76.583145723615999, 39.295752641213639 ], [ -76.583107931491995, 39.295161372874141 ], [ -76.583886322583993, 39.29514024503149 ], [ -76.583881433952229, 39.29466047562066 ], [ -76.584419114277324, 39.294653648702216 ], [ -76.584459665127568, 39.295282706813666 ], [ -76.58479589555526, 39.295272531180295 ], [ -76.58473148185783, 39.294408041874064 ], [ -76.580732417571511, 39.294567712202522 ], [ -76.578829426473632, 39.294816129180283 ], [ -76.578853098878, 39.295233093200636 ], [ -76.578600674079794, 39.295242210050553 ], [ -76.578576342312004, 39.294849842393162 ], [ -76.578431993825632, 39.294875270851684 ], [ -76.578444890938172, 39.295089386212091 ], [ -76.578202786884276, 39.295103532860921 ], [ -76.578176718673035, 39.294769197335405 ], [ -76.579587818372488, 39.294580231478818 ], [ -76.578364394702206, 39.29446327890993 ], [ -76.578349407209998, 39.294270794468304 ], [ -76.579577318863429, 39.294415242838284 ], [ -76.579599067974769, 39.294220719214088 ], [ -76.57984607323688, 39.294210923706295 ], [ -76.579929921985496, 39.294401267071628 ], [ -76.579914672185225, 39.294207928046461 ], [ -76.58016192268741, 39.294198159650016 ], [ -76.580217959594833, 39.29438985870604 ], [ -76.580199889982879, 39.294171497642402 ], [ -76.58045660693152, 39.294162257600853 ], [ -76.580474294759469, 39.294379709360854 ], [ -76.58472473281509, 39.294215309785855 ], [ -76.584708873957055, 39.293948360482716 ], [ -76.585177843044391, 39.293950099209376 ], [ -76.585192468515544, 39.294195764651199 ], [ -76.586243063511674, 39.294152879211182 ], [ -76.586220063047151, 39.293748273845111 ], [ -76.585928731315661, 39.293755784942874 ], [ -76.585937149428176, 39.29391733313841 ], [ -76.585227212655781, 39.29392048175751 ], [ -76.585277088018685, 39.293657199982441 ], [ -76.585799950633145, 39.293759806758608 ], [ -76.585787580831692, 39.293524526326706 ], [ -76.585432910686166, 39.293481103072658 ], [ -76.585409536522477, 39.293073421641921 ], [ -76.585652135548102, 39.293064970531695 ], [ -76.585599620036589, 39.293480430797622 ], [ -76.586454485607049, 39.293446871263633 ], [ -76.586508826495233, 39.294337463625524 ], [ -76.58558401899505, 39.294372584170674 ], [ -76.585608127082338, 39.294781838236361 ], [ -76.585310312209458, 39.294794596624612 ], [ -76.585281671223257, 39.294384149656111 ], [ -76.584981748004395, 39.294396872661189 ], [ -76.585065158375158, 39.295606432585529 ], [ -76.583653437041548, 39.295662334673274 ], [ -76.583879648101458, 39.298490171123703 ], [ -76.585231217345324, 39.298438203859355 ], [ -76.585221845221952, 39.298282633430802 ], [ -76.585557497134616, 39.29824658818557 ], [ -76.585568114322939, 39.298422119755571 ], [ -76.586152074054866, 39.298267463439416 ], [ -76.58621662968612, 39.29843761157624 ], [ -76.586205462728827, 39.298244067499482 ], [ -76.586504744550567, 39.298221236029924 ], [ -76.586513358495822, 39.298363706141316 ], [ -76.586758550059372, 39.298356769747322 ], [ -76.586716562802991, 39.297660631890992 ], [ -76.586912579689567, 39.297652681165872 ], [ -76.586944646850256, 39.297036690133638 ], [ -76.58711404396, 39.297030366758634 ], [ -76.587128353224173, 39.297276412778537 ], [ -76.587392795684252, 39.29725645139056 ], [ -76.587348905796091, 39.296619227283294 ], [ -76.58759567929286, 39.296606230778686 ], [ -76.587712690248495, 39.297620285271066 ], [ -76.588209393023604, 39.297601162363726 ], [ -76.588246836601257, 39.298177159447739 ], [ -76.588594498989266, 39.298265056761863 ], [ -76.589109080933468, 39.298255909022984 ], [ -76.589083969428017, 39.297781417872727 ], [ -76.589412485124058, 39.297768895692961 ], [ -76.589400662396599, 39.297540398366593 ], [ -76.589664247863908, 39.297543050466452 ], [ -76.589723720827294, 39.298459026223291 ], [ -76.594495462920378, 39.29827890315093 ], [ -76.594316239139729, 39.295381677406006 ], [ -76.599077188872997, 39.29519032588486 ], [ -76.599004208840995, 39.294049145377883 ], [ -76.599604365197493, 39.294027964363501 ], [ -76.599541228006046, 39.293082498450211 ], [ -76.599215013793781, 39.293175439031543 ], [ -76.599143871714858, 39.292832230197966 ], [ -76.598619647254395, 39.292980098552917 ], [ -76.59867854260105, 39.293106154737202 ], [ -76.597438862119077, 39.293402741619943 ], [ -76.597393947253181, 39.292799558849566 ], [ -76.597519493102354, 39.292710981000646 ], [ -76.598303661259934, 39.292456573427216 ], [ -76.598447371044159, 39.292598457375263 ], [ -76.59890143528429, 39.292540459514072 ], [ -76.598667262456033, 39.288983661715534 ], [ -76.595731863653256, 39.289083107731649 ], [ -76.595552287733, 39.286615280234038 ], [ -76.598247259636508, 39.286494226076741 ], [ -76.598303035134208, 39.287314886800644 ], [ -76.598841404467123, 39.287293310916731 ], [ -76.598879732885351, 39.28691359735577 ], [ -76.598531904309013, 39.286927398710532 ], [ -76.598805446702926, 39.286861561009239 ], [ -76.598524193170618, 39.286812032511456 ], [ -76.598502194327622, 39.286483126520778 ], [ -76.598713438556572, 39.286473927877161 ], [ -76.598804616659606, 39.28627695424337 ], [ -76.598765239009126, 39.28568463734301 ], [ -76.597915661820736, 39.285707841406698 ], [ -76.59794326435447, 39.286073751641254 ], [ -76.597266875166341, 39.286113807330601 ], [ -76.597280556508125, 39.286340734441474 ], [ -76.596964435766381, 39.286354145852542 ], [ -76.596924767960061, 39.285741116797944 ], [ -76.595239595860704, 39.285659114463265 ], [ -76.594982005749628, 39.285699821880662 ], [ -76.594889985026853, 39.285954483448258 ], [ -76.594457544133917, 39.285859631656777 ], [ -76.59446916384212, 39.286031031573202 ], [ -76.594232444290043, 39.286041717502663 ], [ -76.594474542055721, 39.286109846956563 ], [ -76.594498787585252, 39.286466959017325 ], [ -76.594149691486052, 39.286482926278239 ], [ -76.594224357655847, 39.28750244764263 ], [ -76.593851738272619, 39.287520158420698 ], [ -76.593849430500654, 39.287712914499423 ], [ -76.594467158802416, 39.287683557918527 ], [ -76.594480074779568, 39.287873922504069 ], [ -76.594206335654604, 39.287885934732785 ], [ -76.594222296022267, 39.288085837884012 ], [ -76.594627206246685, 39.288066864637003 ], [ -76.594649232937442, 39.288319912222711 ], [ -76.594357745797438, 39.288333732767811 ], [ -76.594486048576201, 39.288602744081061 ], [ -76.594190589984308, 39.288662206650883 ], [ -76.594301532820225, 39.289143384738722 ], [ -76.594054066722364, 39.289153824766395 ], [ -76.594089148629166, 39.289502643579475 ], [ -76.594483292544894, 39.289496870167447 ], [ -76.594502725799444, 39.289765914556327 ], [ -76.594747613732423, 39.28975745192281 ], [ -76.594761428024867, 39.289949110992723 ], [ -76.594516565244717, 39.289958067232106 ], [ -76.59454003462983, 39.290284013914004 ], [ -76.594261701520523, 39.29029438355149 ], [ -76.59429096234426, 39.290596034695987 ], [ -76.594425080816194, 39.290590951058022 ], [ -76.594460985579786, 39.29109562060146 ], [ -76.594851816508736, 39.291083406608216 ], [ -76.594936342587104, 39.291597055746472 ], [ -76.595649498023178, 39.29157477621245 ], [ -76.595725786550375, 39.292561560332167 ], [ -76.595068815345414, 39.292585901592872 ], [ -76.595106891337039, 39.293212834919032 ], [ -76.594196056232818, 39.293241154000057 ], [ -76.594238222253935, 39.294195563735435 ], [ -76.594434849096587, 39.294140836772975 ], [ -76.594460990969665, 39.294543092157674 ], [ -76.594567269752616, 39.294538076936547 ], [ -76.594594222804403, 39.295046255218061 ], [ -76.594294666098179, 39.295077465595249 ], [ -76.59417462961666, 39.295066306221997 ], [ -76.593943983574192, 39.291541999296612 ], [ -76.5936109556405, 39.291551026246388 ], [ -76.593595704941919, 39.291101114394898 ], [ -76.593225530772898, 39.291115097077444 ], [ -76.593202454849873, 39.290498291402123 ], [ -76.590284802265558, 39.290612632993792 ], [ -76.590348996774068, 39.291585954913572 ], [ -76.589851405565156, 39.291605190701532 ], [ -76.589776269576475, 39.290465098224658 ], [ -76.593139639255313, 39.290337377032557 ], [ -76.592996272627545, 39.289812787877217 ], [ -76.593184139997859, 39.289656586458015 ], [ -76.592774508228302, 39.2895953706021 ], [ -76.593050000864693, 39.289586523471492 ], [ -76.59308833736776, 39.289358393652378 ], [ -76.591111038527899, 39.289435786966102 ], [ -76.591121940482182, 39.289640421077657 ], [ -76.591004315977202, 39.289439396742331 ], [ -76.591012813141475, 39.289275763562728 ], [ -76.59255544236818, 39.289215644493552 ], [ -76.592546098990908, 39.288997344467866 ], [ -76.592757816632016, 39.28898844233602 ], [ -76.592741516701182, 39.288609253853046 ], [ -76.592529365173789, 39.288607712449227 ], [ -76.592735129679511, 39.288460013544615 ], [ -76.592521853461392, 39.288432752812732 ], [ -76.592743745421416, 39.288423912487879 ], [ -76.592991013889872, 39.287970274745462 ], [ -76.592711724074789, 39.287951701943818 ], [ -76.592618052248525, 39.286748154707496 ], [ -76.593023068474167, 39.286731041678671 ], [ -76.593005739074002, 39.286370176410351 ], [ -76.592455562284982, 39.286270171006066 ], [ -76.592935357868129, 39.286210993559678 ], [ -76.592915131401185, 39.285896404992634 ], [ -76.591545980330579, 39.286067823591956 ], [ -76.59153766821926, 39.285935075761493 ], [ -76.58998848398592, 39.285824772443902 ], [ -76.59000597148956, 39.286099964098049 ], [ -76.589860025798615, 39.286163782003001 ], [ -76.589786592117406, 39.285834005242144 ], [ -76.589430802671018, 39.285849951093219 ], [ -76.589449254066963, 39.286153672487558 ], [ -76.58932343423163, 39.286158749494732 ], [ -76.589300864060121, 39.28585575678941 ], [ -76.588972250447711, 39.285870395485112 ], [ -76.588939005595691, 39.286074763289285 ], [ -76.588925356593251, 39.285872482058757 ], [ -76.587830351584401, 39.285915455309869 ], [ -76.58779515918485, 39.286113888679544 ], [ -76.587737982315332, 39.285827996518528 ], [ -76.599226985641565, 39.285336996120748 ], [ -76.599690994231921, 39.292584000844656 ], [ -76.601421188995005, 39.292208893364204 ], [ -76.601517079659999, 39.292567864644425 ], [ -76.599867006535419, 39.292693080348521 ], [ -76.599984372325608, 39.294454816148892 ], [ -76.600438400633138, 39.294437642434673 ], [ -76.600474510212607, 39.295011218435128 ], [ -76.599675455174122, 39.295161128163556 ], [ -76.599795276059979, 39.297167471109077 ], [ -76.60195533175451, 39.297072965411672 ], [ -76.601906807457809, 39.295675247929644 ], [ -76.601145019028877, 39.295667077297232 ], [ -76.601099151050477, 39.29522787294497 ], [ -76.601332964552626, 39.295220128417938 ], [ -76.601327319539379, 39.294979930860947 ], [ -76.601882932034187, 39.295095588797373 ], [ -76.604646581937786, 39.295001442503505 ], [ -76.604632979647761, 39.294671083760704 ], [ -76.605472773284376, 39.293925588095746 ], [ -76.605321717976082, 39.293812535974041 ], [ -76.60492537049295, 39.294112503456475 ], [ -76.604123885511626, 39.293456561205332 ], [ -76.604669522215204, 39.293028175931994 ], [ -76.604498486578379, 39.292886564686938 ], [ -76.603891273057002, 39.293193032273109 ], [ -76.603202132283442, 39.291715674713963 ], [ -76.60565357360835, 39.291033788629079 ], [ -76.606214458315563, 39.292232360148667 ], [ -76.607047259466015, 39.291943274038765 ], [ -76.609426729567005, 39.293574147407398 ], [ -76.609854145284231, 39.294076960092433 ], [ -76.610051303929552, 39.294610621025456 ], [ -76.610527573625177, 39.294737128242915 ], [ -76.610636707254102, 39.296588985292779 ], [ -76.610837603789292, 39.296749378505993 ], [ -76.610893213098649, 39.297662605494828 ], [ -76.611317641019241, 39.297751521886113 ], [ -76.611111991497879, 39.29512099978664 ], [ -76.610728992081562, 39.293736999549559 ], [ -76.60997198897816, 39.292983999444523 ], [ -76.608319131974511, 39.292038534729514 ], [ -76.607922150280785, 39.29146573042356 ], [ -76.607469868298153, 39.291471603092198 ], [ -76.607265899524691, 39.291102560495816 ], [ -76.606736989451704, 39.290684998300279 ], [ -76.606228729850486, 39.289820657452772 ], [ -76.605093221602104, 39.286887394242171 ], [ -76.627181153216583, 39.286066276569841 ], [ -76.627666474337033, 39.286952648577518 ], [ -76.62762504852769, 39.287354619171104 ], [ -76.627899623984192, 39.287390291792718 ], [ -76.627730085838934, 39.288286894610891 ], [ -76.627964996184048, 39.288344998894871 ], [ -76.627476994490792, 39.290459999281751 ], [ -76.627687997072925, 39.294630000585357 ], [ -76.624683734318779, 39.294712178730478 ], [ -76.624711650364546, 39.295142998026371 ], [ -76.624594908005179, 39.295222467070545 ], [ -76.634286769621795, 39.303122607678787 ], [ -76.634495623433779, 39.302957182474024 ], [ -76.634676396808288, 39.303104326676646 ], [ -76.635968953026207, 39.302058043979052 ], [ -76.637849987501909, 39.305521056828368 ], [ -76.638961851193685, 39.305440521377214 ], [ -76.638840260626722, 39.303467115986543 ], [ -76.639598288707859, 39.303441384796756 ], [ -76.639619215860719, 39.303773792364659 ], [ -76.639097169814818, 39.303779848901463 ], [ -76.639185877550815, 39.305618843793631 ], [ -76.638176644583623, 39.305649455149961 ], [ -76.63767698904617, 39.305903989251021 ], [ -76.640533474444496, 39.308302065059095 ], [ -76.640871444908896, 39.308048919398701 ], [ -76.641785775357903, 39.308797088713185 ], [ -76.641631075584527, 39.308904759777995 ], [ -76.641981363748073, 39.309201250536844 ], [ -76.642138237444456, 39.309089898878881 ], [ -76.642861640861298, 39.309684414341056 ], [ -76.651167951763455, 39.309306381230385 ], [ -76.651180852469267, 39.309536326877748 ], [ -76.65140807503218, 39.309525882243733 ], [ -76.651395308175353, 39.309298212884059 ], [ -76.652560155400906, 39.309253207030302 ], [ -76.652572929444247, 39.309480845258776 ], [ -76.654202414080814, 39.309420474551466 ], [ -76.654193016804641, 39.309173432795738 ], [ -76.654966104243215, 39.309143583378308 ], [ -76.654980488965862, 39.309390418111725 ], [ -76.655193878371705, 39.309383657965377 ], [ -76.655176592988994, 39.309136926077223 ], [ -76.655821178222823, 39.309114544390397 ], [ -76.655838465402141, 39.309361304159843 ], [ -76.656048564279118, 39.309355276603448 ], [ -76.656031274404825, 39.309108543225136 ], [ -76.657040889156022, 39.309073031107054 ], [ -76.657058180826922, 39.309319790327812 ], [ -76.657289377536642, 39.309305777918233 ], [ -76.657114307565891, 39.30637274090433 ], [ -76.658895144853105, 39.306305606376931 ], [ -76.658702967366068, 39.306107180876907 ], [ -76.65807744528091, 39.306154477689887 ], [ -76.65804271192043, 39.305588831597575 ], [ -76.657800315914059, 39.305443574944675 ], [ -76.65784444475409, 39.30616310794376 ], [ -76.657105516652507, 39.306188354349636 ], [ -76.656942645803298, 39.305477919054432 ], [ -76.656853458366939, 39.305951011639387 ], [ -76.656283226689183, 39.305971802574604 ], [ -76.656231437016444, 39.304830590675905 ], [ -76.651319170565145, 39.30342057642698 ], [ -76.650458878272048, 39.303381615718273 ], [ -76.649982878070986, 39.303595720355148 ], [ -76.649680007479674, 39.304079674971369 ], [ -76.649735947369052, 39.305081456226297 ], [ -76.647997382104137, 39.305144542267293 ], [ -76.648007030908616, 39.305322012550654 ], [ -76.648319511676817, 39.305312762859181 ], [ -76.648350474808041, 39.305710485975908 ], [ -76.648028712646308, 39.305723991685511 ], [ -76.648048193511571, 39.306085826262247 ], [ -76.64837247904093, 39.306076391777246 ], [ -76.648398403521725, 39.306507294751952 ], [ -76.648071396097038, 39.306516171023411 ], [ -76.648087634942428, 39.306697917473073 ], [ -76.645837301256805, 39.306854266460988 ], [ -76.645833371127424, 39.306594613720087 ], [ -76.645556326202211, 39.306604293500918 ], [ -76.645545961440476, 39.306443677501534 ], [ -76.645782529177282, 39.306435768784191 ], [ -76.645766227449826, 39.306183216236526 ], [ -76.646031002286563, 39.306173963878514 ], [ -76.646051013157845, 39.3064837180628 ], [ -76.647289868986377, 39.306336742920564 ], [ -76.64730248672285, 39.306542418923016 ], [ -76.647550260044511, 39.306533936769597 ], [ -76.647537571341132, 39.306328233633678 ], [ -76.647839245376474, 39.306317937270094 ], [ -76.647669173631954, 39.303419381518204 ], [ -76.647549546782187, 39.303423541802523 ], [ -76.647517817388035, 39.30297765871277 ], [ -76.646194847807863, 39.303025912043708 ], [ -76.646172013531654, 39.302678390974158 ], [ -76.644698670464493, 39.302731363022552 ], [ -76.645528559276798, 39.302784300969684 ], [ -76.645550127826766, 39.303057572778201 ], [ -76.644488209566475, 39.303094862594605 ], [ -76.644471028388338, 39.302793160335156 ], [ -76.643297646269275, 39.302833503973751 ], [ -76.643261163888965, 39.30228113513288 ], [ -76.647825994327732, 39.30217566786952 ], [ -76.647805621435381, 39.301802849416191 ], [ -76.64812237189615, 39.301790976516507 ], [ -76.64815484868862, 39.301612341267891 ], [ -76.648661060130991, 39.301760904982793 ], [ -76.648647986948674, 39.301474976604339 ], [ -76.649001220688078, 39.301460135409833 ], [ -76.648983044176603, 39.301198572569966 ], [ -76.64950805376462, 39.301325772754396 ], [ -76.649477394263968, 39.300536567596282 ], [ -76.649795256839056, 39.300527796923987 ], [ -76.64976380592266, 39.299840858776477 ], [ -76.649698301670455, 39.298980440443856 ], [ -76.649380614266846, 39.298991462246228 ], [ -76.649366608633244, 39.298772082519783 ], [ -76.650764344096203, 39.298723530116078 ], [ -76.650696426070837, 39.29754004174081 ], [ -76.651048920496748, 39.297527662029196 ], [ -76.651039869970248, 39.297341875719056 ], [ -76.650686782656251, 39.297352769866514 ], [ -76.650638606007561, 39.296365888511545 ], [ -76.651421652169375, 39.296352399766306 ], [ -76.651482624420964, 39.296154244286683 ], [ -76.650980721298694, 39.296170848914009 ], [ -76.650936094792016, 39.295402548647694 ], [ -76.647104344422317, 39.295489995481589 ], [ -76.647091370054682, 39.295256889191336 ], [ -76.637996085906451, 39.29561224233921 ], [ -76.638037279052128, 39.295329746070173 ], [ -76.647075073717119, 39.295073632254805 ], [ -76.647058877092533, 39.294799361553892 ], [ -76.650984487934679, 39.294723286715033 ], [ -76.650860327287674, 39.294701339788539 ], [ -76.650768510482493, 39.293614254424 ], [ -76.650485852883392, 39.293619782780574 ], [ -76.650447586448919, 39.29302751060483 ], [ -76.651846166328255, 39.292831192229016 ], [ -76.651815311893188, 39.292228185294718 ], [ -76.652976528128349, 39.292189503400998 ], [ -76.652908913733555, 39.290779398600215 ], [ -76.649809091792747, 39.290883507842203 ], [ -76.649859045309071, 39.29013994983783 ], [ -76.650070819544027, 39.290133415179056 ], [ -76.650035474430865, 39.289290737353632 ], [ -76.648870561628314, 39.289329021770307 ], [ -76.648833181831023, 39.288765007772589 ], [ -76.648071312553711, 39.288799762622993 ], [ -76.648032293331042, 39.288211418971422 ], [ -76.650192546654921, 39.288111179804339 ], [ -76.650304733657507, 39.290167648607984 ], [ -76.650551622138607, 39.290812659762651 ], [ -76.652907031763036, 39.290738238054985 ], [ -76.652851028991591, 39.289799461949428 ], [ -76.653367553093432, 39.289781987438886 ], [ -76.653357007770325, 39.289589936482571 ], [ -76.653604052558293, 39.289581165134159 ], [ -76.653616767312812, 39.28982808067466 ], [ -76.653088224650787, 39.289846834439736 ], [ -76.653138489882494, 39.290724013352005 ], [ -76.655697695803852, 39.290632208328979 ], [ -76.655543715581018, 39.289279809969848 ], [ -76.654846696582382, 39.289302966955304 ], [ -76.654895502051772, 39.288748680189855 ], [ -76.655503499802364, 39.288728748352803 ], [ -76.65548449234926, 39.288459825127262 ], [ -76.655196596673747, 39.288260314479992 ], [ -76.655137215338527, 39.288019138439893 ], [ -76.655440512629596, 39.288007342463523 ], [ -76.655411320976114, 39.287697051114897 ], [ -76.653795065828731, 39.287768366789571 ], [ -76.650475351577725, 39.285690391601101 ], [ -76.650287966602704, 39.285754491473249 ], [ -76.65047529767881, 39.285916512154216 ], [ -76.649817085002141, 39.285914497197027 ], [ -76.649830893904692, 39.286116196348225 ], [ -76.64955419662752, 39.28620836258456 ], [ -76.649649959731747, 39.28639012699621 ], [ -76.649494713782659, 39.286506130077392 ], [ -76.648687557736935, 39.286537543113027 ], [ -76.648672253139452, 39.286303276479735 ], [ -76.646295042301389, 39.287094428956344 ], [ -76.646308758677478, 39.287283129255378 ], [ -76.645273881503854, 39.287430478136493 ], [ -76.64550280817086, 39.290522268375646 ], [ -76.645179705722711, 39.290542652307671 ], [ -76.645053825700288, 39.287518631593706 ], [ -76.644780272526589, 39.287601461214891 ], [ -76.644743493702222, 39.287997060786864 ], [ -76.644527398570744, 39.288006729929265 ], [ -76.644428539872052, 39.28771826255057 ], [ -76.64444529345208, 39.288006288431845 ], [ -76.644270649282745, 39.28801410745551 ], [ -76.644281103876025, 39.288197895977568 ], [ -76.643900474215428, 39.288214916872391 ], [ -76.643882897778582, 39.287901355185824 ], [ -76.64365362346355, 39.287974844767753 ], [ -76.643667567113397, 39.288223683525011 ], [ -76.642859012390772, 39.288261642443871 ], [ -76.642838978163311, 39.28844413225238 ], [ -76.642270844051751, 39.288468816320488 ], [ -76.642285427302099, 39.288743878695087 ], [ -76.641099648432103, 39.288765768391421 ], [ -76.641257293781308, 39.291609590153861 ], [ -76.642134177059376, 39.291579950159658 ], [ -76.642148706410779, 39.29220190977999 ], [ -76.638454814199548, 39.292357088402426 ], [ -76.638446149948635, 39.291977355022262 ], [ -76.638799069277681, 39.291966610903835 ], [ -76.638810343134494, 39.292181645910617 ], [ -76.641054004134205, 39.292081830955674 ], [ -76.640873010672436, 39.288791816453696 ], [ -76.639435786167894, 39.288842966295853 ], [ -76.63944534064926, 39.289073938630473 ], [ -76.638303531617495, 39.289111967309786 ], [ -76.638290621030237, 39.288895802112819 ], [ -76.637421564773248, 39.288929185145562 ], [ -76.637432570033781, 39.289121965851763 ], [ -76.636114897818842, 39.289171101284545 ], [ -76.636093666137086, 39.289004961059774 ], [ -76.636104286020384, 39.28917296319085 ], [ -76.635998250680885, 39.289009276548789 ], [ -76.63600887415744, 39.289177114588128 ], [ -76.635591852846332, 39.289199159191952 ], [ -76.635569573728972, 39.289065413339863 ], [ -76.635578179589402, 39.289199609025005 ], [ -76.635222134123168, 39.289215693161715 ], [ -76.635212301164074, 39.289066199680114 ], [ -76.635482704844378, 39.289042684556868 ], [ -76.635203068279594, 39.289055019881523 ], [ -76.635186338055732, 39.288790548987805 ], [ -76.633666756904262, 39.288858906595017 ], [ -76.633692837691925, 39.289282318464018 ], [ -76.630511681386963, 39.289411449477136 ], [ -76.630541876458622, 39.2899318972392 ], [ -76.629570073594365, 39.289967769475844 ], [ -76.629675588809306, 39.29014743907463 ], [ -76.629127529349418, 39.290167229372152 ], [ -76.629123052146056, 39.289983188080058 ], [ -76.627888401331347, 39.290032475863867 ], [ -76.628181333860653, 39.289096383737018 ], [ -76.628820447456064, 39.289070031263684 ], [ -76.628725536853054, 39.288896244299949 ], [ -76.628981542335964, 39.288889105341767 ], [ -76.628742068549215, 39.288444469456998 ], [ -76.630632502996036, 39.288391588802348 ], [ -76.630608916829956, 39.288001648884467 ], [ -76.631324071915856, 39.287968204920858 ], [ -76.631349832004929, 39.288399223537098 ], [ -76.631991951363275, 39.288371667292644 ], [ -76.631961591899938, 39.287754349370317 ], [ -76.631506562869191, 39.287776426404591 ], [ -76.631367119184262, 39.287421294913415 ], [ -76.632172852298567, 39.287388674576817 ], [ -76.632212946804643, 39.288091846413913 ], [ -76.63268124754542, 39.288140151026269 ], [ -76.632742456053933, 39.2883421114459 ], [ -76.633635686873546, 39.288300478075918 ], [ -76.63365887508597, 39.28868184858149 ], [ -76.633896073440098, 39.288663835656926 ], [ -76.63387109937689, 39.288286414875436 ], [ -76.634929458512033, 39.28840608652402 ], [ -76.634914887838121, 39.287987819235248 ], [ -76.634481227931346, 39.28806644816968 ], [ -76.634501681672035, 39.287442428561583 ], [ -76.63476113848229, 39.287428162167799 ], [ -76.634745525762668, 39.287258193078387 ], [ -76.635965889771086, 39.287142716179389 ], [ -76.637078943730614, 39.287277615694641 ], [ -76.637072338418321, 39.288058530423307 ], [ -76.637090346046506, 39.287901076381551 ], [ -76.63744676431358, 39.287892361138709 ], [ -76.63744725928531, 39.28823199755621 ], [ -76.637922547122344, 39.288213531895536 ], [ -76.637897750925575, 39.288316933692535 ], [ -76.638007359763279, 39.288210170267313 ], [ -76.63798990909055, 39.287822500797468 ], [ -76.637815492195003, 39.287820397595439 ], [ -76.637819028862282, 39.287473622860361 ], [ -76.6379630225141, 39.287469097303116 ], [ -76.637951246499043, 39.287263311026962 ], [ -76.638360479416633, 39.287207274997371 ], [ -76.638369016106765, 39.28743877418465 ], [ -76.63819544093262, 39.287444937816858 ], [ -76.638233322888141, 39.288067246340752 ], [ -76.640635564383274, 39.28796611493334 ], [ -76.640745628666835, 39.288354696495247 ], [ -76.64110954786652, 39.288338621199252 ], [ -76.641085738019925, 39.288009666061079 ], [ -76.642215045197887, 39.287959791434474 ], [ -76.642236506848334, 39.288265321112284 ], [ -76.643872525830304, 39.287715806841241 ], [ -76.643855859386832, 39.287418282276469 ], [ -76.644856791920802, 39.287376942459808 ], [ -76.647740202523153, 39.286421562333089 ], [ -76.647725781867891, 39.286216238127459 ], [ -76.648664205132818, 39.286109226757539 ], [ -76.64864865170199, 39.285783122280939 ], [ -76.64889518534855, 39.285774743991951 ], [ -76.648894587968897, 39.285762166127235 ], [ -76.648648103729656, 39.285772165842786 ], [ -76.648637735374649, 39.285554250011259 ], [ -76.647812339935399, 39.285575471830072 ], [ -76.647805010580996, 39.285450721067612 ], [ -76.647696400669901, 39.285580449451892 ], [ -76.647674990223408, 39.285217785773568 ], [ -76.647625831716113, 39.285583506666839 ], [ -76.647496179667797, 39.285440349322329 ], [ -76.647141042398317, 39.285456334199651 ], [ -76.647128398610676, 39.285242364598055 ], [ -76.647103656312808, 39.285422285502598 ], [ -76.645885531804396, 39.285587139586369 ], [ -76.645162211930881, 39.285500121203 ], [ -76.64515348030632, 39.285331384369769 ], [ -76.64468325088265, 39.285352531163959 ], [ -76.644694396280372, 39.285568196255383 ], [ -76.644377087067511, 39.28557843726621 ], [ -76.644366170740184, 39.285366836221918 ], [ -76.644302441558978, 39.285570496293808 ], [ -76.644060203656096, 39.285581374890384 ], [ -76.644049867640433, 39.285381088434363 ], [ -76.644023392492386, 39.285552766945017 ], [ -76.643745466319885, 39.285565294090759 ], [ -76.643735898363786, 39.285395209927991 ], [ -76.641715727427012, 39.285495673391452 ], [ -76.641685328437774, 39.285827979831517 ], [ -76.641666361408866, 39.285497995681716 ], [ -76.637849809635483, 39.285679355189536 ], [ -76.637867439971245, 39.285949484994262 ], [ -76.637636865794008, 39.285959263580224 ], [ -76.63761686390589, 39.285515758418541 ], [ -76.633474124869679, 39.28570638406962 ], [ -76.633495060107393, 39.285930433991034 ], [ -76.632753654452273, 39.285919718842337 ], [ -76.632767112113527, 39.286132537755194 ], [ -76.63259087972277, 39.286141073832205 ], [ -76.632555579525373, 39.285746902339589 ], [ -76.630627706890749, 39.285831894332091 ], [ -76.630575581248067, 39.284904951860284 ], [ -76.632768539536514, 39.284833058254122 ], [ -76.632682483627249, 39.283541705136159 ], [ -76.633173239555163, 39.283519214444503 ], [ -76.632577228025397, 39.283059373961876 ], [ -76.63259730357538, 39.283365205230858 ], [ -76.632181229986898, 39.283381747531095 ], [ -76.632169932773891, 39.283227160900438 ], [ -76.631923176345126, 39.283153060713161 ], [ -76.631121998587645, 39.283263632459494 ], [ -76.631043658308329, 39.283124574847591 ], [ -76.630893946879709, 39.283129596448781 ], [ -76.630901584356252, 39.283270796327315 ], [ -76.628721857353639, 39.283259890254392 ], [ -76.628542939000184, 39.283284508703822 ], [ -76.62872350216891, 39.283290044829108 ], [ -76.628566636557395, 39.283393718811276 ], [ -76.628600176955146, 39.283565922984728 ], [ -76.628577189965327, 39.283403008250644 ], [ -76.62873266498481, 39.283395774169357 ], [ -76.628751311315156, 39.283714669619542 ], [ -76.626774329580613, 39.283782357031718 ], [ -76.626087586410506, 39.28253663548184 ], [ -76.626978192352865, 39.282332302550117 ], [ -76.626893658189687, 39.282005879409716 ], [ -76.626995765196455, 39.281983717116617 ], [ -76.627148699780321, 39.282400378595455 ], [ -76.62763801570884, 39.282374219684904 ], [ -76.627685147616845, 39.282561935604576 ], [ -76.627897237160482, 39.282625945861682 ], [ -76.628408259081226, 39.282604395650957 ], [ -76.628414355048719, 39.282789737815214 ], [ -76.628422385089067, 39.282605288448543 ], [ -76.629055778212731, 39.28257813321315 ], [ -76.628920203571738, 39.282413438925545 ], [ -76.629117026247116, 39.282350612617407 ], [ -76.62933588549474, 39.282471257435915 ], [ -76.629348417891265, 39.282689206500592 ], [ -76.63044557077194, 39.282659125371623 ], [ -76.63067841589023, 39.282619267264835 ], [ -76.630669904352899, 39.282476308982908 ], [ -76.631917461263299, 39.282560177821409 ], [ -76.632190605703528, 39.282765242959513 ], [ -76.632176397948996, 39.282950849615716 ], [ -76.632421124185214, 39.282942199117144 ], [ -76.632692712743392, 39.282589893947048 ], [ -76.632604111008604, 39.282731425192424 ], [ -76.63360339243907, 39.283683915866547 ], [ -76.633280497501772, 39.283696473245008 ], [ -76.633316104923011, 39.284244480334301 ], [ -76.645221316585008, 39.279424755695786 ], [ -76.64910538753179, 39.278383346895282 ], [ -76.649201206331568, 39.27806542642071 ], [ -76.650527103521242, 39.278160750492312 ], [ -76.65188938876814, 39.277795743235878 ], [ -76.653041963210285, 39.277265887916869 ], [ -76.653828643955734, 39.276695602461821 ], [ -76.654591998148192, 39.275784245925166 ], [ -76.655073849076686, 39.274877167468077 ], [ -76.654723781898682, 39.274538410652141 ], [ -76.653765535510388, 39.272550871794316 ], [ -76.653085336567145, 39.271689047860448 ], [ -76.652710621414357, 39.272175878163466 ], [ -76.652198504447313, 39.271803519605569 ], [ -76.651886482718197, 39.271123185208879 ], [ -76.651397149721674, 39.270867907109391 ], [ -76.649010901831872, 39.271504548402646 ], [ -76.648410104976591, 39.271476011901626 ], [ -76.648301746593773, 39.27120308277761 ], [ -76.647383510269904, 39.270650564552263 ], [ -76.647734930310733, 39.270606426803468 ], [ -76.647591675972393, 39.270469324000388 ], [ -76.647774105840284, 39.270529042588336 ], [ -76.648301124959588, 39.27003820478874 ], [ -76.647521227392858, 39.269415154687167 ], [ -76.647333439074288, 39.269360922303186 ], [ -76.647058237492047, 39.269539451361439 ], [ -76.646970738888427, 39.26945161952802 ], [ -76.64724589016501, 39.269273099286956 ], [ -76.64699720684996, 39.269121017862041 ], [ -76.646780419117377, 39.26926057965953 ], [ -76.646543427375761, 39.268960304745868 ], [ -76.646072989542944, 39.269356219625145 ], [ -76.645756659493742, 39.269115728200504 ], [ -76.645491791232203, 39.269295733643759 ], [ -76.645283642597718, 39.269107900112608 ], [ -76.645551246229303, 39.268927524201615 ], [ -76.645328929366144, 39.268723816438417 ], [ -76.644935969429952, 39.269313307847462 ], [ -76.645366037872222, 39.269475743492926 ], [ -76.645238195030871, 39.269726599410141 ], [ -76.645517979817697, 39.269823263140609 ], [ -76.64548120009502, 39.269854233700414 ], [ -76.643733707372817, 39.26986868588186 ], [ -76.643081788293031, 39.269677567173176 ], [ -76.640511129750138, 39.269853127932159 ], [ -76.639534603544107, 39.26943517338853 ], [ -76.639021434649848, 39.268963214553047 ], [ -76.638475395501018, 39.269454760901539 ], [ -76.638355779431038, 39.269901560567234 ], [ -76.638539624145523, 39.270335049311996 ], [ -76.639070325459187, 39.270771228129249 ], [ -76.6434274150986, 39.271081749540549 ], [ -76.646249292002281, 39.271606552007597 ], [ -76.646492957328149, 39.271780473667178 ], [ -76.646250871240568, 39.271991069130053 ], [ -76.65028757942882, 39.275082657038368 ], [ -76.6475533206047, 39.277252732055608 ], [ -76.647366288667598, 39.277111318386005 ], [ -76.646025848651774, 39.278197185748702 ], [ -76.64238188031247, 39.275378184667588 ], [ -76.643496357203389, 39.274401362134604 ], [ -76.64334706977958, 39.274276619983027 ], [ -76.642130655663479, 39.275196187928131 ], [ -76.638447667203138, 39.272328927252119 ], [ -76.638284668793162, 39.272455324507867 ], [ -76.641952265519407, 39.275330010333242 ], [ -76.638094093002266, 39.278413367277381 ], [ -76.638241473302728, 39.278524620314847 ], [ -76.637087560370816, 39.27943294769333 ], [ -76.63675756604782, 39.279152778885411 ], [ -76.637040635075323, 39.279232575510726 ], [ -76.63766751631151, 39.278744956325575 ], [ -76.637094115377451, 39.278314691876872 ], [ -76.636761808790908, 39.278577761532247 ], [ -76.636599988072263, 39.278454240230836 ], [ -76.636913855839268, 39.278205529480246 ], [ -76.636540023730419, 39.277937729205505 ], [ -76.635652272634033, 39.278636093606217 ], [ -76.635128883606797, 39.278235008246433 ], [ -76.633992116818703, 39.279120521152393 ], [ -76.633423252376843, 39.278690683182347 ], [ -76.631828539728261, 39.279944279841629 ], [ -76.630805358619639, 39.279156080452054 ], [ -76.629491550957056, 39.280140596100189 ], [ -76.629003397448514, 39.279762246984298 ], [ -76.629636584857991, 39.279258563145603 ], [ -76.628730274567857, 39.278623194591788 ], [ -76.628705332843992, 39.278144529610493 ], [ -76.628085440500712, 39.27814188929257 ], [ -76.628006443552934, 39.278979188438065 ], [ -76.627277452615033, 39.278790448382566 ], [ -76.626916108885254, 39.27955847684629 ], [ -76.627629859006063, 39.279800115225719 ], [ -76.627347225661467, 39.280398267872975 ], [ -76.626642202673679, 39.280140498055879 ], [ -76.625805161475071, 39.281915568351813 ], [ -76.623853578706843, 39.280973184755929 ], [ -76.62379114040472, 39.280697432676057 ], [ -76.624114525822151, 39.279955052923277 ], [ -76.62332818823316, 39.279765130614855 ], [ -76.622710969276156, 39.281238012674521 ], [ -76.62145665344157, 39.281607175396907 ], [ -76.620966859609339, 39.281459760028177 ], [ -76.620858125730706, 39.281226364358531 ], [ -76.621107234847202, 39.281465522282041 ], [ -76.621517487352619, 39.281461860639929 ], [ -76.622361114100556, 39.28101482943508 ], [ -76.620379991132538, 39.280356995533587 ], [ -76.61961075297495, 39.279808360721582 ], [ -76.619844332915136, 39.279309452237385 ], [ -76.619621147381096, 39.278774393838368 ], [ -76.619610530192759, 39.278037355013133 ], [ -76.620694022392911, 39.275718767003703 ], [ -76.619880695819518, 39.275497402720539 ], [ -76.619573310295593, 39.276166999562889 ], [ -76.618255461112525, 39.275799134980993 ], [ -76.61787042970704, 39.276617422497601 ], [ -76.617587851159684, 39.276537573521082 ], [ -76.617637998712098, 39.276406440396826 ], [ -76.617424742256915, 39.276724085378724 ], [ -76.616686318110226, 39.276513851834153 ], [ -76.617180116632014, 39.275494289433702 ], [ -76.617158690914152, 39.274728237256568 ], [ -76.615521114253511, 39.274785511351027 ], [ -76.61555307541299, 39.275243431911569 ], [ -76.615962024462931, 39.275230192918123 ], [ -76.615987981283084, 39.275492808240685 ], [ -76.615570026622407, 39.27553795053943 ], [ -76.61560497737517, 39.276095928674543 ], [ -76.616104240348818, 39.276039713339969 ], [ -76.616161860986111, 39.276705698739313 ], [ -76.616355517998429, 39.27668403405508 ], [ -76.616136196118433, 39.277153118344351 ], [ -76.616548046726749, 39.277257957823494 ], [ -76.61639829038235, 39.277593465215396 ], [ -76.615475476243816, 39.277695591381971 ], [ -76.615502189445422, 39.278115921409146 ], [ -76.61480859123138, 39.278176988754623 ], [ -76.615143299014676, 39.278177234219946 ], [ -76.615181055206065, 39.278537022856348 ], [ -76.615530896008622, 39.278521859712967 ], [ -76.615552965818537, 39.278849529184861 ], [ -76.614618807754582, 39.278888501459299 ], [ -76.614480902883727, 39.276884660387616 ], [ -76.614912999721909, 39.276838388264729 ], [ -76.615046074351469, 39.277619050141013 ], [ -76.615467573764263, 39.277573948819551 ], [ -76.615430825482619, 39.277023156697815 ], [ -76.615996261055059, 39.276978525765699 ], [ -76.615979963819157, 39.276726048446548 ], [ -76.615130878907564, 39.276939948796127 ], [ -76.615155541255362, 39.27681241433514 ], [ -76.615415329543964, 39.276784601107948 ], [ -76.615155816139847, 39.276521031690699 ], [ -76.615401510759952, 39.276486502310874 ], [ -76.615366817823656, 39.27595905357439 ], [ -76.614945359733412, 39.275998854971817 ], [ -76.614896084445121, 39.276701578590441 ], [ -76.614473703785038, 39.276746838325501 ], [ -76.614382444833652, 39.275339123515714 ], [ -76.614817198888431, 39.275289757938104 ], [ -76.614643908480232, 39.275352358316226 ], [ -76.614680162688472, 39.275644005898627 ], [ -76.615338493044447, 39.275566539627043 ], [ -76.615274772846405, 39.274614809223799 ], [ -76.617507075547664, 39.274534437801748 ], [ -76.617451366525302, 39.273578345645632 ], [ -76.617061631540992, 39.273194621665588 ], [ -76.617770351096169, 39.273696754517971 ], [ -76.618588490842868, 39.273973226783355 ], [ -76.618524067263962, 39.273752510673525 ], [ -76.617807342821266, 39.273501941771364 ], [ -76.617152799762522, 39.272874021134236 ], [ -76.616922749303114, 39.270345101301956 ], [ -76.616580902608248, 39.270360755809548 ], [ -76.616490928247714, 39.269852730829157 ], [ -76.616266123051233, 39.269862623629876 ], [ -76.616213786304471, 39.269307163483504 ], [ -76.61403077146791, 39.269212781534698 ], [ -76.613991756736809, 39.26939855692968 ], [ -76.613976539275896, 39.269182568741066 ], [ -76.613489390083828, 39.269384384920251 ], [ -76.613438616405659, 39.269136322131835 ], [ -76.612966500519889, 39.269152219624523 ], [ -76.613468580610274, 39.269067370827344 ], [ -76.613430593551854, 39.268506800359205 ], [ -76.613929287891949, 39.268495394730209 ], [ -76.613848981200505, 39.267335858199147 ], [ -76.614784319650724, 39.267253214648676 ], [ -76.614773945007514, 39.267101516917755 ], [ -76.613833596652938, 39.267106171063574 ], [ -76.613779942077642, 39.266360002945611 ], [ -76.611937300698855, 39.266626973944597 ], [ -76.611968899837294, 39.26693293119709 ], [ -76.609632388071518, 39.267238729240418 ], [ -76.604848377686579, 39.26745426092873 ], [ -76.599499446463867, 39.266774158327095 ], [ -76.595961420937584, 39.26642174403073 ], [ -76.592651567493476, 39.265635094386205 ], [ -76.5898348109869, 39.264699231222828 ], [ -76.588516386882063, 39.264638347567129 ], [ -76.587117581525604, 39.264152281427215 ], [ -76.585878890987075, 39.266284460559852 ], [ -76.586855889706925, 39.266709662744439 ], [ -76.585547681243497, 39.268806463122935 ], [ -76.586541266456749, 39.269369399919213 ], [ -76.586895500919368, 39.268799516846656 ], [ -76.587331325766002, 39.269905278449677 ], [ -76.588379475547924, 39.271496979283619 ], [ -76.590341884811963, 39.273599930622098 ], [ -76.590211470992273, 39.273822282822451 ], [ -76.591528824305286, 39.274306705406993 ], [ -76.592920576988448, 39.271923882857216 ], [ -76.594198941621499, 39.27237318074765 ], [ -76.594256329595112, 39.272189589234657 ], [ -76.594933674590706, 39.27240401944033 ], [ -76.595339830778428, 39.271742740873002 ], [ -76.59552089969867, 39.271766934287882 ], [ -76.595616721193394, 39.271418143285672 ], [ -76.596116339001597, 39.271381130768681 ], [ -76.596243515292997, 39.270299553689057 ], [ -76.595500012969993, 39.270038651963041 ], [ -76.595670636280133, 39.269739123126989 ], [ -76.591149696627838, 39.268153824491115 ], [ -76.591055599898453, 39.268396203930237 ], [ -76.590589149687162, 39.268232063972761 ], [ -76.590669133883438, 39.26809515403756 ], [ -76.59049215678931, 39.267986966068129 ], [ -76.590857999282022, 39.268115703758816 ], [ -76.590988914361645, 39.267918446215738 ], [ -76.59520229960674, 39.269382740165781 ], [ -76.596561294324744, 39.266812261011104 ], [ -76.594545885357277, 39.266530381613165 ], [ -76.594740675145175, 39.266196619778498 ], [ -76.597015425040226, 39.266621688963127 ], [ -76.600539887802356, 39.266954436153895 ], [ -76.600562434617672, 39.267281094947798 ], [ -76.600799351799125, 39.267318287672438 ], [ -76.600713883388053, 39.26804328522914 ], [ -76.601030883580464, 39.268699425156797 ], [ -76.60097749041492, 39.269055484031519 ], [ -76.599820987640044, 39.271039387521625 ], [ -76.598905804689835, 39.270792115050789 ], [ -76.5979230118364, 39.272492679997661 ], [ -76.597048762418737, 39.272736919290757 ], [ -76.596195900091359, 39.274032657266922 ], [ -76.596709861299701, 39.274790077365736 ], [ -76.592647904163755, 39.276455092416732 ], [ -76.591953350142248, 39.276338056032941 ], [ -76.592035110307847, 39.276199168255346 ], [ -76.590589365282838, 39.275956897166324 ], [ -76.590749260911835, 39.27568438187037 ], [ -76.590137217149191, 39.275503405376384 ], [ -76.589908712690388, 39.275892939923558 ], [ -76.589972025053271, 39.275652652430729 ], [ -76.589814332093368, 39.275617040588962 ], [ -76.589692283385602, 39.275825109286238 ], [ -76.589096322161495, 39.275638348865826 ], [ -76.589375648807504, 39.275157166312539 ], [ -76.589262023602188, 39.274916810233158 ], [ -76.588896491926548, 39.274789126054756 ], [ -76.58863174224264, 39.275239098189431 ], [ -76.588406879553986, 39.275159145418385 ], [ -76.589447406232409, 39.273237627034206 ], [ -76.589269602688219, 39.272924454494735 ], [ -76.589037658580182, 39.272841304313324 ], [ -76.58777453206929, 39.275001598401744 ], [ -76.587281723490946, 39.274649947309307 ], [ -76.588150122181162, 39.273164758298194 ], [ -76.587507673141104, 39.272939419959187 ], [ -76.586752198970316, 39.274234828044172 ], [ -76.586309476858943, 39.273927552877595 ], [ -76.587661477294162, 39.271622881499987 ], [ -76.586593107333485, 39.271250661872834 ], [ -76.585398672297416, 39.273296684007036 ], [ -76.585236226351341, 39.273180576294685 ], [ -76.586695901551451, 39.27066718565834 ], [ -76.586048566574576, 39.270205683535842 ], [ -76.58466595155447, 39.272586350977512 ], [ -76.584149480453235, 39.272402890067774 ], [ -76.585602500933717, 39.269901059146861 ], [ -76.584915084027159, 39.26941036508078 ], [ -76.583049854510563, 39.272352851334382 ], [ -76.582034096181147, 39.271630405402206 ], [ -76.583909276336158, 39.268681129603628 ], [ -76.583160897059471, 39.268121652800417 ], [ -76.581272002325036, 39.271087588450932 ], [ -76.580582707041216, 39.270588761125396 ], [ -76.582619317147717, 39.267360585175012 ], [ -76.582385665342315, 39.26727782898638 ], [ -76.58082722127503, 39.269934629268029 ], [ -76.579916878447563, 39.268508582836269 ], [ -76.580610651833069, 39.267330915445754 ], [ -76.580283756697824, 39.266979553428747 ], [ -76.578624208143609, 39.265962315721765 ], [ -76.579065871141253, 39.26564190326846 ], [ -76.580468482659583, 39.266029238555795 ], [ -76.580942136461132, 39.265206799758296 ], [ -76.583128919730299, 39.265977733350717 ], [ -76.583041022274699, 39.266131667423828 ], [ -76.583179081655757, 39.266180753607777 ], [ -76.584364949458958, 39.264261509535515 ], [ -76.583732756484508, 39.264042536385205 ], [ -76.584778158319963, 39.263401692461066 ], [ -76.584373606523357, 39.2629460112937 ], [ -76.584769747393977, 39.26212292286111 ], [ -76.58543920607967, 39.261594767151308 ], [ -76.585973341652675, 39.26167465193506 ], [ -76.586212908864212, 39.261248645767672 ], [ -76.586794862658095, 39.261182689339861 ], [ -76.588549235577048, 39.261330491662804 ], [ -76.587623377946329, 39.262931741997619 ], [ -76.588420291401164, 39.263212167630869 ], [ -76.589660831570882, 39.261064138994229 ], [ -76.596297097104753, 39.263379616091008 ], [ -76.600386520230543, 39.264234288767327 ], [ -76.598845515157862, 39.262193596864812 ], [ -76.599537765000647, 39.26187678950803 ], [ -76.602575207029801, 39.265913698145631 ], [ -76.604576136951522, 39.264416307022991 ], [ -76.600810685843072, 39.261417399569829 ], [ -76.600979306808426, 39.26128863079591 ], [ -76.604739216209879, 39.264280896797487 ], [ -76.604920173739046, 39.264213770596832 ], [ -76.606232636623659, 39.26315378585366 ], [ -76.606366707484867, 39.263248821402264 ], [ -76.606507811256421, 39.263132525944236 ], [ -76.606605890217452, 39.262234210110755 ], [ -76.607777383179467, 39.262316568849315 ], [ -76.60370464985337, 39.259065372127537 ], [ -76.604663561893304, 39.258379279296193 ], [ -76.605892246097866, 39.259349871102103 ], [ -76.606309738126157, 39.259378123885107 ], [ -76.606584696264974, 39.259049521731527 ], [ -76.606481356769621, 39.25862952040562 ], [ -76.607054067797534, 39.258510220792807 ], [ -76.607364500406916, 39.257512704209589 ], [ -76.607889555809024, 39.25712571694811 ], [ -76.607786222601874, 39.25690180027614 ], [ -76.609090971653146, 39.256555516604529 ], [ -76.610427392606368, 39.25571916193104 ], [ -76.610542366182969, 39.255849957452817 ], [ -76.610307698382982, 39.255921030789096 ], [ -76.610271389377502, 39.256108541432511 ], [ -76.610597912610245, 39.256262163993433 ], [ -76.61043065169423, 39.257177746167443 ], [ -76.611138692123077, 39.258032765733162 ], [ -76.615496555211962, 39.260023511754085 ], [ -76.61567468035301, 39.259816834537816 ], [ -76.61526457427297, 39.261167919593021 ], [ -76.615462765082526, 39.261592809919392 ], [ -76.615843032722083, 39.261585270333313 ], [ -76.615755490101023, 39.261472635497796 ], [ -76.616014857978072, 39.261029116511217 ], [ -76.615951346189163, 39.260763936076764 ], [ -76.616148347629277, 39.260482695208253 ], [ -76.616695349772073, 39.260413976744452 ], [ -76.617453375158291, 39.260646057613137 ], [ -76.618645606626956, 39.261295634155097 ], [ -76.618618065178666, 39.261590525091016 ], [ -76.618205122218967, 39.262078713666277 ], [ -76.618515717423378, 39.262628063201475 ], [ -76.619717259929985, 39.261377193434612 ], [ -76.621521888199197, 39.262756536004503 ], [ -76.621842436736969, 39.263916160121951 ], [ -76.621864938636534, 39.265075180835176 ], [ -76.620627547960211, 39.265119263645786 ], [ -76.620489247830648, 39.267628627565109 ], [ -76.620731585446521, 39.267638553367085 ], [ -76.620386761734821, 39.269624769713936 ], [ -76.620380481612671, 39.27021141611565 ], [ -76.621907508899511, 39.270170628066289 ], [ -76.621536787656495, 39.271247799450393 ], [ -76.6214452816684, 39.27241702043662 ], [ -76.621080827072788, 39.273137179370067 ], [ -76.621295598087542, 39.272897144600201 ], [ -76.621577948462814, 39.272861894368113 ], [ -76.622239500177372, 39.273248536753719 ], [ -76.622307994921172, 39.273487095343135 ], [ -76.62182429885307, 39.274523516460576 ], [ -76.622045632959285, 39.274584303212201 ], [ -76.622519215793929, 39.273621978737864 ], [ -76.622942027645323, 39.273743260983736 ], [ -76.623101702288778, 39.274273195099219 ], [ -76.623458894903621, 39.274605836418843 ], [ -76.623661411101281, 39.274139059132224 ], [ -76.62421630943544, 39.274158490949645 ], [ -76.624502706721046, 39.273692664094924 ], [ -76.625376924697662, 39.274281462107815 ], [ -76.625586207006037, 39.274115997967598 ], [ -76.624644694434863, 39.273394732255255 ], [ -76.6253732173505, 39.271805829136589 ], [ -76.626283951843419, 39.272506619106387 ], [ -76.626413813199221, 39.272403250298709 ], [ -76.625434962153221, 39.27165178095774 ], [ -76.625719976931634, 39.271277045390732 ], [ -76.627112338672561, 39.272325986985898 ], [ -76.627279445078344, 39.272198685439854 ], [ -76.625693276306436, 39.270982008135249 ], [ -76.626251960141204, 39.269862731424894 ], [ -76.626818356910988, 39.270101723679176 ], [ -76.627105572561831, 39.269791846782169 ], [ -76.626617651716955, 39.269353231943107 ], [ -76.626609572269302, 39.268986667566814 ], [ -76.62689711221195, 39.268907247339186 ], [ -76.627946471126251, 39.269100383589567 ], [ -76.628032030267178, 39.26757283176309 ], [ -76.626673261924623, 39.267259788997833 ], [ -76.62589263941743, 39.267262109806175 ], [ -76.626467385129487, 39.265185508478694 ], [ -76.627689726329848, 39.265196116910161 ], [ -76.627694154125891, 39.26501196271321 ], [ -76.628623362472638, 39.265018308453151 ], [ -76.629878003497339, 39.265038000830138 ], [ -76.629770654820902, 39.265216892127256 ], [ -76.629911921187528, 39.265218929240177 ], [ -76.630820594046867, 39.263613231876953 ], [ -76.631189520455962, 39.263284876314415 ], [ -76.631329883117417, 39.262804291932646 ], [ -76.633034771440634, 39.260005402430068 ], [ -76.62975753402786, 39.259452636641917 ], [ -76.630179793415365, 39.258785290901301 ], [ -76.630650637286692, 39.258959164389886 ], [ -76.63178411264758, 39.258943917020396 ], [ -76.632397205642462, 39.258492905412496 ], [ -76.632517895199214, 39.258182789384676 ], [ -76.632758060688715, 39.258267967146253 ], [ -76.632948570902599, 39.257683651102965 ], [ -76.628006490265335, 39.256756111531175 ], [ -76.627160226962033, 39.25636157994559 ], [ -76.627588735928981, 39.253663243519028 ], [ -76.629174864276692, 39.253231968760488 ], [ -76.629788744195764, 39.25323966993237 ], [ -76.631602084326616, 39.253700586765575 ], [ -76.631949524830731, 39.252353638676936 ], [ -76.632715849751847, 39.251793529302539 ], [ -76.631426049565221, 39.2510465929766 ], [ -76.628137569736651, 39.2501719481875 ], [ -76.625181902246126, 39.249137853582511 ], [ -76.624577195922726, 39.249406309307901 ], [ -76.624796104577669, 39.249757617498112 ], [ -76.623881867553465, 39.250140076415342 ], [ -76.62400997360119, 39.250329828584228 ], [ -76.622503910298107, 39.250983681501467 ], [ -76.622159251876425, 39.250455098918444 ], [ -76.621987558672799, 39.25050220166932 ], [ -76.617517136678842, 39.252424847726047 ], [ -76.618320916855723, 39.253233805884136 ], [ -76.618206735593205, 39.253657044916558 ], [ -76.618010293803508, 39.253714665951769 ], [ -76.617944935976709, 39.254215373955141 ], [ -76.617517402580148, 39.254277335115049 ], [ -76.617021864919977, 39.25351945124396 ], [ -76.617712862511254, 39.253450673783604 ], [ -76.617175844244514, 39.252359662097035 ], [ -76.613973776058074, 39.253725192645831 ], [ -76.612070175902431, 39.250739226577906 ], [ -76.613664797821158, 39.249940448991325 ], [ -76.61484217474829, 39.249579159098268 ], [ -76.616013246400442, 39.250981195287672 ], [ -76.617289859318689, 39.250452957725443 ], [ -76.616244989285846, 39.248970222929472 ], [ -76.616732580449025, 39.248393416319296 ], [ -76.616944368158741, 39.248558208654593 ], [ -76.616434428707919, 39.248893973100373 ], [ -76.618449291499715, 39.251806808200605 ], [ -76.622087622910612, 39.250233025971234 ], [ -76.621756538032869, 39.249696660343702 ], [ -76.623181779011517, 39.249083987425756 ], [ -76.62352401647351, 39.249610144863901 ], [ -76.625171536586066, 39.248884864827041 ], [ -76.628203885167551, 39.249957701788446 ], [ -76.631565849881312, 39.250849514176778 ], [ -76.632992105057895, 39.251697037570594 ], [ -76.634134543808685, 39.250927178897378 ], [ -76.62829888290716, 39.243913888360403 ], [ -76.628587992206633, 39.243164142986942 ], [ -76.626938897347401, 39.24229595710046 ], [ -76.625329351716857, 39.241795285742953 ], [ -76.623586811406824, 39.241617591172357 ], [ -76.621777504711602, 39.241467935603801 ], [ -76.621519821175724, 39.241641778983187 ], [ -76.615662563876455, 39.241205726422614 ], [ -76.609981705156272, 39.240581894071035 ], [ -76.608722435112881, 39.243114960679364 ], [ -76.608819688522189, 39.243964182545909 ], [ -76.607855390183801, 39.242800597446603 ], [ -76.60758021644935, 39.242878489536757 ], [ -76.607679114673914, 39.243421562509695 ], [ -76.607229135971707, 39.243940258513838 ], [ -76.606719012366241, 39.244134914103199 ], [ -76.605777763899752, 39.243986927344096 ], [ -76.605056031349349, 39.243223158510297 ], [ -76.604572792523726, 39.243352466943911 ], [ -76.604686571340991, 39.243590531757 ], [ -76.603404539784947, 39.243713438971518 ], [ -76.603013583091808, 39.243963584236518 ], [ -76.602461582722754, 39.24467366817295 ], [ -76.602284893987843, 39.244611073786608 ], [ -76.602927959272208, 39.243603845602493 ], [ -76.602789065356234, 39.243271669376561 ], [ -76.601680864095854, 39.242899642185812 ], [ -76.601447232951713, 39.242961968160643 ], [ -76.601268907486357, 39.24319780800721 ], [ -76.60132722431797, 39.243709314795971 ], [ -76.601075174117241, 39.244127478387171 ], [ -76.601369354406472, 39.24428538908839 ], [ -76.601481514459593, 39.244615705075994 ], [ -76.600752859491593, 39.2457376494052 ], [ -76.600649253196636, 39.246227594361798 ], [ -76.600899313629014, 39.246441419440906 ], [ -76.600189521485348, 39.246509315388344 ], [ -76.59927286529809, 39.247818512493268 ], [ -76.59830016322023, 39.248443181370547 ], [ -76.597931960853259, 39.248378138825508 ], [ -76.597800334307948, 39.248119911736765 ], [ -76.598001768933983, 39.248104682880111 ], [ -76.598398069704729, 39.247427823610963 ], [ -76.598467441204235, 39.246624410542701 ], [ -76.598083022449757, 39.246388654568783 ], [ -76.597685691311383, 39.246597409022996 ], [ -76.597318385463055, 39.246425511231976 ], [ -76.597527089256388, 39.246068046210141 ], [ -76.598732920320145, 39.245048685108074 ], [ -76.598398040958642, 39.244488818627651 ], [ -76.596667379969915, 39.244512618637486 ], [ -76.596124950251905, 39.244284979317904 ], [ -76.595385799368145, 39.244434080661577 ], [ -76.595289994043114, 39.244819692304468 ], [ -76.594698376173383, 39.245437563829547 ], [ -76.594950649156317, 39.245003214976741 ], [ -76.595016419309829, 39.244120689677942 ], [ -76.594753680055533, 39.244146688941889 ], [ -76.594618303043916, 39.244875328117743 ], [ -76.593103135315431, 39.245402807644176 ], [ -76.592820668159177, 39.245037879527999 ], [ -76.592233204997655, 39.245006377621188 ], [ -76.592531988254407, 39.244601570493849 ], [ -76.591798315297268, 39.243518534538708 ], [ -76.591445262119237, 39.243587316870276 ], [ -76.591364826070389, 39.243734804256341 ], [ -76.591570203402213, 39.244221758449257 ], [ -76.590913060619044, 39.245338588069316 ], [ -76.591262019276016, 39.246283480896487 ], [ -76.591496519989349, 39.246288361130894 ], [ -76.592004882896845, 39.246674232503771 ], [ -76.591997489762051, 39.247075415014102 ], [ -76.59160003914775, 39.247296533058432 ], [ -76.591326879436167, 39.247836265999283 ], [ -76.592146479843493, 39.24847998408363 ], [ -76.592507292668941, 39.249904556258826 ], [ -76.591931903763154, 39.250393683940374 ], [ -76.59191549064461, 39.250644159462077 ], [ -76.59093863116361, 39.250661129655334 ], [ -76.590765280568291, 39.250863313592454 ], [ -76.590257869875003, 39.250596434206216 ], [ -76.589168121807205, 39.25053961964187 ], [ -76.59030169867772, 39.250143959518802 ], [ -76.590565488062595, 39.249976521878487 ], [ -76.590658637069353, 39.249665253746812 ], [ -76.588651752215597, 39.24938999759604 ], [ -76.58775457060537, 39.249831906045323 ], [ -76.587381434690855, 39.250402990276491 ], [ -76.587445926541733, 39.250533595369838 ], [ -76.58864058525829, 39.250486996981877 ], [ -76.589057514941217, 39.250620545182592 ], [ -76.587323268776217, 39.250743145821524 ], [ -76.587060712778211, 39.251006400371573 ], [ -76.586559425001909, 39.250113898504715 ], [ -76.586915836082468, 39.247189156844065 ], [ -76.586838482153354, 39.246276118455278 ], [ -76.585648229673254, 39.245641574408374 ], [ -76.585512257976902, 39.245090443664083 ], [ -76.585411293627189, 39.248483957019609 ], [ -76.585046705182577, 39.24952321049399 ], [ -76.584193163728855, 39.249239266430457 ], [ -76.583737895746239, 39.248787873086613 ], [ -76.583690793482631, 39.248197384693761 ], [ -76.583515921141213, 39.248127493119661 ], [ -76.583290207747993, 39.248128780799838 ], [ -76.583151462054033, 39.249603282250554 ], [ -76.581769126409995, 39.248913980966691 ], [ -76.579832691034099, 39.249250179885522 ], [ -76.579462556390951, 39.249071382104617 ], [ -76.581196111751495, 39.246942905667765 ], [ -76.58046635275403, 39.246585435630443 ], [ -76.578793551354451, 39.248635044596419 ], [ -76.574732483550619, 39.246719684159714 ], [ -76.573912804989831, 39.247024022496511 ], [ -76.574060301172963, 39.246452656824431 ], [ -76.573334660951076, 39.246103531841968 ], [ -76.573407270877183, 39.24600383280994 ], [ -76.572700225781674, 39.245568710375181 ], [ -76.573695984019608, 39.2443342018517 ], [ -76.57335118007083, 39.244166047676885 ], [ -76.573500205186576, 39.243981274713171 ], [ -76.572306398072897, 39.243336269312728 ], [ -76.572993199633487, 39.24271956200274 ], [ -76.573181306853982, 39.242809751731897 ], [ -76.573559262229992, 39.242277963558202 ], [ -76.573513413116217, 39.24205685682545 ], [ -76.569699425134644, 39.242800473608447 ], [ -76.569078992903869, 39.241520438407726 ], [ -76.569829922497647, 39.241063830926358 ], [ -76.569511835343746, 39.240709476370341 ], [ -76.566853668315758, 39.242237875852439 ], [ -76.566225003923734, 39.241561660567427 ], [ -76.567446771998931, 39.240813084637196 ], [ -76.567437821185436, 39.240613475888047 ], [ -76.567813863149894, 39.240300856113528 ], [ -76.567685233384353, 39.240348584201044 ], [ -76.567337720116697, 39.239952930593482 ], [ -76.565317681232244, 39.241025904879727 ], [ -76.563081899355893, 39.2388327089729 ], [ -76.563855108965342, 39.238389345258419 ], [ -76.563144196622545, 39.237469873310197 ], [ -76.563433472110333, 39.237312420392783 ], [ -76.561845121330606, 39.235172287390256 ], [ -76.559806637338426, 39.235567300694839 ], [ -76.558326430244179, 39.234091399927507 ], [ -76.558902562955026, 39.232203018904904 ], [ -76.560456085152865, 39.231874436923476 ], [ -76.560207725231308, 39.231049063940482 ], [ -76.563075042515351, 39.230527128806415 ], [ -76.562176335565752, 39.227491592832124 ], [ -76.564129484995817, 39.225017515590601 ], [ -76.564030418786302, 39.22472109297675 ], [ -76.564310570984063, 39.224563056122591 ], [ -76.565946634881797, 39.225194202795159 ], [ -76.567117864637439, 39.22618433017719 ], [ -76.567572996076123, 39.226223373486633 ], [ -76.567568739858316, 39.225727835828579 ], [ -76.567774742417583, 39.226639275310454 ], [ -76.568248622594581, 39.226509699471933 ], [ -76.568031280601474, 39.225761442410395 ], [ -76.568237857184215, 39.226300665341057 ], [ -76.568387025132083, 39.226168602479959 ], [ -76.568554530389861, 39.22696343862858 ], [ -76.569448115145704, 39.227295936323586 ], [ -76.570590289791781, 39.22743059127648 ], [ -76.571927525516983, 39.227298470696368 ], [ -76.573366949995645, 39.226655343187666 ], [ -76.576937108259671, 39.225621185120175 ], [ -76.577614607765483, 39.225930827883239 ], [ -76.578261694807338, 39.226464013430949 ], [ -76.579279626161423, 39.22687744415763 ], [ -76.579098176355515, 39.227217875927792 ], [ -76.579225239459177, 39.228138182263642 ], [ -76.579483704529366, 39.229188495794936 ], [ -76.579819180372212, 39.229789688410698 ], [ -76.579821360583409, 39.230321787655605 ], [ -76.580172640487064, 39.230962406471676 ], [ -76.581685339645134, 39.23148339760295 ], [ -76.582088351729354, 39.231447713917042 ], [ -76.58243145337066, 39.23168818286544 ], [ -76.582355038181007, 39.231079520010482 ], [ -76.581915417952331, 39.230552261218833 ], [ -76.581498452336803, 39.230560822853661 ], [ -76.581231884462753, 39.230297670397249 ], [ -76.581116497661128, 39.230426740322862 ], [ -76.581158030369977, 39.230202492073737 ], [ -76.580876153406876, 39.229645147859927 ], [ -76.581276495698077, 39.229293828005837 ], [ -76.581892825322939, 39.22930522261592 ], [ -76.581878071392708, 39.229119157970068 ], [ -76.582149468609714, 39.228998669036585 ], [ -76.581279470019979, 39.228484469861279 ], [ -76.580396501554176, 39.228649265129398 ], [ -76.580251376025075, 39.225156505470331 ], [ -76.579810768547887, 39.225174918157073 ], [ -76.579869066514888, 39.2233459675898 ], [ -76.577632871413513, 39.223287725904171 ], [ -76.577592034899013, 39.222919340260148 ], [ -76.579914101755023, 39.222994639864353 ], [ -76.579939063241824, 39.222408850350341 ], [ -76.576907638128446, 39.22229755487723 ], [ -76.576527421692859, 39.221141199606976 ], [ -76.576615035280838, 39.22087371093707 ], [ -76.579058788823559, 39.221018408043484 ], [ -76.579072554606967, 39.220703071704555 ], [ -76.578710720397055, 39.220691725805601 ], [ -76.578380975805715, 39.2156384198761 ], [ -76.578807725871329, 39.215596351474971 ], [ -76.579717691406358, 39.216156309311025 ], [ -76.580381129583017, 39.216687648202992 ], [ -76.580947847949687, 39.217791503418425 ], [ -76.581212731482566, 39.217756509435439 ], [ -76.581346630765566, 39.217453408239898 ], [ -76.581018462717537, 39.216775752140215 ], [ -76.581525576966783, 39.216579384396866 ], [ -76.581009553226565, 39.215976783397558 ], [ -76.581441108380631, 39.216023487531473 ], [ -76.581976333610072, 39.216524652495814 ], [ -76.582507455335275, 39.216079973705725 ], [ -76.582127741956242, 39.215985793633472 ], [ -76.58281462795847, 39.215905431559015 ], [ -76.58254330170837, 39.215770125323097 ], [ -76.58366677702351, 39.215695784698106 ], [ -76.583772175457483, 39.215892688038814 ], [ -76.583999186017991, 39.215893492599726 ], [ -76.584066006302066, 39.21568753583697 ], [ -76.584043842169066, 39.215879951476197 ], [ -76.584346760371076, 39.215852633977462 ], [ -76.584862970960899, 39.21518429153133 ], [ -76.586573347990495, 39.214993635551259 ], [ -76.587027480502599, 39.2146050321373 ], [ -76.587042878524898, 39.214833792259945 ], [ -76.587289481341742, 39.214493521755983 ], [ -76.587167722789815, 39.213405484452068 ], [ -76.584445393592645, 39.213702229075402 ], [ -76.583804998999639, 39.214055814514268 ], [ -76.583142902007694, 39.214197937235035 ], [ -76.582724128981795, 39.214212320151333 ], [ -76.58239042461669, 39.213959965488321 ], [ -76.581646185675154, 39.213870360906704 ], [ -76.581235734642064, 39.213999312791486 ], [ -76.581019361931141, 39.213853655344401 ], [ -76.580812195155289, 39.21320083933719 ], [ -76.580913464932209, 39.212618505270967 ], [ -76.581536878671386, 39.211481145340699 ], [ -76.581793124004491, 39.211357107689217 ], [ -76.582034470778609, 39.210952526831562 ], [ -76.582207815984063, 39.210444303218821 ], [ -76.581990464109481, 39.210142613356425 ], [ -76.582301440199586, 39.209862873427227 ], [ -76.582745750532382, 39.209919613742017 ], [ -76.583219557945824, 39.209387609020965 ], [ -76.583106050419786, 39.209335177534271 ], [ -76.583269244662503, 39.209231698892751 ], [ -76.583389538960517, 39.208740720190981 ], [ -76.58330707002419, 39.208495756122538 ], [ -76.57868611554143, 39.208056391752173 ], [ -76.578426582374362, 39.208241335187054 ], [ -76.576568491769322, 39.207997013933131 ], [ -76.574263213527672, 39.20808185796843 ], [ -76.571888449700452, 39.210273398502927 ], [ -76.571998778088698, 39.21149012483211 ], [ -76.572844311959983, 39.212887745251386 ], [ -76.573628781053188, 39.21303309358332 ], [ -76.572851830858909, 39.212998613672312 ], [ -76.572828729783069, 39.213448133943189 ], [ -76.574231274826047, 39.213668553383407 ], [ -76.574193920181585, 39.213788728980774 ], [ -76.572811620470162, 39.213587393813548 ], [ -76.572773647784786, 39.213886195064447 ], [ -76.572960687806727, 39.213912190915686 ], [ -76.572736170969449, 39.214031714634963 ], [ -76.573108450789491, 39.21437818736279 ], [ -76.572652195558376, 39.214462025623135 ], [ -76.57270757579731, 39.214725034916242 ], [ -76.572366878047717, 39.215370433484715 ], [ -76.573598461115736, 39.215599782009114 ], [ -76.572337597461043, 39.215503323314827 ], [ -76.573149835276325, 39.215772245303015 ], [ -76.572304277150522, 39.215626698716164 ], [ -76.572014741151293, 39.216407724160618 ], [ -76.572125904972751, 39.216867246072404 ], [ -76.572284415399594, 39.216896321910269 ], [ -76.572420199348045, 39.216649850960628 ], [ -76.572402040802885, 39.216963248420313 ], [ -76.572109214274789, 39.216936867431663 ], [ -76.572124252970951, 39.217152294830875 ], [ -76.573705620247651, 39.218088904591532 ], [ -76.573679444238593, 39.21838008886575 ], [ -76.573368018990848, 39.218739946390627 ], [ -76.572814893931053, 39.218687250462835 ], [ -76.569344093829059, 39.216597447167587 ], [ -76.568435133508814, 39.215889328509668 ], [ -76.567878738581399, 39.215032401814966 ], [ -76.566879248741785, 39.214788066603781 ], [ -76.566880293482455, 39.214617075019603 ], [ -76.566247326160223, 39.214317115250651 ], [ -76.565993658991971, 39.214544144662511 ], [ -76.56663636584851, 39.214578176286579 ], [ -76.566757209017169, 39.214781273663768 ], [ -76.564298957564077, 39.215192055343813 ], [ -76.563148163582824, 39.214466484206319 ], [ -76.561276582977172, 39.21494264269873 ], [ -76.561268918551178, 39.215080689965731 ], [ -76.560756098203242, 39.215296441825011 ], [ -76.560354342862098, 39.215199363279524 ], [ -76.560093800886989, 39.215421384267088 ], [ -76.559290486037412, 39.215190073849122 ], [ -76.558174970694026, 39.215627149717442 ], [ -76.558132501940634, 39.214936885416442 ], [ -76.55597592991279, 39.215329931602284 ], [ -76.55342189469421, 39.216270957327936 ], [ -76.552895940078514, 39.216689742404064 ], [ -76.552922576024997, 39.216977387874543 ], [ -76.550873267333643, 39.217568212123993 ], [ -76.550254529325514, 39.217401929993429 ], [ -76.549755908647271, 39.216990294056224 ], [ -76.549463522293649, 39.21613919296577 ], [ -76.54921588282096, 39.213811079180374 ], [ -76.548549932056446, 39.213471359833044 ], [ -76.548921822905967, 39.21329311885416 ], [ -76.549533045608456, 39.213591963117878 ], [ -76.550109760427588, 39.213087860918762 ], [ -76.550614195002353, 39.211974369751402 ], [ -76.55022690163895, 39.211237369215269 ], [ -76.549634445641075, 39.210692265984967 ], [ -76.547624758043654, 39.210128881103756 ], [ -76.544786577615852, 39.210421841973094 ], [ -76.541509444407652, 39.212573378837284 ], [ -76.541060359529126, 39.211915098256874 ], [ -76.541395183195078, 39.210925576315027 ], [ -76.541254637277319, 39.210414072760862 ], [ -76.540918972788248, 39.209972090731391 ], [ -76.541282593747269, 39.209844717741909 ], [ -76.540890969605897, 39.208860812342316 ], [ -76.537886643071374, 39.209530614036773 ], [ -76.535262105374358, 39.210388983252756 ], [ -76.532784985707025, 39.210272343302215 ], [ -76.531964005487396, 39.209637829324784 ], [ -76.533113409774913, 39.208023522180135 ], [ -76.533266628226386, 39.207993241955549 ], [ -76.532758964208185, 39.207726109000738 ], [ -76.53530137792194, 39.206150978054247 ], [ -76.536025173902559, 39.206210566258946 ], [ -76.536178039316127, 39.206363634032833 ], [ -76.538818399040252, 39.206951166054552 ], [ -76.538221350854656, 39.206257365291052 ], [ -76.538058366817722, 39.205499900274603 ], [ -76.537410302408816, 39.205121666238597 ], [ -76.536923715562125, 39.205145831128014 ], [ -76.549698547623123, 39.197287288980199 ], [ -76.57896355123377, 39.206529987548855 ], [ -76.579267515074761, 39.206902939832744 ], [ -76.583633034504814, 39.208023552806992 ], [ -76.597245610246944, 39.220893444940529 ], [ -76.596566839624998, 39.221174346980199 ], [ -76.596468828037629, 39.221029703782271 ], [ -76.594667029461547, 39.221774793312193 ], [ -76.591384044627574, 39.22195732889773 ], [ -76.591340588625712, 39.221491802401246 ], [ -76.589763668009653, 39.221572841485262 ], [ -76.589552483967822, 39.221585089167853 ], [ -76.589595959732634, 39.222057041921275 ], [ -76.588637418696933, 39.222111041571466 ], [ -76.588687154820946, 39.223372426200015 ], [ -76.588837042319355, 39.223364192159131 ], [ -76.588861614835636, 39.223638068145682 ], [ -76.588416463679749, 39.223662479974728 ], [ -76.588583993192032, 39.224150455896002 ], [ -76.588750650440161, 39.224141327012248 ], [ -76.588720938662149, 39.224858587958479 ], [ -76.588527483770775, 39.22486918161416 ], [ -76.588573352647487, 39.225364217332547 ], [ -76.588784157600273, 39.225352765715293 ], [ -76.588809646398147, 39.225626590101619 ], [ -76.588598739037423, 39.225638095953691 ], [ -76.588715577516538, 39.226899383797843 ], [ -76.589067666802251, 39.226879915220586 ], [ -76.589195213199559, 39.228246092837253 ], [ -76.588331746260252, 39.228295936201569 ], [ -76.588425555528744, 39.227684864744404 ], [ -76.588575170837629, 39.227676219254263 ], [ -76.588351230718757, 39.225215095640266 ], [ -76.587868573103123, 39.225240979433146 ], [ -76.587842614486362, 39.224964012263243 ], [ -76.588332010364951, 39.225011168318268 ], [ -76.588062328031796, 39.222143418793628 ], [ -76.586954867881559, 39.222204164668831 ], [ -76.587244766800154, 39.225271530577665 ], [ -76.586726358931159, 39.225306634941084 ], [ -76.58681195041143, 39.226223305985819 ], [ -76.587330849658883, 39.226202638211632 ], [ -76.587386547003135, 39.226805073497395 ], [ -76.586869181179864, 39.226836243988785 ], [ -76.587190608270006, 39.230312380541086 ], [ -76.587401543478492, 39.230297040658307 ], [ -76.587379035290724, 39.230053585936112 ], [ -76.588788197324092, 39.229975780504311 ], [ -76.588900387919935, 39.231186419187623 ], [ -76.589465655507411, 39.231175525188696 ], [ -76.589538416350479, 39.231469862965767 ], [ -76.590102537687642, 39.231439209448631 ], [ -76.590164338185943, 39.232102344050908 ], [ -76.590542839737637, 39.232233640776201 ], [ -76.590607077365291, 39.232841754360862 ], [ -76.594428622873352, 39.234028222057503 ], [ -76.59468922503558, 39.233527804113514 ], [ -76.596687479774403, 39.234135033245849 ], [ -76.597211608115131, 39.234115418469152 ], [ -76.597628958209611, 39.234244590614033 ], [ -76.597537604935113, 39.234440166519001 ], [ -76.598478762671746, 39.234730393730793 ], [ -76.59857587504554, 39.234538809755733 ], [ -76.599148829516906, 39.234718627748478 ], [ -76.59898642309669, 39.235038994355314 ], [ -76.599508895842348, 39.23523799831618 ], [ -76.599911658194927, 39.235346565934648 ], [ -76.600005418056071, 39.235155842254258 ], [ -76.600778748938083, 39.23539618577653 ], [ -76.600836459406878, 39.235278762855529 ], [ -76.609360363830433, 39.237899424869099 ], [ -76.611123739665175, 39.234366327857899 ], [ -76.61119066774711, 39.2341859676255 ], [ -76.610780594904753, 39.234058721366097 ], [ -76.610929009166085, 39.233769392449666 ], [ -76.611470986133185, 39.234272937704581 ], [ -76.61145202449417, 39.234467400941853 ], [ -76.612528369697941, 39.234796994998199 ], [ -76.611774737073475, 39.235063202525083 ], [ -76.611019759671038, 39.236536400609957 ], [ -76.611154859103237, 39.236493166076926 ], [ -76.611002105979068, 39.236858697357363 ], [ -76.611964942758476, 39.237158642211547 ], [ -76.612263414299832, 39.236568079570333 ], [ -76.612490790474652, 39.236636673898317 ], [ -76.612208200249214, 39.237203029930605 ], [ -76.613291625974028, 39.237535055384647 ], [ -76.613597442141156, 39.236931514776046 ], [ -76.616774436551395, 39.237069818680631 ], [ -76.616993707227394, 39.236781458182271 ], [ -76.636677341103066, 39.245367923433697 ], [ -76.635113892521332, 39.24584282737441 ], [ -76.634990961667967, 39.245763586848994 ], [ -76.634780620245863, 39.24598461371987 ], [ -76.63688153265872, 39.247338729942847 ], [ -76.638077049266386, 39.246337276853019 ], [ -76.638290338060926, 39.246271408663013 ], [ -76.638446355662836, 39.2465658285088 ], [ -76.638744822712596, 39.2465534293529 ], [ -76.638858906957083, 39.246292490024636 ], [ -76.64811308421443, 39.250333337419924 ], [ -76.647911163599801, 39.251127086636977 ], [ -76.647595769595128, 39.251074369811057 ], [ -76.647444871492027, 39.251745249019422 ], [ -76.648291703428896, 39.251884940020034 ], [ -76.648082681631934, 39.252521789916308 ], [ -76.647452256541968, 39.252420070175525 ], [ -76.647373062863153, 39.25272958702508 ], [ -76.646733079698535, 39.252496764152497 ], [ -76.646981037174854, 39.251397664781329 ], [ -76.644569858340958, 39.250965795229497 ], [ -76.642026952350434, 39.249891058566526 ], [ -76.64236960124083, 39.250345141826443 ], [ -76.641344947793471, 39.251120297214023 ], [ -76.641613440757169, 39.251341433113019 ], [ -76.640581609770692, 39.253058775990901 ], [ -76.64056841801073, 39.253557713472482 ], [ -76.639680560014853, 39.253617338649974 ], [ -76.639381871081198, 39.254750089137012 ], [ -76.647251703163221, 39.260138186874251 ], [ -76.647638775541054, 39.260123288926451 ], [ -76.648685669478212, 39.258624488006113 ], [ -76.648517818369058, 39.25855454283279 ], [ -76.648766075882662, 39.258190756415168 ], [ -76.649896005593121, 39.25866158585886 ], [ -76.651010808572508, 39.256897405599837 ], [ -76.651355224449063, 39.257129685916411 ], [ -76.653983414696043, 39.256150381047128 ], [ -76.655701020468726, 39.255951244430221 ], [ -76.655662486336297, 39.255755845357321 ], [ -76.65265613499912, 39.254596313012684 ], [ -76.653194262685233, 39.253355668079791 ], [ -76.655732463300296, 39.254463828311387 ], [ -76.655612739432485, 39.25360719313565 ], [ -76.667140530250947, 39.258637819036437 ], [ -76.668230378895188, 39.257395895638432 ], [ -76.668936690067099, 39.257814730230827 ], [ -76.66972914158994, 39.257005593297222 ], [ -76.669363233520201, 39.256722408501858 ], [ -76.669568401544566, 39.256499011534373 ], [ -76.669317892852874, 39.256306476325285 ], [ -76.669411052639418, 39.256205199599307 ], [ -76.666738008611986, 39.255409485075006 ], [ -76.665985322811835, 39.255927597854054 ], [ -76.664116267370446, 39.25537128367818 ], [ -76.663909015254617, 39.253954678078905 ], [ -76.664012445479813, 39.253066263627034 ], [ -76.664170531901817, 39.252831553957868 ], [ -76.664007686205437, 39.252599036802266 ], [ -76.66236760324513, 39.252740623062031 ], [ -76.65925708506424, 39.251712040958104 ], [ -76.656545467378521, 39.251340496092077 ], [ -76.655572333211012, 39.251054596295532 ], [ -76.654335869596053, 39.250283146583392 ], [ -76.651887589442623, 39.24770988069541 ], [ -76.648319475744231, 39.24895538173957 ], [ -76.64814090234384, 39.248596961945417 ], [ -76.647238916543458, 39.248911788247838 ], [ -76.646912761620001, 39.247770222516685 ], [ -76.647568388945274, 39.247540807977003 ], [ -76.647476787735755, 39.247271789265554 ], [ -76.648244421502227, 39.247003173711384 ], [ -76.648336024508382, 39.247272191366186 ], [ -76.649103751699656, 39.246999948545877 ], [ -76.64901012928074, 39.246731350733953 ], [ -76.650351446950594, 39.246133259253895 ], [ -76.651306761237805, 39.246911657843917 ], [ -76.654421301176214, 39.250191502823107 ], [ -76.655423424876247, 39.250867270393734 ], [ -76.656449609052856, 39.25120850540187 ], [ -76.659053558261888, 39.251550709853682 ], [ -76.66182829607105, 39.25246133323175 ], [ -76.663882890449528, 39.252499262138159 ], [ -76.664443897327615, 39.251469282442883 ], [ -76.664095156961281, 39.251399945768071 ], [ -76.664937045469131, 39.244919036126035 ], [ -76.666161627966133, 39.241938571912819 ], [ -76.665353775726061, 39.24194595846415 ], [ -76.665313493472112, 39.241205796691943 ], [ -76.664132532266976, 39.241261965522156 ], [ -76.664154866181576, 39.241541471800346 ], [ -76.6633619646028, 39.241579753087365 ], [ -76.663339670214057, 39.241300246266022 ], [ -76.663075370586128, 39.241312996305204 ], [ -76.662959160029388, 39.239746981806313 ], [ -76.664870005097796, 39.239661344614646 ], [ -76.66452882315626, 39.23884239811921 ], [ -76.664031103488256, 39.238200629480389 ], [ -76.663615818620613, 39.237006774994406 ], [ -76.665593452532093, 39.236986416538244 ], [ -76.665142575514565, 39.236304586442621 ], [ -76.662812289073699, 39.236326829976477 ], [ -76.662815143021362, 39.236574157921375 ], [ -76.661833856642644, 39.236593327406247 ], [ -76.661976839689785, 39.237009713263262 ], [ -76.659746818709351, 39.237093408995747 ], [ -76.660470235600926, 39.236210777918963 ], [ -76.66022312523593, 39.235601208017371 ], [ -76.660633809830998, 39.234077099710206 ], [ -76.657440896375633, 39.233669361380457 ], [ -76.635986103661608, 39.22966835308268 ], [ -76.637785234241292, 39.227726289180943 ], [ -76.641282031587593, 39.227835497486915 ], [ -76.641348927330185, 39.228422706503068 ], [ -76.641697642543704, 39.228440407857335 ], [ -76.643132333799116, 39.22950264029118 ], [ -76.643301607839689, 39.23083959938478 ], [ -76.658361305724156, 39.233604090825693 ], [ -76.660715642760138, 39.233864028075111 ], [ -76.660672734730582, 39.233969870253198 ], [ -76.663495540492292, 39.233909668941898 ], [ -76.667255930492416, 39.233145050041735 ], [ -76.668814751852111, 39.232594130755594 ], [ -76.670399035958567, 39.231814862148028 ], [ -76.667205656277545, 39.230562458777122 ], [ -76.671098906209892, 39.228492432611233 ], [ -76.673018052609834, 39.230602169745971 ], [ -76.675951852411416, 39.228406404524712 ], [ -76.68367157690777, 39.224274740957711 ], [ -76.685436002873089, 39.223589840857564 ], [ -76.68970893025184, 39.222942388341728 ], [ -76.692054350610306, 39.222848529942439 ], [ -76.694612539638754, 39.221817121072085 ], [ -76.699168054548011, 39.219341066348676 ], [ -76.70168659373644, 39.218791792513855 ], [ -76.701797751269723, 39.218562380644691 ], [ -76.704273518074217, 39.218619658170645 ], [ -76.701858379466557, 39.220703320850831 ], [ -76.701984256794049, 39.221207291124948 ], [ -76.701579774167712, 39.222748507663347 ], [ -76.701731075614362, 39.223269586912387 ], [ -76.701093506222932, 39.224890191466848 ], [ -76.695855816975126, 39.226511910983973 ], [ -76.693674136136764, 39.228756720520991 ], [ -76.690294695597473, 39.231777905958545 ], [ -76.690660918975865, 39.231034369259483 ], [ -76.689940406337627, 39.231674831966963 ], [ -76.689962662098779, 39.232075212388246 ], [ -76.68632613181002, 39.235287821406949 ], [ -76.686054434555714, 39.23516460580408 ], [ -76.681943899224109, 39.230546088407451 ], [ -76.679030558553137, 39.231407911576696 ], [ -76.677345443047656, 39.232246533019769 ], [ -76.675436044266846, 39.233759086115228 ], [ -76.676423543394051, 39.235318100297015 ], [ -76.676719125055158, 39.234896046167044 ], [ -76.677361113259479, 39.235173106341946 ], [ -76.676592197597088, 39.236419308702864 ], [ -76.675480273718165, 39.235828790630976 ], [ -76.675828518214473, 39.23739710724179 ], [ -76.675765116020045, 39.238252141176901 ], [ -76.675067706254268, 39.238334118976297 ], [ -76.675440366061679, 39.240362704333833 ], [ -76.674500902547649, 39.240469442566194 ], [ -76.674245855567122, 39.240014299750335 ], [ -76.67383895557434, 39.240141829509419 ], [ -76.672259382233278, 39.240032948571738 ], [ -76.67220919156172, 39.241780559917459 ], [ -76.672301593170161, 39.242040080745326 ], [ -76.672847714065668, 39.242035975951786 ], [ -76.672852666477837, 39.242427093518529 ], [ -76.672413580746735, 39.242432183434147 ], [ -76.673108325211061, 39.243045994215066 ], [ -76.67456226826134, 39.243696876870992 ], [ -76.676133560033819, 39.241837851890935 ], [ -76.677600083091349, 39.241201762118912 ], [ -76.679213575919235, 39.240729840007788 ], [ -76.679619493155101, 39.24101903377327 ], [ -76.677083209544861, 39.242748176304403 ], [ -76.677764331956212, 39.24328844029214 ], [ -76.678835518135287, 39.245333733509568 ], [ -76.680588559751001, 39.245388809576745 ], [ -76.680709851178975, 39.245258804331499 ], [ -76.684671100883378, 39.24594587498639 ], [ -76.685101285208319, 39.245562217474841 ], [ -76.686878234587013, 39.246740843302845 ], [ -76.68741592569188, 39.246354107560194 ], [ -76.688123066907124, 39.246841113831913 ], [ -76.689055941278554, 39.246052177570718 ], [ -76.690603995431275, 39.247126179993103 ], [ -76.690473489085093, 39.247894919321666 ], [ -76.689422321862125, 39.248455007660823 ], [ -76.688809837925007, 39.247750690858659 ], [ -76.687539312889442, 39.248437904061817 ], [ -76.688346079066292, 39.249172504959745 ], [ -76.68754341190207, 39.249135118953603 ], [ -76.686701253899614, 39.248876660214776 ], [ -76.684466172709179, 39.247645680624835 ], [ -76.68151414339556, 39.249502394451859 ], [ -76.679947917222975, 39.250781780341647 ], [ -76.682836793175497, 39.252771476653962 ], [ -76.685378409185276, 39.254074291511223 ], [ -76.687241887885364, 39.25487782234709 ], [ -76.690758351149896, 39.255925636290407 ], [ -76.69018545147577, 39.257457267618136 ], [ -76.689434962954806, 39.258895153377381 ], [ -76.687764159408417, 39.261203315510372 ], [ -76.687904955956142, 39.261258687236776 ], [ -76.685010526618555, 39.265522431979086 ], [ -76.684273316994108, 39.265219311763943 ], [ -76.683255030805469, 39.264421757701115 ], [ -76.683568114343245, 39.264179813814856 ] ], [ [ -76.67278998922383, 39.261119752877896 ], [ -76.671362674035208, 39.262905823423324 ], [ -76.670459000300411, 39.26349070034167 ], [ -76.67018715751901, 39.263498092273643 ], [ -76.668651975326028, 39.26350579718649 ], [ -76.667235787568799, 39.263317703315508 ], [ -76.666364260944775, 39.262908616634391 ], [ -76.664922683204381, 39.263238368471974 ], [ -76.664767736394268, 39.262873318951115 ], [ -76.66398152816268, 39.263066417579296 ], [ -76.663761044761031, 39.262573319223947 ], [ -76.663592558542959, 39.26261470497662 ], [ -76.663466853691986, 39.262333641242002 ], [ -76.663635919323411, 39.262127200361107 ], [ -76.662571192031223, 39.261175857767192 ], [ -76.661232822632144, 39.262099283235337 ], [ -76.660070284975177, 39.263196958744409 ], [ -76.661296930902395, 39.264154614857659 ], [ -76.661080819601224, 39.264369103034028 ], [ -76.660757367708442, 39.264118543005139 ], [ -76.660882014344011, 39.264021299697141 ], [ -76.660215691676967, 39.263505164268075 ], [ -76.659841479580734, 39.263796122526308 ], [ -76.658961942679326, 39.263120913567107 ], [ -76.659340090294805, 39.26282686578174 ], [ -76.658213513995307, 39.261955372633501 ], [ -76.657832743299195, 39.262251495354839 ], [ -76.657706732122705, 39.262155993145662 ], [ -76.658416215245907, 39.26153399973537 ], [ -76.658218263388207, 39.261377390271285 ], [ -76.657908848570059, 39.261651293849042 ], [ -76.656088489003594, 39.260295418143308 ], [ -76.652372477575113, 39.261036383505726 ], [ -76.651829235780085, 39.263728627935244 ], [ -76.652210460125417, 39.264449501416543 ], [ -76.65322427719552, 39.265320479489034 ], [ -76.653619988671409, 39.264964147780681 ], [ -76.653419514344421, 39.264820538648955 ], [ -76.653815665096502, 39.264441616471473 ], [ -76.654425269034817, 39.264795441465367 ], [ -76.654194691264337, 39.264625942565388 ], [ -76.654446227628725, 39.264357812185729 ], [ -76.654350939733277, 39.26428477564027 ], [ -76.654833748265872, 39.263994151864246 ], [ -76.655251524161784, 39.264327924882707 ], [ -76.655469998930485, 39.264098403157618 ], [ -76.655752869430302, 39.264315413413449 ], [ -76.655442818604925, 39.264567917368396 ], [ -76.655573254882498, 39.264668458689833 ], [ -76.654044690578189, 39.266002524790821 ], [ -76.654543565479642, 39.266215372220316 ], [ -76.655666910539068, 39.267087825715421 ], [ -76.656002207617178, 39.26682430327989 ], [ -76.656163801960389, 39.266947037631617 ], [ -76.656098264470501, 39.267082254231269 ], [ -76.656422928190594, 39.266928437695846 ], [ -76.656397195949296, 39.266808821157341 ], [ -76.656931931596901, 39.266386336838835 ], [ -76.658016043634603, 39.267219666889311 ], [ -76.657714783722597, 39.267449552558951 ], [ -76.657375653533165, 39.267227464587044 ], [ -76.657815172252242, 39.267565294211181 ], [ -76.657520221208472, 39.26779036329755 ], [ -76.657087262885938, 39.267447473782298 ], [ -76.656961233743147, 39.267543610704841 ], [ -76.657330929110131, 39.267836430667806 ], [ -76.656993126630695, 39.268100566874239 ], [ -76.65763604638795, 39.268593357199883 ], [ -76.657398929780484, 39.268858546264163 ], [ -76.656550197008485, 39.268239747501134 ], [ -76.656891484951231, 39.267980884180176 ], [ -76.656643070232448, 39.267784152730215 ], [ -76.656176740395424, 39.268139955454352 ], [ -76.656868227568538, 39.268684302307591 ], [ -76.656392972070833, 39.269066518193945 ], [ -76.656904585083026, 39.269405501755699 ], [ -76.657483678641029, 39.269009605236811 ], [ -76.658984205627007, 39.267277640512042 ], [ -76.663597360038153, 39.266034424126907 ], [ -76.6637981954879, 39.266368471187846 ], [ -76.666133753242875, 39.267034090884813 ], [ -76.667099396359205, 39.267080677579763 ], [ -76.667480348515014, 39.267361774439848 ], [ -76.667863092809796, 39.268060157322651 ], [ -76.668345228504265, 39.267868793744107 ], [ -76.668548003416717, 39.267392385135345 ], [ -76.669522516498176, 39.266779117811353 ], [ -76.669961118037335, 39.266103464656041 ], [ -76.669861646687608, 39.265840027542183 ], [ -76.670135031876328, 39.2656393257693 ], [ -76.66986938208052, 39.265696043943379 ], [ -76.669992555479027, 39.2652747310892 ], [ -76.670382687518696, 39.264834319318396 ], [ -76.67110560764192, 39.264350906503303 ], [ -76.67185534606962, 39.264130614948144 ], [ -76.672714215431299, 39.263313274961028 ], [ -76.672687500433071, 39.263094328060163 ], [ -76.673677056278606, 39.261503378069307 ], [ -76.67278998922383, 39.261119752877896 ] ], [ [ -76.530011929544074, 39.296702184481809 ], [ -76.530007245523862, 39.296896195417993 ], [ -76.531513272200328, 39.296026653739943 ], [ -76.532270925684003, 39.295795844072693 ], [ -76.533115848700888, 39.295719303145553 ], [ -76.534286684096145, 39.295881542699249 ], [ -76.534422965711244, 39.295792999337841 ], [ -76.534219245771126, 39.295748933045211 ], [ -76.534238466124933, 39.2956162160798 ], [ -76.535698812366576, 39.294308645132666 ], [ -76.54201763394029, 39.294407330676243 ], [ -76.542026950368111, 39.292540789051444 ], [ -76.54220430026308, 39.292002176891344 ], [ -76.542758275129117, 39.291858907525501 ], [ -76.54439423751721, 39.291936174324228 ], [ -76.544503219330849, 39.291809177468004 ], [ -76.544444648275999, 39.290443571283355 ], [ -76.54478554904486, 39.290429242928695 ], [ -76.54472103563441, 39.28947637399466 ], [ -76.545649103120752, 39.289446253369995 ], [ -76.545608284572552, 39.288838454037105 ], [ -76.546609649196185, 39.288816982216844 ], [ -76.546524912912062, 39.287590007939087 ], [ -76.546107415493864, 39.287606694554107 ], [ -76.546125952229758, 39.287862057671177 ], [ -76.543893426746308, 39.288012347723324 ], [ -76.543868600006803, 39.287645970658517 ], [ -76.542730112046641, 39.287689674945774 ], [ -76.542750934994928, 39.287998134981578 ], [ -76.541960591818068, 39.28802898695929 ], [ -76.541939711377609, 39.287720556260922 ], [ -76.541737229315927, 39.287726821378335 ], [ -76.541752418929065, 39.288090474644747 ], [ -76.541021328628347, 39.288119851913173 ], [ -76.540994565121082, 39.287756677843163 ], [ -76.540794216558211, 39.287766025106897 ], [ -76.540814270548609, 39.288038079022158 ], [ -76.540489657134174, 39.288051113271287 ], [ -76.540469566312851, 39.287779087912902 ], [ -76.539465917273461, 39.287816864911072 ], [ -76.539492174130885, 39.28823505535069 ], [ -76.53916397104858, 39.28824823904602 ], [ -76.539135949001619, 39.287830119603022 ], [ -76.538933384294936, 39.287843493879393 ], [ -76.538957233667418, 39.288199462420117 ], [ -76.536989511766791, 39.288300845873046 ], [ -76.537082865589426, 39.290264941146631 ], [ -76.536600064243359, 39.291350955700963 ], [ -76.53347239722369, 39.294727138845197 ], [ -76.530559241605673, 39.296271675102062 ], [ -76.530011929544074, 39.296702184481809 ] ] ], [ [ [ -77.617514452573189, 39.323856805467358 ], [ -77.613167290215998, 39.327252087915461 ], [ -77.612378556820119, 39.326686579021519 ], [ -77.606078820852915, 39.318556165009142 ], [ -77.604776146909941, 39.318081427160124 ], [ -77.60498693030317, 39.31780983817503 ], [ -77.602453349723618, 39.315559074860673 ], [ -77.603962849082649, 39.309933998189919 ], [ -77.603925056060319, 39.307778181165602 ], [ -77.604924254845798, 39.305284516085912 ], [ -77.606365851450818, 39.305552718519515 ], [ -77.610121266580919, 39.305619076651027 ], [ -77.614086220937565, 39.306212395458928 ], [ -77.617201090557685, 39.306983533970907 ], [ -77.617776876518818, 39.306902599834309 ], [ -77.619633257629857, 39.307271024629657 ], [ -77.620892453113072, 39.307292349689341 ], [ -77.622699220270988, 39.307692391451482 ], [ -77.623168274698259, 39.308084233940924 ], [ -77.623050210018803, 39.308372456156476 ], [ -77.623172144640506, 39.308624740153782 ], [ -77.623652445975154, 39.308485604317305 ], [ -77.624354554828187, 39.308702718963112 ], [ -77.625831327663093, 39.30879679470064 ], [ -77.629359306431255, 39.310193621859682 ], [ -77.630534826540682, 39.310329206070556 ], [ -77.634587799625507, 39.310251300663829 ], [ -77.637259910303342, 39.310622932847764 ], [ -77.63896281784136, 39.311083575110899 ], [ -77.642127784708251, 39.311540215093814 ], [ -77.643880748170531, 39.311973856219929 ], [ -77.64164103885976, 39.317962848004292 ], [ -77.64661508604641, 39.319295257678711 ], [ -77.650570310750197, 39.320751077764015 ], [ -77.649803401025849, 39.324230340323339 ], [ -77.64706537197246, 39.323095882734762 ], [ -77.642997705144538, 39.322109745884617 ], [ -77.641572700422827, 39.321398984386754 ], [ -77.64139225583169, 39.322140502217067 ], [ -77.639672998955533, 39.321574483603278 ], [ -77.639531465789247, 39.321074756628057 ], [ -77.637091186031725, 39.320003502581464 ], [ -77.635069005563636, 39.319703567522538 ], [ -77.634835059110827, 39.320186757488962 ], [ -77.63416982699853, 39.320093396882683 ], [ -77.633418630605121, 39.321683310839695 ], [ -77.632713074018042, 39.321497661618537 ], [ -77.633309935354063, 39.320129677584774 ], [ -77.63314610151086, 39.320076703416866 ], [ -77.633486094981265, 39.319246347012857 ], [ -77.633374146930578, 39.319221579976855 ], [ -77.633529365930187, 39.319139085210168 ], [ -77.633350302947974, 39.319020632940507 ], [ -77.633340606532798, 39.318608159729138 ], [ -77.63378193805211, 39.318513002607119 ], [ -77.633976373903778, 39.318039817035562 ], [ -77.631964374941106, 39.317390623471042 ], [ -77.632288956914522, 39.316675521783964 ], [ -77.631075038318272, 39.316249212763879 ], [ -77.630100931275308, 39.317993468555244 ], [ -77.628249442389304, 39.317566622008563 ], [ -77.628152702816337, 39.318412188998231 ], [ -77.628616456285144, 39.318545485432345 ], [ -77.628691442255175, 39.31837427909074 ], [ -77.630208134424691, 39.318949308098496 ], [ -77.630013293432825, 39.319356321775928 ], [ -77.628114952913165, 39.318742122262549 ], [ -77.627875980386321, 39.320364831757679 ], [ -77.628011797572455, 39.320384810183462 ], [ -77.627752974074468, 39.32084101488612 ], [ -77.627992328385304, 39.32159681891325 ], [ -77.628143145640038, 39.32159551868429 ], [ -77.628093993420961, 39.32229214606847 ], [ -77.628353476282342, 39.322344247810541 ], [ -77.628044056074302, 39.322999871401514 ], [ -77.627721215035933, 39.322968336436823 ], [ -77.627787269955405, 39.323933639454246 ], [ -77.627664779276529, 39.323929233694599 ], [ -77.627291487953471, 39.324839104043335 ], [ -77.626067136323513, 39.326105450611969 ], [ -77.627122282184857, 39.326869484959474 ], [ -77.626286697155351, 39.327640140790677 ], [ -77.623882232329905, 39.326002401352603 ], [ -77.622241006712542, 39.325235640466296 ], [ -77.617514452573189, 39.323856805467358 ] ] ], [ [ [ -76.750310306092913, 39.342338433971094 ], [ -76.752029505476926, 39.336678425170952 ], [ -76.750643863134314, 39.335920527432769 ], [ -76.750668187715576, 39.335411680875524 ], [ -76.749803932055457, 39.334991876863718 ], [ -76.749521936514725, 39.335347144282743 ], [ -76.748119430997619, 39.334474849108233 ], [ -76.748836085371721, 39.333775326871852 ], [ -76.748340913325848, 39.333492906830493 ], [ -76.747611493891554, 39.334210771474361 ], [ -76.746193407095845, 39.333675426017805 ], [ -76.745516992754901, 39.333016752170494 ], [ -76.745128285443258, 39.328897506230966 ], [ -76.745132009858438, 39.326140478083467 ], [ -76.745308865679988, 39.326100200693809 ], [ -76.745311587575301, 39.325037459051359 ], [ -76.74513565701848, 39.324712973670195 ], [ -76.744248829390202, 39.324421749349007 ], [ -76.744325665889718, 39.321893253110957 ], [ -76.743428594772269, 39.321813491202917 ], [ -76.742461985068687, 39.321445294473889 ], [ -76.742725364821766, 39.321077093026901 ], [ -76.741689183294355, 39.320371212790235 ], [ -76.742143795506834, 39.319646145305072 ], [ -76.74293416742978, 39.32068980987502 ], [ -76.743131724028757, 39.32050987327591 ], [ -76.741474947675513, 39.318585758832903 ], [ -76.741433976413731, 39.317949380795362 ], [ -76.742160908413013, 39.317486606364604 ], [ -76.741999331137791, 39.317306257742345 ], [ -76.741293928162619, 39.317662658173909 ], [ -76.740289174195439, 39.317697881687174 ], [ -76.739981571279202, 39.317399041065357 ], [ -76.73884371213974, 39.317747488411896 ], [ -76.737652673633761, 39.317822574296635 ], [ -76.737372822371626, 39.316892854262981 ], [ -76.735436028567918, 39.313682262621121 ], [ -76.731761306404849, 39.313229489119394 ], [ -76.728486151286887, 39.314908618387953 ], [ -76.728422433783791, 39.313042938953885 ], [ -76.727550757141117, 39.31270675971701 ], [ -76.726882614487295, 39.312182772572569 ], [ -76.726369408762096, 39.312631534896497 ], [ -76.725614610124396, 39.31287801954457 ], [ -76.725262026765279, 39.312399992512439 ], [ -76.725609084587077, 39.312096389835354 ], [ -76.725581588952863, 39.311715955199453 ], [ -76.726433615847043, 39.311601319321802 ], [ -76.734684458475343, 39.312533326812741 ], [ -76.734911081861966, 39.312772138724142 ], [ -76.735198984724022, 39.312736118316167 ], [ -76.735144828888778, 39.309558803652564 ], [ -76.734394052008611, 39.307691871534566 ], [ -76.734238296714764, 39.306827267986876 ], [ -76.736315549299661, 39.306650854576475 ], [ -76.738720050956047, 39.30693063812452 ], [ -76.741190042491581, 39.307853429275596 ], [ -76.743064415061156, 39.309307302880029 ], [ -76.745743412223945, 39.309583705475134 ], [ -76.745996484707462, 39.308692564047313 ], [ -76.746281459960016, 39.308332192863361 ], [ -76.74720077066894, 39.307609249875341 ], [ -76.748581859451363, 39.307073413027815 ], [ -76.749566908872808, 39.306917177133109 ], [ -76.75128819324658, 39.307027159459956 ], [ -76.753300063750146, 39.307714468454854 ], [ -76.753004024846589, 39.308439946661551 ], [ -76.75302000767212, 39.309105725443615 ], [ -76.754225860295449, 39.311101906852024 ], [ -76.755447347197986, 39.314145035806334 ], [ -76.754437915703107, 39.3145263697809 ], [ -76.754745714452056, 39.314946273021953 ], [ -76.755141678354562, 39.314939744848694 ], [ -76.755319978667103, 39.31597396725337 ], [ -76.752242271451976, 39.315996143112997 ], [ -76.752580764735868, 39.314755679024373 ], [ -76.752484170689982, 39.312764063220754 ], [ -76.749896946314919, 39.312776019747176 ], [ -76.75008391357332, 39.313153902754529 ], [ -76.750018547661682, 39.313533486515333 ], [ -76.749362560111976, 39.314184797431537 ], [ -76.748803308541937, 39.314379392765012 ], [ -76.748982741630059, 39.314811989077455 ], [ -76.748129322347211, 39.315687515229399 ], [ -76.748595998933951, 39.316084845091382 ], [ -76.748191495646338, 39.316525254343176 ], [ -76.748602318581959, 39.316860369280455 ], [ -76.749321849361607, 39.316445086695531 ], [ -76.749643501928873, 39.316131776544673 ], [ -76.749130018624271, 39.315688426370087 ], [ -76.749559350447996, 39.31525198517123 ], [ -76.750659984300398, 39.316227957152954 ], [ -76.749641514855455, 39.316863771232079 ], [ -76.748592965323226, 39.31704993035936 ], [ -76.747928049417908, 39.316859995378493 ], [ -76.747563795146618, 39.316949243909079 ], [ -76.747315287003048, 39.316488493619502 ], [ -76.746861697971696, 39.316950911176015 ], [ -76.74532688498627, 39.317574949234611 ], [ -76.745465946887194, 39.318378847823254 ], [ -76.745216255662399, 39.318331147155192 ], [ -76.745205678898245, 39.322015388530097 ], [ -76.749285029214732, 39.322488980845556 ], [ -76.749320935774961, 39.323011528751188 ], [ -76.751210699180291, 39.323059247075442 ], [ -76.751431241870748, 39.324823676438903 ], [ -76.750629317613232, 39.325431984004453 ], [ -76.750975030657074, 39.326264145271125 ], [ -76.750945152690733, 39.327383355130273 ], [ -76.751150329698248, 39.328048564522554 ], [ -76.753217935275302, 39.327383182799899 ], [ -76.754841147874572, 39.326206531784926 ], [ -76.755085659413453, 39.326866736686952 ], [ -76.759011486749571, 39.326995383521421 ], [ -76.758481218423881, 39.329348942168743 ], [ -76.757744746316291, 39.329091882058066 ], [ -76.757656508399194, 39.329244362738557 ], [ -76.757785719374723, 39.330211265540825 ], [ -76.758541524125533, 39.330076074931426 ], [ -76.759102297441657, 39.331619537163661 ], [ -76.758474018426895, 39.331762206099043 ], [ -76.758577024647238, 39.332033806224352 ], [ -76.756644766437418, 39.332357324479865 ], [ -76.756764812800398, 39.331109808815491 ], [ -76.755246758784921, 39.331133653754065 ], [ -76.755064847244938, 39.331251113426276 ], [ -76.755077152367704, 39.333469618552456 ], [ -76.752502235810354, 39.33307765351136 ], [ -76.752477140474568, 39.334015906830771 ], [ -76.751885561232413, 39.336494008709195 ], [ -76.752756345848027, 39.336960182025592 ], [ -76.752819138086394, 39.339219132272476 ], [ -76.754180560950616, 39.339951000669338 ], [ -76.753501124677058, 39.34085399854574 ], [ -76.752806231092393, 39.34124363845411 ], [ -76.752594544892318, 39.341563759195559 ], [ -76.75238972361764, 39.341466146830292 ], [ -76.752305580221616, 39.341586872482019 ], [ -76.752457397301256, 39.34165747394097 ], [ -76.752214032911013, 39.341943941183651 ], [ -76.752521664573308, 39.342139836251057 ], [ -76.751313563466837, 39.342643501873859 ], [ -76.750310306092913, 39.342338433971094 ] ] ], [ [ [ -79.360320541762761, 39.406628758505967 ], [ -79.358510437363563, 39.40493539054566 ], [ -79.357775158218686, 39.404862692280126 ], [ -79.355931459522836, 39.404296764760261 ], [ -79.353978829318962, 39.405535253154298 ], [ -79.355582899717845, 39.406112360865819 ], [ -79.353391360767574, 39.407442046825054 ], [ -79.352118470467843, 39.407009244349986 ], [ -79.350745771051848, 39.40787488825881 ], [ -79.35117064453685, 39.408019449010112 ], [ -79.348148248390387, 39.407613447959179 ], [ -79.347482619222731, 39.407747626491513 ], [ -79.347107130620486, 39.408220419863376 ], [ -79.344748750267442, 39.407183229939385 ], [ -79.346175490534279, 39.40671756410255 ], [ -79.347250178346343, 39.406163206268985 ], [ -79.350277469412788, 39.403545828265891 ], [ -79.352260063821248, 39.402404888808455 ], [ -79.363581725383114, 39.398786735780483 ], [ -79.36271900853707, 39.399184376307964 ], [ -79.36434675762851, 39.400771130546666 ], [ -79.36452704591278, 39.401186540328609 ], [ -79.361490326129115, 39.403078329244011 ], [ -79.361856241385368, 39.403500321541159 ], [ -79.362575597891848, 39.403051086807125 ], [ -79.362921018084919, 39.40344943185498 ], [ -79.363426772284811, 39.403138415692197 ], [ -79.365670428792939, 39.405385686922614 ], [ -79.365998204277176, 39.404967259871 ], [ -79.368672785322033, 39.405858424121597 ], [ -79.366426096999831, 39.409803358721163 ], [ -79.359549903131665, 39.407455640465031 ], [ -79.359855965437163, 39.40690013283939 ], [ -79.360320541762761, 39.406628758505967 ] ] ], [ [ [ -77.463323200190658, 39.421761626908193 ], [ -77.463874569044066, 39.421061098197015 ], [ -77.463694711951135, 39.420955987090061 ], [ -77.462426191056963, 39.422447047168028 ], [ -77.459927857674217, 39.422295311882586 ], [ -77.459582727636999, 39.422980128726763 ], [ -77.455012386033971, 39.422205097309742 ], [ -77.454618078624847, 39.421440689899875 ], [ -77.45384003428255, 39.4216620572968 ], [ -77.453773212201824, 39.422028144448724 ], [ -77.453393077512928, 39.422452010884442 ], [ -77.452207603171829, 39.42176602441701 ], [ -77.449174322139072, 39.42119019474945 ], [ -77.448025926659639, 39.420398133197367 ], [ -77.4463347969333, 39.420150375433501 ], [ -77.44288103787224, 39.420326664088144 ], [ -77.443190999764397, 39.419304566199216 ], [ -77.439651888174936, 39.418590866857912 ], [ -77.439339099284581, 39.419521385894306 ], [ -77.439589334888453, 39.419813145821415 ], [ -77.439487279983965, 39.420316791868643 ], [ -77.43740670542914, 39.420084811657006 ], [ -77.437129625469638, 39.421738057172163 ], [ -77.436918329138393, 39.421715712930094 ], [ -77.436270128185583, 39.421100179297255 ], [ -77.436327176596009, 39.420997261129287 ], [ -77.433982973454761, 39.418127733887836 ], [ -77.435598927666533, 39.414757639319888 ], [ -77.436771293791011, 39.414450256787674 ], [ -77.441481689933354, 39.415385430962232 ], [ -77.441415946729279, 39.415951689749249 ], [ -77.443144050214386, 39.416470519148724 ], [ -77.443917831152362, 39.415858441817683 ], [ -77.442982841248451, 39.414686033259251 ], [ -77.444932524978157, 39.414352960737489 ], [ -77.4456630340689, 39.415003371006406 ], [ -77.44666011103368, 39.414653219660387 ], [ -77.447153882605988, 39.416179498911994 ], [ -77.446957076100304, 39.416810980192672 ], [ -77.453932299347073, 39.417602038061347 ], [ -77.454034539304502, 39.417044727785139 ], [ -77.456146803727606, 39.416702485711028 ], [ -77.456395255277286, 39.41682551791569 ], [ -77.457271875348994, 39.416730808218212 ], [ -77.457570846353647, 39.418395669235366 ], [ -77.459861066136199, 39.418057642774251 ], [ -77.460496273856762, 39.418993531923881 ], [ -77.461866634958071, 39.417414815722331 ], [ -77.46271875527701, 39.415685616038168 ], [ -77.461954143443151, 39.4141725990563 ], [ -77.462663559192706, 39.413938902907326 ], [ -77.465022765995826, 39.415489065994265 ], [ -77.467813295289361, 39.416301021904133 ], [ -77.468647239995164, 39.415971309809386 ], [ -77.470440175792646, 39.413766978067123 ], [ -77.473090785294147, 39.414519170316744 ], [ -77.475053807209221, 39.414651499203281 ], [ -77.478174373046556, 39.417579401714399 ], [ -77.477440013776501, 39.417842212039638 ], [ -77.474675770984817, 39.418143070798713 ], [ -77.474643699332546, 39.418026433853804 ], [ -77.473556644413989, 39.417984512654598 ], [ -77.472735671380875, 39.418288506184787 ], [ -77.473120957907909, 39.419285198293025 ], [ -77.472133668986473, 39.419491247722227 ], [ -77.471860864109416, 39.419852580153467 ], [ -77.470007032417143, 39.419582515080478 ], [ -77.469620231330552, 39.420375198663571 ], [ -77.471178636770262, 39.420592015722342 ], [ -77.470429229820908, 39.421785093238974 ], [ -77.469938677810546, 39.42317852709013 ], [ -77.46935281993845, 39.423886777285929 ], [ -77.471619549674642, 39.425061660321362 ], [ -77.473410047444446, 39.425697348066734 ], [ -77.474334307870592, 39.4264134213171 ], [ -77.475432200064759, 39.426703546033018 ], [ -77.475276046817228, 39.427171150333415 ], [ -77.474083694974297, 39.427006555764976 ], [ -77.474167287703082, 39.426325556056675 ], [ -77.473865896637065, 39.426122865176353 ], [ -77.473621168604183, 39.426620781948856 ], [ -77.471581030813596, 39.426605952057841 ], [ -77.470865633182569, 39.426328816675401 ], [ -77.470850821760152, 39.425531010399368 ], [ -77.469536885638476, 39.424857387811535 ], [ -77.469697086694666, 39.424677915148266 ], [ -77.467768675070872, 39.423838991120924 ], [ -77.467973974249276, 39.423608001064068 ], [ -77.464907488788668, 39.422249630031025 ], [ -77.465066912802143, 39.4216865159989 ], [ -77.464892484228486, 39.421613525699307 ], [ -77.464771341022541, 39.422063289680153 ], [ -77.464171183767718, 39.421964574045617 ], [ -77.46414918492475, 39.422102880263104 ], [ -77.463323200190658, 39.421761626908193 ] ] ], [ [ [ -78.866593945383826, 39.548115396050548 ], [ -78.865420430314089, 39.549174123421054 ], [ -78.86699608700053, 39.550172005127287 ], [ -78.866826724026765, 39.55035659779584 ], [ -78.86750725265172, 39.550697764411034 ], [ -78.865383699100434, 39.55332946206066 ], [ -78.864378857098345, 39.555098884766316 ], [ -78.862124267194901, 39.557676236510346 ], [ -78.858698513112827, 39.56120291839219 ], [ -78.857468115820993, 39.563862046626106 ], [ -78.856362353486631, 39.565409821686202 ], [ -78.854143483293825, 39.567578474407689 ], [ -78.85176518279934, 39.568987379006991 ], [ -78.850753595347769, 39.569820331869906 ], [ -78.849972268561416, 39.570618262705366 ], [ -78.849493707263477, 39.57161141811364 ], [ -78.848773746190815, 39.57164528778749 ], [ -78.848529041514169, 39.571369567955799 ], [ -78.847505978084854, 39.571117711710606 ], [ -78.846779626397264, 39.570679806904131 ], [ -78.846336979744365, 39.571322731323534 ], [ -78.845566204569337, 39.571898398210614 ], [ -78.843815344961456, 39.571087466076456 ], [ -78.841495292128329, 39.570845844678431 ], [ -78.839939939163926, 39.569799405564204 ], [ -78.839836175663777, 39.569427845559758 ], [ -78.840071996900591, 39.568503656770631 ], [ -78.83990912964461, 39.567879868649314 ], [ -78.843519175802186, 39.567591904513364 ], [ -78.846478946796935, 39.56672232646077 ], [ -78.849700320677158, 39.564901598264981 ], [ -78.852465366562697, 39.562633350546051 ], [ -78.854090400047056, 39.560839674232909 ], [ -78.85548110439629, 39.558804926033652 ], [ -78.859749206025327, 39.550184069212222 ], [ -78.863973777092326, 39.546349458920375 ], [ -78.866593945383826, 39.548115396050548 ] ] ], [ [ [ -77.725507754683477, 39.657487794553887 ], [ -77.723710657889583, 39.658733388968521 ], [ -77.721335361361398, 39.657558459001692 ], [ -77.721465334108302, 39.657401478666642 ], [ -77.721022229314613, 39.657038323902675 ], [ -77.719486968069873, 39.656452540389346 ], [ -77.718528884276637, 39.658068622399462 ], [ -77.718418691533998, 39.658049909540416 ], [ -77.717950698915374, 39.653690866255424 ], [ -77.716722954348583, 39.653701860356342 ], [ -77.715845888712522, 39.653514344853114 ], [ -77.71536247471542, 39.653146409160904 ], [ -77.71569064276342, 39.65257662691252 ], [ -77.713719134463872, 39.651802967977979 ], [ -77.713783250818977, 39.651458133949831 ], [ -77.714583747653492, 39.651761388293338 ], [ -77.715476262515821, 39.650382905605824 ], [ -77.715708655781498, 39.650456722291899 ], [ -77.715836860643904, 39.650262941910526 ], [ -77.716545210093216, 39.650477456159479 ], [ -77.716725889144612, 39.650000049275576 ], [ -77.717510952024227, 39.650257096681194 ], [ -77.717594548346256, 39.651206467219374 ], [ -77.716952478395243, 39.651250622947465 ], [ -77.716935722120255, 39.651360817444839 ], [ -77.716107345172574, 39.651194464293098 ], [ -77.715586309731378, 39.652426901629106 ], [ -77.716177590732855, 39.652572683192069 ], [ -77.716366320485832, 39.652272823523951 ], [ -77.716965840835115, 39.652492691046717 ], [ -77.717704261388533, 39.652453838219131 ], [ -77.717756572982481, 39.653160677535553 ], [ -77.718683460082516, 39.653085380875545 ], [ -77.718599424484324, 39.653009756990734 ], [ -77.719854323325535, 39.650740041958542 ], [ -77.721104407196819, 39.649040258019035 ], [ -77.720967585694183, 39.648354827658295 ], [ -77.721421507102221, 39.64775280861766 ], [ -77.720944614874071, 39.647526426914624 ], [ -77.721410782116038, 39.646936878831021 ], [ -77.720991739595576, 39.646732070550534 ], [ -77.721427023656375, 39.646171097525134 ], [ -77.722329714634242, 39.646603879000459 ], [ -77.722834842708409, 39.64590449355245 ], [ -77.721951341541626, 39.645515550287797 ], [ -77.721882538675715, 39.645601096619949 ], [ -77.722627256419287, 39.645955166446775 ], [ -77.72224422915518, 39.646433721814233 ], [ -77.721357853379502, 39.646009107604414 ], [ -77.720281915112565, 39.64721183446008 ], [ -77.719770124233946, 39.646968875919889 ], [ -77.721139410051862, 39.645241764514601 ], [ -77.721442951684665, 39.645268883057263 ], [ -77.720827118828169, 39.644972686847488 ], [ -77.72073828622635, 39.645084734074487 ], [ -77.720998422162964, 39.645209470573846 ], [ -77.720118302254917, 39.646319591987343 ], [ -77.718599121752078, 39.645581176122093 ], [ -77.718527870078674, 39.645670416089501 ], [ -77.717818556737072, 39.645333665930572 ], [ -77.718406263342033, 39.644593394724794 ], [ -77.717493848999538, 39.644163252037366 ], [ -77.717962227893722, 39.643568615978488 ], [ -77.713368217479612, 39.641392067237625 ], [ -77.71364300493849, 39.640924179807257 ], [ -77.7135746736881, 39.640777870776098 ], [ -77.709969877285047, 39.64030208274044 ], [ -77.710379181169529, 39.63898904518183 ], [ -77.712298062566461, 39.639210312203915 ], [ -77.712595024039842, 39.638906156770261 ], [ -77.710617037090458, 39.637832926882687 ], [ -77.71029524079276, 39.637331215185405 ], [ -77.711642500818201, 39.633041965312529 ], [ -77.710671669032777, 39.631947496829021 ], [ -77.710732249618914, 39.631676594924151 ], [ -77.711131832833715, 39.631407393217259 ], [ -77.711108353567113, 39.63093415939197 ], [ -77.709575226719494, 39.630620515406186 ], [ -77.709410941922002, 39.630448658430488 ], [ -77.709849680005092, 39.630194165083616 ], [ -77.709627662280937, 39.629521599334865 ], [ -77.708725658514268, 39.628868654858906 ], [ -77.706640647180237, 39.6285739271474 ], [ -77.70557917897591, 39.628643760451673 ], [ -77.704832508294899, 39.628418991235506 ], [ -77.703709380627771, 39.62666615541216 ], [ -77.703285763885873, 39.626282628093271 ], [ -77.701888359901261, 39.625852050481811 ], [ -77.700451167736077, 39.625839466797338 ], [ -77.699803339584108, 39.625576241221921 ], [ -77.699950120708252, 39.625073983274866 ], [ -77.699872506267724, 39.624214173416611 ], [ -77.699001391072088, 39.624293957485719 ], [ -77.698138213390308, 39.620246257123362 ], [ -77.69609660056598, 39.618285005100127 ], [ -77.697360546340406, 39.61744800052179 ], [ -77.697038745551126, 39.61717006033836 ], [ -77.698263446625759, 39.616358114837112 ], [ -77.697094406962776, 39.615292200555686 ], [ -77.69786665267992, 39.614936157920241 ], [ -77.700363530791904, 39.613161413393968 ], [ -77.700713017658245, 39.61349254450721 ], [ -77.701225997007995, 39.613175627043283 ], [ -77.702641724827757, 39.613785057610478 ], [ -77.703441995286823, 39.612619028208975 ], [ -77.704333450137128, 39.612265950369832 ], [ -77.706010498771377, 39.612743618410803 ], [ -77.707544853615985, 39.612934587681082 ], [ -77.709908930186273, 39.612319706726986 ], [ -77.710380154943309, 39.61321025632234 ], [ -77.709486987005747, 39.613405038773919 ], [ -77.710508160379703, 39.616603713616556 ], [ -77.711775853027191, 39.616669440233871 ], [ -77.713524716578505, 39.622160833281363 ], [ -77.712926891350193, 39.62227524238601 ], [ -77.713851836292605, 39.62516572467311 ], [ -77.714448384116579, 39.625047274037513 ], [ -77.714671258833505, 39.625743664801483 ], [ -77.715594727843907, 39.625576220464687 ], [ -77.715278413066045, 39.624594074095718 ], [ -77.716131584413887, 39.624417607112044 ], [ -77.717353057841692, 39.624479976036767 ], [ -77.717846668615579, 39.622619536917007 ], [ -77.718541989798325, 39.622730432301303 ], [ -77.71864187077982, 39.622353949263662 ], [ -77.721081492072244, 39.622743005480196 ], [ -77.720509431424574, 39.624503280560333 ], [ -77.720270870326161, 39.624465725961244 ], [ -77.725897105188849, 39.625359919261008 ], [ -77.72636172193863, 39.623615764364772 ], [ -77.727839240375232, 39.624121141704812 ], [ -77.726210655850579, 39.627827241968326 ], [ -77.726203616652015, 39.627347448749298 ], [ -77.725482485074522, 39.626916310410351 ], [ -77.725808791813279, 39.625691432070163 ], [ -77.722532488648383, 39.625175871565546 ], [ -77.722374427379194, 39.625278813486851 ], [ -77.721789147123815, 39.62493079515577 ], [ -77.719655657307186, 39.626253055542669 ], [ -77.717684210991393, 39.626814321589897 ], [ -77.717580248065261, 39.626493962037657 ], [ -77.716826489676635, 39.626581982601124 ], [ -77.716342005786046, 39.626980711251569 ], [ -77.71670138490029, 39.628103551481466 ], [ -77.715725899841701, 39.628289409653057 ], [ -77.715768085625754, 39.628416629158068 ], [ -77.716969608369396, 39.628186675623986 ], [ -77.717183658935284, 39.628858365981692 ], [ -77.715983006659158, 39.629088152617626 ], [ -77.716216056593311, 39.629816268352045 ], [ -77.716722860025484, 39.6297175494173 ], [ -77.717469413027175, 39.632248688572709 ], [ -77.715830920084926, 39.632261865383214 ], [ -77.714276634319091, 39.632026230064625 ], [ -77.714084258304368, 39.632634182231463 ], [ -77.715301217697871, 39.633207127908037 ], [ -77.715778265334535, 39.633252744517101 ], [ -77.715687683712886, 39.63363380557626 ], [ -77.716570261411533, 39.633353131253223 ], [ -77.716878757253141, 39.634128653539356 ], [ -77.716867248037715, 39.634433034760448 ], [ -77.716139151821864, 39.635990823337075 ], [ -77.716779379328216, 39.636166290896874 ], [ -77.717162237709047, 39.635347085652832 ], [ -77.71760276523618, 39.636706308235979 ], [ -77.716193881680525, 39.638371787697238 ], [ -77.716675612234795, 39.638602347963328 ], [ -77.716191690689556, 39.639213841623544 ], [ -77.716844696730831, 39.639522389818808 ], [ -77.717326328470406, 39.638913782203922 ], [ -77.718998763357348, 39.639714181034677 ], [ -77.719931933274509, 39.638405639260469 ], [ -77.720057206035818, 39.638465889799853 ], [ -77.720253827488577, 39.638219112333857 ], [ -77.722124129791581, 39.639109866174287 ], [ -77.722060061945513, 39.639646434899426 ], [ -77.721598198532078, 39.640229529438088 ], [ -77.722530408150178, 39.64069342943877 ], [ -77.723024601930703, 39.640047195366293 ], [ -77.723313084206083, 39.639327017466449 ], [ -77.723564732859913, 39.639386863209516 ], [ -77.723951383927854, 39.637371999687737 ], [ -77.723508289913966, 39.637338494205657 ], [ -77.7236146270874, 39.636747973071856 ], [ -77.723282905304131, 39.636718779256512 ], [ -77.723382689267567, 39.635899255407502 ], [ -77.72388444147289, 39.635939326120088 ], [ -77.723931966842983, 39.63534281372327 ], [ -77.722889913028581, 39.635179344248435 ], [ -77.722916298345098, 39.634886206923078 ], [ -77.723423116150286, 39.634901503643889 ], [ -77.723609789659605, 39.63356125911551 ], [ -77.723036922324823, 39.633471798048859 ], [ -77.723054829341677, 39.633273783798018 ], [ -77.723632057098868, 39.633297015484864 ], [ -77.723677234272813, 39.632760892857817 ], [ -77.723112700608937, 39.632704103451779 ], [ -77.723181560967035, 39.632215774209172 ], [ -77.724390172316589, 39.632374248683121 ], [ -77.725634492597024, 39.632995235403669 ], [ -77.725852422986634, 39.633731189923921 ], [ -77.72569764505981, 39.634573929900291 ], [ -77.725830426838584, 39.635123160088455 ], [ -77.727547754133525, 39.636744685655124 ], [ -77.72745303936324, 39.636898798363958 ], [ -77.72682795475761, 39.636653902529972 ], [ -77.726075123430391, 39.637834372714515 ], [ -77.726695826054055, 39.638125837267516 ], [ -77.726274007739349, 39.638659389176503 ], [ -77.725759958496099, 39.638433618982397 ], [ -77.724775741812948, 39.639683252827822 ], [ -77.725336998422677, 39.639834103540423 ], [ -77.724268722785126, 39.641147535956392 ], [ -77.725008162028089, 39.641486287670382 ], [ -77.724354790372502, 39.642279073172119 ], [ -77.72496650445342, 39.642577780169603 ], [ -77.724714471320681, 39.642891530422425 ], [ -77.72493318773617, 39.642996012761138 ], [ -77.724783985652309, 39.643191200432241 ], [ -77.725677016147614, 39.64361533805242 ], [ -77.726024038935137, 39.643181187611148 ], [ -77.726705418264672, 39.643855932991286 ], [ -77.727503910059468, 39.642835020494005 ], [ -77.72760858085806, 39.642418128212086 ], [ -77.731088813270546, 39.640055106372401 ], [ -77.731136016145456, 39.639858438464955 ], [ -77.730838591141392, 39.639613263951176 ], [ -77.731331855165593, 39.638978881637328 ], [ -77.732016378598615, 39.639270611158089 ], [ -77.734070392665444, 39.637855207217036 ], [ -77.735095164690406, 39.636598699845344 ], [ -77.736557275223248, 39.630754339929048 ], [ -77.736200776107808, 39.626231419091255 ], [ -77.736373739529256, 39.624575874575001 ], [ -77.738862857993823, 39.618709344570107 ], [ -77.738062959437286, 39.618511240322597 ], [ -77.739050772076524, 39.616880423630874 ], [ -77.740707852060325, 39.613277328010206 ], [ -77.739288195009493, 39.612961397785924 ], [ -77.733326550779253, 39.612489837799934 ], [ -77.73670807181675, 39.605636114021252 ], [ -77.740479372754322, 39.60576635053409 ], [ -77.744516212096642, 39.606183991066004 ], [ -77.742754196311253, 39.610338234402498 ], [ -77.742576072966813, 39.611117229227311 ], [ -77.741536733861196, 39.613285426849828 ], [ -77.741767294563687, 39.613209261872683 ], [ -77.742009981624221, 39.613879671345487 ], [ -77.745501690912775, 39.616594271997087 ], [ -77.741344461152721, 39.622122817269108 ], [ -77.738989851927229, 39.625861141426135 ], [ -77.739468360224564, 39.626710288756016 ], [ -77.738566587324925, 39.627038350849666 ], [ -77.737687258832636, 39.627599043178797 ], [ -77.739783905146197, 39.628603553364364 ], [ -77.740164837539069, 39.62808227677165 ], [ -77.742097845842167, 39.628887339638737 ], [ -77.74238512168013, 39.628476921608438 ], [ -77.74257894218583, 39.628557576680493 ], [ -77.742291668144489, 39.628967996307964 ], [ -77.745015914346482, 39.63010159596579 ], [ -77.744601675117821, 39.630665273050411 ], [ -77.74686833837869, 39.631486205938337 ], [ -77.748528155529172, 39.629335988703524 ], [ -77.748924872219888, 39.629838093253632 ], [ -77.750194411803591, 39.629829355683292 ], [ -77.750242949575025, 39.629025455747168 ], [ -77.751170648752066, 39.629059634989225 ], [ -77.751025545680861, 39.631258178342819 ], [ -77.750316429968635, 39.631230187416094 ], [ -77.750233177701361, 39.632491323160878 ], [ -77.750942306888319, 39.632519310118141 ], [ -77.758235588542902, 39.630357000141387 ], [ -77.760525150758681, 39.629224693625289 ], [ -77.765585442500822, 39.630381642818648 ], [ -77.766620369980089, 39.629901160227313 ], [ -77.767848883504769, 39.630018023720623 ], [ -77.771464197383153, 39.629955263349423 ], [ -77.771778649055094, 39.629809932937121 ], [ -77.77444626815651, 39.630130814713411 ], [ -77.775789189319156, 39.628714018497782 ], [ -77.776440831717835, 39.628647228833358 ], [ -77.777524836856017, 39.628166911318672 ], [ -77.777517976422189, 39.627023861905812 ], [ -77.77673662088975, 39.625507440609169 ], [ -77.776973388052554, 39.624593326824339 ], [ -77.779067012433501, 39.624990386275186 ], [ -77.784334560783051, 39.626630326887629 ], [ -77.791194370278745, 39.622978830176528 ], [ -77.805813552314191, 39.629021591632686 ], [ -77.811250846319822, 39.632130388431115 ], [ -77.812181002389181, 39.632854837937124 ], [ -77.81342064154866, 39.633362885369046 ], [ -77.81405078366933, 39.634134841892447 ], [ -77.814533231079182, 39.634463458903305 ], [ -77.816269787711121, 39.635223087514539 ], [ -77.818464689953842, 39.636466443176545 ], [ -77.816825383137939, 39.636323668810036 ], [ -77.816669887457181, 39.636994498439329 ], [ -77.816835194537461, 39.637246313749372 ], [ -77.817747093246993, 39.63735317884143 ], [ -77.81781864226275, 39.637742928979904 ], [ -77.818169885335465, 39.638181595617958 ], [ -77.815314658476851, 39.640703235784756 ], [ -77.812705442445306, 39.63811963197692 ], [ -77.811700577985349, 39.638172391456699 ], [ -77.813047185833895, 39.641330318148604 ], [ -77.812706291353265, 39.643354255301858 ], [ -77.808818294768699, 39.642186350749228 ], [ -77.809293022955302, 39.641253193448556 ], [ -77.808036612249495, 39.641117627342275 ], [ -77.807727868472853, 39.64185689537166 ], [ -77.805586689077387, 39.641251845916905 ], [ -77.804876894238802, 39.642311970295864 ], [ -77.802238852168117, 39.645065940920446 ], [ -77.801433059765003, 39.646116945524518 ], [ -77.800497459905017, 39.648009165086073 ], [ -77.799702980884589, 39.650183029400345 ], [ -77.797385190907647, 39.650044835879584 ], [ -77.797234027801508, 39.650514749715747 ], [ -77.795024651902935, 39.64998335458283 ], [ -77.795152960071604, 39.649655260896154 ], [ -77.793900491173233, 39.649240147211735 ], [ -77.79366584044125, 39.649531206793874 ], [ -77.792978220515423, 39.649323966675915 ], [ -77.792311419046328, 39.650446420717543 ], [ -77.791014442218909, 39.650133214499398 ], [ -77.790665733293622, 39.6505351031538 ], [ -77.790624810540834, 39.650890276495169 ], [ -77.783048379908692, 39.65031420159724 ], [ -77.782880258406649, 39.650414685993773 ], [ -77.779075502411246, 39.650181153612884 ], [ -77.778511158291877, 39.648563696816737 ], [ -77.77303393057862, 39.647571545056238 ], [ -77.773362157915443, 39.644852425319513 ], [ -77.768956949119527, 39.643296062770197 ], [ -77.766481879407678, 39.647904674413347 ], [ -77.764347836228836, 39.647187772574732 ], [ -77.762409017622488, 39.646104374518309 ], [ -77.761291778412058, 39.64607637507352 ], [ -77.761254909756161, 39.648231195915095 ], [ -77.760357649094189, 39.648195987931359 ], [ -77.760328465525546, 39.648640392823516 ], [ -77.760578526856236, 39.648653695854939 ], [ -77.760528035249067, 39.649370859853597 ], [ -77.75330792766259, 39.649101722862603 ], [ -77.753086779507612, 39.649320130670503 ], [ -77.750318345176822, 39.649010960108114 ], [ -77.74989851393552, 39.649789604691293 ], [ -77.748994494349361, 39.650274985806512 ], [ -77.748251398064852, 39.650358108897535 ], [ -77.745863944635943, 39.650174910670877 ], [ -77.744723195616203, 39.650455103117423 ], [ -77.744076838904647, 39.650955485693814 ], [ -77.742791153900356, 39.652802359232737 ], [ -77.742579991418083, 39.652760373467054 ], [ -77.744204096942752, 39.650529703375554 ], [ -77.745095965018066, 39.648470833418088 ], [ -77.743700014507581, 39.648366300558848 ], [ -77.743757840859047, 39.648190618404428 ], [ -77.743401160283923, 39.648166883333715 ], [ -77.743311339535296, 39.646176653968439 ], [ -77.744716854408594, 39.642879266651953 ], [ -77.744647000513808, 39.642680503203231 ], [ -77.737595673792782, 39.643870543612131 ], [ -77.731530208570234, 39.64407928313021 ], [ -77.730285287316875, 39.645531418084168 ], [ -77.730437104396529, 39.645609192368411 ], [ -77.730238254223551, 39.645867629825119 ], [ -77.730507471229359, 39.645982869199621 ], [ -77.73059084297256, 39.645885606549335 ], [ -77.730893943532578, 39.646036900948808 ], [ -77.731174228680999, 39.64570990909953 ], [ -77.731315881323212, 39.645733496988484 ], [ -77.730846886184736, 39.646280649919596 ], [ -77.729398743556246, 39.645993132011874 ], [ -77.729209331981949, 39.645829197981527 ], [ -77.72961853795006, 39.645524142001364 ], [ -77.72907471225011, 39.64516080033183 ], [ -77.729309863343715, 39.644943485436436 ], [ -77.728798366214207, 39.644268613707425 ], [ -77.728234022094838, 39.64434107907411 ], [ -77.727161969041504, 39.644843238647184 ], [ -77.725897653161184, 39.646395855404151 ], [ -77.725414777254926, 39.646164643251893 ], [ -77.724298609734618, 39.647543734344872 ], [ -77.724801520766647, 39.647784754144183 ], [ -77.723457622236992, 39.64932390165891 ], [ -77.724282352024616, 39.64972889645086 ], [ -77.72341614702033, 39.650917623835156 ], [ -77.723540656213643, 39.650971949830954 ], [ -77.723180470412274, 39.651589087241575 ], [ -77.724222799111175, 39.652061061361188 ], [ -77.723591189143335, 39.653140761290651 ], [ -77.724731118899527, 39.653986514007194 ], [ -77.724949175053283, 39.653837523517169 ], [ -77.727805336159776, 39.656356135528455 ], [ -77.728759249973479, 39.658829251084804 ], [ -77.727197108440478, 39.659787257739772 ], [ -77.725507754683477, 39.657487794553887 ] ] ], [ [ [ -78.946993389687975, 39.644408008531514 ], [ -78.947515552514844, 39.645049678048885 ], [ -78.941732421497875, 39.646554257963039 ], [ -78.941566946432673, 39.646258431094139 ], [ -78.941842271982409, 39.645745917961818 ], [ -78.941621876615656, 39.644392116267149 ], [ -78.941188971293727, 39.643610816919789 ], [ -78.940224040541381, 39.642675721224549 ], [ -78.940156623775934, 39.642304564518788 ], [ -78.939641654657848, 39.641981099516677 ], [ -78.938227668671402, 39.64284449104462 ], [ -78.937598370068798, 39.643499878912841 ], [ -78.935940831045883, 39.646475025256635 ], [ -78.935447816753339, 39.647033978837946 ], [ -78.933771416702712, 39.648031904878351 ], [ -78.931604434099043, 39.648529522370147 ], [ -78.929972108091221, 39.649186024589966 ], [ -78.929838710966465, 39.649324882447814 ], [ -78.929878022141622, 39.649958614447684 ], [ -78.9281475731553, 39.651925926588738 ], [ -78.928669279638029, 39.652255403848358 ], [ -78.927459554377521, 39.653524724124274 ], [ -78.926749391229663, 39.654028169815341 ], [ -78.926601954335325, 39.653901727079855 ], [ -78.926151121335252, 39.654425892334274 ], [ -78.926913046308115, 39.65499580112099 ], [ -78.926568538803394, 39.655096232374667 ], [ -78.926759384987179, 39.655233615603279 ], [ -78.926571853586793, 39.655338175425953 ], [ -78.92692518883581, 39.655781387724581 ], [ -78.926656479378138, 39.655859629069532 ], [ -78.928161243717298, 39.656556457948206 ], [ -78.929466366467722, 39.65569733956012 ], [ -78.929932988257221, 39.656104575846136 ], [ -78.929658618514935, 39.656288465866801 ], [ -78.930210348491087, 39.656772965904423 ], [ -78.929742323533105, 39.657105090993205 ], [ -78.929965193758477, 39.657313620424361 ], [ -78.929496908289067, 39.657639193582554 ], [ -78.929209087173717, 39.657492441339897 ], [ -78.92814767107167, 39.65817133763359 ], [ -78.92666232830895, 39.656917214718895 ], [ -78.926111746379746, 39.656814983121087 ], [ -78.925139310203207, 39.657955853452926 ], [ -78.924556849759497, 39.657999599601681 ], [ -78.924402082612474, 39.657306144328594 ], [ -78.924083496893587, 39.657186705808627 ], [ -78.923972405835656, 39.656836170843107 ], [ -78.924962792148193, 39.656395610677393 ], [ -78.923241915609552, 39.65573031260103 ], [ -78.923518947060003, 39.655309157519916 ], [ -78.916619525453541, 39.652561691678066 ], [ -78.916315725105932, 39.6530207263012 ], [ -78.914880978154955, 39.652457952089627 ], [ -78.914582565902393, 39.652917564916557 ], [ -78.914233010764093, 39.652785235710788 ], [ -78.914487183683846, 39.652352098001067 ], [ -78.912437397987077, 39.651488357633319 ], [ -78.912690799254008, 39.651084649248105 ], [ -78.911303749251346, 39.651165803615143 ], [ -78.910598540312293, 39.650078402297019 ], [ -78.910738131320898, 39.649953935338687 ], [ -78.909809349673921, 39.649168081924088 ], [ -78.909129815483993, 39.647813747541292 ], [ -78.908844631822319, 39.647685017789065 ], [ -78.909163103455157, 39.64547502928697 ], [ -78.905517489402243, 39.643813538516383 ], [ -78.904764680532907, 39.644673608367071 ], [ -78.904751332466091, 39.646160606477537 ], [ -78.904092323882097, 39.646205958613997 ], [ -78.902478282183552, 39.647257842322055 ], [ -78.901420232068872, 39.646497497174281 ], [ -78.902872101807475, 39.645389877073512 ], [ -78.903212358484282, 39.6449605189027 ], [ -78.903485867640512, 39.644319780997421 ], [ -78.903615166650937, 39.643023761662192 ], [ -78.904086194676893, 39.642168209120364 ], [ -78.904031417207506, 39.641479083795637 ], [ -78.903698526716042, 39.64084777961402 ], [ -78.902406262450597, 39.639629931401743 ], [ -78.902489743788252, 39.639194412519096 ], [ -78.903029474967155, 39.63857426869356 ], [ -78.903816524920188, 39.638121228611418 ], [ -78.904529980393562, 39.639125978252714 ], [ -78.906061652868758, 39.638829099928003 ], [ -78.907232808064208, 39.641066513023198 ], [ -78.908805644938994, 39.641644388114372 ], [ -78.909532520344399, 39.640727133905031 ], [ -78.909242164183325, 39.640471791536356 ], [ -78.909724687051664, 39.640039526476542 ], [ -78.910952675061907, 39.640703474440848 ], [ -78.9106211580945, 39.641198781648455 ], [ -78.911168013811917, 39.641401010180672 ], [ -78.910464156837349, 39.642262042504107 ], [ -78.91066513332261, 39.642322497206173 ], [ -78.910117056794732, 39.643207393875933 ], [ -78.911812861353795, 39.643755071755841 ], [ -78.91223872837547, 39.643012175122507 ], [ -78.915479342372436, 39.644730904658196 ], [ -78.91187516221369, 39.650566563925643 ], [ -78.915786400909596, 39.652054493516651 ], [ -78.916409308897286, 39.651228093784304 ], [ -78.917268004884107, 39.651554456419227 ], [ -78.916711662058972, 39.652412960248618 ], [ -78.920200403313828, 39.653796039117367 ], [ -78.920460495233002, 39.653394967560764 ], [ -78.924068894778642, 39.654811507907468 ], [ -78.92521843920332, 39.65355217693287 ], [ -78.924895714047608, 39.652942290851797 ], [ -78.925576061212865, 39.65251053187049 ], [ -78.929306334294793, 39.648103340535506 ], [ -78.929647872867505, 39.648477201707841 ], [ -78.92981097548207, 39.649157764249289 ], [ -78.931769627093274, 39.648394806769439 ], [ -78.933517128798613, 39.648047090097428 ], [ -78.934674524498888, 39.647441686707594 ], [ -78.935720365610536, 39.646582317392024 ], [ -78.937280421255437, 39.643664455546308 ], [ -78.938003120393091, 39.642833715880734 ], [ -78.93992676375936, 39.64163813679243 ], [ -78.943482398061846, 39.640120112727082 ], [ -78.943367468502714, 39.639793770137821 ], [ -78.944518122346764, 39.638674000203451 ], [ -78.945505389708629, 39.639214381897254 ], [ -78.945783038301713, 39.639594561315334 ], [ -78.946715648568414, 39.639522583514065 ], [ -78.947500039508199, 39.64001603695106 ], [ -78.9493488109905, 39.640691804501607 ], [ -78.950113878270187, 39.641340388652971 ], [ -78.946993389687975, 39.644408008531514 ] ] ], [ [ [ -79.145822782836234, 39.689996990686041 ], [ -79.145702542437135, 39.686964209867682 ], [ -79.145924750604138, 39.685778999782222 ], [ -79.151941939465004, 39.683575202070593 ], [ -79.152819338376062, 39.683953469360972 ], [ -79.152830400230457, 39.68572655523181 ], [ -79.153648937930839, 39.6884629547556 ], [ -79.155552423102122, 39.688914470393911 ], [ -79.155195756001717, 39.690091986131357 ], [ -79.15192474840542, 39.690448212184393 ], [ -79.152156539799861, 39.691706355752089 ], [ -79.150093280272145, 39.691742729821044 ], [ -79.150324379065509, 39.689905065015516 ], [ -79.15004544857652, 39.689739608592681 ], [ -79.145822782836234, 39.689996990686041 ] ] ], [ [ [ -79.227422264070555, 39.699438145867596 ], [ -79.228890324145524, 39.699459706190233 ], [ -79.229207602815677, 39.696395977922393 ], [ -79.229969809859512, 39.696399473318031 ], [ -79.230180790882102, 39.695408501864918 ], [ -79.232858048008197, 39.695347765962836 ], [ -79.232843376722968, 39.695617042179052 ], [ -79.233726475444485, 39.695599468231869 ], [ -79.233731143989019, 39.695739421009456 ], [ -79.233926520376812, 39.695735532284111 ], [ -79.233921851832278, 39.69559557880747 ], [ -79.234518635014851, 39.695583698332143 ], [ -79.234525492753733, 39.695447640201486 ], [ -79.241036209743498, 39.695300425666964 ], [ -79.239459396026973, 39.697825442425902 ], [ -79.23955342628102, 39.697294890806958 ], [ -79.239383491978728, 39.696739841200255 ], [ -79.238561484984729, 39.695577203745181 ], [ -79.238198185622579, 39.695583864221945 ], [ -79.239069764348898, 39.696870614673884 ], [ -79.239199423583756, 39.697386310362802 ], [ -79.238194922043149, 39.699301312930181 ], [ -79.237826325315766, 39.701295104698886 ], [ -79.238735452722651, 39.704524014062073 ], [ -79.240124514951532, 39.704402439375308 ], [ -79.240255262944515, 39.709622631479384 ], [ -79.236208913138299, 39.709313425987631 ], [ -79.234236343928401, 39.704092253283932 ], [ -79.232088457711029, 39.703849711746834 ], [ -79.231867899749219, 39.702664034766833 ], [ -79.227176386194131, 39.703056546077995 ], [ -79.227422264070555, 39.699438145867596 ] ] ], [ [ [ -78.166007937091436, 39.719396780394305 ], [ -78.166266146141766, 39.718929507514545 ], [ -78.166671173147179, 39.716469191430583 ], [ -78.167143175845226, 39.715515185513866 ], [ -78.167862292501539, 39.714580833449034 ], [ -78.16607647315773, 39.714013278540598 ], [ -78.165899065770574, 39.71454769501397 ], [ -78.163708302964707, 39.714877192179237 ], [ -78.163092381174977, 39.716760553751037 ], [ -78.156275983663704, 39.715837014124268 ], [ -78.156248013719008, 39.713299123286568 ], [ -78.148813353408386, 39.707537578271754 ], [ -78.149336263633586, 39.707181775594194 ], [ -78.151319291928331, 39.706710213261033 ], [ -78.153346915288736, 39.705776750948324 ], [ -78.154434056445581, 39.705207220976718 ], [ -78.15458752642536, 39.704790967575846 ], [ -78.154427267876969, 39.704010511425452 ], [ -78.153628012514162, 39.703490287199493 ], [ -78.152213006939874, 39.702590737607615 ], [ -78.149706775569143, 39.701632303027935 ], [ -78.149854439737254, 39.701122058389352 ], [ -78.15083192803894, 39.700264620082116 ], [ -78.153383736333922, 39.698928141431807 ], [ -78.153232884044883, 39.698720687974273 ], [ -78.153926224442415, 39.698418102815289 ], [ -78.152874997032313, 39.697289034349843 ], [ -78.151470357118086, 39.696317917957025 ], [ -78.153230519679056, 39.695032730402431 ], [ -78.14637136864846, 39.694020408871673 ], [ -78.146125561738941, 39.693814375646653 ], [ -78.144402174409095, 39.693318492964977 ], [ -78.144484845466366, 39.691724321244543 ], [ -78.148247955565182, 39.692208955747795 ], [ -78.152886079547983, 39.693189223102415 ], [ -78.154261354433885, 39.69333447489867 ], [ -78.155556325323289, 39.693167017975441 ], [ -78.156230981661238, 39.693553759014385 ], [ -78.158198938022139, 39.693925776195002 ], [ -78.160463520784816, 39.694717791556954 ], [ -78.162668212867487, 39.695245264977927 ], [ -78.17115922637521, 39.696387610261041 ], [ -78.17699716270937, 39.69752132236016 ], [ -78.178185505371161, 39.697628517272953 ], [ -78.18028037302048, 39.69758960135303 ], [ -78.182263158770098, 39.697167564419331 ], [ -78.186673852679149, 39.695118082037503 ], [ -78.189346224766723, 39.693633580587672 ], [ -78.19139247649116, 39.695258474710009 ], [ -78.193098619760846, 39.693921782992611 ], [ -78.194556342023546, 39.692254453241802 ], [ -78.195404414533812, 39.692819203769758 ], [ -78.194091787257491, 39.694182759744315 ], [ -78.194389975829537, 39.694398226325085 ], [ -78.192667661088123, 39.696319516011954 ], [ -78.19491516328398, 39.696734422914375 ], [ -78.194703495050206, 39.697087940466673 ], [ -78.195440709166235, 39.697308315106959 ], [ -78.19615153257584, 39.698099375148686 ], [ -78.194672826566432, 39.698205367890516 ], [ -78.191933434768742, 39.698104744944651 ], [ -78.186827312777453, 39.699860768156832 ], [ -78.18497719561887, 39.699765071489367 ], [ -78.184742261019252, 39.700798401449418 ], [ -78.18319713267941, 39.700580652602184 ], [ -78.183429936475193, 39.699545257627825 ], [ -78.182930895385411, 39.699477617827121 ], [ -78.182811126601848, 39.700527969096697 ], [ -78.179837192768318, 39.700107169341337 ], [ -78.179927327028977, 39.699150450315891 ], [ -78.175977408673575, 39.698599526754968 ], [ -78.175752705885017, 39.699487727549673 ], [ -78.176396324531581, 39.701254613640309 ], [ -78.17669451939183, 39.701209075771565 ], [ -78.17690515186807, 39.701922037475931 ], [ -78.177035354583666, 39.701901825654012 ], [ -78.177334229468599, 39.702929094857751 ], [ -78.177395701183471, 39.70382822052597 ], [ -78.178998003697899, 39.703783204081894 ], [ -78.179101951352678, 39.70569137171924 ], [ -78.179959671769083, 39.705788259236542 ], [ -78.181520921275023, 39.706430727182855 ], [ -78.182691250020426, 39.706407656913143 ], [ -78.18436823577261, 39.705853582488707 ], [ -78.184820008410455, 39.705485733401296 ], [ -78.186249943086452, 39.703451898460493 ], [ -78.186739112589592, 39.701140780316067 ], [ -78.187473108041942, 39.701498989621577 ], [ -78.187438801381234, 39.702085730622201 ], [ -78.187194041009036, 39.702395686598962 ], [ -78.187270920627668, 39.703032594867793 ], [ -78.18748085151968, 39.703087574476633 ], [ -78.186246176450481, 39.705821558760348 ], [ -78.186133205218653, 39.70639457025738 ], [ -78.185963834160049, 39.706380048185537 ], [ -78.185896988723115, 39.707356001601845 ], [ -78.184670481136479, 39.709431064676792 ], [ -78.186135034188581, 39.711362821970461 ], [ -78.186937974440653, 39.713240240580525 ], [ -78.1872936911235, 39.714992180328323 ], [ -78.187237346093923, 39.716976559295226 ], [ -78.18653073039313, 39.719289762328835 ], [ -78.184561599934156, 39.722461964442729 ], [ -78.162786523685341, 39.722450867280649 ], [ -78.163340582094705, 39.720942047719632 ], [ -78.163584320184114, 39.72083696465225 ], [ -78.163683195950824, 39.720584698719961 ], [ -78.166377024298967, 39.720243782368364 ], [ -78.166260855963046, 39.719565342786893 ], [ -78.166007937091436, 39.719396780394305 ] ] ], [ [ [ -75.833618297597255, 38.023049336712319 ], [ -75.835552191639223, 38.024467459299316 ], [ -75.834262323180624, 38.025568153127843 ], [ -75.832141546321907, 38.023988007844565 ], [ -75.828637500469554, 38.022299571112235 ], [ -75.8249363489725, 38.019541389268205 ], [ -75.823207284290049, 38.020674353824248 ], [ -75.822293669798313, 38.019803400263697 ], [ -75.822692277442712, 38.019527722998966 ], [ -75.82277864147413, 38.019240643710084 ], [ -75.823029863428161, 38.019476957998684 ], [ -75.824651450975097, 38.018398046403469 ], [ -75.821425296260941, 38.016046758224746 ], [ -75.822554861255384, 38.015173581165946 ], [ -75.824028377697402, 38.016251848782396 ], [ -75.826988444237884, 38.01385479174548 ], [ -75.825481037055155, 38.013082652633074 ], [ -75.823483917786831, 38.011740425345224 ], [ -75.821926013607055, 38.010464804021268 ], [ -75.821252296906891, 38.00960937764971 ], [ -75.820806507048843, 38.009357072965912 ], [ -75.818919105314393, 38.010965279268106 ], [ -75.815679686076749, 38.012106498713813 ], [ -75.815441970293023, 38.00947713487836 ], [ -75.815867027034315, 38.008282139595217 ], [ -75.816885523428724, 38.007201779944268 ], [ -75.818542869313845, 38.006178356498566 ], [ -75.818597456340385, 38.007498148967073 ], [ -75.818975402733258, 38.007553113202512 ], [ -75.822237043596061, 38.005386162274 ], [ -75.821652180158992, 38.004790634070794 ], [ -75.822873803605432, 38.004067266140524 ], [ -75.822598986502143, 38.003776688999622 ], [ -75.824324236937898, 38.002639927504305 ], [ -75.825378130547762, 38.000769759913545 ], [ -75.825930265664113, 37.998764971265615 ], [ -75.827822662929833, 37.998710090345043 ], [ -75.828827849884988, 37.997968160714443 ], [ -75.830170303025383, 37.997974950907413 ], [ -75.830503024633572, 37.9973244317111 ], [ -75.830876675282724, 37.997095549854208 ], [ -75.834859287822908, 37.998553443023255 ], [ -75.836030773598424, 37.997187219204577 ], [ -75.835493826298588, 37.996891512170649 ], [ -75.834960179409094, 37.997246093161927 ], [ -75.834268634743822, 37.996948862939774 ], [ -75.835445314578308, 37.995415824803516 ], [ -75.836038481143547, 37.993096860698628 ], [ -75.839069992495197, 37.993599320635106 ], [ -75.839629594408194, 37.993065597675923 ], [ -75.840266152296593, 37.992034641065665 ], [ -75.841525036064425, 37.992407935560912 ], [ -75.842299156565559, 37.990876271553745 ], [ -75.842474328944277, 37.990934344907316 ], [ -75.842556483470275, 37.990780372684611 ], [ -75.843410910662868, 37.991103441836195 ], [ -75.844218655105095, 37.990565617836047 ], [ -75.843965074175102, 37.990471593276162 ], [ -75.844125437826378, 37.988785130809461 ], [ -75.845100935461403, 37.988940790817388 ], [ -75.845241771535015, 37.988429769771422 ], [ -75.845416104887263, 37.988462364381512 ], [ -75.845522715148533, 37.987886728749586 ], [ -75.846510362497781, 37.988197863212491 ], [ -75.846650470935998, 37.987728446903311 ], [ -75.846921990323906, 37.987779208400589 ], [ -75.847211990752115, 37.986731473415546 ], [ -75.848356660918071, 37.986913211610911 ], [ -75.847223322101115, 37.986690538380593 ], [ -75.847400431247593, 37.986050650517093 ], [ -75.848854038327957, 37.986281432455968 ], [ -75.848914779712516, 37.986811366654727 ], [ -75.848952621243853, 37.984760425947194 ], [ -75.849824449701828, 37.984899636388789 ], [ -75.8498784213824, 37.984568014516597 ], [ -75.850118709042817, 37.984590663717981 ], [ -75.850157951945988, 37.983472758793411 ], [ -75.848878582996448, 37.983295395572632 ], [ -75.848875151432082, 37.983541036629894 ], [ -75.848010051355587, 37.983430993531272 ], [ -75.848031244409782, 37.982723023866718 ], [ -75.848668479627918, 37.982603225445267 ], [ -75.848771927819399, 37.983182509307426 ], [ -75.850909113305121, 37.983486337614103 ], [ -75.851117627553919, 37.98244727231134 ], [ -75.851396948810049, 37.982436306716934 ], [ -75.850980120636763, 37.982349820286217 ], [ -75.850994128965297, 37.981894187833298 ], [ -75.851640384167212, 37.981898343418791 ], [ -75.851551578514844, 37.981111320614126 ], [ -75.854467724624456, 37.980856967866295 ], [ -75.854194129229953, 37.97865773805956 ], [ -75.852969733582526, 37.97932371522996 ], [ -75.852283190736756, 37.979482454924458 ], [ -75.852310972933537, 37.974257093722812 ], [ -75.851220171141918, 37.973533628611108 ], [ -75.848124849760694, 37.973884237980222 ], [ -75.849366169668059, 37.972305215752108 ], [ -75.849455521496111, 37.971741572735112 ], [ -75.849327030969448, 37.971166824269872 ], [ -75.852492377823694, 37.970848472935025 ], [ -75.853309429710592, 37.973574581607551 ], [ -75.853375746039816, 37.974309039326876 ], [ -75.86074019133288, 37.974256920230857 ], [ -75.861460507240082, 37.973457312593041 ], [ -75.862300166129415, 37.974357456992905 ], [ -75.862513195310825, 37.974298573164447 ], [ -75.86390211560591, 37.975767890219537 ], [ -75.863702434491302, 37.976073015330059 ], [ -75.863319387464259, 37.975837085152747 ], [ -75.863075325083031, 37.976037296685313 ], [ -75.86340682767738, 37.976396923913335 ], [ -75.862041169256599, 37.977497383558521 ], [ -75.861272883313219, 37.977357779532319 ], [ -75.861062842826755, 37.976967893345865 ], [ -75.861505660159523, 37.976736565197591 ], [ -75.861313648860801, 37.976324256225581 ], [ -75.860994157640135, 37.976189104699998 ], [ -75.861168349058545, 37.975852497988278 ], [ -75.86083811847864, 37.975468241848091 ], [ -75.860993256629897, 37.975482078488881 ], [ -75.860878348630322, 37.975321232689836 ], [ -75.861020236631134, 37.975298798020496 ], [ -75.861359956115393, 37.975716922848541 ], [ -75.861685630440178, 37.975482814932285 ], [ -75.861232496854669, 37.975014844702926 ], [ -75.860927720038347, 37.975054741770002 ], [ -75.860858781526815, 37.975278666152725 ], [ -75.86055229611479, 37.975257341095826 ], [ -75.860238422059581, 37.975589040449137 ], [ -75.859994537544793, 37.975586630016522 ], [ -75.859984337174723, 37.975469723940826 ], [ -75.859689228925802, 37.975469190727352 ], [ -75.859693332430012, 37.975590802245897 ], [ -75.858436424955826, 37.975492552271845 ], [ -75.857088431006787, 37.975656077210317 ], [ -75.856415915354177, 37.975408172102597 ], [ -75.856388635315611, 37.975229121765565 ], [ -75.8549886684375, 37.97539877818987 ], [ -75.855039533743835, 37.975039337972596 ], [ -75.855233893238704, 37.974936383193004 ], [ -75.855332714208174, 37.975161435266742 ], [ -75.855582807878221, 37.975151998835038 ], [ -75.855317424882031, 37.974605872668349 ], [ -75.854677468666893, 37.974513702779838 ], [ -75.854307193886541, 37.974695957717323 ], [ -75.854460989056463, 37.975062196886725 ], [ -75.85432612947443, 37.975211032808687 ], [ -75.854636863917733, 37.977808666873642 ], [ -75.854917045759905, 37.978089122730317 ], [ -75.856769036804153, 37.977997361537788 ], [ -75.857467618871368, 37.978302764865155 ], [ -75.858013958955823, 37.978863886280742 ], [ -75.859257326123725, 37.978228747316287 ], [ -75.859187370719283, 37.977837016209868 ], [ -75.85970644334158, 37.977615262871964 ], [ -75.861060007743717, 37.977843327469103 ], [ -75.861240882627854, 37.978042428194357 ], [ -75.862526325985343, 37.977509684657832 ], [ -75.863081359066783, 37.978005241920322 ], [ -75.863655413974371, 37.977708726099905 ], [ -75.863771098118363, 37.977844391029173 ], [ -75.863387972937886, 37.978102648023977 ], [ -75.864658100918092, 37.979481797118034 ], [ -75.864392715226984, 37.980131755138508 ], [ -75.863970052495901, 37.979763169206038 ], [ -75.863598356580795, 37.979861028977815 ], [ -75.863714786326454, 37.980167558883629 ], [ -75.863466797409117, 37.980310285119849 ], [ -75.863655596332393, 37.980541818673515 ], [ -75.863464624384463, 37.980643509475996 ], [ -75.862725920861692, 37.979812738855756 ], [ -75.862439170538167, 37.979688835911048 ], [ -75.861880356447685, 37.979990037562295 ], [ -75.861665066206683, 37.979765387612488 ], [ -75.861464002584867, 37.97985404451132 ], [ -75.861577641264944, 37.98000275034353 ], [ -75.861326523515444, 37.980183550721847 ], [ -75.861579932867201, 37.980719265729128 ], [ -75.861474622468151, 37.980764053859801 ], [ -75.860734883187874, 37.979998457284118 ], [ -75.858984439499963, 37.980943271251178 ], [ -75.859599219530963, 37.981567539245098 ], [ -75.860350165294406, 37.981659628053464 ], [ -75.860673917224489, 37.982270558728921 ], [ -75.861264784102602, 37.982927883351927 ], [ -75.861577085207756, 37.982985138831197 ], [ -75.861970193365991, 37.983523560053094 ], [ -75.860830734326996, 37.984153044139937 ], [ -75.860464361828264, 37.983759099465047 ], [ -75.860317085732376, 37.983843028217514 ], [ -75.860840149569498, 37.984533414447661 ], [ -75.860114037732089, 37.984933784563488 ], [ -75.859524705176469, 37.9843356546466 ], [ -75.859509123897851, 37.984059262714496 ], [ -75.858663558585533, 37.983712429777867 ], [ -75.858175288295996, 37.983809038843781 ], [ -75.858029980408901, 37.983693522294111 ], [ -75.858250722525369, 37.983595889957691 ], [ -75.857751263718967, 37.98327960832907 ], [ -75.857905290654202, 37.983888358922563 ], [ -75.858451362142375, 37.984105283620558 ], [ -75.858728506780579, 37.984428867876808 ], [ -75.858974656846527, 37.984433679664718 ], [ -75.858847209263899, 37.98470810540411 ], [ -75.856951448705743, 37.984108251705344 ], [ -75.856557506910946, 37.984375595501092 ], [ -75.855894936506814, 37.983984887040677 ], [ -75.855926787173544, 37.984249006898622 ], [ -75.85563962182836, 37.98417961315009 ], [ -75.85469213635885, 37.984281908528594 ], [ -75.855715259076959, 37.984238591716014 ], [ -75.856224885015749, 37.984481306860324 ], [ -75.856434113425195, 37.984826801528897 ], [ -75.856139799286979, 37.985683028192618 ], [ -75.856095796211093, 37.986353556442104 ], [ -75.855284424371746, 37.986498844979884 ], [ -75.855140262734963, 37.987077406365145 ], [ -75.856173146546951, 37.986516361912763 ], [ -75.856694601501388, 37.986814763683711 ], [ -75.85610864122134, 37.987284439304425 ], [ -75.856761521498484, 37.987474095144023 ], [ -75.85762928328316, 37.98848754416457 ], [ -75.857392313101101, 37.989208322321183 ], [ -75.857003921996437, 37.989332565308786 ], [ -75.857211276520218, 37.989512865518819 ], [ -75.857152312003265, 37.989633488786005 ], [ -75.856733116769206, 37.989935917608626 ], [ -75.856195185814144, 37.989771351189979 ], [ -75.856624296652299, 37.988083457339798 ], [ -75.856532876902477, 37.987977980561737 ], [ -75.856367104494879, 37.988016739909305 ], [ -75.855792707329186, 37.989586735753363 ], [ -75.855390510915228, 37.989479363740401 ], [ -75.854937154547542, 37.989094605479956 ], [ -75.854839539117194, 37.988811768941346 ], [ -75.855273690402413, 37.987154125236458 ], [ -75.854243389246875, 37.986993311390442 ], [ -75.854760430778327, 37.985025537790996 ], [ -75.853323085899532, 37.984773821858127 ], [ -75.852421728021554, 37.985543815697199 ], [ -75.844679113553426, 37.990711711492324 ], [ -75.845650353174008, 37.991670323051792 ], [ -75.847446611839715, 37.992464469316133 ], [ -75.850019389508375, 37.993900279705478 ], [ -75.852342925109895, 37.995627301213787 ], [ -75.852795292432461, 37.995593661350817 ], [ -75.853186408127371, 37.995813279065651 ], [ -75.853534424451595, 37.996471077717082 ], [ -75.853243979357302, 37.997120144064148 ], [ -75.853303071434993, 37.997572451082341 ], [ -75.852482703866414, 37.998395029870309 ], [ -75.852269163543596, 37.998931310599232 ], [ -75.849297356022362, 37.998237686010739 ], [ -75.849120781373472, 37.997837112415851 ], [ -75.850080144367666, 37.99755705555112 ], [ -75.850413024079344, 37.997271939611416 ], [ -75.850896638400769, 37.997357804607041 ], [ -75.850857232004202, 37.997751922613695 ], [ -75.851225795493917, 37.997495765051362 ], [ -75.851961513016661, 37.996313600888882 ], [ -75.85211435507405, 37.995794274175324 ], [ -75.851689166280394, 37.995293952349208 ], [ -75.849581866845881, 37.994419844244902 ], [ -75.849667398139033, 37.994723432751734 ], [ -75.849424905114589, 37.994818747377629 ], [ -75.84847760829129, 37.99453278047438 ], [ -75.843859030750778, 37.992677926592066 ], [ -75.842728274590243, 37.992650346870583 ], [ -75.84257604787885, 37.993233813253113 ], [ -75.84225053075923, 37.993454107749955 ], [ -75.841929690268969, 37.993158705657933 ], [ -75.840542081514229, 37.994082036247178 ], [ -75.840165902107543, 37.994041482645436 ], [ -75.839836380298394, 37.994904834703888 ], [ -75.839293023519005, 37.994850388396635 ], [ -75.839193005993579, 37.995548181426457 ], [ -75.838893556186875, 37.995518178139839 ], [ -75.838570282160532, 37.996631557888897 ], [ -75.839890058229869, 37.996692860437456 ], [ -75.839879681790038, 37.997466208542576 ], [ -75.840409251226419, 37.997470657735178 ], [ -75.840418317922584, 37.998334733959894 ], [ -75.838058502959996, 37.998310988219551 ], [ -75.837950206560933, 37.998703694517424 ], [ -75.835339836194251, 38.000318082097984 ], [ -75.833047734441166, 38.000668982558473 ], [ -75.832865311759804, 38.000903439092319 ], [ -75.830898033626909, 37.99994586419988 ], [ -75.829977313461313, 38.000560022718645 ], [ -75.832148687030099, 38.00180270530651 ], [ -75.830951509437469, 38.003257698273593 ], [ -75.830660696033917, 38.00310787869747 ], [ -75.830108741478952, 38.003778671675221 ], [ -75.831712969083, 38.004380478850791 ], [ -75.831911428488837, 38.00415146187472 ], [ -75.83242042920017, 38.004315387995725 ], [ -75.828750153697754, 38.006508569090037 ], [ -75.827292938084895, 38.006117031442656 ], [ -75.825847851524998, 38.008301543988622 ], [ -75.824624121529212, 38.007900683497027 ], [ -75.823275982951387, 38.006418600250356 ], [ -75.822389447275597, 38.005611274553956 ], [ -75.823052655483565, 38.006276760034694 ], [ -75.822675771797691, 38.006511907165688 ], [ -75.822966036330598, 38.006803165003618 ], [ -75.822523603476753, 38.007200956050447 ], [ -75.822898121000179, 38.007576750486578 ], [ -75.822514077741488, 38.008046425528129 ], [ -75.822069399997758, 38.007756433233851 ], [ -75.821690524746884, 38.008219778660091 ], [ -75.822139897086302, 38.00839372876635 ], [ -75.821060520966782, 38.009392056981554 ], [ -75.821367541774691, 38.009569340827106 ], [ -75.822057659016991, 38.010457721255698 ], [ -75.823388505923887, 38.011550655307907 ], [ -75.825512640685147, 38.013013705153647 ], [ -75.827142720006449, 38.01384303958325 ], [ -75.82573051537922, 38.015005690515999 ], [ -75.826729443771782, 38.015849926292034 ], [ -75.828232480650655, 38.01479470029571 ], [ -75.828670133568863, 38.015139378418993 ], [ -75.831137447226553, 38.013407051787475 ], [ -75.832480336049841, 38.014455279786603 ], [ -75.82782748688291, 38.017525300753647 ], [ -75.831562911803005, 38.020264969680326 ], [ -75.833618297597255, 38.023049336712319 ] ] ], [ [ [ -75.553104761490715, 38.075037512877095 ], [ -75.552917901131835, 38.074351214317566 ], [ -75.552543822884587, 38.07381980918489 ], [ -75.549892695055163, 38.073518362237927 ], [ -75.55327018894522, 38.070378437589319 ], [ -75.550400607008385, 38.06752313136424 ], [ -75.549959342862721, 38.067872418614826 ], [ -75.550373350326026, 38.068213750059307 ], [ -75.550136752046498, 38.068404703598503 ], [ -75.549640262172119, 38.06810212894333 ], [ -75.548939040854606, 38.068646503579437 ], [ -75.547727300672918, 38.067628466099748 ], [ -75.547981758358603, 38.066794168262795 ], [ -75.547908675020338, 38.064688145650429 ], [ -75.547760900359478, 38.064221994455757 ], [ -75.547519932674405, 38.063865839206599 ], [ -75.54707366221767, 38.063847145478029 ], [ -75.545883433992088, 38.06238769378615 ], [ -75.545288190521887, 38.061288677904841 ], [ -75.542872008970178, 38.062090712897117 ], [ -75.543162689423085, 38.062589516413475 ], [ -75.543518522886899, 38.062463468840846 ], [ -75.543552087539183, 38.062608077495234 ], [ -75.543041194077517, 38.062777488612582 ], [ -75.542898879376949, 38.062530114271894 ], [ -75.542712012729865, 38.062598265435966 ], [ -75.542490590588741, 38.062226048419802 ], [ -75.541712169852332, 38.062506803796587 ], [ -75.53985627203491, 38.061076668097883 ], [ -75.539734848554588, 38.060452289851789 ], [ -75.53940743598973, 38.059981528349269 ], [ -75.539615687032153, 38.059871157918288 ], [ -75.542037349205415, 38.062285279646417 ], [ -75.544413549438772, 38.061427763541438 ], [ -75.54473031427257, 38.061035506512447 ], [ -75.54400031811987, 38.058827555548369 ], [ -75.543714483179613, 38.056748068443973 ], [ -75.54233615222509, 38.056773714247775 ], [ -75.540208632611851, 38.055381082529742 ], [ -75.543200194086197, 38.054363821064946 ], [ -75.543485351696731, 38.054130698452497 ], [ -75.54329864764469, 38.052317794094179 ], [ -75.541568106131919, 38.052429215758934 ], [ -75.541887631488592, 38.05134755742381 ], [ -75.542431107743894, 38.050588973777501 ], [ -75.542557916624332, 38.050641937017723 ], [ -75.542265586864588, 38.049264436066565 ], [ -75.542995381794668, 38.049215025134039 ], [ -75.542430992759549, 38.043661412316411 ], [ -75.5409010216935, 38.043773179662622 ], [ -75.540756180930359, 38.043521377461296 ], [ -75.541096990969351, 38.043343630297713 ], [ -75.540218837473475, 38.042414318008348 ], [ -75.537013153568012, 38.043972503946087 ], [ -75.535546203810739, 38.042385704985051 ], [ -75.534693187871454, 38.04237259126856 ], [ -75.533953163825231, 38.042138242617433 ], [ -75.533385778908624, 38.040760970781271 ], [ -75.5380976051689, 38.038077883381639 ], [ -75.540445618963588, 38.039852544996009 ], [ -75.541928174253982, 38.038747960123416 ], [ -75.541222736244507, 38.031175891111232 ], [ -75.540028696467175, 38.030823261576508 ], [ -75.540135603172516, 38.030122143899426 ], [ -75.539761020072078, 38.030027090275198 ], [ -75.53970614378801, 38.029797800336141 ], [ -75.539739218858458, 38.029674227364623 ], [ -75.541319544089433, 38.029757924551589 ], [ -75.542256033281532, 38.023309590790738 ], [ -75.540865522968417, 38.023256933303401 ], [ -75.541205647592861, 38.020394099697391 ], [ -75.542720553013282, 38.020240580678198 ], [ -75.5438258131894, 38.012505605731612 ], [ -75.543861884141322, 38.012405708684334 ], [ -75.545075204459593, 38.012685849683756 ], [ -75.545833798479364, 38.010483404505656 ], [ -75.547504733179792, 38.010805982726303 ], [ -75.547838219254302, 38.012073083694276 ], [ -75.546761025142587, 38.012229472111244 ], [ -75.546931127429858, 38.01470565248642 ], [ -75.544992902609891, 38.015135774627481 ], [ -75.544701397503573, 38.014056927933545 ], [ -75.544996375496794, 38.013208277057181 ], [ -75.544204792644834, 38.013119714256341 ], [ -75.542798537559719, 38.022564409979751 ], [ -75.543396057360837, 38.022635784252778 ], [ -75.543316450456985, 38.02300690967882 ], [ -75.542745062647484, 38.022939756255376 ], [ -75.542394725076576, 38.025398691984648 ], [ -75.546247600228483, 38.025845569673272 ], [ -75.546245649986005, 38.026530743010895 ], [ -75.544762597028921, 38.026411638854789 ], [ -75.544796007170987, 38.028931956555589 ], [ -75.541966356246817, 38.028337461699159 ], [ -75.541724139005183, 38.030016393603688 ], [ -75.541745067954679, 38.03280065895003 ], [ -75.543471081060119, 38.032686284455941 ], [ -75.543568261705872, 38.033603648556586 ], [ -75.541854281533659, 38.033896537908717 ], [ -75.54235795523536, 38.038711524163993 ], [ -75.543675036358849, 38.038655959273214 ], [ -75.544249340998093, 38.039285146984327 ], [ -75.544532216887788, 38.039022736581479 ], [ -75.544696059714155, 38.039266616070478 ], [ -75.544259635691247, 38.039671464388803 ], [ -75.542470506953933, 38.039782565702218 ], [ -75.542745578280446, 38.042434426496428 ], [ -75.543497727786388, 38.042385863458946 ], [ -75.543455784547461, 38.041975321517732 ], [ -75.545084722110033, 38.041870132385554 ], [ -75.544760627023507, 38.042047814500883 ], [ -75.54507182230256, 38.042496717991312 ], [ -75.54657404890105, 38.041769568598369 ], [ -75.551775575568783, 38.049215123463568 ], [ -75.552079785548173, 38.049930677492263 ], [ -75.551995865832637, 38.051041315159054 ], [ -75.545381056559322, 38.052464834947493 ], [ -75.544941746249421, 38.049039191184796 ], [ -75.544339801347192, 38.048242734739098 ], [ -75.543367716411936, 38.048663964492356 ], [ -75.543468510081766, 38.049563743308163 ], [ -75.543833183866312, 38.049433901418226 ], [ -75.544276334474063, 38.050110358960943 ], [ -75.544358048825558, 38.050939349188177 ], [ -75.54360268155429, 38.050948778697887 ], [ -75.543696710910027, 38.051972989533773 ], [ -75.544790027086137, 38.052342236080747 ], [ -75.544799379446545, 38.052590741998031 ], [ -75.545146369894724, 38.052515635092853 ], [ -75.545397236115917, 38.054698004764006 ], [ -75.54594330490913, 38.056792105630002 ], [ -75.548475954834061, 38.055957653106127 ], [ -75.547827919171255, 38.059519443892668 ], [ -75.549078936392107, 38.060494894652784 ], [ -75.550267969858368, 38.061171182779326 ], [ -75.552253086736158, 38.058603034678676 ], [ -75.552921020082508, 38.057479794013453 ], [ -75.554141455956142, 38.057016731081958 ], [ -75.560136307309179, 38.05576332842022 ], [ -75.560058953380064, 38.055605743435621 ], [ -75.559476866635507, 38.055841037843564 ], [ -75.556820513306079, 38.045590763127585 ], [ -75.558306118376862, 38.045035409298919 ], [ -75.558739591434076, 38.044675777645416 ], [ -75.559103860078395, 38.043918642361341 ], [ -75.559782038710566, 38.043452223037534 ], [ -75.562074279702529, 38.042765265267256 ], [ -75.563014880483692, 38.041944466328189 ], [ -75.563297856984718, 38.041897325703005 ], [ -75.56614841889207, 38.047547425513621 ], [ -75.567765825679658, 38.051282197033963 ], [ -75.566873861484595, 38.054152052211357 ], [ -75.565270671434689, 38.054307468030885 ], [ -75.565560828169779, 38.056188739835463 ], [ -75.565454658082984, 38.056297541992436 ], [ -75.565794102682744, 38.056787637403758 ], [ -75.564038641903991, 38.056653988012059 ], [ -75.560784958317953, 38.057145469525516 ], [ -75.561311040494431, 38.058916950066696 ], [ -75.562195017768289, 38.059672970417807 ], [ -75.563323572158055, 38.058778165924863 ], [ -75.563823313035442, 38.05799936693402 ], [ -75.564979485230296, 38.057521802854104 ], [ -75.565801515580475, 38.056781100933662 ], [ -75.56781145021462, 38.057594063294481 ], [ -75.568645566498645, 38.058269678690905 ], [ -75.564051099740354, 38.061241886406123 ], [ -75.564999405371708, 38.062600496188956 ], [ -75.56696136817304, 38.064150838938808 ], [ -75.567256968698757, 38.063883729477332 ], [ -75.567688308257161, 38.064152873025506 ], [ -75.567380628085829, 38.064482124863019 ], [ -75.567494855162408, 38.06457275866272 ], [ -75.568945874196444, 38.065314787025542 ], [ -75.568889106060382, 38.065425713631171 ], [ -75.570203633273508, 38.065985984413402 ], [ -75.569214522568672, 38.067476326171665 ], [ -75.570404051006662, 38.068425846683766 ], [ -75.571012311963642, 38.068682342599367 ], [ -75.571209518219646, 38.068284842925358 ], [ -75.5722971956707, 38.068911742038345 ], [ -75.5727837295168, 38.068203583018537 ], [ -75.573432412864918, 38.068588944418998 ], [ -75.573073038242256, 38.069277101145474 ], [ -75.574129219861149, 38.070073980031232 ], [ -75.575933142054538, 38.068687011656593 ], [ -75.576331018470299, 38.069053562836217 ], [ -75.57657854385694, 38.06902290717953 ], [ -75.577938256328864, 38.068152317094018 ], [ -75.577971185872244, 38.067973226604472 ], [ -75.577478629720488, 38.067449366548217 ], [ -75.579306746239439, 38.06624601377851 ], [ -75.581079854421972, 38.067904960218527 ], [ -75.578743964290354, 38.068566638711644 ], [ -75.577573362457102, 38.069073334444347 ], [ -75.573919206324135, 38.071702597422998 ], [ -75.573229162743687, 38.071095637556567 ], [ -75.573104986825342, 38.071183133827773 ], [ -75.572922832740232, 38.071028551565711 ], [ -75.572160629289655, 38.071856471779846 ], [ -75.573058182802399, 38.072412813001854 ], [ -75.571990853090824, 38.071846478506416 ], [ -75.572374097747243, 38.071463710565908 ], [ -75.571468668704398, 38.070936695241222 ], [ -75.57120363425453, 38.071261169157694 ], [ -75.571978647681064, 38.069883027313303 ], [ -75.570970471132654, 38.069679767247223 ], [ -75.570949107398562, 38.069204239088094 ], [ -75.571160359712351, 38.069215561576677 ], [ -75.570496840687298, 38.068674323446913 ], [ -75.570434286502504, 38.07197702176547 ], [ -75.569157576566184, 38.073708495048947 ], [ -75.570124594104925, 38.074157772934768 ], [ -75.569691673511613, 38.074665126491972 ], [ -75.570491093266114, 38.0751053080049 ], [ -75.570152423014108, 38.07565530470535 ], [ -75.570584477631471, 38.075872843894338 ], [ -75.57132897079623, 38.074384436159072 ], [ -75.571454686426989, 38.074413872540937 ], [ -75.570588612576714, 38.076440083472107 ], [ -75.570121571274001, 38.076248887851065 ], [ -75.5695009611768, 38.076928305113583 ], [ -75.569056182821754, 38.076577564791627 ], [ -75.568865852270932, 38.076753531282364 ], [ -75.568515013440091, 38.076509268249985 ], [ -75.5684050291066, 38.076613591561149 ], [ -75.568186949596637, 38.076493105081717 ], [ -75.568045311327481, 38.076394872230658 ], [ -75.568337140725617, 38.076101277449368 ], [ -75.567600718025375, 38.075611615476234 ], [ -75.566446042423806, 38.075039700821378 ], [ -75.5662330087508, 38.075242878106479 ], [ -75.565816629735139, 38.074975016420012 ], [ -75.56664272675863, 38.074223916233301 ], [ -75.564069000469004, 38.072536801800752 ], [ -75.563631838929254, 38.072969930715857 ], [ -75.563761393959538, 38.073049616810835 ], [ -75.563208818668713, 38.073539225926687 ], [ -75.562712200335227, 38.073195181856967 ], [ -75.561161953394915, 38.074529413018453 ], [ -75.561979237945479, 38.07507067076277 ], [ -75.561734977036565, 38.075412725980499 ], [ -75.562727479779923, 38.077130259462159 ], [ -75.564378582373806, 38.078269270725094 ], [ -75.563653772195238, 38.078478007639127 ], [ -75.562182382065501, 38.078552729385251 ], [ -75.560311459026636, 38.079970837058468 ], [ -75.557445543114468, 38.077507653235074 ], [ -75.557868364847337, 38.07714920365855 ], [ -75.55622797915477, 38.076113540789855 ], [ -75.555762212561433, 38.076431634519651 ], [ -75.555187350966719, 38.076009249294152 ], [ -75.554240164636198, 38.075688125 ], [ -75.553789483451411, 38.075296517930035 ], [ -75.553783366822657, 38.075101683827583 ], [ -75.553104761490715, 38.075037512877095 ] ], [ [ -75.53638945865616, 38.039089028379806 ], [ -75.536401263417289, 38.039082424531358 ], [ -75.53638957184387, 38.039088875558861 ], [ -75.53638945865616, 38.039089028379806 ] ] ], [ [ [ -75.392116377764822, 38.177584458873596 ], [ -75.39228686902257, 38.177789332454239 ], [ -75.393448497584473, 38.177836747723489 ], [ -75.39427723206164, 38.178875214532496 ], [ -75.393017729354597, 38.179041464421694 ], [ -75.392344676509424, 38.179328068422741 ], [ -75.39217326986838, 38.179889995246782 ], [ -75.391604937229147, 38.180440702166294 ], [ -75.391811592863647, 38.180838061240735 ], [ -75.391782809045324, 38.18120698938268 ], [ -75.391395994483972, 38.181389714266878 ], [ -75.391341402067511, 38.181601375726046 ], [ -75.389413928284895, 38.179712268219021 ], [ -75.388052917747373, 38.180471614713028 ], [ -75.387799034983459, 38.179944231184102 ], [ -75.387571015614895, 38.180008967399203 ], [ -75.387422440555113, 38.179797848574879 ], [ -75.386778906350173, 38.179793663970791 ], [ -75.386319215063111, 38.180041156125391 ], [ -75.3861478757957, 38.179867160722999 ], [ -75.385686036636784, 38.180125857656876 ], [ -75.385387539044274, 38.179800742349208 ], [ -75.3846762053916, 38.180194405450322 ], [ -75.385232708116845, 38.180638519077498 ], [ -75.385083988428306, 38.180737387082068 ], [ -75.385693781911158, 38.181570184032772 ], [ -75.384830697654166, 38.182059944258413 ], [ -75.384630438922827, 38.181729306508913 ], [ -75.383872544690661, 38.181959588836939 ], [ -75.383588868402029, 38.181719158088789 ], [ -75.380181904380763, 38.184747043037547 ], [ -75.380427047435248, 38.184961495814143 ], [ -75.380589026257411, 38.185452777457115 ], [ -75.380856785297524, 38.185619374560204 ], [ -75.380666508645589, 38.185740397714412 ], [ -75.380802941177691, 38.185825116627022 ], [ -75.380059501736767, 38.186370328458125 ], [ -75.376843813293974, 38.188130641478217 ], [ -75.375675669251336, 38.186401350755524 ], [ -75.376924762280865, 38.185461930478951 ], [ -75.376675149209504, 38.185240508652043 ], [ -75.382428212715581, 38.18074186467755 ], [ -75.383683297508071, 38.179986684408995 ], [ -75.384938730846869, 38.179529657054367 ], [ -75.384254098717676, 38.179671321746277 ], [ -75.382782607976651, 38.180400878861079 ], [ -75.383942811810499, 38.178945466739599 ], [ -75.383596844543433, 38.178969520369073 ], [ -75.382407270291367, 38.180366569056581 ], [ -75.382496896105579, 38.18042251349079 ], [ -75.378585049250219, 38.183520084398069 ], [ -75.37833974539727, 38.183327175706374 ], [ -75.375911224586829, 38.183496040744146 ], [ -75.375508952714398, 38.183276116248976 ], [ -75.382160141960085, 38.178889222468989 ], [ -75.382326301541568, 38.176729129709088 ], [ -75.383947613305693, 38.177189563531307 ], [ -75.384193865779579, 38.176592422995299 ], [ -75.385138699422356, 38.17686795609319 ], [ -75.384452330849754, 38.176566769096148 ], [ -75.384641563659301, 38.176290679804225 ], [ -75.3849906597585, 38.176437703604883 ], [ -75.385481816335016, 38.175650266890059 ], [ -75.385708501705395, 38.175920047471969 ], [ -75.38590222519305, 38.175601558587992 ], [ -75.384864010778159, 38.175288857631614 ], [ -75.385818963044315, 38.174011576991774 ], [ -75.386060403243221, 38.174284038006313 ], [ -75.386512645699966, 38.174087681917264 ], [ -75.386664630764585, 38.174288741275014 ], [ -75.386847027394808, 38.17414034452721 ], [ -75.387196385802056, 38.173278645917392 ], [ -75.386906398848566, 38.173413240232797 ], [ -75.386329334584772, 38.172652061008975 ], [ -75.387609659341777, 38.172055535837409 ], [ -75.388143847017076, 38.172933852604586 ], [ -75.388588514879331, 38.17273192016247 ], [ -75.388913774182441, 38.173166788408828 ], [ -75.389114605140634, 38.173072190460616 ], [ -75.389324546812432, 38.17334364652546 ], [ -75.388580387820966, 38.173659564106856 ], [ -75.388060877719113, 38.172971530289736 ], [ -75.38785098994623, 38.173069577489954 ], [ -75.388009493186544, 38.173097688105592 ], [ -75.388927435761289, 38.174299926720131 ], [ -75.387762700825178, 38.174909541830019 ], [ -75.387600465983169, 38.174788967477085 ], [ -75.387782032570072, 38.175015567070211 ], [ -75.387220079765996, 38.175363039690922 ], [ -75.387112153472813, 38.175230340146321 ], [ -75.386948243272812, 38.175469824832646 ], [ -75.386344730810421, 38.175273817970094 ], [ -75.385884656841043, 38.176036833418898 ], [ -75.386050183110243, 38.176386344137732 ], [ -75.386333442580565, 38.176497520189002 ], [ -75.385989179417621, 38.177011649843479 ], [ -75.385315571413614, 38.176809088908421 ], [ -75.385258973059138, 38.176902927815213 ], [ -75.386081461550106, 38.177142075811659 ], [ -75.384707989582978, 38.179033544238145 ], [ -75.384901198335982, 38.179053247246593 ], [ -75.385895518371143, 38.177588178948298 ], [ -75.386786727981359, 38.177845074080281 ], [ -75.387349610541762, 38.179438994952996 ], [ -75.388911395443586, 38.179476487795348 ], [ -75.389053551142354, 38.179779317965554 ], [ -75.389922051342197, 38.179061549455277 ], [ -75.390242751695268, 38.178591561183396 ], [ -75.390252618790328, 38.178325336814233 ], [ -75.395528363368527, 38.175758075575125 ], [ -75.394350278568965, 38.174180806831707 ], [ -75.392467666651612, 38.175045874595831 ], [ -75.392025036168405, 38.174614119869318 ], [ -75.391719072677589, 38.174201959563064 ], [ -75.391884090500326, 38.174119686822863 ], [ -75.391660937305659, 38.173825716434294 ], [ -75.391996787745981, 38.173665457367086 ], [ -75.392227707774609, 38.173963123238707 ], [ -75.392459514440418, 38.173851824679232 ], [ -75.393000473616311, 38.174679263349603 ], [ -75.394264311592892, 38.174096552475142 ], [ -75.393455925753557, 38.172978552127887 ], [ -75.393581953998037, 38.172687278397269 ], [ -75.393401335133746, 38.17225421732185 ], [ -75.38855906990095, 38.166105819221364 ], [ -75.388315150351858, 38.167314973077417 ], [ -75.38717078830804, 38.165472584452544 ], [ -75.387506964836817, 38.165308911207738 ], [ -75.387699042610876, 38.165548303483121 ], [ -75.388012683104122, 38.165401900432073 ], [ -75.384227981997427, 38.161393398551432 ], [ -75.382726076097498, 38.159570118612898 ], [ -75.382879935946107, 38.159495072165967 ], [ -75.381866732425351, 38.158203911121326 ], [ -75.381927529505461, 38.157446797104882 ], [ -75.383952326765993, 38.155931673117138 ], [ -75.389049840201906, 38.152720646547372 ], [ -75.388139668952689, 38.155107867884048 ], [ -75.388221686036431, 38.155567937466074 ], [ -75.389057504627914, 38.156435741506087 ], [ -75.386706471595573, 38.15869536397723 ], [ -75.383377731072599, 38.160129330769344 ], [ -75.383530244346574, 38.160329149463607 ], [ -75.387473753222451, 38.164565541930841 ], [ -75.391416195798087, 38.169396547170543 ], [ -75.393207386168939, 38.171671193975527 ], [ -75.393830428005614, 38.17268431725028 ], [ -75.393849209981582, 38.173291847736131 ], [ -75.395380437790706, 38.175376130967095 ], [ -75.396079699882577, 38.175057516122912 ], [ -75.396317926807725, 38.175380562989915 ], [ -75.399773193241828, 38.173663478587642 ], [ -75.400357805150634, 38.173141254771458 ], [ -75.400705700202295, 38.171749662948287 ], [ -75.400289040013959, 38.171769245750006 ], [ -75.40034905106819, 38.171915327394927 ], [ -75.40022041591277, 38.171936830362334 ], [ -75.400016705854114, 38.17150981857511 ], [ -75.400653166724481, 38.17122212519137 ], [ -75.400633823301462, 38.171109220016291 ], [ -75.400420990851103, 38.171208151798567 ], [ -75.400119848618402, 38.170804447699879 ], [ -75.399860742151105, 38.170922404297755 ], [ -75.399685393702597, 38.170665368939915 ], [ -75.400402104670576, 38.170245549776425 ], [ -75.399410149001227, 38.170703208112307 ], [ -75.399014045859843, 38.170100442216928 ], [ -75.399523344811854, 38.169865545979505 ], [ -75.399677334916177, 38.169970500837991 ], [ -75.400313219068153, 38.169845841899352 ], [ -75.399970836977388, 38.168436079532853 ], [ -75.400114451540162, 38.166987854142477 ], [ -75.401814644369395, 38.167285703370545 ], [ -75.401646945075527, 38.16810921564371 ], [ -75.401191428259565, 38.168656412537935 ], [ -75.401435945188339, 38.168638977316071 ], [ -75.402014938135039, 38.169203011371678 ], [ -75.402389779950269, 38.170026400992072 ], [ -75.40266082412937, 38.170220012290642 ], [ -75.400787238484, 38.171316715653724 ], [ -75.400712598365374, 38.172471740765133 ], [ -75.400388681145273, 38.173345920507593 ], [ -75.400114413810925, 38.17361189259271 ], [ -75.394306804600774, 38.176488892847637 ], [ -75.394627035134945, 38.176939474281234 ], [ -75.394794668851816, 38.17679189573542 ], [ -75.395221559952915, 38.177257285046188 ], [ -75.397298837690627, 38.176254391473698 ], [ -75.397522555925633, 38.17653986384645 ], [ -75.397201079428172, 38.176887442892699 ], [ -75.397377045917594, 38.177406912650248 ], [ -75.396958954713, 38.177623042281553 ], [ -75.396418933378271, 38.177493328988916 ], [ -75.39498721105484, 38.178210699138255 ], [ -75.395157046542479, 38.178569636486486 ], [ -75.394490572060135, 38.178876960846495 ], [ -75.394291150558644, 38.178631655228457 ], [ -75.394841546536597, 38.178353661486604 ], [ -75.394922762323105, 38.178123328216763 ], [ -75.394553231347828, 38.177614013265966 ], [ -75.39382126608804, 38.178082619533065 ], [ -75.393567713904133, 38.177767932901041 ], [ -75.394287042562851, 38.177246287895642 ], [ -75.393899474314992, 38.1766853858201 ], [ -75.393785890432142, 38.17673768075533 ], [ -75.394158401119228, 38.177200434286313 ], [ -75.393967378865611, 38.177351400899369 ], [ -75.393492579712088, 38.176886790390427 ], [ -75.393413514492352, 38.176925855070117 ], [ -75.39388905026442, 38.177413894515695 ], [ -75.393498651425091, 38.177678265710696 ], [ -75.393055034591711, 38.177102339680964 ], [ -75.392936353667949, 38.177183882406595 ], [ -75.39339406237319, 38.177768355186373 ], [ -75.392895825275602, 38.177757961175992 ], [ -75.392359358574438, 38.177742181259049 ], [ -75.392116377764822, 38.177584458873596 ] ], [ [ -75.392896224127568, 38.177756418916282 ], [ -75.39289458200723, 38.177756388551288 ], [ -75.392895825275602, 38.177757961175992 ], [ -75.392896224127568, 38.177756418916282 ] ] ], [ [ [ -75.690724719961864, 38.226748503665824 ], [ -75.690899777356236, 38.224254239714 ], [ -75.691306697111955, 38.224189194912668 ], [ -75.691294869892914, 38.223844394885553 ], [ -75.692848730755614, 38.223710938220322 ], [ -75.692641923305843, 38.223204524307285 ], [ -75.691836767808269, 38.223362489467753 ], [ -75.691310354153472, 38.223281415524838 ], [ -75.691531398103862, 38.222702075878217 ], [ -75.691551474552128, 38.220874033438996 ], [ -75.691334190051208, 38.220950994165371 ], [ -75.691452009490618, 38.22273005724621 ], [ -75.691107652902872, 38.223314259088902 ], [ -75.690900272327951, 38.223284678075125 ], [ -75.69084116947046, 38.220991728290535 ], [ -75.689068559852913, 38.221065469998827 ], [ -75.688452756640814, 38.216615918140647 ], [ -75.685771712217488, 38.217936947918233 ], [ -75.682440133018218, 38.218557297429832 ], [ -75.681596251148733, 38.218289756083557 ], [ -75.679234900965341, 38.220484202244556 ], [ -75.678625109279125, 38.221523303074704 ], [ -75.67680554741662, 38.222789729952801 ], [ -75.673987152382978, 38.22201375017432 ], [ -75.670837016701441, 38.220212576743762 ], [ -75.670710229380546, 38.220711974486555 ], [ -75.670160765853851, 38.220543346070734 ], [ -75.669655597355515, 38.219886428604575 ], [ -75.67046499200292, 38.219348502728209 ], [ -75.669060211053178, 38.218386294048088 ], [ -75.668206099169254, 38.218709594089077 ], [ -75.666706819943215, 38.216946224591581 ], [ -75.669058520423832, 38.216355662570663 ], [ -75.67046463088019, 38.215545462096394 ], [ -75.670812289674913, 38.216276837934309 ], [ -75.671995346649581, 38.215508197442865 ], [ -75.671787928345424, 38.214759919048142 ], [ -75.672006371673078, 38.214640515242948 ], [ -75.672218075839439, 38.215404251840546 ], [ -75.672910323885603, 38.215019750492146 ], [ -75.672699648290219, 38.214259748529379 ], [ -75.673214671307221, 38.214888862995565 ], [ -75.674628545902593, 38.214414894352721 ], [ -75.674296455810037, 38.213593311465864 ], [ -75.675868183265422, 38.213306115302068 ], [ -75.679721462659217, 38.212024314822798 ], [ -75.684779531071015, 38.209965672010163 ], [ -75.686961620642833, 38.208634282270822 ], [ -75.684594032558095, 38.209978851651819 ], [ -75.679685235400441, 38.211968100330004 ], [ -75.675840249253355, 38.213246985356093 ], [ -75.674474937582261, 38.213476291406586 ], [ -75.67343425459697, 38.213831976919359 ], [ -75.670371592366209, 38.215524196444491 ], [ -75.670163401510905, 38.215169680949707 ], [ -75.669984327748907, 38.215148862665416 ], [ -75.670672658242083, 38.214666128206403 ], [ -75.670476911748437, 38.214309899063203 ], [ -75.667945753026885, 38.21527845102402 ], [ -75.669432957997188, 38.209414694222112 ], [ -75.672069216013725, 38.209579010952865 ], [ -75.671079224061586, 38.212613083202086 ], [ -75.670552400775023, 38.213021678470739 ], [ -75.67113266034626, 38.214055877438113 ], [ -75.670598696351504, 38.213034515235869 ], [ -75.671041778687297, 38.212809370032048 ], [ -75.672119976217161, 38.209588683980527 ], [ -75.675544866119935, 38.209863292540426 ], [ -75.676727256544666, 38.210653659243135 ], [ -75.67897204852332, 38.208457146307211 ], [ -75.681225588296215, 38.208621235793984 ], [ -75.686285223369879, 38.205661171639207 ], [ -75.690530130498288, 38.204438701917475 ], [ -75.690484520336369, 38.203311354267264 ], [ -75.68939642427037, 38.203307544443128 ], [ -75.689338944668606, 38.201886207751258 ], [ -75.689729049758839, 38.201851817707428 ], [ -75.689368363595847, 38.20093589973628 ], [ -75.689846023883547, 38.200833107298827 ], [ -75.689396700053166, 38.199659997767306 ], [ -75.689229811937992, 38.199741486300198 ], [ -75.687592810199106, 38.197355044724681 ], [ -75.683060244550418, 38.198966542764857 ], [ -75.681052847656957, 38.198429749226655 ], [ -75.680825334938206, 38.198666306986873 ], [ -75.680102564833646, 38.198238154992502 ], [ -75.679088382149232, 38.198586217877228 ], [ -75.678959811672513, 38.198470686567596 ], [ -75.679981532120493, 38.19817652216166 ], [ -75.679940676741353, 38.197280803164482 ], [ -75.678030867430479, 38.19773072158781 ], [ -75.677851792770156, 38.19762495602032 ], [ -75.678114269716389, 38.197326076532825 ], [ -75.677831707338726, 38.197190523907686 ], [ -75.677521784972441, 38.195609556633798 ], [ -75.679122107599966, 38.195476521907665 ], [ -75.682111137621817, 38.194269202848595 ], [ -75.687867574301805, 38.193109769667522 ], [ -75.688053505802699, 38.192689716919475 ], [ -75.68827867391856, 38.192556659208911 ], [ -75.688397466233397, 38.192673527215916 ], [ -75.68999033104744, 38.191806732815152 ], [ -75.689835722003878, 38.188524224973321 ], [ -75.689469863341472, 38.188250455919913 ], [ -75.688227342386568, 38.188430408800478 ], [ -75.687651598646269, 38.186185447690455 ], [ -75.687733093808831, 38.184747535185863 ], [ -75.687376924375101, 38.183723931559037 ], [ -75.686015345204012, 38.181420850253346 ], [ -75.684752145031254, 38.176228392134661 ], [ -75.684563486245167, 38.168615151927256 ], [ -75.684012832450748, 38.166537662489318 ], [ -75.684183931867963, 38.165925885360451 ], [ -75.685023538655003, 38.164656040313005 ], [ -75.685405977522606, 38.164681402469363 ], [ -75.685944423212334, 38.164461060980962 ], [ -75.68641929782433, 38.164912233071973 ], [ -75.687281770328624, 38.165136573596008 ], [ -75.687247830180567, 38.165508066633976 ], [ -75.688019291668454, 38.165590720598757 ], [ -75.687988905255651, 38.165435426246106 ], [ -75.688400342638943, 38.165225551345493 ], [ -75.688608361916039, 38.165409081913047 ], [ -75.688522187429129, 38.165498689333184 ], [ -75.688730345945075, 38.16544414883149 ], [ -75.689513253766322, 38.181595836170402 ], [ -75.690453273337511, 38.181604019460259 ], [ -75.689702507237129, 38.168282532159481 ], [ -75.68966094757883, 38.16793538950386 ], [ -75.689541565969151, 38.16791280548707 ], [ -75.689452156648926, 38.165434279243719 ], [ -75.689317221608405, 38.165432983921981 ], [ -75.689374477529668, 38.164542433508501 ], [ -75.689844974651308, 38.162238695109579 ], [ -75.69381557042793, 38.153126764960561 ], [ -75.696930333148529, 38.153686086573408 ], [ -75.698653203048806, 38.153540408484339 ], [ -75.714321633505776, 38.148280415626644 ], [ -75.714958459990484, 38.15330740078192 ], [ -75.715764345818386, 38.153943737729342 ], [ -75.715841238013425, 38.154879410067657 ], [ -75.716369182397486, 38.155715715094104 ], [ -75.716288716704227, 38.156334607697403 ], [ -75.716518869571601, 38.157312147172512 ], [ -75.715669245670824, 38.157214515308915 ], [ -75.714809839116597, 38.157326532918269 ], [ -75.714265879567662, 38.157694747285454 ], [ -75.714179567638539, 38.157286152378475 ], [ -75.713990434541984, 38.157226837084856 ], [ -75.713882872964803, 38.157502165791321 ], [ -75.71407240042177, 38.157540033693522 ], [ -75.714181954462234, 38.157829688942719 ], [ -75.71410224065886, 38.158236437225476 ], [ -75.713566860919215, 38.158630962004224 ], [ -75.713327842578309, 38.158320791851558 ], [ -75.712947084458605, 38.158509640246521 ], [ -75.713074725179013, 38.158124887913274 ], [ -75.712771263496265, 38.158042836480583 ], [ -75.712737415874685, 38.158247475387313 ], [ -75.71249236804158, 38.158106483881454 ], [ -75.712283329176643, 38.158316315703992 ], [ -75.711762781520633, 38.158217545838774 ], [ -75.711643337028889, 38.157975448170703 ], [ -75.710944078530261, 38.15777967539325 ], [ -75.709763968029719, 38.156826158621882 ], [ -75.708610232964233, 38.156401325766012 ], [ -75.703688812680198, 38.151911071059637 ], [ -75.69814950868583, 38.153735681212204 ], [ -75.696694740083814, 38.153760517370714 ], [ -75.69395694369409, 38.153301936073312 ], [ -75.692934590832166, 38.155313488419182 ], [ -75.689916837179069, 38.162417325037985 ], [ -75.689470290041228, 38.164995724661793 ], [ -75.689452138682611, 38.165416405356069 ], [ -75.689879434025599, 38.165413941842893 ], [ -75.689639838966286, 38.165804558084112 ], [ -75.689867113631465, 38.165759457232333 ], [ -75.689973563992652, 38.165550887059588 ], [ -75.690149632890027, 38.164668480900652 ], [ -75.690334108221819, 38.164818368131932 ], [ -75.690699389267493, 38.164655637021482 ], [ -75.69102966745811, 38.164258893177234 ], [ -75.691077729122441, 38.164605092079739 ], [ -75.691931689191094, 38.164706784393019 ], [ -75.691568140995599, 38.168158236880757 ], [ -75.689768429205955, 38.168022055082467 ], [ -75.690001131492082, 38.172988667867401 ], [ -75.691039999880516, 38.172955560778441 ], [ -75.691281767066187, 38.177900105265294 ], [ -75.692189061011561, 38.177872822711379 ], [ -75.692217317518825, 38.178436439997782 ], [ -75.69197699123086, 38.178684625968557 ], [ -75.692007389321759, 38.180229161615721 ], [ -75.691528264780146, 38.180242625565064 ], [ -75.691523593540666, 38.180717043359159 ], [ -75.692002177296487, 38.180706815710977 ], [ -75.691994585634021, 38.181624421543958 ], [ -75.689494529282555, 38.181658297901514 ], [ -75.689729112640904, 38.186239881586523 ], [ -75.690009536129892, 38.186226300123892 ], [ -75.690070008019873, 38.185593812806196 ], [ -75.690511697068658, 38.185325108816919 ], [ -75.69254958098621, 38.188165150972239 ], [ -75.692305200601396, 38.188589367314471 ], [ -75.690620456100092, 38.187907893301208 ], [ -75.690615515366048, 38.188605064391552 ], [ -75.690414180452976, 38.188521056888746 ], [ -75.69026017687392, 38.188880135489853 ], [ -75.691457827878708, 38.194233930233203 ], [ -75.692244098094093, 38.19634476084218 ], [ -75.690622095525512, 38.196829565312264 ], [ -75.692815060102149, 38.20287389945166 ], [ -75.693766929350247, 38.2026713334823 ], [ -75.694725014041794, 38.205205586575048 ], [ -75.693956137905275, 38.205399279453367 ], [ -75.69400288263941, 38.205528668462705 ], [ -75.694390607194123, 38.205440658295061 ], [ -75.694611924232362, 38.206011327999086 ], [ -75.694221548749226, 38.206088883273033 ], [ -75.694600711460978, 38.207267227055709 ], [ -75.695461995494156, 38.213192372605981 ], [ -75.697834232360449, 38.212953664823054 ], [ -75.697762838753249, 38.212452401269495 ], [ -75.700986588677395, 38.212172800972674 ], [ -75.701328997717624, 38.211191062138731 ], [ -75.702382249032041, 38.211649852343847 ], [ -75.702929455990727, 38.215288352678904 ], [ -75.702881287426877, 38.217362528045108 ], [ -75.702401942798033, 38.217297575185498 ], [ -75.701970143302191, 38.21907953018237 ], [ -75.70392321457885, 38.219046620482239 ], [ -75.703859519533637, 38.224020026922084 ], [ -75.699390109940978, 38.223147711529606 ], [ -75.697481553779909, 38.222606803364542 ], [ -75.698254136365293, 38.220926892295452 ], [ -75.698962786750215, 38.218529999051491 ], [ -75.698206609198564, 38.218390448203984 ], [ -75.697823852327346, 38.219505706984862 ], [ -75.697616905638725, 38.219574956641935 ], [ -75.697093781614484, 38.219386073126088 ], [ -75.697047972924878, 38.219546441919199 ], [ -75.697441561681785, 38.219625749280212 ], [ -75.697657130400515, 38.219741792565209 ], [ -75.697718368553424, 38.219956587615826 ], [ -75.697631395464242, 38.220198360795209 ], [ -75.696648633153529, 38.219880318182703 ], [ -75.696765560565865, 38.219552374518173 ], [ -75.697665842262154, 38.219797629825763 ], [ -75.697028599857475, 38.219554452268639 ], [ -75.697075035571132, 38.219381920438529 ], [ -75.696018920427576, 38.219162486838997 ], [ -75.695549574047831, 38.220655476642776 ], [ -75.692826648369305, 38.225059962204469 ], [ -75.695103400609142, 38.224577408529775 ], [ -75.693487523652479, 38.226267529241099 ], [ -75.691650127536633, 38.227779423720925 ], [ -75.691072632081514, 38.227641769838513 ], [ -75.689393747290836, 38.229932625209969 ], [ -75.69026392734024, 38.228209749730212 ], [ -75.690724719961864, 38.226748503665824 ] ] ], [ [ [ -75.630172438847708, 38.305588284739422 ], [ -75.626940476525249, 38.30508696834783 ], [ -75.626059120535388, 38.305406353229088 ], [ -75.6268628746611, 38.301953784183752 ], [ -75.627660866992599, 38.301055077491192 ], [ -75.628155830629339, 38.301310917790126 ], [ -75.629014071170303, 38.300458270258694 ], [ -75.628386631181996, 38.300290287184175 ], [ -75.628458873697156, 38.300214516561908 ], [ -75.632100873827696, 38.301139624761952 ], [ -75.632219370596815, 38.301721842180804 ], [ -75.632083518376405, 38.302386545802968 ], [ -75.632417788680144, 38.30438449162363 ], [ -75.624391671298241, 38.315323465511753 ], [ -75.623292829584827, 38.315585145707956 ], [ -75.622435941906659, 38.314159597480433 ], [ -75.624019020473995, 38.313580016631597 ], [ -75.623681464132943, 38.312638682767556 ], [ -75.621914269559923, 38.313257953375 ], [ -75.621359837451408, 38.312255798136 ], [ -75.62395536585295, 38.31090595174291 ], [ -75.624849460851863, 38.30873630567023 ], [ -75.630641826549962, 38.306480245640962 ], [ -75.630172438847708, 38.305588284739422 ] ] ], [ [ [ -75.227126197975835, 38.318922874749568 ], [ -75.222397583101213, 38.323985946259945 ], [ -75.222797263334058, 38.324225877186436 ], [ -75.223105527410326, 38.323888910066707 ], [ -75.223801479210394, 38.32423201900518 ], [ -75.224078521440632, 38.323925611736946 ], [ -75.224362972975371, 38.324097520455389 ], [ -75.223659587616325, 38.324882598515451 ], [ -75.223885364789922, 38.325122096587165 ], [ -75.223319761232531, 38.325805681699869 ], [ -75.223014649344606, 38.325694487867338 ], [ -75.222580531297027, 38.326252773152959 ], [ -75.222463121489383, 38.326847962220121 ], [ -75.223388229026867, 38.32883519292001 ], [ -75.223524709169652, 38.328720821321646 ], [ -75.223714497138062, 38.329079794714147 ], [ -75.223558423840586, 38.329332360106342 ], [ -75.222611888788663, 38.328654293625284 ], [ -75.221362423856604, 38.328375481407967 ], [ -75.220503078387821, 38.330293155478721 ], [ -75.220530394358974, 38.330575747970371 ], [ -75.219395969478853, 38.333396213236163 ], [ -75.219884789537318, 38.333450679994357 ], [ -75.219871458538506, 38.333325074357013 ], [ -75.220037112368487, 38.333314167742316 ], [ -75.220126226142995, 38.33347758146737 ], [ -75.220110487659198, 38.333352590333597 ], [ -75.220930882177257, 38.333333385030052 ], [ -75.221137017687198, 38.333752432956771 ], [ -75.224420718478441, 38.335021363444064 ], [ -75.224900630842569, 38.334496156746837 ], [ -75.223778451796392, 38.333426371629528 ], [ -75.221525108754548, 38.33364369715499 ], [ -75.221498309314683, 38.33331252731066 ], [ -75.221618126607282, 38.333303898132144 ], [ -75.221571722334645, 38.332947764993293 ], [ -75.222165018257314, 38.33290182068135 ], [ -75.222163167727814, 38.332348601694477 ], [ -75.223819140088878, 38.330994223440157 ], [ -75.224055126615696, 38.330986755995298 ], [ -75.224043407194486, 38.330678021542369 ], [ -75.224249113309725, 38.33049220113304 ], [ -75.227347105382293, 38.328119198894903 ], [ -75.228637382574334, 38.328756233063679 ], [ -75.228249693053911, 38.329218678481922 ], [ -75.229192115618474, 38.329676763158105 ], [ -75.228833184763559, 38.330137636895458 ], [ -75.227858310559341, 38.329713602835163 ], [ -75.227047964596039, 38.330738304640477 ], [ -75.228165959289655, 38.331248857422104 ], [ -75.228981245088676, 38.330202037201524 ], [ -75.229288056589141, 38.330335485722728 ], [ -75.229633853176296, 38.329891474973302 ], [ -75.230079546016285, 38.33010810289273 ], [ -75.229715316897824, 38.330568987980648 ], [ -75.230516986932102, 38.330962080372643 ], [ -75.226826490352636, 38.33487663455432 ], [ -75.227755734631998, 38.336615362569901 ], [ -75.234914480098041, 38.340729922490006 ], [ -75.231169415356661, 38.343385340344682 ], [ -75.231089887504552, 38.343498717217642 ], [ -75.231865181205464, 38.344956798301922 ], [ -75.227687556993516, 38.345737500694277 ], [ -75.227534872141305, 38.346228371797586 ], [ -75.231268364785194, 38.348274309518679 ], [ -75.232436131535437, 38.352250926860059 ], [ -75.231206847256232, 38.352857273813335 ], [ -75.230997498472519, 38.353533258957889 ], [ -75.227916837596737, 38.354594700276571 ], [ -75.220899670212717, 38.354882234043487 ], [ -75.218196659285752, 38.352795402238549 ], [ -75.217461896672134, 38.354858164631707 ], [ -75.215778987428962, 38.354499159754845 ], [ -75.216285052445969, 38.352938913242994 ], [ -75.217116683091604, 38.353012659798132 ], [ -75.217112026225166, 38.352514869621999 ], [ -75.217855202459731, 38.351933813156641 ], [ -75.215192807960008, 38.350762914720512 ], [ -75.216106816812143, 38.344094250776742 ], [ -75.217522321849728, 38.343579481574388 ], [ -75.219708962286774, 38.343815449353457 ], [ -75.219960747484492, 38.343270108198482 ], [ -75.222591319165275, 38.34378129413961 ], [ -75.225497748198464, 38.344722624481733 ], [ -75.225044695461321, 38.343407237905211 ], [ -75.223756400851101, 38.341181165532966 ], [ -75.225851096023888, 38.339737721704523 ], [ -75.228109356443582, 38.33786665237082 ], [ -75.227506683007675, 38.336871272592319 ], [ -75.226775770573383, 38.336286228577855 ], [ -75.221855873832055, 38.334122655744977 ], [ -75.221578557615643, 38.334558053114492 ], [ -75.221006335271241, 38.334525515619553 ], [ -75.22098588332716, 38.335000226469958 ], [ -75.219397513682807, 38.334883153156206 ], [ -75.218495206285581, 38.335035938841713 ], [ -75.216741747851572, 38.339462926739706 ], [ -75.216297256957418, 38.3417868752326 ], [ -75.213542685428081, 38.339633570501022 ], [ -75.212435713063016, 38.337312571497648 ], [ -75.211751760958521, 38.337580765365296 ], [ -75.212135155633575, 38.338514359425254 ], [ -75.210404509017906, 38.338476816096758 ], [ -75.210749462985319, 38.339689002087425 ], [ -75.210516062708209, 38.340436295660474 ], [ -75.211834926987521, 38.34061900943334 ], [ -75.210395328235705, 38.34164947260745 ], [ -75.20946791831615, 38.341771371159979 ], [ -75.208027163432561, 38.341689088549813 ], [ -75.202936640686161, 38.34105516323271 ], [ -75.199613273885234, 38.340933691154248 ], [ -75.194169754554679, 38.342286547768303 ], [ -75.190533439861582, 38.343507928552377 ], [ -75.190016774724228, 38.343531841803092 ], [ -75.186564729648723, 38.344596712182195 ], [ -75.184637531648889, 38.343177247665928 ], [ -75.186320091447399, 38.34218753370066 ], [ -75.188834609776634, 38.341465837033184 ], [ -75.188984191847851, 38.341831766919668 ], [ -75.189173593540673, 38.341773387640785 ], [ -75.18989628998338, 38.343027369247061 ], [ -75.192226056299688, 38.342377494436036 ], [ -75.190867039123802, 38.3383580615792 ], [ -75.19311605587923, 38.337910514236356 ], [ -75.192460387231449, 38.335931235386603 ], [ -75.195981245952666, 38.335074222411407 ], [ -75.196865181005705, 38.334589371566992 ], [ -75.199685696063426, 38.337498482927636 ], [ -75.201272352620535, 38.337519035754362 ], [ -75.200205806239907, 38.336262508116164 ], [ -75.200308915766527, 38.336201492576173 ], [ -75.198859066338983, 38.334709588046273 ], [ -75.199416570685784, 38.334367112857038 ], [ -75.200913648141054, 38.336034882467679 ], [ -75.201213857024172, 38.335836689136158 ], [ -75.201265679036283, 38.335344529303377 ], [ -75.201088678585961, 38.334020082627475 ], [ -75.200283100880199, 38.333581822555104 ], [ -75.201724380379915, 38.332487737103726 ], [ -75.20100355692459, 38.331852356469369 ], [ -75.201464137543809, 38.33120914204936 ], [ -75.201821127139382, 38.330951124075007 ], [ -75.202151805080319, 38.331244100880227 ], [ -75.201992590374317, 38.331357576381983 ], [ -75.202123505453912, 38.331438872911832 ], [ -75.207535166931237, 38.330408201794185 ], [ -75.207263212758747, 38.328777962395115 ], [ -75.204975010592307, 38.328898430226097 ], [ -75.205204446604071, 38.32878199044238 ], [ -75.210575935421886, 38.328467611111954 ], [ -75.210177093317199, 38.329761774571061 ], [ -75.210060140752049, 38.330820565863249 ], [ -75.210227672060967, 38.332178001376164 ], [ -75.21235636577228, 38.333108590643086 ], [ -75.212014367262157, 38.333584680616141 ], [ -75.212710249891956, 38.333923381187176 ], [ -75.213685510371732, 38.332715648712394 ], [ -75.216367813334784, 38.333624119168917 ], [ -75.216641444661903, 38.333162977991513 ], [ -75.217451804998234, 38.333443558786549 ], [ -75.217686584189309, 38.333053338641804 ], [ -75.218142224074469, 38.333273397931016 ], [ -75.217983973260758, 38.333824352166133 ], [ -75.218136632061814, 38.333832736769857 ], [ -75.218411857000248, 38.333222328879636 ], [ -75.218254202667907, 38.333101006443421 ], [ -75.218996014361537, 38.333285822374535 ], [ -75.218789743206003, 38.333799491482573 ], [ -75.218991211069692, 38.333789234624909 ], [ -75.221310724015368, 38.32829719192668 ], [ -75.220429403059796, 38.32809147868128 ], [ -75.221270341150088, 38.328171750009005 ], [ -75.221755782644792, 38.326972233079445 ], [ -75.220378009544078, 38.326763842379172 ], [ -75.219918091881539, 38.326401643992639 ], [ -75.21914196364574, 38.326658836026894 ], [ -75.218560709639462, 38.326625111763988 ], [ -75.218739697163201, 38.326336818886666 ], [ -75.217828394935012, 38.325988043359722 ], [ -75.217982277241504, 38.325734807393879 ], [ -75.217389923651581, 38.325549698066176 ], [ -75.217720880968542, 38.324882598515451 ], [ -75.217442393349003, 38.324797978850199 ], [ -75.217827749944647, 38.32390881134144 ], [ -75.219144352266085, 38.323556802025166 ], [ -75.219399797200268, 38.324164437123393 ], [ -75.220104516557512, 38.323805713531584 ], [ -75.219874071737664, 38.324271569768399 ], [ -75.220981552549176, 38.324658952006466 ], [ -75.221447053241207, 38.325030717399954 ], [ -75.220947731877047, 38.325555912359732 ], [ -75.220379829530842, 38.326656585863923 ], [ -75.2218970714693, 38.326872825993163 ], [ -75.222436524170462, 38.325542929855594 ], [ -75.223136885800258, 38.324676394243298 ], [ -75.222148721919723, 38.324089262283643 ], [ -75.227941131635276, 38.317879034019157 ], [ -75.223185100178185, 38.315019032176437 ], [ -75.221859993505959, 38.314404090913818 ], [ -75.221244502907581, 38.314485586192276 ], [ -75.22031041311557, 38.315131739442059 ], [ -75.220119131248865, 38.314511629166518 ], [ -75.219829939304404, 38.314156100069248 ], [ -75.219340415865048, 38.314103987776939 ], [ -75.218992368099791, 38.314489574858136 ], [ -75.218546806413812, 38.314315719149647 ], [ -75.216044218609881, 38.316760246028736 ], [ -75.215614010928718, 38.316338716160189 ], [ -75.215560970801107, 38.315996959769834 ], [ -75.214465195037747, 38.315579753090617 ], [ -75.214327679137426, 38.315151397135438 ], [ -75.214484546545592, 38.315173903742867 ], [ -75.215289789179749, 38.313898749491329 ], [ -75.215724550421072, 38.313964222191515 ], [ -75.216011977176009, 38.31351256931292 ], [ -75.215791763268939, 38.313990586055461 ], [ -75.215793628171483, 38.314145487307215 ], [ -75.216002004079726, 38.314159283122223 ], [ -75.215970061784859, 38.314458765774503 ], [ -75.217141629307037, 38.314536326600781 ], [ -75.217106289583782, 38.313582428609848 ], [ -75.217145121956861, 38.313425849326407 ], [ -75.217362845733959, 38.313447543782097 ], [ -75.217926322080757, 38.310379238079065 ], [ -75.214538299037258, 38.31001347643079 ], [ -75.215388473605287, 38.308437132800108 ], [ -75.220260218850768, 38.308982654330151 ], [ -75.219808167735152, 38.311786127507673 ], [ -75.219150644066318, 38.313411884208783 ], [ -75.219822117673218, 38.313584937151788 ], [ -75.220419677898533, 38.314950618462881 ], [ -75.221304387299355, 38.314329646736816 ], [ -75.222169082235652, 38.314341120783027 ], [ -75.228865965186586, 38.318310006283092 ], [ -75.227948622686426, 38.319345070419843 ], [ -75.227126197975835, 38.318922874749568 ] ] ], [ [ [ -75.522427512828656, 38.334786459209461 ], [ -75.521907795215967, 38.336014794273432 ], [ -75.52054756531443, 38.337494489186298 ], [ -75.519939198356269, 38.338619321119914 ], [ -75.519281760027354, 38.343627419340002 ], [ -75.519291690004522, 38.344619545009365 ], [ -75.519847700452999, 38.345965128970604 ], [ -75.525558641955428, 38.353556962493016 ], [ -75.529612131571525, 38.354255388379038 ], [ -75.555864008751115, 38.361799886550649 ], [ -75.564854498133229, 38.365930786197261 ], [ -75.566431381020038, 38.366360794406134 ], [ -75.56666306910823, 38.366204166452668 ], [ -75.571265767129461, 38.358578180850202 ], [ -75.571614512885702, 38.358406622316856 ], [ -75.573122726755557, 38.358223184904084 ], [ -75.574961107424954, 38.35854285764713 ], [ -75.575481304737991, 38.358765028797997 ], [ -75.575480999310798, 38.359392020676616 ], [ -75.574469980492822, 38.361569441229641 ], [ -75.576127700077095, 38.362046917017338 ], [ -75.576280777493082, 38.362377822370803 ], [ -75.574006713910904, 38.366490632832956 ], [ -75.574184732152432, 38.366579018449883 ], [ -75.574411455252047, 38.366178773137243 ], [ -75.574661990893219, 38.366168396197466 ], [ -75.574666597453984, 38.366560864363301 ], [ -75.574829373081798, 38.366554745149699 ], [ -75.574830156412716, 38.368201452789151 ], [ -75.576034971481889, 38.368165660983024 ], [ -75.576188349833501, 38.368814314819694 ], [ -75.576316080385439, 38.368722680141197 ], [ -75.576242002612176, 38.368148233442071 ], [ -75.582904432477008, 38.367977002557822 ], [ -75.587044381345933, 38.365705163949443 ], [ -75.58773835685237, 38.365461428896431 ], [ -75.58996473606264, 38.365360495489099 ], [ -75.592900400766737, 38.365641048062777 ], [ -75.592437876193245, 38.363999464102548 ], [ -75.592067651718594, 38.364055067215979 ], [ -75.591575667793663, 38.363843045867682 ], [ -75.591817181654434, 38.363170276601686 ], [ -75.591129943512627, 38.363022753394333 ], [ -75.591245975304602, 38.362738961855818 ], [ -75.58938335539392, 38.361831125605015 ], [ -75.589694160804115, 38.361071009021416 ], [ -75.589033535252611, 38.360894362991395 ], [ -75.589221753864194, 38.360461104659599 ], [ -75.587134868644497, 38.357640241328411 ], [ -75.586314601687221, 38.357358348934611 ], [ -75.586522684744679, 38.357025909651298 ], [ -75.586752997512164, 38.357092152068724 ], [ -75.586602090425913, 38.356828643715225 ], [ -75.587304952965454, 38.356568057068536 ], [ -75.589590202369564, 38.357924904491391 ], [ -75.589144861669126, 38.358451432557452 ], [ -75.590758177528926, 38.359017778101112 ], [ -75.590209809048559, 38.360608765512325 ], [ -75.592904072181312, 38.361938050411574 ], [ -75.593058895023901, 38.361651163813718 ], [ -75.593651275563289, 38.361795236966699 ], [ -75.593561419780343, 38.362242604325942 ], [ -75.594810463402538, 38.362424985565248 ], [ -75.594609656698879, 38.363184887188197 ], [ -75.59573630037201, 38.363287688073505 ], [ -75.595295505146936, 38.364573010468931 ], [ -75.595107635081675, 38.364532170911744 ], [ -75.594943157146417, 38.365039915369856 ], [ -75.595386042751159, 38.36511948931031 ], [ -75.596090181796725, 38.363048950791473 ], [ -75.595301274127692, 38.362978655982474 ], [ -75.595085859919195, 38.362594234110226 ], [ -75.598318205822281, 38.350770716165457 ], [ -75.597927434182125, 38.348557570200761 ], [ -75.598618040107922, 38.345650376812948 ], [ -75.599361340309997, 38.338962086937983 ], [ -75.598062455460905, 38.338947420027814 ], [ -75.598305809071363, 38.336834082130821 ], [ -75.59967155103547, 38.336804840455649 ], [ -75.599908902103209, 38.335307898241773 ], [ -75.601632514910222, 38.335460685145542 ], [ -75.601306906162435, 38.336784266287765 ], [ -75.603480630622329, 38.336928679926146 ], [ -75.602887005017976, 38.338899120524545 ], [ -75.606081498609939, 38.339484049024691 ], [ -75.603496421208405, 38.344506854002873 ], [ -75.602026507010663, 38.348399005083685 ], [ -75.600803306122586, 38.353684536521662 ], [ -75.602679884954497, 38.354001498850039 ], [ -75.601922618644693, 38.356805972528228 ], [ -75.601250135331441, 38.360431461159429 ], [ -75.601417210296191, 38.362787256731245 ], [ -75.600711348281905, 38.362867097285189 ], [ -75.599873088069472, 38.363620393024426 ], [ -75.60001537582059, 38.363732223146798 ], [ -75.600916405813493, 38.363081658608493 ], [ -75.602054161646706, 38.363163280170248 ], [ -75.603881878415351, 38.364712949626849 ], [ -75.603984795702516, 38.364461130932362 ], [ -75.604365874520767, 38.364034760695162 ], [ -75.604379607964816, 38.363921718845155 ], [ -75.606763884052583, 38.362216818694421 ], [ -75.607863755235314, 38.360577772466087 ], [ -75.609638302518931, 38.362135725753497 ], [ -75.609160429330487, 38.362295893522067 ], [ -75.608590725862129, 38.362088473619565 ], [ -75.60833540220051, 38.362180684421446 ], [ -75.608579896671387, 38.36249159072316 ], [ -75.606262828939919, 38.363422499863539 ], [ -75.605961675029135, 38.363758113187679 ], [ -75.604492788504103, 38.364595036857786 ], [ -75.604008098899286, 38.364487207365158 ], [ -75.603907316009241, 38.364732500192993 ], [ -75.604180490992192, 38.36483756687484 ], [ -75.604053625517878, 38.365261841896086 ], [ -75.604362910978637, 38.365286036039222 ], [ -75.606020336813827, 38.364300004402203 ], [ -75.606329483035694, 38.36446540351799 ], [ -75.607178196943082, 38.364035658746388 ], [ -75.607075704559065, 38.363634371711129 ], [ -75.607179056630812, 38.363590960716728 ], [ -75.607432725595686, 38.364075251173666 ], [ -75.608771530677686, 38.363637227882009 ], [ -75.608636124919968, 38.363068285567536 ], [ -75.61036938563312, 38.362929320888085 ], [ -75.612142633952828, 38.362411752572513 ], [ -75.612661555658164, 38.363034004900406 ], [ -75.612848785224628, 38.362939506000714 ], [ -75.61238151215656, 38.362376807373529 ], [ -75.613349534910071, 38.361713594844183 ], [ -75.613383171427586, 38.362313062559437 ], [ -75.61357847505181, 38.362319462471113 ], [ -75.613578164234738, 38.361674127208595 ], [ -75.61401427564391, 38.360519959129149 ], [ -75.614196629155018, 38.360499273360084 ], [ -75.614119528550816, 38.3603870078611 ], [ -75.6145205221206, 38.360022647428003 ], [ -75.61515343195066, 38.360044553341602 ], [ -75.615010638448041, 38.359762351922619 ], [ -75.615316806754763, 38.35959284880871 ], [ -75.615482506398791, 38.3592508941788 ], [ -75.616168521933517, 38.3590079347765 ], [ -75.616321840996306, 38.358779842437912 ], [ -75.617021803774122, 38.358625801566859 ], [ -75.617138891984879, 38.358786032749343 ], [ -75.616795881073415, 38.359185221483813 ], [ -75.617436042104444, 38.359365109103919 ], [ -75.617766879945492, 38.359208362465544 ], [ -75.617824838349307, 38.358980438406427 ], [ -75.617481406127979, 38.358329704369005 ], [ -75.617398863529786, 38.357552079367416 ], [ -75.618245941605039, 38.357344309864764 ], [ -75.61814748624991, 38.356807094676071 ], [ -75.617975681655196, 38.356867053834854 ], [ -75.617936543854881, 38.356662522724477 ], [ -75.618235281297572, 38.356488156735296 ], [ -75.618227011407058, 38.355763610830166 ], [ -75.619734071840099, 38.354635977969629 ], [ -75.623936425773493, 38.35802950768916 ], [ -75.620909240708258, 38.359884518652983 ], [ -75.614386858196212, 38.36455797332723 ], [ -75.617594206679897, 38.367573858954074 ], [ -75.616262771376483, 38.36894655405046 ], [ -75.61598171996512, 38.369008909766563 ], [ -75.616157912829991, 38.368521823106754 ], [ -75.616127222786645, 38.367913056310968 ], [ -75.615362588494875, 38.367387066142008 ], [ -75.615087090468606, 38.367414598760853 ], [ -75.614669854460175, 38.366932883828071 ], [ -75.61365580472642, 38.366890049542178 ], [ -75.613112376081801, 38.367289615476381 ], [ -75.613574871010897, 38.36774316377852 ], [ -75.613750699159766, 38.367739517525017 ], [ -75.613827284131006, 38.367532421713868 ], [ -75.61411896979871, 38.36758657051103 ], [ -75.614024063687268, 38.367807322175004 ], [ -75.614139993071291, 38.368178211852538 ], [ -75.614478312082028, 38.368360758439771 ], [ -75.614971368595391, 38.368361054250705 ], [ -75.615203040513904, 38.368692780838792 ], [ -75.615176932776805, 38.368950665789491 ], [ -75.615536503232207, 38.369115933841478 ], [ -75.613770753150177, 38.369455352868741 ], [ -75.613758662724777, 38.369669443910652 ], [ -75.614110622653087, 38.369773210334394 ], [ -75.614907722957511, 38.370746176804353 ], [ -75.617631243320744, 38.376263661355296 ], [ -75.613486522601022, 38.377557465236634 ], [ -75.614009385215525, 38.37989472234073 ], [ -75.618176135320937, 38.378597460322901 ], [ -75.618656195907093, 38.380510219719987 ], [ -75.619826030579105, 38.383768988696026 ], [ -75.611139693684194, 38.38543586635295 ], [ -75.610732240329199, 38.378446789037476 ], [ -75.607134687940601, 38.371339152285707 ], [ -75.605691015328972, 38.372828015547036 ], [ -75.605557420574868, 38.376966035085751 ], [ -75.60523476279279, 38.377717717185611 ], [ -75.603020889927919, 38.380755320920571 ], [ -75.600702041735545, 38.380586121888861 ], [ -75.600678296567651, 38.380749811328506 ], [ -75.602691475916586, 38.380893198607247 ], [ -75.60265423805312, 38.38121307965897 ], [ -75.602140562509035, 38.381178968845596 ], [ -75.60262158429255, 38.381307589907109 ], [ -75.601741554216034, 38.388264260508699 ], [ -75.602771981135731, 38.392082430148839 ], [ -75.601314041480748, 38.39232487929997 ], [ -75.597912125093046, 38.392282362800159 ], [ -75.597901250986538, 38.392838175383922 ], [ -75.59417906813205, 38.392815847799994 ], [ -75.594472788483856, 38.392443345347552 ], [ -75.594407320164279, 38.392105564131633 ], [ -75.595488287200169, 38.390934633266937 ], [ -75.595494932936646, 38.390452999583282 ], [ -75.595074580672474, 38.390107054886641 ], [ -75.59574049191113, 38.388590952960165 ], [ -75.595823798975644, 38.387851014535187 ], [ -75.595330886192713, 38.387456954339044 ], [ -75.595824107996094, 38.386665551171667 ], [ -75.596723450054583, 38.385888673524491 ], [ -75.596858166804481, 38.384458137350499 ], [ -75.597938079218224, 38.383838928129798 ], [ -75.598413246681019, 38.382605361734953 ], [ -75.599389462069965, 38.381479819468225 ], [ -75.59950465214051, 38.380971008022584 ], [ -75.599195305594336, 38.380360375622345 ], [ -75.599927067834898, 38.379643286040057 ], [ -75.600483327116706, 38.379698932061842 ], [ -75.600623441843155, 38.379437795375196 ], [ -75.601007920784738, 38.37928929479277 ], [ -75.602181761942902, 38.378262772140033 ], [ -75.602056693099172, 38.377570305321051 ], [ -75.601280932274321, 38.376736167634668 ], [ -75.601196521180327, 38.375988291600372 ], [ -75.601443282100661, 38.375270442464455 ], [ -75.602266996792025, 38.374397611962046 ], [ -75.602707694999054, 38.373260461784831 ], [ -75.602809724750699, 38.372561841059657 ], [ -75.603122908899778, 38.372178225069156 ], [ -75.602771675708524, 38.371910374828758 ], [ -75.602601452148718, 38.372184394515067 ], [ -75.602588315185997, 38.372671526950136 ], [ -75.599754914693847, 38.373289411965118 ], [ -75.598315397688708, 38.373309008104378 ], [ -75.596699092235653, 38.372727107907266 ], [ -75.596807217954833, 38.37263364637645 ], [ -75.598873123021065, 38.373204638266039 ], [ -75.59932742711139, 38.373137593645424 ], [ -75.599995237388541, 38.37272578669797 ], [ -75.600481875439201, 38.371948765677523 ], [ -75.601720592028883, 38.369015655604535 ], [ -75.601900295509893, 38.369099132656189 ], [ -75.602887970706902, 38.367279225313773 ], [ -75.603217732366232, 38.366229942211845 ], [ -75.603463842906308, 38.366173004649191 ], [ -75.60354820638959, 38.365906315465637 ], [ -75.603305754687653, 38.365720286077675 ], [ -75.60153224136495, 38.366111836813651 ], [ -75.597444835855285, 38.367270109973276 ], [ -75.596099754244406, 38.367297537692664 ], [ -75.59535808717952, 38.367141987973014 ], [ -75.595051840719378, 38.368496234101791 ], [ -75.593767666681387, 38.371571842736913 ], [ -75.596683349260303, 38.372587621597162 ], [ -75.59628828367309, 38.372927596910628 ], [ -75.593591724446469, 38.372018939794721 ], [ -75.592297545871133, 38.374878660989296 ], [ -75.590528602278269, 38.378081754035748 ], [ -75.58952262121241, 38.37942432606377 ], [ -75.588274118376034, 38.380386610403534 ], [ -75.587733924564759, 38.383228722722741 ], [ -75.587165840758857, 38.391169296217377 ], [ -75.586637220841709, 38.393814958188194 ], [ -75.590361381786465, 38.393372739140233 ], [ -75.593128167708727, 38.393413097030653 ], [ -75.592563429228946, 38.394183341861648 ], [ -75.593141743049287, 38.395094185470128 ], [ -75.593119827749618, 38.396126075535548 ], [ -75.593446501899308, 38.395599996888755 ], [ -75.593901732152702, 38.396569517553345 ], [ -75.593481225378326, 38.39657169795661 ], [ -75.592434982719737, 38.39764518548737 ], [ -75.593154409294783, 38.404101799562923 ], [ -75.592985795515972, 38.404432301393335 ], [ -75.595498493858443, 38.404558652362965 ], [ -75.600105367249114, 38.404187458538949 ], [ -75.606563236350723, 38.404185797890143 ], [ -75.611467123317055, 38.403490531780811 ], [ -75.611161684442351, 38.40141599870249 ], [ -75.614534768502693, 38.400606467597029 ], [ -75.613979418315935, 38.399789983112278 ], [ -75.614615076092448, 38.400170170619035 ], [ -75.614636208959524, 38.400778211201782 ], [ -75.615554909712387, 38.40229594285681 ], [ -75.615758852434709, 38.40235051829422 ], [ -75.615841247709199, 38.402147120320983 ], [ -75.615622524107195, 38.402047238454102 ], [ -75.614727720337527, 38.400734112160364 ], [ -75.614849743892449, 38.400094070058202 ], [ -75.614020193745006, 38.399665859733254 ], [ -75.61337254705272, 38.398812731193956 ], [ -75.617381846743356, 38.397488530214972 ], [ -75.617004567798773, 38.395942398609911 ], [ -75.617034134049703, 38.395040336768687 ], [ -75.617856971985347, 38.394752540111341 ], [ -75.618992648218665, 38.394689265964736 ], [ -75.624347396931157, 38.392191033843723 ], [ -75.625736866096858, 38.394867198882984 ], [ -75.627516769136207, 38.39892399862601 ], [ -75.627455841800369, 38.399223273776968 ], [ -75.626608346906821, 38.400398478156895 ], [ -75.625657949997461, 38.401409192526678 ], [ -75.626162118670891, 38.401368105541557 ], [ -75.625864042388287, 38.401622653269662 ], [ -75.625556869765063, 38.401498197938558 ], [ -75.623189322104537, 38.403403146546765 ], [ -75.622285121058653, 38.403908889976321 ], [ -75.620854204524065, 38.404340592158277 ], [ -75.620207788523729, 38.404184891185757 ], [ -75.619948365849439, 38.403947429274496 ], [ -75.61931676576306, 38.404793569573052 ], [ -75.61815826693163, 38.405421341027854 ], [ -75.616833756740732, 38.403753112749321 ], [ -75.616567387394383, 38.403181791783105 ], [ -75.616321855369335, 38.403109533864523 ], [ -75.616269156601518, 38.403308311076096 ], [ -75.616479366869584, 38.403422841531466 ], [ -75.61789631729647, 38.40549828212842 ], [ -75.613544900518079, 38.407160055175574 ], [ -75.611482517746083, 38.403607055586747 ], [ -75.608462243420306, 38.404133307570625 ], [ -75.606427662608041, 38.404305334236135 ], [ -75.599905377114041, 38.404308147267741 ], [ -75.595068035547328, 38.40467835281855 ], [ -75.591581057685374, 38.404305757317196 ], [ -75.591372821914291, 38.405127953361678 ], [ -75.593330336258362, 38.405512632153041 ], [ -75.593405861217533, 38.406176187978559 ], [ -75.594895836592201, 38.406160017686965 ], [ -75.595107576691191, 38.406712047615386 ], [ -75.596676019007589, 38.40669497781014 ], [ -75.596684996770534, 38.406996951354401 ], [ -75.598292526581574, 38.407519306334251 ], [ -75.597931676026874, 38.408408704473992 ], [ -75.598613842280599, 38.408524793070939 ], [ -75.598346339260345, 38.409184198414401 ], [ -75.596429100882077, 38.408871863898973 ], [ -75.595584656667214, 38.40893911050491 ], [ -75.595725744269117, 38.409281915739726 ], [ -75.601091711142871, 38.410157882800405 ], [ -75.601187129294033, 38.409908174930131 ], [ -75.601876564715027, 38.410016685679643 ], [ -75.601778543246169, 38.41027073344577 ], [ -75.601965560810228, 38.410305283146521 ], [ -75.603310297468042, 38.406800089846314 ], [ -75.604605723803289, 38.406865937545575 ], [ -75.604613584062022, 38.406140993602826 ], [ -75.605995118408842, 38.406150259617107 ], [ -75.605991265534598, 38.40650622487383 ], [ -75.607222198222331, 38.406514467312043 ], [ -75.607337793433089, 38.409466084593376 ], [ -75.603901957558577, 38.410666789451128 ], [ -75.594152056689779, 38.409296681025843 ], [ -75.594763192255655, 38.410808815901909 ], [ -75.59376354071928, 38.412836049030965 ], [ -75.592606710957654, 38.413759941045896 ], [ -75.59238068764563, 38.414248079428759 ], [ -75.591676807314883, 38.415057791369371 ], [ -75.591541432099874, 38.41543380565777 ], [ -75.591614749000101, 38.415774586074242 ], [ -75.591188664586113, 38.417103798393299 ], [ -75.592013059302133, 38.418309718370764 ], [ -75.592101393338964, 38.41870103511804 ], [ -75.591767584769286, 38.420220197060061 ], [ -75.591765071283106, 38.421164307660582 ], [ -75.591961284002409, 38.42185193017513 ], [ -75.592346228271339, 38.421742164039983 ], [ -75.59301857773562, 38.426204623587466 ], [ -75.592354614942835, 38.428058526087341 ], [ -75.593217084752169, 38.428662837323948 ], [ -75.593802570721749, 38.429354608647259 ], [ -75.593389419352903, 38.429893373017762 ], [ -75.593501443760417, 38.430130272547402 ], [ -75.593039033272959, 38.431282065390583 ], [ -75.593538743607638, 38.432108671314523 ], [ -75.593982756598066, 38.43206039105862 ], [ -75.59373386756883, 38.432502965899459 ], [ -75.594426598908584, 38.433091171379189 ], [ -75.593886547031133, 38.433337002771331 ], [ -75.593261740903259, 38.433357198356774 ], [ -75.587016761744209, 38.431755704674032 ], [ -75.580494698134089, 38.431022473155828 ], [ -75.580746393500277, 38.426481481250427 ], [ -75.581591577926915, 38.417341380364597 ], [ -75.582351092719861, 38.414062364401616 ], [ -75.566874287286026, 38.414957091865496 ], [ -75.567745746536431, 38.411487904453203 ], [ -75.567847288502875, 38.408144380608235 ], [ -75.568048711450828, 38.406692772370462 ], [ -75.568516963682583, 38.405107992746977 ], [ -75.569372522752431, 38.403213852810296 ], [ -75.567931127370031, 38.40278418754302 ], [ -75.568171316215754, 38.402272858597378 ], [ -75.562722720505519, 38.401810903641774 ], [ -75.56293475435362, 38.396722914427784 ], [ -75.563140404773293, 38.396122108965429 ], [ -75.562877706841505, 38.395140133974074 ], [ -75.563477278394743, 38.395111632570355 ], [ -75.564366606932751, 38.394810841466928 ], [ -75.564414215846185, 38.395153935487237 ], [ -75.565170301769683, 38.395135587915739 ], [ -75.567431218507679, 38.396191404928281 ], [ -75.56969830128179, 38.397702031400357 ], [ -75.57037090676593, 38.398326690018784 ], [ -75.570441791028372, 38.399052496607958 ], [ -75.569288217659647, 38.401888792630189 ], [ -75.569425117315674, 38.401967227122732 ], [ -75.56893633049485, 38.402954751039417 ], [ -75.569421720785584, 38.403109112184382 ], [ -75.570096505582612, 38.401875825217658 ], [ -75.571567313604049, 38.400843787717072 ], [ -75.57233173409675, 38.400671081903809 ], [ -75.573049932674834, 38.400794604456209 ], [ -75.575160430111765, 38.401987059071665 ], [ -75.5760720063261, 38.402293231120211 ], [ -75.578574250973602, 38.402739273111884 ], [ -75.57885259486271, 38.402534094461409 ], [ -75.579097641797503, 38.40202929812687 ], [ -75.578987028643297, 38.401918680324833 ], [ -75.576966336683611, 38.401595452575869 ], [ -75.577058219065847, 38.401402617258967 ], [ -75.57638112290357, 38.400610320577421 ], [ -75.575083625053281, 38.400575434658727 ], [ -75.574503299006693, 38.40039876468483 ], [ -75.57408883699587, 38.399979156278341 ], [ -75.5735409320462, 38.398947014961507 ], [ -75.573690448540404, 38.398890500210292 ], [ -75.574140890773322, 38.397200035751581 ], [ -75.573436540623661, 38.39603003364563 ], [ -75.573357576913551, 38.395536018028437 ], [ -75.574042475842361, 38.393792792136594 ], [ -75.57425855480416, 38.39349511526823 ], [ -75.574422103881432, 38.393574120008743 ], [ -75.574564918045283, 38.393385380686261 ], [ -75.574402813459017, 38.393304552904922 ], [ -75.574538611780525, 38.393130561753459 ], [ -75.57486930050122, 38.393166090560648 ], [ -75.574168850836529, 38.39655990110839 ], [ -75.579052944323891, 38.398726370984576 ], [ -75.582607135932037, 38.391356443748663 ], [ -75.582673963402655, 38.390979729646943 ], [ -75.582388500364928, 38.389991343680393 ], [ -75.58192348027157, 38.389710646122744 ], [ -75.58201604806834, 38.388731682157172 ], [ -75.581004998707655, 38.388325689856835 ], [ -75.582042931949843, 38.387373344967521 ], [ -75.584148613518551, 38.387467058545695 ], [ -75.584292871275082, 38.385458022995763 ], [ -75.585505666977227, 38.385599980683118 ], [ -75.585599945166294, 38.384286588758783 ], [ -75.583815034917563, 38.384346601906579 ], [ -75.583436059055401, 38.384206090915491 ], [ -75.583531650581421, 38.384127642787639 ], [ -75.582866517283819, 38.383522245737417 ], [ -75.581458822199295, 38.374132885564102 ], [ -75.57847566356611, 38.374598378037213 ], [ -75.578877721639529, 38.378675328544396 ], [ -75.572768606379, 38.379015189340201 ], [ -75.572392136816461, 38.375368844379821 ], [ -75.570037497048233, 38.375725216831555 ], [ -75.569957597293595, 38.374527590905473 ], [ -75.570341647738815, 38.37451744404472 ], [ -75.570305791484245, 38.373960450475202 ], [ -75.571585505386864, 38.373907547349518 ], [ -75.571543783133492, 38.373326125935137 ], [ -75.572139915935821, 38.37331010746 ], [ -75.572121073772735, 38.373085113886155 ], [ -75.572606299671776, 38.373072528654326 ], [ -75.572615676286716, 38.373297639879361 ], [ -75.573188530146766, 38.373276268991752 ], [ -75.573195941247846, 38.370001298317575 ], [ -75.57350302403951, 38.369534822648298 ], [ -75.573656912634192, 38.368853767997393 ], [ -75.573268350849631, 38.368632809641191 ], [ -75.572806958153407, 38.368739232088842 ], [ -75.571288833171025, 38.368458826048034 ], [ -75.570831371502479, 38.370020336840859 ], [ -75.569877548418646, 38.369927484552058 ], [ -75.569763776787894, 38.370087632261551 ], [ -75.569345161865499, 38.370098451640828 ], [ -75.569358012265639, 38.370379585905475 ], [ -75.568791652326794, 38.370277140196578 ], [ -75.568842255325038, 38.370644249971647 ], [ -75.568673130404818, 38.370673467419984 ], [ -75.568328617510218, 38.370373675485212 ], [ -75.568110889241524, 38.370402694432521 ], [ -75.568011139414082, 38.369929783376037 ], [ -75.567435609472795, 38.370037538556446 ], [ -75.567395261641821, 38.369903969493997 ], [ -75.567982495732934, 38.369794021635464 ], [ -75.567782055541883, 38.368843690067393 ], [ -75.56711281604511, 38.368968993240188 ], [ -75.566976111323498, 38.368516431611489 ], [ -75.565899267554741, 38.368773071270077 ], [ -75.567122573545731, 38.368387446218669 ], [ -75.567699594690367, 38.368372058417876 ], [ -75.567610548289537, 38.367638473194951 ], [ -75.566307305713011, 38.367381753446175 ], [ -75.566358255460969, 38.366495935029221 ], [ -75.564706826778632, 38.365981980098894 ], [ -75.556100573792989, 38.361976868470457 ], [ -75.529578198609983, 38.354333322947639 ], [ -75.525475217211607, 38.353703831531497 ], [ -75.521010071921609, 38.347781340154377 ], [ -75.518577868018511, 38.348857125603161 ], [ -75.517359056298901, 38.349086327789557 ], [ -75.512616239059639, 38.347790007061228 ], [ -75.51121309933194, 38.349283573957891 ], [ -75.509565140841516, 38.349941069282117 ], [ -75.509306114324303, 38.349869461253832 ], [ -75.509244997443943, 38.349436056633778 ], [ -75.508029818511332, 38.347557375424131 ], [ -75.506057591559568, 38.348548549019938 ], [ -75.505747930603022, 38.348297387059446 ], [ -75.504110269500728, 38.349137123584995 ], [ -75.50325091594712, 38.348197501982405 ], [ -75.501728025402144, 38.345704009351671 ], [ -75.499750174098381, 38.343839176501383 ], [ -75.500339745605871, 38.342428241389825 ], [ -75.500413914108989, 38.341388295860845 ], [ -75.501453162484779, 38.339935346330819 ], [ -75.491845219685374, 38.334338363436203 ], [ -75.491319665718279, 38.334939445215731 ], [ -75.48731131734354, 38.332552408729441 ], [ -75.491820589676919, 38.327686562641048 ], [ -75.494133756923404, 38.329089080465614 ], [ -75.495366103559405, 38.327959625003267 ], [ -75.496700044264145, 38.328530128536144 ], [ -75.503778670786645, 38.330634665486038 ], [ -75.503192021498776, 38.331729715419328 ], [ -75.50357966790007, 38.331799932045556 ], [ -75.50529144091162, 38.331072992710027 ], [ -75.508447234182839, 38.331983277134391 ], [ -75.512391087113457, 38.332110126011678 ], [ -75.51257213177918, 38.332626769365596 ], [ -75.513127498135603, 38.332762713548817 ], [ -75.514145285759255, 38.332543335524491 ], [ -75.51674651307296, 38.332848555655993 ], [ -75.51843864262419, 38.332525026334544 ], [ -75.519333212831896, 38.332621614076849 ], [ -75.519488600714809, 38.33324774150482 ], [ -75.519943385403806, 38.333747056488441 ], [ -75.522427512828656, 38.334786459209461 ] ] ], [ [ [ -76.072064199665689, 38.570706153096637 ], [ -76.070467118159726, 38.570319830211098 ], [ -76.070074310038777, 38.571224917205249 ], [ -76.070101791299962, 38.571395915461146 ], [ -76.070234632367544, 38.571331652101129 ], [ -76.070154222369823, 38.571508373393605 ], [ -76.071102081538498, 38.57176924300849 ], [ -76.071736697269301, 38.571629785145525 ], [ -76.072046920571182, 38.571997197193873 ], [ -76.07173896641369, 38.572471667847644 ], [ -76.071079512265314, 38.572550682425323 ], [ -76.07090010882159, 38.572746983462629 ], [ -76.071025384277874, 38.572797309466125 ], [ -76.070832639055553, 38.572765688303008 ], [ -76.070880492310749, 38.573146465907044 ], [ -76.071231629382254, 38.573217389791701 ], [ -76.071181792646939, 38.573512754929546 ], [ -76.070286625059552, 38.573201928354244 ], [ -76.07018425664306, 38.572757144602768 ], [ -76.069853214884432, 38.572568898502055 ], [ -76.068890022372173, 38.573564927472709 ], [ -76.068635183800794, 38.573586234861324 ], [ -76.068247828453664, 38.573912544237842 ], [ -76.067443772493974, 38.573731851685245 ], [ -76.06736097297761, 38.573522714398251 ], [ -76.064833550349348, 38.572876582138285 ], [ -76.065458012422468, 38.571295273395208 ], [ -76.064541501762264, 38.571009320266633 ], [ -76.064672575843673, 38.570214495688774 ], [ -76.063983292237978, 38.570040730192247 ], [ -76.064218103768411, 38.569507739162617 ], [ -76.063366654490977, 38.569317968170466 ], [ -76.065122061370815, 38.563630614441266 ], [ -76.062928857842309, 38.563094830133537 ], [ -76.062824769152016, 38.563028016613231 ], [ -76.062906432299556, 38.562647431933968 ], [ -76.061917055693399, 38.56216742664899 ], [ -76.061101610892564, 38.561455412670824 ], [ -76.059552846172465, 38.562178822737636 ], [ -76.059073190726508, 38.562688396179404 ], [ -76.059163843315076, 38.563011479695433 ], [ -76.058789256621395, 38.563915731572258 ], [ -76.057995962478827, 38.563550800547418 ], [ -76.058220196346781, 38.56296196163786 ], [ -76.056997149968922, 38.562677829725708 ], [ -76.057389796393096, 38.56260019156548 ], [ -76.056687005718757, 38.562264501963803 ], [ -76.056005439539661, 38.562993163560179 ], [ -76.055568740632282, 38.564028466720629 ], [ -76.054953541986364, 38.56422351828963 ], [ -76.054268385241073, 38.563980616870843 ], [ -76.053997085940409, 38.563473884001752 ], [ -76.052489615875615, 38.562504908573402 ], [ -76.052287520089521, 38.562105395762536 ], [ -76.051653639180643, 38.561581348886129 ], [ -76.051679710985141, 38.560970637628849 ], [ -76.050809256949535, 38.560218867006164 ], [ -76.050404520099974, 38.559604527273621 ], [ -76.05023453549201, 38.559768719094542 ], [ -76.0505370934696, 38.560119694949663 ], [ -76.050407038976033, 38.560405180038295 ], [ -76.050677625912655, 38.561181949652308 ], [ -76.050395634863492, 38.561823546155111 ], [ -76.050459047837734, 38.562171116470019 ], [ -76.05143970090414, 38.562880681061905 ], [ -76.051708979893718, 38.563357312122179 ], [ -76.052356871826078, 38.563872284322287 ], [ -76.052568614620014, 38.564507763498668 ], [ -76.053015583966044, 38.56450679208109 ], [ -76.053473122889713, 38.565076369248324 ], [ -76.053781969074279, 38.565165155213705 ], [ -76.054020081913379, 38.565599265414228 ], [ -76.054466420642086, 38.565600526903339 ], [ -76.055816264222287, 38.566497544708 ], [ -76.056108315504304, 38.567191336951026 ], [ -76.05541499936129, 38.567375269835019 ], [ -76.053714968228817, 38.567402979059771 ], [ -76.05221920231385, 38.566599893952237 ], [ -76.049775009494951, 38.564664889240277 ], [ -76.048885655804114, 38.56362843768072 ], [ -76.045987145420156, 38.562060201195166 ], [ -76.043789179922328, 38.561810553397748 ], [ -76.040675479010389, 38.562082297303931 ], [ -76.040899579927682, 38.561662630931622 ], [ -76.040031775922188, 38.56139320977713 ], [ -76.042566629414509, 38.554074388286736 ], [ -76.04374631321528, 38.553897273571287 ], [ -76.050350577165474, 38.554636206877291 ], [ -76.053451557034677, 38.548385147471791 ], [ -76.044163875312179, 38.543286867834453 ], [ -76.040926106279699, 38.543445982665013 ], [ -76.041254299480556, 38.544807367421633 ], [ -76.037024260368398, 38.544927089586857 ], [ -76.037284565188287, 38.545798492828879 ], [ -76.034940638728131, 38.546319531812372 ], [ -76.034643453574262, 38.545293883572121 ], [ -76.03277182984948, 38.544862617074685 ], [ -76.028120236527315, 38.539489644899909 ], [ -76.026830260270899, 38.537541264588882 ], [ -76.023934856261207, 38.537945805115157 ], [ -76.023755831008231, 38.536971838852203 ], [ -76.022831577768613, 38.537100637757888 ], [ -76.02199562353151, 38.534736120120002 ], [ -76.021823542255689, 38.533711447876279 ], [ -76.025197815685459, 38.533151300560604 ], [ -76.026257597752007, 38.533253721174603 ], [ -76.030849657923653, 38.535775538960294 ], [ -76.02991351458293, 38.534953732253832 ], [ -76.030165665394975, 38.534862190273195 ], [ -76.028704831368131, 38.532875431325536 ], [ -76.028023578701067, 38.530992545884757 ], [ -76.026470052011646, 38.528503046502287 ], [ -76.0272196467089, 38.52821152810175 ], [ -76.02691468573795, 38.527685707085986 ], [ -76.033364729615101, 38.526912991778573 ], [ -76.034145983637913, 38.527483837295136 ], [ -76.034378457751984, 38.528161942505022 ], [ -76.034380704438504, 38.529566452781459 ], [ -76.034785108911436, 38.530312203144589 ], [ -76.034604558319089, 38.530341083353591 ], [ -76.033899750926963, 38.531487826361129 ], [ -76.03421311833236, 38.5318390358402 ], [ -76.034232225498457, 38.532580828874295 ], [ -76.033735122074731, 38.533456883912201 ], [ -76.031953141232151, 38.535092634482723 ], [ -76.031057751760912, 38.534879229764073 ], [ -76.030180801109196, 38.535054001486195 ], [ -76.031368321812508, 38.536140548443953 ], [ -76.032643667207893, 38.538156751276986 ], [ -76.034570028876217, 38.540009379120356 ], [ -76.037060272031511, 38.539186609674118 ], [ -76.053530651000486, 38.548227562499584 ], [ -76.053973718064938, 38.547505451584975 ], [ -76.054661785351755, 38.546834353478353 ], [ -76.05637992023216, 38.545991922429138 ], [ -76.057949394712807, 38.545783692242473 ], [ -76.066555091641291, 38.546226370803481 ], [ -76.066520659216451, 38.545557178111608 ], [ -76.067421741311662, 38.545528346868728 ], [ -76.067339818551005, 38.544541926522882 ], [ -76.07164873333835, 38.54646308140812 ], [ -76.071468641785145, 38.545106022215442 ], [ -76.073164646668516, 38.545835187956271 ], [ -76.073315592382315, 38.547199314571721 ], [ -76.072796871899612, 38.547206403482043 ], [ -76.073182886960353, 38.550209858529399 ], [ -76.072833973219161, 38.550058090372616 ], [ -76.072940621209696, 38.551036713539702 ], [ -76.073914017685254, 38.551467770890163 ], [ -76.074127131308302, 38.553571482375077 ], [ -76.073730368803524, 38.553466316492845 ], [ -76.073679772991781, 38.553569947400092 ], [ -76.073925382271909, 38.556832831839387 ], [ -76.074423467554254, 38.556808062607978 ], [ -76.074741389418122, 38.559628505991526 ], [ -76.076309512832594, 38.559834984928273 ], [ -76.076205972114636, 38.560297794608836 ], [ -76.075107251673799, 38.560146423554052 ], [ -76.074459804407496, 38.561661567457691 ], [ -76.075121737906045, 38.561897726417072 ], [ -76.075294183897896, 38.561642152382788 ], [ -76.075896057833205, 38.561808169366643 ], [ -76.07579571511765, 38.562070566846792 ], [ -76.078167920542938, 38.562552724987299 ], [ -76.078122799962841, 38.562780471698169 ], [ -76.07856087958082, 38.562828314620482 ], [ -76.078374504312194, 38.563265072275904 ], [ -76.079062048779505, 38.563524327480941 ], [ -76.079330521980268, 38.562872150937011 ], [ -76.079176802268847, 38.562830707749143 ], [ -76.079357311538672, 38.561984496842008 ], [ -76.079928112748306, 38.562062322511821 ], [ -76.079950504155079, 38.561936173602412 ], [ -76.079600415417502, 38.561888374338963 ], [ -76.079773855844351, 38.56091206941143 ], [ -76.079584446066676, 38.560868276855146 ], [ -76.07968400006142, 38.560373282982503 ], [ -76.079862920211511, 38.560394474165946 ], [ -76.080034407700921, 38.559487496039182 ], [ -76.081490623488875, 38.558982178543211 ], [ -76.080734148594857, 38.563891811179474 ], [ -76.081069151025559, 38.563950171866622 ], [ -76.081015588078429, 38.564190799011008 ], [ -76.081163400468526, 38.564212733614724 ], [ -76.080874473527075, 38.565636520774461 ], [ -76.081218974743578, 38.565676969168528 ], [ -76.080510716922447, 38.568630144735209 ], [ -76.080751198618955, 38.56879376107446 ], [ -76.072951844760851, 38.574798913971946 ], [ -76.072811368013348, 38.575219748796336 ], [ -76.071771270729641, 38.57599241353509 ], [ -76.071124316638418, 38.574867595896109 ], [ -76.071606057074135, 38.574660032959642 ], [ -76.071819403360863, 38.574895813503908 ], [ -76.07205892745327, 38.574771830538211 ], [ -76.071858306700875, 38.574543314186052 ], [ -76.072393004619229, 38.574148806207099 ], [ -76.07218627352627, 38.57390563845388 ], [ -76.072087825357656, 38.573316524811268 ], [ -76.072466087957494, 38.572461361286607 ], [ -76.072607816058181, 38.572357750593106 ], [ -76.073497669212315, 38.572523848170079 ], [ -76.073843375967954, 38.572989134672703 ], [ -76.075072568618978, 38.572145981911376 ], [ -76.075221863229302, 38.571951894368375 ], [ -76.074794028897145, 38.571537437223931 ], [ -76.075279537765496, 38.571198886626597 ], [ -76.075044377688727, 38.570797575001492 ], [ -76.075099862132262, 38.570301546139227 ], [ -76.074951499973196, 38.570199552636744 ], [ -76.074243708377693, 38.570377536714339 ], [ -76.072064199665689, 38.570706153096637 ] ], [ [ -76.07413781407368, 38.570353070645979 ], [ -76.074178918286123, 38.570230638339353 ], [ -76.074137580511703, 38.570353117702837 ], [ -76.07413781407368, 38.570353070645979 ] ], [ [ -76.073127001868215, 38.57043505564625 ], [ -76.074998021925126, 38.570023503780838 ], [ -76.075247363705287, 38.569823482696847 ], [ -76.075550116617293, 38.568172232909596 ], [ -76.073287019668072, 38.567821507791393 ], [ -76.073341008416676, 38.567354063150596 ], [ -76.073743347662742, 38.567352782025914 ], [ -76.073822448815093, 38.567223905258231 ], [ -76.073476556108204, 38.567212788811453 ], [ -76.073087186738192, 38.566563526898172 ], [ -76.075890781129218, 38.566904462829925 ], [ -76.075997833361626, 38.566373157428103 ], [ -76.075659750607812, 38.566331649532998 ], [ -76.075528212995707, 38.566110878205194 ], [ -76.073103945708127, 38.565887861375643 ], [ -76.073397402853573, 38.565279430853344 ], [ -76.07188069990427, 38.565143178054747 ], [ -76.071083830466861, 38.564895691700166 ], [ -76.071503646436796, 38.565289251687496 ], [ -76.071935740580045, 38.565329639871429 ], [ -76.072650570475815, 38.567496318422357 ], [ -76.071886152678047, 38.567675430877607 ], [ -76.071903729114908, 38.567812231637333 ], [ -76.072008155571737, 38.568058520952121 ], [ -76.072164625026232, 38.56801844474704 ], [ -76.072733345737674, 38.568439684516754 ], [ -76.072707378137736, 38.568654323423395 ], [ -76.073064418038996, 38.568769312728087 ], [ -76.073169686217241, 38.569088501042152 ], [ -76.072719886279756, 38.569461319434922 ], [ -76.072997749570192, 38.569454751053684 ], [ -76.073127001868215, 38.57043505564625 ] ] ], [ [ [ -75.76754162272583, 38.691455613501134 ], [ -75.772302997362232, 38.690096491810422 ], [ -75.772139383606273, 38.689412384671634 ], [ -75.772203560148483, 38.688967249901204 ], [ -75.773285638400381, 38.686830078799233 ], [ -75.773269952018893, 38.686224281485252 ], [ -75.772208296964962, 38.686301799941766 ], [ -75.772167910506425, 38.68607450128475 ], [ -75.773804138795839, 38.685115870564807 ], [ -75.773485079664823, 38.68566718461571 ], [ -75.773547677867072, 38.686974750577001 ], [ -75.772504845213305, 38.688926767221886 ], [ -75.772420044250495, 38.689390953213618 ], [ -75.773594586094589, 38.68909993209909 ], [ -75.773491128021632, 38.689545109516864 ], [ -75.773592652021776, 38.689576123884478 ], [ -75.773742267330647, 38.689413495334939 ], [ -75.77653685521264, 38.688570309001719 ], [ -75.776221486360811, 38.688578900616015 ], [ -75.776059810270908, 38.688212455744818 ], [ -75.776321221815209, 38.68813417506248 ], [ -75.775984821605945, 38.687207689615519 ], [ -75.776995708371558, 38.687057881321991 ], [ -75.777234795882734, 38.686497521224354 ], [ -75.77803824188635, 38.686687320312096 ], [ -75.778373989020409, 38.685664541042506 ], [ -75.778300591271815, 38.684325344075582 ], [ -75.778468088444725, 38.684377993521295 ], [ -75.778689534840368, 38.68356210788501 ], [ -75.777912793953547, 38.683497701646793 ], [ -75.777958088806812, 38.68305754463627 ], [ -75.780822307801415, 38.682626136429597 ], [ -75.783590314534138, 38.6828980266977 ], [ -75.782145098616837, 38.687280620475654 ], [ -75.781282572213641, 38.687527153985968 ], [ -75.781261937911566, 38.685757858417041 ], [ -75.781482574026811, 38.6850205826278 ], [ -75.781314783104776, 38.684981174788938 ], [ -75.781090563609865, 38.685701021643141 ], [ -75.781109754319274, 38.68757601462648 ], [ -75.77974752117467, 38.687969701909104 ], [ -75.779902483256123, 38.688199188563551 ], [ -75.780482558672745, 38.688017994984698 ], [ -75.780723582951694, 38.688797803073015 ], [ -75.780005853294185, 38.688933154981413 ], [ -75.780427832407312, 38.690549995674765 ], [ -75.780791539604621, 38.69041796123927 ], [ -75.780898213646282, 38.690811452685068 ], [ -75.78028549345224, 38.690916392112896 ], [ -75.780046705080053, 38.689575676534986 ], [ -75.779592403684674, 38.68828099404405 ], [ -75.7785859168673, 38.688549589695143 ], [ -75.778649862542494, 38.688925188161996 ], [ -75.778467699474234, 38.688935294985924 ], [ -75.778565038223462, 38.689346840079644 ], [ -75.77828574930669, 38.689365738900399 ], [ -75.778041509957347, 38.688696137167483 ], [ -75.776905943318482, 38.689032155364721 ], [ -75.776975993944347, 38.689347227129353 ], [ -75.776724868110037, 38.689360379104727 ], [ -75.776727595395243, 38.689637298549329 ], [ -75.776333605091409, 38.68965615031464 ], [ -75.776208505704943, 38.689244587367178 ], [ -75.776007423218473, 38.689304693721162 ], [ -75.776211877980515, 38.690009117606429 ], [ -75.775615852976031, 38.690078352549669 ], [ -75.77551727814496, 38.689453003104362 ], [ -75.774881499095883, 38.689639449050368 ], [ -75.774935614506916, 38.689922630277437 ], [ -75.775378691452801, 38.689850271462134 ], [ -75.775518154002356, 38.690364413134752 ], [ -75.775079892026369, 38.69043953332411 ], [ -75.775252967737217, 38.691090555534203 ], [ -75.774966086259653, 38.691279946283395 ], [ -75.774114934324587, 38.691170679834961 ], [ -75.773802520930019, 38.689959299425595 ], [ -75.772603050836793, 38.690363390833284 ], [ -75.773370662145382, 38.692978014502941 ], [ -75.773985292157732, 38.692864833365086 ], [ -75.774032927122306, 38.693044165760604 ], [ -75.773456955209895, 38.693243393223653 ], [ -75.774068136589861, 38.69317672120367 ], [ -75.774208373487184, 38.693550808970144 ], [ -75.774724232835723, 38.693458484052243 ], [ -75.774201122286215, 38.693843404952929 ], [ -75.774297836706324, 38.694201560976971 ], [ -75.774666962541417, 38.694142119201643 ], [ -75.77492948260678, 38.695104124068649 ], [ -75.775135299214782, 38.695079537869937 ], [ -75.775252205965856, 38.695530762365927 ], [ -75.774191596550949, 38.695715556771781 ], [ -75.77534755943833, 38.697001019137289 ], [ -75.777232377618006, 38.698140668121546 ], [ -75.78157360390783, 38.698402385535545 ], [ -75.782383367762804, 38.6982519998501 ], [ -75.782579573295578, 38.698118756927762 ], [ -75.781952906756757, 38.695837317130632 ], [ -75.783028836938854, 38.695644483351181 ], [ -75.782741277233242, 38.694791098296569 ], [ -75.7832898684958, 38.694676343898955 ], [ -75.783185343224275, 38.694142570729369 ], [ -75.785313541065577, 38.693821582187752 ], [ -75.785490029476179, 38.694479685849345 ], [ -75.78627970250983, 38.694026811271634 ], [ -75.786478856313394, 38.69654847672188 ], [ -75.789464712587346, 38.695997506632352 ], [ -75.789029929786452, 38.710477643577285 ], [ -75.788515499657564, 38.713412823025507 ], [ -75.789296523711656, 38.713181345277228 ], [ -75.790073089426997, 38.712692075345885 ], [ -75.791230268633285, 38.712713195610803 ], [ -75.792427076120006, 38.712266189210602 ], [ -75.793044671471094, 38.712793904110562 ], [ -75.792673135456113, 38.713454948869845 ], [ -75.792132443978176, 38.713199028673337 ], [ -75.789816675210602, 38.713741545402044 ], [ -75.791442561196178, 38.714948025872111 ], [ -75.791828146862215, 38.714958321072544 ], [ -75.790220111299661, 38.71818653835426 ], [ -75.788365743313165, 38.71801046439095 ], [ -75.786584538614989, 38.71984592196528 ], [ -75.785299407871207, 38.719511452401413 ], [ -75.786232257988104, 38.716554769232545 ], [ -75.78321917377788, 38.71598851842122 ], [ -75.785229572841004, 38.712915137720202 ], [ -75.785395336265438, 38.712978267687447 ], [ -75.78541892243156, 38.71322960871386 ], [ -75.787243701709215, 38.713301660696494 ], [ -75.787473356909928, 38.713509581564828 ], [ -75.78827360131784, 38.71345316427491 ], [ -75.788589575634191, 38.711701182972234 ], [ -75.788955352549891, 38.70056012095759 ], [ -75.785950488822834, 38.700447260287007 ], [ -75.783381787708919, 38.699929757226819 ], [ -75.783367022100606, 38.70047989640539 ], [ -75.779985040227359, 38.699832480442701 ], [ -75.780057995106532, 38.698911498567874 ], [ -75.781625190561329, 38.699081018189581 ], [ -75.782634645412386, 38.69898992870619 ], [ -75.782501746852631, 38.698428339816886 ], [ -75.781568292169553, 38.698539652168286 ], [ -75.777163990672051, 38.698270586436692 ], [ -75.775463519365076, 38.697193808595749 ], [ -75.774103168191004, 38.695763508785006 ], [ -75.773573407413451, 38.69607136731986 ], [ -75.773119926179916, 38.695567566759351 ], [ -75.773162261084323, 38.695394538830627 ], [ -75.772745334994639, 38.694935672645911 ], [ -75.772604507005866, 38.694521580960419 ], [ -75.772553551868015, 38.693892414126672 ], [ -75.772882255311941, 38.693848412443991 ], [ -75.772709028684119, 38.693313307244196 ], [ -75.77234237052113, 38.693381916379622 ], [ -75.772297964101696, 38.693078898862417 ], [ -75.773203571010981, 38.692904890326226 ], [ -75.773166918849057, 38.692788667513298 ], [ -75.772293870478933, 38.692946827726956 ], [ -75.772274092271331, 38.692217396149104 ], [ -75.772965035065369, 38.692090328232695 ], [ -75.772431251631957, 38.690264489754419 ], [ -75.766821782027407, 38.691822073312906 ], [ -75.764471908720083, 38.691994656939507 ], [ -75.763603333061766, 38.693123724857855 ], [ -75.765780792716598, 38.694075938810762 ], [ -75.7654874209111, 38.694418605069593 ], [ -75.765692125404811, 38.694526917232231 ], [ -75.765550736867283, 38.69468172362896 ], [ -75.765928376934639, 38.694887086262838 ], [ -75.765681190212845, 38.69517310097666 ], [ -75.76512641225294, 38.695283125531169 ], [ -75.765247350643008, 38.695775810531757 ], [ -75.764606679368896, 38.696179868382877 ], [ -75.76441543972301, 38.696016328677203 ], [ -75.764247390984494, 38.69527315632228 ], [ -75.763906353671715, 38.694729685449857 ], [ -75.762629397597024, 38.694241211936991 ], [ -75.762702944465971, 38.693508461057633 ], [ -75.763142045468427, 38.693565208194201 ], [ -75.763492382141024, 38.692901320110515 ], [ -75.764277485444822, 38.691979134155126 ], [ -75.762332310359525, 38.691572457599833 ], [ -75.760348792482944, 38.690608692292301 ], [ -75.757471582951013, 38.691269026447273 ], [ -75.757299408250404, 38.690745295856992 ], [ -75.75440400873228, 38.691409617632054 ], [ -75.753538359785153, 38.69069387883426 ], [ -75.752465173057942, 38.688028676211253 ], [ -75.750464270983969, 38.688283392105021 ], [ -75.750714253262913, 38.685168944366914 ], [ -75.749417859442119, 38.684463296171756 ], [ -75.75038139151755, 38.684122131942125 ], [ -75.751183226841832, 38.684074584448005 ], [ -75.750625212251975, 38.681303243599658 ], [ -75.750760652145672, 38.681193494176505 ], [ -75.751528571576401, 38.682124178028126 ], [ -75.751792042957661, 38.680079160262558 ], [ -75.752694265014966, 38.680800821502132 ], [ -75.752858193181254, 38.681332865340131 ], [ -75.753125607268288, 38.681413543339488 ], [ -75.754423426715462, 38.682823641905635 ], [ -75.755741275000204, 38.683252082690409 ], [ -75.756027399197976, 38.683068389290653 ], [ -75.756902158858708, 38.683287823314195 ], [ -75.758083846800886, 38.684990246468502 ], [ -75.759806404985738, 38.685651855395719 ], [ -75.761693821991543, 38.685260578765742 ], [ -75.765865330473048, 38.689872924223941 ], [ -75.766034086185698, 38.689821966543228 ], [ -75.76754162272583, 38.691455613501134 ] ] ], [ [ [ -76.33091732407955, 38.720682574028388 ], [ -76.331505136685706, 38.720001696831218 ], [ -76.331856213570106, 38.720195852659572 ], [ -76.331936428633412, 38.720072089322365 ], [ -76.331657209785206, 38.719917829906535 ], [ -76.33189874520555, 38.719648260085876 ], [ -76.332104600441113, 38.719776254660729 ], [ -76.332293004105651, 38.719602887208602 ], [ -76.332445312563749, 38.719152191682831 ], [ -76.332102989761793, 38.719143391373002 ], [ -76.331903498191707, 38.718998251287289 ], [ -76.331960011206249, 38.718880712560413 ], [ -76.331559870137653, 38.718733005286126 ], [ -76.331521689941454, 38.71852428587772 ], [ -76.330702577319315, 38.718033691378849 ], [ -76.330899390113217, 38.717719954334719 ], [ -76.330664046780129, 38.717952236032417 ], [ -76.330385065985496, 38.717817267060965 ], [ -76.330649046711514, 38.717551565296922 ], [ -76.330459255149876, 38.717443096660851 ], [ -76.330558245002607, 38.717336577070306 ], [ -76.33033226211478, 38.717366412384308 ], [ -76.330482493667958, 38.717207143375937 ], [ -76.330086563901418, 38.716975755715616 ], [ -76.329817979309567, 38.717237377558114 ], [ -76.329567651179232, 38.717138641906999 ], [ -76.329386974822768, 38.716714789666952 ], [ -76.328842005567452, 38.716180484282305 ], [ -76.329597298278557, 38.715708153653331 ], [ -76.333587024577483, 38.718138490635695 ], [ -76.3333718053034, 38.717902913224648 ], [ -76.333547594824722, 38.717702768293471 ], [ -76.33329634951447, 38.717555148300029 ], [ -76.333492480487081, 38.717331541085045 ], [ -76.333987184510676, 38.717575497539592 ], [ -76.333536614716991, 38.717261412938782 ], [ -76.333883475807752, 38.716865740004444 ], [ -76.334334985239238, 38.717039910324935 ], [ -76.334098462418197, 38.716893643114602 ], [ -76.334260276848624, 38.716650203005614 ], [ -76.333782680341301, 38.71638347216971 ], [ -76.33392328285295, 38.716218316101106 ], [ -76.333414786994808, 38.716028896066383 ], [ -76.333722787864687, 38.715560789581517 ], [ -76.334974440194458, 38.716054348402999 ], [ -76.334344811910128, 38.715713906091629 ], [ -76.33468991409957, 38.715119674033602 ], [ -76.335470807897963, 38.715229209496201 ], [ -76.33515500605813, 38.715149931528316 ], [ -76.335285623795386, 38.714911516029062 ], [ -76.334921097334558, 38.714775526372271 ], [ -76.334997613135513, 38.71456134497695 ], [ -76.335347305716056, 38.714643573807848 ], [ -76.335451943276979, 38.714378460944083 ], [ -76.335744068220862, 38.714476348076445 ], [ -76.33587783904477, 38.714233377770668 ], [ -76.336134281108926, 38.714207460767824 ], [ -76.334324328525014, 38.713783713108832 ], [ -76.334641114918384, 38.713026314669207 ], [ -76.335765533464567, 38.713519138882596 ], [ -76.334669048930451, 38.712959049867003 ], [ -76.334223576177706, 38.713760123056019 ], [ -76.333932436685686, 38.713692019220204 ], [ -76.334100189878484, 38.71279124962377 ], [ -76.334614636177065, 38.712819783073861 ], [ -76.335672490459018, 38.713321469318885 ], [ -76.335831619825086, 38.713072424909349 ], [ -76.335273726507765, 38.712413279694324 ], [ -76.334925517944072, 38.712296720583545 ], [ -76.335218019282053, 38.712221282687246 ], [ -76.335117962230768, 38.712011991209899 ], [ -76.337442272180041, 38.712148289637021 ], [ -76.337543729704862, 38.711824055168854 ], [ -76.335219193380127, 38.711655984495323 ], [ -76.335233491864514, 38.710545481303349 ], [ -76.334928311704616, 38.710237035975759 ], [ -76.335059381294457, 38.709700987206901 ], [ -76.337482153785388, 38.710092739300997 ], [ -76.337651076584692, 38.709311547606283 ], [ -76.339086824258899, 38.709548722824827 ], [ -76.339029465929698, 38.709767917904927 ], [ -76.339243997094272, 38.709804044137094 ], [ -76.339107693021262, 38.710323390791764 ], [ -76.338098326205085, 38.710174857611761 ], [ -76.338786708800555, 38.710336351049911 ], [ -76.338384361469636, 38.712269914071058 ], [ -76.338289822769156, 38.712390362803212 ], [ -76.337597584604467, 38.712216669016115 ], [ -76.337126611375723, 38.712981855125498 ], [ -76.33775199062876, 38.713236531926114 ], [ -76.335769219252185, 38.716253082105581 ], [ -76.334407605046806, 38.717731542994883 ], [ -76.334183269669211, 38.718166979897624 ], [ -76.334768084597286, 38.718266602160142 ], [ -76.334619501452636, 38.718478165136638 ], [ -76.334358503133373, 38.718374058158638 ], [ -76.334146940002498, 38.718711384963363 ], [ -76.334430071013756, 38.718831313996617 ], [ -76.334960837904433, 38.718058176466641 ], [ -76.335601282803083, 38.71831977822643 ], [ -76.33497693661262, 38.719225125014574 ], [ -76.33541388704829, 38.719382668158559 ], [ -76.33601693777662, 38.718409420975462 ], [ -76.336224000347912, 38.718285109950521 ], [ -76.336463595407253, 38.718376812665802 ], [ -76.336174612770222, 38.71893930812805 ], [ -76.336494650166628, 38.719056596542408 ], [ -76.336959340578261, 38.718277346856105 ], [ -76.336558275143247, 38.719079915006311 ], [ -76.336790082707367, 38.719164865781103 ], [ -76.336260503389482, 38.72038070177296 ], [ -76.337059771328697, 38.718864758958709 ], [ -76.337264196446341, 38.718932720492141 ], [ -76.337526533255385, 38.718482896153375 ], [ -76.338409949980502, 38.71882645894582 ], [ -76.337502419778218, 38.720345351145561 ], [ -76.337773981386917, 38.720466107269196 ], [ -76.337969986595397, 38.720172109829676 ], [ -76.338151052820677, 38.720212481607042 ], [ -76.338304277560383, 38.719767893878782 ], [ -76.338085530602172, 38.719672434130793 ], [ -76.33822417658314, 38.719446522031703 ], [ -76.338421812233847, 38.71960290613238 ], [ -76.338334450174145, 38.719762528651827 ], [ -76.338865889004666, 38.719949763269476 ], [ -76.338510723887396, 38.720646430866196 ], [ -76.337892440426813, 38.720438922545966 ], [ -76.337789070388752, 38.72048913160797 ], [ -76.337558851046055, 38.720458022711441 ], [ -76.336973129717848, 38.7202591752446 ], [ -76.336364704369188, 38.720296036297199 ], [ -76.336315168569485, 38.720381893957494 ], [ -76.335792686840662, 38.72045409782833 ], [ -76.334837567487881, 38.720349219964838 ], [ -76.334497782426595, 38.720074573926894 ], [ -76.333561178250136, 38.719745549861102 ], [ -76.334009529205062, 38.719076162465306 ], [ -76.333577397332562, 38.718887225907054 ], [ -76.333071472452758, 38.71964323687935 ], [ -76.33281881139763, 38.719524476175664 ], [ -76.332298772188096, 38.719916382594953 ], [ -76.332982077505577, 38.720333504987849 ], [ -76.332353142720663, 38.72100512548257 ], [ -76.332508877353263, 38.721091826834183 ], [ -76.332404548812804, 38.721206939736405 ], [ -76.332559371655393, 38.72112019647254 ], [ -76.333055913632052, 38.721412664934682 ], [ -76.333781818856963, 38.720641571032587 ], [ -76.333202854656321, 38.720401570255412 ], [ -76.333278835061378, 38.72026806022275 ], [ -76.33491475253372, 38.720905569414612 ], [ -76.334350613230242, 38.721317070014472 ], [ -76.334258855713855, 38.721727404818068 ], [ -76.333862360907005, 38.721857693082541 ], [ -76.334245595681935, 38.722052302929399 ], [ -76.333978791550976, 38.72218291159313 ], [ -76.334032283531201, 38.722604972268513 ], [ -76.33135894216143, 38.721147938124439 ], [ -76.331248615569805, 38.721032653414888 ], [ -76.331349209813638, 38.720920408181513 ], [ -76.33091732407955, 38.720682574028388 ] ] ], [ [ [ -76.076428189264789, 38.7954736252264 ], [ -76.081068227557452, 38.789787276662544 ], [ -76.075537936360334, 38.786889620081183 ], [ -76.07507090943065, 38.785498272192591 ], [ -76.075753514062228, 38.779039209315123 ], [ -76.07620502439201, 38.776812219317939 ], [ -76.076379393676874, 38.776823726257703 ], [ -76.076423642891129, 38.775842829137844 ], [ -76.075816037704314, 38.768271892017516 ], [ -76.077753053391888, 38.768170268401278 ], [ -76.077973127161783, 38.770652718229414 ], [ -76.077146563014338, 38.770680376908075 ], [ -76.077190152865199, 38.771357811228675 ], [ -76.079039350148904, 38.77086417157043 ], [ -76.079132014065408, 38.771805220389012 ], [ -76.08060991338769, 38.771441717206258 ], [ -76.080263316401627, 38.768850751573503 ], [ -76.080103368670336, 38.768780868015831 ], [ -76.080240264733106, 38.768633321361065 ], [ -76.08269227469161, 38.769703958336002 ], [ -76.083409795939971, 38.768696771201725 ], [ -76.084177354247956, 38.769062466600303 ], [ -76.085472896465888, 38.768028945685288 ], [ -76.086503771644914, 38.769991926088487 ], [ -76.093359220718199, 38.768312493656012 ], [ -76.092998993594335, 38.767256063285032 ], [ -76.093609789597039, 38.767156294318291 ], [ -76.093708612363145, 38.767012396268477 ], [ -76.09396962415714, 38.767134318132946 ], [ -76.094059592229485, 38.767201227247369 ], [ -76.09350149679122, 38.767302199459628 ], [ -76.093876848849533, 38.76818729521564 ], [ -76.09369231243231, 38.768231938228823 ], [ -76.093885857155215, 38.768753102140217 ], [ -76.093984694294335, 38.768729166031896 ], [ -76.093840391622052, 38.768339882886806 ], [ -76.094916914692234, 38.768184168613743 ], [ -76.094390886414672, 38.768372841002069 ], [ -76.094421755222783, 38.768641144119947 ], [ -76.094236259404823, 38.768784991257625 ], [ -76.094372313746177, 38.768918524067786 ], [ -76.094091221012306, 38.769354745054649 ], [ -76.093831036566684, 38.769425628909566 ], [ -76.093678290629029, 38.768815396218535 ], [ -76.093336301102056, 38.768871929478053 ], [ -76.093228975781798, 38.768487720114287 ], [ -76.090554987625012, 38.769131519914794 ], [ -76.090715570465207, 38.769568440689703 ], [ -76.090163724606398, 38.769724890851258 ], [ -76.090021781808346, 38.769264748105769 ], [ -76.088850420000341, 38.769554233976059 ], [ -76.089119722346112, 38.771081813500643 ], [ -76.092582955938482, 38.770964639230087 ], [ -76.092456234194614, 38.771516874051855 ], [ -76.09122553776379, 38.772079027376549 ], [ -76.090913210607496, 38.772940041628161 ], [ -76.091129700997712, 38.773161027722288 ], [ -76.09094196208649, 38.773460839878013 ], [ -76.089979289698775, 38.773138212260299 ], [ -76.089904758276276, 38.772899695452338 ], [ -76.087797998729243, 38.772985982929569 ], [ -76.087570099734933, 38.771054632633749 ], [ -76.087214041692292, 38.769958171681679 ], [ -76.079720931599383, 38.771833024297294 ], [ -76.079773059936997, 38.772332592126808 ], [ -76.079513995690533, 38.772360021135526 ], [ -76.07948034479999, 38.771892236871743 ], [ -76.079152214481212, 38.771972883415664 ], [ -76.079168755160524, 38.772254472901871 ], [ -76.078776405180406, 38.77241879134408 ], [ -76.078619904284878, 38.772416354083923 ], [ -76.078500346605395, 38.772133262253682 ], [ -76.077780741265585, 38.772310179108644 ], [ -76.077818839715093, 38.772653639174521 ], [ -76.078164090126563, 38.772639807067456 ], [ -76.078218378912439, 38.773461874998034 ], [ -76.079866779373958, 38.773412852452964 ], [ -76.079908729799428, 38.774510756934156 ], [ -76.080213162561009, 38.774503667376308 ], [ -76.080244972803513, 38.775029939244824 ], [ -76.07872905857505, 38.775086114610112 ], [ -76.078888797897179, 38.77682958722577 ], [ -76.07652357238166, 38.77688058792274 ], [ -76.076522991171657, 38.777044881701471 ], [ -76.07634095925745, 38.777049362327332 ], [ -76.075274008634921, 38.784390272672923 ], [ -76.07525546022093, 38.785436987717048 ], [ -76.075569873265323, 38.78669216687441 ], [ -76.081048736810729, 38.789646510719244 ], [ -76.081088779214511, 38.789797700413054 ], [ -76.086353046018331, 38.79256297368574 ], [ -76.087203005889009, 38.792846167162175 ], [ -76.08504958874444, 38.794051079574018 ], [ -76.084417060698371, 38.79471887357613 ], [ -76.083957802399254, 38.795760549348799 ], [ -76.08304347644183, 38.795776520777643 ], [ -76.081860204769811, 38.79606091971236 ], [ -76.080220790156076, 38.797432640223455 ], [ -76.0776023978339, 38.798358259540947 ], [ -76.08217092214511, 38.800353391891953 ], [ -76.080803196700856, 38.802580082750552 ], [ -76.078666610391451, 38.801479549022069 ], [ -76.076095123601846, 38.803787177181952 ], [ -76.073830645942053, 38.803338952199013 ], [ -76.07190823416606, 38.801547415122194 ], [ -76.076428189264789, 38.7954736252264 ] ] ], [ [ [ -76.288783051217024, 38.974409961339745 ], [ -76.288743054627318, 38.974644019077665 ], [ -76.290013668596103, 38.974819253717449 ], [ -76.289943220016582, 38.97526660399236 ], [ -76.291941046258998, 38.975520289203274 ], [ -76.297036298635376, 38.974501958853672 ], [ -76.299580190976073, 38.97430102181486 ], [ -76.30420942882408, 38.974738521345351 ], [ -76.3074288228174, 38.975405564038368 ], [ -76.307798251384725, 38.974535210508598 ], [ -76.310520059559039, 38.974404081724444 ], [ -76.310685921798139, 38.970801790809304 ], [ -76.312386963535317, 38.970805129907916 ], [ -76.313435660391264, 38.972135800899316 ], [ -76.313380062760004, 38.974405304578312 ], [ -76.315914030513454, 38.974465320069413 ], [ -76.315860017510374, 38.975126895023756 ], [ -76.321540247409843, 38.976442345889112 ], [ -76.322500771027407, 38.97583648447528 ], [ -76.323300673177201, 38.975009324067912 ], [ -76.323093360874239, 38.974009619809109 ], [ -76.323730538600216, 38.97396723450894 ], [ -76.324235116007088, 38.973584582605589 ], [ -76.324871361281794, 38.974096736882125 ], [ -76.328754528523405, 38.971182837445149 ], [ -76.332252194540615, 38.967479368368174 ], [ -76.332241072499073, 38.967276104442121 ], [ -76.334643468504424, 38.964616668435738 ], [ -76.33680706176456, 38.962773139684735 ], [ -76.33877060380415, 38.959450006786589 ], [ -76.338945259651595, 38.959510510642566 ], [ -76.340246943651096, 38.958088880248305 ], [ -76.341591034420247, 38.957196215490242 ], [ -76.345922055848419, 38.955512800279998 ], [ -76.346669846728588, 38.954761778439263 ], [ -76.347454281685813, 38.953273009106553 ], [ -76.348170717769293, 38.953638255254361 ], [ -76.348475891641016, 38.953128732726938 ], [ -76.349877045193622, 38.952738575796154 ], [ -76.350319025296557, 38.952850718670526 ], [ -76.350263582175529, 38.952983948181753 ], [ -76.351147348345307, 38.952812810531469 ], [ -76.351591397268336, 38.954224525036985 ], [ -76.351158923137746, 38.954646270785915 ], [ -76.351310339568769, 38.954785550013739 ], [ -76.351574782927173, 38.954768952036119 ], [ -76.351878403611735, 38.954206497646126 ], [ -76.352147181341365, 38.954167237094232 ], [ -76.352470179584927, 38.953638689072115 ], [ -76.353119928334991, 38.953516360045661 ], [ -76.353444313577356, 38.954566780532232 ], [ -76.353069628967276, 38.955260907877353 ], [ -76.352260281930583, 38.954994553567339 ], [ -76.352140288568194, 38.955215082807591 ], [ -76.352482856610223, 38.956173394745242 ], [ -76.351707439840112, 38.956281640544475 ], [ -76.351878691072613, 38.956812559985131 ], [ -76.351156121292391, 38.957222178977709 ], [ -76.350896909722195, 38.956406023430574 ], [ -76.349873795987236, 38.956604112949293 ], [ -76.349467317304317, 38.956440766605709 ], [ -76.349298046857015, 38.955907763378413 ], [ -76.348903673870879, 38.955749276698498 ], [ -76.349118207730399, 38.955423877621563 ], [ -76.348716459575769, 38.9543059989225 ], [ -76.348841602081379, 38.954101330789008 ], [ -76.347589497000712, 38.953652081534713 ], [ -76.346498950330627, 38.955357978772099 ], [ -76.346065757547791, 38.955760128803966 ], [ -76.341931321639748, 38.957339806701277 ], [ -76.341052645324382, 38.957837115753911 ], [ -76.341155417982776, 38.95793166908517 ], [ -76.340560651518004, 38.95836365142447 ], [ -76.340448990928181, 38.958279223914289 ], [ -76.339767687057133, 38.958910332206521 ], [ -76.338960617249683, 38.95997588364559 ], [ -76.33922923058762, 38.960076227613619 ], [ -76.338965829274954, 38.960539807315207 ], [ -76.33869415986841, 38.960447584906866 ], [ -76.337167581739209, 38.963053688737205 ], [ -76.335102747464802, 38.964731353104 ], [ -76.328715255077498, 38.971553615512327 ], [ -76.329059639513034, 38.972115973407291 ], [ -76.328979560993645, 38.972458291938011 ], [ -76.329410156747002, 38.973746807632196 ], [ -76.328559022778222, 38.973923638193675 ], [ -76.328821293111957, 38.974696961258353 ], [ -76.329839858676635, 38.974485919305131 ], [ -76.330322211763388, 38.974153623207293 ], [ -76.331784622333544, 38.975215631631215 ], [ -76.331711530910439, 38.97572146441567 ], [ -76.332144892576551, 38.975890182088357 ], [ -76.332048807875452, 38.97654055122085 ], [ -76.324612772244109, 38.975295720962933 ], [ -76.324336997536733, 38.976350705660465 ], [ -76.334291301065278, 38.977958912542995 ], [ -76.33403811898728, 38.978766763152457 ], [ -76.33408435976655, 38.979189457090939 ], [ -76.334698453484663, 38.979585820319436 ], [ -76.333439085524901, 38.979170155319451 ], [ -76.333452403947319, 38.978501132695079 ], [ -76.333222640948776, 38.978262278262086 ], [ -76.331421951792095, 38.978008486949761 ], [ -76.331391617481572, 38.978132812836577 ], [ -76.330908572692053, 38.978143971575449 ], [ -76.330503871775093, 38.979911348645238 ], [ -76.333568802251946, 38.980440796329965 ], [ -76.334109730885118, 38.980447012730174 ], [ -76.334973998223333, 38.980094050638407 ], [ -76.334970971799152, 38.98033769841873 ], [ -76.334490925586039, 38.981519078721526 ], [ -76.334600038553702, 38.981781434692721 ], [ -76.325566663599929, 38.979603930638064 ], [ -76.322542430398698, 38.978300541506755 ], [ -76.321081925155269, 38.981324301103655 ], [ -76.320203224585384, 38.982283639010724 ], [ -76.319152855964688, 38.983039733362659 ], [ -76.31912608796587, 38.983244627239401 ], [ -76.320489904840315, 38.984618951713543 ], [ -76.322667117458451, 38.986076404577389 ], [ -76.322071210133259, 38.986696540747758 ], [ -76.323083830647406, 38.98728922058887 ], [ -76.321922524580685, 38.989547476857275 ], [ -76.320624876711747, 38.989282654199819 ], [ -76.319964925795006, 38.989721784378695 ], [ -76.320152242498054, 38.990004757039166 ], [ -76.321517988953744, 38.990334106281701 ], [ -76.320245752627571, 38.992807826555378 ], [ -76.317832354954902, 38.992701914779047 ], [ -76.315701641830827, 38.992203106400609 ], [ -76.316256696471839, 38.990756425341736 ], [ -76.311474866298113, 38.989637600219758 ], [ -76.311314835023509, 38.988499971387327 ], [ -76.310764167754328, 38.98806069188565 ], [ -76.309909954360776, 38.986405040325963 ], [ -76.309878885228358, 38.985579003990502 ], [ -76.309042816006908, 38.986585924065579 ], [ -76.309555013822347, 38.987013343863211 ], [ -76.30978264332208, 38.987610253809073 ], [ -76.308670847902263, 38.987249963009177 ], [ -76.30864605979032, 38.987017148628524 ], [ -76.307232103448271, 38.986158820093074 ], [ -76.307556017973425, 38.98569243066094 ], [ -76.306258999823484, 38.985175890636597 ], [ -76.307161198524597, 38.983494573880627 ], [ -76.308013837171444, 38.982694612757271 ], [ -76.309602068475243, 38.983737115750138 ], [ -76.310183366498961, 38.983220624304614 ], [ -76.309668858216625, 38.982855616551447 ], [ -76.310168818282932, 38.982388187940316 ], [ -76.310888683235859, 38.982465017199608 ], [ -76.310914081303892, 38.98271119371816 ], [ -76.311471949468384, 38.983072395143935 ], [ -76.308692843152002, 38.985608807303713 ], [ -76.309380014818473, 38.985831942123063 ], [ -76.309838298445513, 38.985434992405317 ], [ -76.310952225567476, 38.98582189343584 ], [ -76.312839016447541, 38.984394763561973 ], [ -76.314039980439091, 38.985153890292608 ], [ -76.31462718758074, 38.984734587860551 ], [ -76.314691939943046, 38.984998450653521 ], [ -76.315071325436989, 38.981425512852219 ], [ -76.314916596917513, 38.981429863294267 ], [ -76.314757508873953, 38.983238844022978 ], [ -76.312536454876692, 38.981671836137316 ], [ -76.312843660737542, 38.981366982970172 ], [ -76.314371732765068, 38.981396619764965 ], [ -76.313358891265381, 38.981352310863258 ], [ -76.313354991678736, 38.980531512982331 ], [ -76.313925242221103, 38.979835136025557 ], [ -76.313650425117814, 38.979579505379952 ], [ -76.313395180507911, 38.979386021311647 ], [ -76.311333307080687, 38.978893619853551 ], [ -76.311576165719444, 38.977516848978937 ], [ -76.310381374950524, 38.977301510126331 ], [ -76.310287050947366, 38.978634496239586 ], [ -76.310535768398395, 38.978696096852438 ], [ -76.310304869929354, 38.979207858015144 ], [ -76.30968280366308, 38.979061297140277 ], [ -76.309585545762232, 38.979732297706569 ], [ -76.309180103735159, 38.978937974288755 ], [ -76.309391517745681, 38.978414211685681 ], [ -76.308888254574072, 38.97829044775532 ], [ -76.3086768387669, 38.978814209178836 ], [ -76.306657757486533, 38.978281918974204 ], [ -76.306730088934899, 38.977605626587248 ], [ -76.305923152078108, 38.977389212553121 ], [ -76.30615951679566, 38.976863516634118 ], [ -76.306410492611306, 38.976928882892459 ], [ -76.306860705773843, 38.975849442552239 ], [ -76.305087264316342, 38.975469952536066 ], [ -76.301811155187551, 38.975088988326874 ], [ -76.301931280602304, 38.97572337373623 ], [ -76.302481135794437, 38.976634859609085 ], [ -76.302444652515817, 38.976964720093804 ], [ -76.296930180650861, 38.97625251473098 ], [ -76.295471737939309, 38.976382656110253 ], [ -76.294416747486494, 38.976961513273622 ], [ -76.293261676626187, 38.978441997732709 ], [ -76.292002949165237, 38.978976476695301 ], [ -76.291063487447843, 38.979015909953645 ], [ -76.287617624578118, 38.978597197573571 ], [ -76.28671071421337, 38.978899765858294 ], [ -76.281268326760085, 38.977098541854907 ], [ -76.28100829412972, 38.977577582523374 ], [ -76.280692815683409, 38.977529879376192 ], [ -76.2799610435614, 38.977096992919016 ], [ -76.279962302101112, 38.976696807645695 ], [ -76.275695597352325, 38.975540078030591 ], [ -76.268192954337621, 38.974797842373611 ], [ -76.265126172432971, 38.976325839316104 ], [ -76.263707365188409, 38.975304806701189 ], [ -76.263515786877647, 38.974310537880029 ], [ -76.264291038357726, 38.973945287949064 ], [ -76.258276877717663, 38.972907741818723 ], [ -76.257939171357961, 38.973002875651247 ], [ -76.256504795411217, 38.972774014801573 ], [ -76.255422559055802, 38.973234384041575 ], [ -76.255019882941497, 38.973246677032847 ], [ -76.253368933959507, 38.972667128127028 ], [ -76.253404937537809, 38.972542750042315 ], [ -76.252046280586327, 38.97228875595048 ], [ -76.251343883374091, 38.972489543655257 ], [ -76.251382332166571, 38.972137200486799 ], [ -76.250731051788961, 38.972031125786344 ], [ -76.250669947485008, 38.972242192514685 ], [ -76.248455676666453, 38.971853849809392 ], [ -76.248286467304595, 38.971317006763449 ], [ -76.242942139947715, 38.970062816689435 ], [ -76.242724028996747, 38.970480043022306 ], [ -76.241829423754737, 38.970536881966758 ], [ -76.239844885391989, 38.969466582940832 ], [ -76.238345045617208, 38.968951383558895 ], [ -76.237117699004088, 38.969035009827323 ], [ -76.236213611145956, 38.968828994362234 ], [ -76.235667570200505, 38.96842964309247 ], [ -76.225817392193164, 38.966260686848052 ], [ -76.22556852382516, 38.966388576613888 ], [ -76.225989233618805, 38.966779915600299 ], [ -76.226087896484771, 38.967131641451658 ], [ -76.225793613787602, 38.968377870294354 ], [ -76.225246523609897, 38.96820547282681 ], [ -76.22523021020433, 38.968104099701577 ], [ -76.225316808696036, 38.967924249928068 ], [ -76.225342759227956, 38.967782320103979 ], [ -76.225321056829003, 38.967514539846476 ], [ -76.22525117149317, 38.967314025797322 ], [ -76.225320587908442, 38.96788453810229 ], [ -76.225138620672922, 38.968195369953676 ], [ -76.225008975811107, 38.968147493560366 ], [ -76.22517173976081, 38.967914710654767 ], [ -76.224668016651748, 38.967662192534874 ], [ -76.225020082581281, 38.967164263076398 ], [ -76.224311687317908, 38.966840624827 ], [ -76.22401363798474, 38.967304190999776 ], [ -76.222991850163112, 38.96684949932142 ], [ -76.222682458701172, 38.967289729004747 ], [ -76.220772207419159, 38.966502387443448 ], [ -76.220615986797995, 38.966753923486351 ], [ -76.220955752096344, 38.967287963336432 ], [ -76.220849884741781, 38.967454678408856 ], [ -76.219691225111916, 38.967619670732184 ], [ -76.218608836941229, 38.966091516684727 ], [ -76.218853957537874, 38.966290510166409 ], [ -76.219073604607985, 38.96605600784364 ], [ -76.218616583113928, 38.965426743582256 ], [ -76.217973387573878, 38.965279432672752 ], [ -76.217431274062847, 38.964935438047121 ], [ -76.216707478980553, 38.964421844326992 ], [ -76.216803877193684, 38.964243140481898 ], [ -76.215761523341968, 38.963937924511875 ], [ -76.213496337809744, 38.964382923305052 ], [ -76.210818777951374, 38.96428144412922 ], [ -76.210266744344679, 38.963831611225359 ], [ -76.209208110325051, 38.9646228079963 ], [ -76.207488548919997, 38.965324519941987 ], [ -76.206541353606312, 38.964439889374745 ], [ -76.206366852269099, 38.963733200380112 ], [ -76.205918844470602, 38.964126580313973 ], [ -76.205738151944487, 38.963885584758906 ], [ -76.204732802394261, 38.964766815113109 ], [ -76.204269127078888, 38.963825401049867 ], [ -76.203506004651757, 38.964172156551271 ], [ -76.203257400388466, 38.963336898600168 ], [ -76.203799392626919, 38.963163367096918 ], [ -76.202407255464834, 38.962862482691051 ], [ -76.201764404877821, 38.963009111315188 ], [ -76.201631763236236, 38.962648146318529 ], [ -76.200914515974048, 38.962895819438067 ], [ -76.201314686687027, 38.963962813366116 ], [ -76.200971839268959, 38.964482580719547 ], [ -76.20130492020327, 38.964736977882339 ], [ -76.200607452047009, 38.965035910493739 ], [ -76.200470347575063, 38.964947247043618 ], [ -76.200081403108186, 38.965301146535339 ], [ -76.199709765583563, 38.965291552428596 ], [ -76.199498301267383, 38.964989254981496 ], [ -76.198737615071309, 38.964897003441301 ], [ -76.198163506264805, 38.964376056612871 ], [ -76.196939911016301, 38.964261788358741 ], [ -76.19743045763677, 38.964447590735716 ], [ -76.197662284065515, 38.96484365930025 ], [ -76.197767757059651, 38.964713072746072 ], [ -76.198005910322934, 38.964793252881165 ], [ -76.198116533358601, 38.965016596483025 ], [ -76.196298194103207, 38.966270867525552 ], [ -76.195897921880601, 38.966080707370452 ], [ -76.194811494884391, 38.966984133632913 ], [ -76.194513523704657, 38.966978005452141 ], [ -76.193132356768814, 38.966171669416809 ], [ -76.192906446644528, 38.965827765034184 ], [ -76.193078327596041, 38.965461543799051 ], [ -76.19255725622223, 38.964554346627409 ], [ -76.192217996675396, 38.964637752480741 ], [ -76.191678474803965, 38.965183705247767 ], [ -76.188092402884706, 38.966455711244969 ], [ -76.188114394541174, 38.966562768635569 ], [ -76.186671581617261, 38.966953566759358 ], [ -76.184412742682511, 38.966862453455157 ], [ -76.183622060840776, 38.966503634181109 ], [ -76.183268478555064, 38.966157217667366 ], [ -76.183211497518286, 38.965855278731389 ], [ -76.182809895789063, 38.965733700685128 ], [ -76.18226679502952, 38.965220621234863 ], [ -76.184190116798902, 38.963389297431029 ], [ -76.184587216171934, 38.963754240683819 ], [ -76.184957012150221, 38.963301097809016 ], [ -76.186592581076241, 38.964650799217019 ], [ -76.187364010224783, 38.963649850737234 ], [ -76.18758234126301, 38.963636310689246 ], [ -76.187560654135424, 38.963971059591323 ], [ -76.189307644699383, 38.964941124274375 ], [ -76.190016987685382, 38.964649523809427 ], [ -76.190533442616939, 38.965079291564273 ], [ -76.19077142699696, 38.964881561003537 ], [ -76.189922872989698, 38.964222248400098 ], [ -76.192486398010942, 38.961998738571651 ], [ -76.193766978787806, 38.962563213316294 ], [ -76.193957449475803, 38.962490453532709 ], [ -76.194432216289982, 38.961568885073206 ], [ -76.195616156308574, 38.962153947205437 ], [ -76.196052849826074, 38.961623308767926 ], [ -76.19729073906737, 38.962593722712519 ], [ -76.200508723604003, 38.96140624029502 ], [ -76.200918511680428, 38.961973558452634 ], [ -76.201305334326619, 38.961835090339392 ], [ -76.201081180408707, 38.960333665161386 ], [ -76.201780443398917, 38.960272235080311 ], [ -76.201679620983001, 38.959715073743347 ], [ -76.202291097010388, 38.959600841978499 ], [ -76.202348327778807, 38.960182758883903 ], [ -76.203295657839774, 38.9600274991314 ], [ -76.204686440342442, 38.959651655836467 ], [ -76.204380104949095, 38.959022240389331 ], [ -76.20468298721849, 38.959517685854259 ], [ -76.205087215621603, 38.959569829755587 ], [ -76.206711152262997, 38.959379268823298 ], [ -76.206512930910733, 38.958869732388834 ], [ -76.206839384973165, 38.958835501028624 ], [ -76.207029565505351, 38.959342734678692 ], [ -76.208822610897286, 38.959168580087905 ], [ -76.209201363977286, 38.961204390878123 ], [ -76.211334453145298, 38.959330738242343 ], [ -76.212016671501289, 38.959764931247058 ], [ -76.211804276530458, 38.9599767882249 ], [ -76.212104330903344, 38.960131852504261 ], [ -76.212262957212843, 38.959944745853747 ], [ -76.213059670343384, 38.960451342203818 ], [ -76.21331277875953, 38.960188760522783 ], [ -76.216802725553478, 38.962222943146891 ], [ -76.215779204881699, 38.96313167191731 ], [ -76.219215558185809, 38.96393559438998 ], [ -76.219774440548264, 38.963362961117681 ], [ -76.220191975695684, 38.963602593618482 ], [ -76.220621128754686, 38.96309689779698 ], [ -76.222105327063716, 38.96400424285018 ], [ -76.222254238093427, 38.963843221339388 ], [ -76.2226821083582, 38.963990734301362 ], [ -76.222374670731995, 38.964474903808913 ], [ -76.223013350441136, 38.96460932051955 ], [ -76.223214401486544, 38.964035417274232 ], [ -76.224004922529843, 38.964211021112497 ], [ -76.223767588530094, 38.964938644014879 ], [ -76.221716672752692, 38.96449745818019 ], [ -76.221671150625653, 38.964616276593489 ], [ -76.240207345727669, 38.968733620949102 ], [ -76.242371608232673, 38.969345287668681 ], [ -76.244240311534483, 38.969574349568525 ], [ -76.25276452677511, 38.971427120705052 ], [ -76.253153700312396, 38.971331741012591 ], [ -76.263763215246243, 38.973155324594551 ], [ -76.263719478970003, 38.972138046245426 ], [ -76.26328955515649, 38.972146001684322 ], [ -76.263420715476187, 38.970657555008877 ], [ -76.262486700244366, 38.970595390768985 ], [ -76.262578090349777, 38.969146172860974 ], [ -76.265777198587372, 38.970658768149718 ], [ -76.265487186481039, 38.972424359072072 ], [ -76.266697423781267, 38.97265693230581 ], [ -76.266939029270191, 38.971209763798129 ], [ -76.269844208746804, 38.972538056143264 ], [ -76.270254816086762, 38.971750765236649 ], [ -76.270983825889289, 38.971918530673513 ], [ -76.270569752848971, 38.972714599192038 ], [ -76.271356445272502, 38.972834348045822 ], [ -76.276921834546073, 38.973579464158945 ], [ -76.276756882300347, 38.9726700858158 ], [ -76.278694161194309, 38.972905745123626 ], [ -76.278740830469943, 38.973118655781356 ], [ -76.280570325004518, 38.972983827803645 ], [ -76.280617334741677, 38.973138753966822 ], [ -76.285094605491366, 38.973718118830902 ], [ -76.284778263764068, 38.972426027535541 ], [ -76.284961284723423, 38.972286563687163 ], [ -76.285990961549857, 38.972417516206363 ], [ -76.285857401830043, 38.972860288342915 ], [ -76.286074487803305, 38.973321316297778 ], [ -76.285951389863271, 38.973921085617214 ], [ -76.285590803413271, 38.973974451555954 ], [ -76.285647233782797, 38.974220257425046 ], [ -76.286640108428671, 38.974319626538183 ], [ -76.286566970293194, 38.97481264713236 ], [ -76.286734094665263, 38.974834755445343 ], [ -76.286805281659966, 38.974354881218446 ], [ -76.28710933982407, 38.97438236436691 ], [ -76.287149071410767, 38.974136450811997 ], [ -76.287690564185937, 38.97418976490858 ], [ -76.287825129120563, 38.973432617868184 ], [ -76.288083955313468, 38.973448956563651 ], [ -76.287939101075594, 38.974304265769433 ], [ -76.288783051217024, 38.974409961339745 ] ], [ [ -76.220772729340354, 38.966501459898552 ], [ -76.220772147232026, 38.966502364394486 ], [ -76.220772207419159, 38.966502387443448 ], [ -76.220772729340354, 38.966501459898552 ] ] ], [ [ [ -75.816665887138385, 38.977945474394353 ], [ -75.816362063434568, 38.977824889888964 ], [ -75.814131986758596, 38.980524276352433 ], [ -75.813671367511816, 38.980353627704588 ], [ -75.815692177150794, 38.977589809814802 ], [ -75.810409837141776, 38.975668194770648 ], [ -75.809865302671056, 38.976551416902232 ], [ -75.810811549363791, 38.976968759346136 ], [ -75.810594104064421, 38.977325448026562 ], [ -75.809658548221876, 38.976986408725395 ], [ -75.809450879287766, 38.976901543195623 ], [ -75.810201348944105, 38.975595319948624 ], [ -75.807537644700716, 38.974617669489263 ], [ -75.80731215858124, 38.974974859568718 ], [ -75.807030384924388, 38.97485992540588 ], [ -75.807237849042636, 38.974512545498463 ], [ -75.807068977447301, 38.97445930497414 ], [ -75.806841003892828, 38.97488654517327 ], [ -75.806001870517917, 38.974587847581773 ], [ -75.805401431192124, 38.975551405483614 ], [ -75.804674892654958, 38.975286710647005 ], [ -75.804618810831769, 38.975382359470672 ], [ -75.805357317623475, 38.9756318317446 ], [ -75.805040462059821, 38.976149163502946 ], [ -75.804586208275154, 38.975984915246634 ], [ -75.80432209280184, 38.976067903291472 ], [ -75.804601330514643, 38.976652177354119 ], [ -75.804957897902057, 38.976709713188839 ], [ -75.805486367800555, 38.977112971818229 ], [ -75.804747834059398, 38.977964713649165 ], [ -75.80434268218815, 38.978787955416884 ], [ -75.80402940102104, 38.978880951442449 ], [ -75.803455081110428, 38.978659413449897 ], [ -75.804311570834926, 38.978516870352244 ], [ -75.804477363903757, 38.978236458660945 ], [ -75.804641398071269, 38.977405273092792 ], [ -75.804373031770027, 38.976548659104594 ], [ -75.804274465922106, 38.976343088697924 ], [ -75.803912009179697, 38.976827824638512 ], [ -75.802994524745728, 38.976443642035051 ], [ -75.803219453909733, 38.97638678408692 ], [ -75.803580821894016, 38.975836085711471 ], [ -75.80385185439502, 38.974954435067552 ], [ -75.803792896166286, 38.974452942088043 ], [ -75.804397828865135, 38.974675244689024 ], [ -75.804523090846672, 38.97445107673083 ], [ -75.804878489525876, 38.974575027551801 ], [ -75.804971033068156, 38.974378000222714 ], [ -75.804158017311849, 38.974095443486796 ], [ -75.804076723371878, 38.973421913035061 ], [ -75.799296556878062, 38.973159947915619 ], [ -75.800871479640904, 38.975092853792695 ], [ -75.801416341996713, 38.976014800814795 ], [ -75.801796555737354, 38.977525215836465 ], [ -75.801702805757657, 38.978722335285148 ], [ -75.798608984562946, 38.986781742965441 ], [ -75.798028661211319, 38.987691844309815 ], [ -75.796301735417543, 38.989639206833907 ], [ -75.795676649015306, 38.990943211114882 ], [ -75.792665880661872, 39.000358843759507 ], [ -75.792322248116236, 39.002499034838308 ], [ -75.791003568889863, 39.00729165067461 ], [ -75.789229818411926, 39.010556313276282 ], [ -75.787387289322538, 39.013325800132328 ], [ -75.786743453283691, 39.016408827872958 ], [ -75.787505070134387, 39.020400031133278 ], [ -75.787005789194424, 39.032918607821827 ], [ -75.78704148644718, 39.033121743963967 ], [ -75.787239839851807, 39.033089255311083 ], [ -75.787249203890326, 39.033303529839316 ], [ -75.786980338125801, 39.0332991218784 ], [ -75.786967988985595, 39.033854843071126 ], [ -75.786755840153134, 39.033959881010652 ], [ -75.786756180614617, 39.03428262206436 ], [ -75.786458931680386, 39.034429432115338 ], [ -75.785022008111468, 39.037315688780737 ], [ -75.784726146176027, 39.041018667237402 ], [ -75.782997812722186, 39.040939705143266 ], [ -75.783108056668809, 39.040725333064394 ], [ -75.784463982741812, 39.040769498034507 ], [ -75.78462638287381, 39.038783796979018 ], [ -75.784120952965736, 39.038755655055787 ], [ -75.786738635618818, 39.033601969854026 ], [ -75.786730283083301, 39.033401035929536 ], [ -75.785638584773025, 39.035147313835395 ], [ -75.785190352395702, 39.036208901006503 ], [ -75.784507293216606, 39.035992975998262 ], [ -75.784236723347973, 39.036509425525487 ], [ -75.78383643046412, 39.036383679680576 ], [ -75.784422005366892, 39.035251574626756 ], [ -75.784135951237715, 39.03516014871073 ], [ -75.784536138120373, 39.034368584778335 ], [ -75.785229677943917, 39.034580114544717 ], [ -75.785222999868083, 39.034925564724787 ], [ -75.785353561011476, 39.034676071197943 ], [ -75.785724725123941, 39.03482298579609 ], [ -75.786076181097386, 39.03431634664075 ], [ -75.785615117184548, 39.034176246951191 ], [ -75.785926686162739, 39.033580846338985 ], [ -75.786430715597291, 39.033724328695619 ], [ -75.786693656074235, 39.033084387489566 ], [ -75.786262348855175, 39.032939382636293 ], [ -75.786065366279686, 39.033315824259752 ], [ -75.785436914788377, 39.033122738322071 ], [ -75.786413847032904, 39.032670211128412 ], [ -75.786803280183292, 39.032707941144373 ], [ -75.787293886990881, 39.020400837929664 ], [ -75.786562537975357, 39.016719831956181 ], [ -75.787205001388458, 39.013335828162475 ], [ -75.789072100299165, 39.010498841248953 ], [ -75.790859274302406, 39.007200171842129 ], [ -75.792151375074482, 39.00247385934594 ], [ -75.792494598886648, 39.000327470304697 ], [ -75.795397376268198, 38.991202503330825 ], [ -75.796084132913023, 38.989663169190031 ], [ -75.797880742820013, 38.987617426872681 ], [ -75.798445145329879, 38.986731762033919 ], [ -75.801472717568998, 38.978446163299409 ], [ -75.801483864763355, 38.977311310713482 ], [ -75.801049559866215, 38.975872156019761 ], [ -75.800365165790595, 38.974863841865194 ], [ -75.798815853996473, 38.97311301211375 ], [ -75.795912465760523, 38.972712212789176 ], [ -75.796179373197759, 38.9733182755283 ], [ -75.794226312700886, 38.974384270930074 ], [ -75.793706081251869, 38.973388614763984 ], [ -75.795162346447157, 38.973214636473138 ], [ -75.795077072072175, 38.97251180424476 ], [ -75.794155489523874, 38.971147677565995 ], [ -75.796351263132436, 38.970302122018019 ], [ -75.796016266989938, 38.969804922806766 ], [ -75.796666057062495, 38.969552075484174 ], [ -75.79696878033009, 38.970070767472464 ], [ -75.797256535868428, 38.970032133111779 ], [ -75.799112233361541, 38.972970872694304 ], [ -75.802003284135367, 38.973124663308212 ], [ -75.802864890663713, 38.971956118502369 ], [ -75.802183619132009, 38.971680789638249 ], [ -75.80240195017025, 38.971297487038903 ], [ -75.800788933449454, 38.97059616460961 ], [ -75.801028467423336, 38.970607221869528 ], [ -75.801750166736085, 38.970694101477555 ], [ -75.801417609519575, 38.970723454295715 ], [ -75.803334894610259, 38.9715755628133 ], [ -75.802161961648821, 38.97314315310674 ], [ -75.804063182167283, 38.973316967452675 ], [ -75.805851424267402, 38.972697586379489 ], [ -75.807658633396429, 38.970788143176264 ], [ -75.807953039162811, 38.971170384858993 ], [ -75.80850681370454, 38.970903794229137 ], [ -75.809494343374482, 38.971533088057598 ], [ -75.809060977216802, 38.972071544859297 ], [ -75.808005217806084, 38.971593736640017 ], [ -75.807248481502313, 38.972856885787721 ], [ -75.806293229198872, 38.972465143180493 ], [ -75.806200004733626, 38.972625802182627 ], [ -75.80673283774945, 38.972810880040868 ], [ -75.806558115426697, 38.973120178265511 ], [ -75.807156224522657, 38.973523234551216 ], [ -75.806939218499465, 38.973884120389158 ], [ -75.807318473737695, 38.974025134983385 ], [ -75.807450316776979, 38.973806751049786 ], [ -75.807601947007043, 38.973858262875908 ], [ -75.807258583956013, 38.974425674066282 ], [ -75.816251909319476, 38.977663577859332 ], [ -75.817937217962765, 38.975928878200968 ], [ -75.818170772750122, 38.976051602911582 ], [ -75.816438602591717, 38.977742394139035 ], [ -75.816767635717355, 38.977861203603403 ], [ -75.817094308070438, 38.977549897396962 ], [ -75.817369005697799, 38.977739859158746 ], [ -75.81725553859593, 38.978037376531226 ], [ -75.818611708112385, 38.978525836262115 ], [ -75.817138920204073, 38.977507382927044 ], [ -75.817419201759236, 38.977240280519069 ], [ -75.818966205781379, 38.97825858476012 ], [ -75.818656509790543, 38.97854602579141 ], [ -75.82006955973246, 38.979274219319684 ], [ -75.821612141348453, 38.980428966173854 ], [ -75.829386439396643, 38.973746206326126 ], [ -75.836242245999443, 38.976810837954652 ], [ -75.844208572414345, 38.978556373001545 ], [ -75.847071479868646, 38.979645381001781 ], [ -75.847940034865715, 38.978770073243929 ], [ -75.848412747232828, 38.977954531859048 ], [ -75.848546815399104, 38.977391723802192 ], [ -75.848558495294427, 38.975217066076183 ], [ -75.848979472786013, 38.973797373894612 ], [ -75.85058481519934, 38.971660586278752 ], [ -75.851069497617644, 38.969716059291486 ], [ -75.858178762081209, 38.964729377132485 ], [ -75.859139425835934, 38.96328608598813 ], [ -75.859764956904243, 38.960952520104158 ], [ -75.860411887639273, 38.954265926683767 ], [ -75.860007360995468, 38.949941694896609 ], [ -75.869252356572318, 38.947544788978689 ], [ -75.877489356162101, 38.943744833015799 ], [ -75.877022834085594, 38.943237517071559 ], [ -75.877638322887336, 38.942949342375087 ], [ -75.877990316951639, 38.943510131712848 ], [ -75.878186751554836, 38.943402918620279 ], [ -75.876848921144912, 38.941320016881392 ], [ -75.879639739695961, 38.940261000875935 ], [ -75.88074295081492, 38.942006132073921 ], [ -75.880709298127741, 38.942224637790787 ], [ -75.885965622926122, 38.940114406234024 ], [ -75.888729385119134, 38.93847588460703 ], [ -75.888930714642299, 38.938687212703648 ], [ -75.893037022502156, 38.936263446415197 ], [ -75.895152304366306, 38.935190743023774 ], [ -75.898964837077102, 38.93375530337638 ], [ -75.902606054775021, 38.93748914559081 ], [ -75.906519241916797, 38.93886415103465 ], [ -75.90578571987659, 38.939784048559758 ], [ -75.89507537264538, 38.943623684447886 ], [ -75.8959555931647, 38.94256646634048 ], [ -75.893733800752301, 38.940758400420016 ], [ -75.892310138113615, 38.941859325143234 ], [ -75.893000336204281, 38.942658286517343 ], [ -75.893429367092381, 38.94343543099675 ], [ -75.894808243324277, 38.942913707352496 ], [ -75.895167659269461, 38.943383254263665 ], [ -75.894912437117455, 38.943685878641283 ], [ -75.889215478790732, 38.945862935171853 ], [ -75.88952738194223, 38.945926232673564 ], [ -75.89512085165326, 38.943806756715226 ], [ -75.895910669315683, 38.945068950163368 ], [ -75.890876503276942, 38.946897538566255 ], [ -75.889607094847264, 38.946027845729326 ], [ -75.888872773306488, 38.946312307854107 ], [ -75.889187556456775, 38.94682672240048 ], [ -75.888600811049145, 38.947030966504379 ], [ -75.888761204344817, 38.947299221705407 ], [ -75.888107464379956, 38.947547142694653 ], [ -75.887678333778837, 38.946787600983306 ], [ -75.887362230105083, 38.946903225542442 ], [ -75.887761356077391, 38.947384069604063 ], [ -75.887163723088548, 38.947604222903585 ], [ -75.887028158329016, 38.947355122807537 ], [ -75.88729819819163, 38.947254199816882 ], [ -75.887040538011959, 38.947294162840016 ], [ -75.886908535072536, 38.947073676023038 ], [ -75.886769727394807, 38.947137139419425 ], [ -75.886954636612913, 38.947370590024242 ], [ -75.8863712769556, 38.94759862051896 ], [ -75.886235830773686, 38.947362930821612 ], [ -75.885914142273819, 38.947457295521879 ], [ -75.886116530012401, 38.947692041744311 ], [ -75.885567328793769, 38.947905473211108 ], [ -75.885434575761082, 38.94764397683646 ], [ -75.885227454799292, 38.947714683198306 ], [ -75.885728650947442, 38.948473127907675 ], [ -75.885140269707691, 38.9486915109945 ], [ -75.884629935896484, 38.948125557822436 ], [ -75.88492314331026, 38.948996321066446 ], [ -75.885072396598105, 38.948904555906282 ], [ -75.885525349622228, 38.949645663540949 ], [ -75.885028672898272, 38.949886604831946 ], [ -75.885082135234086, 38.950219026641157 ], [ -75.884576465475817, 38.950390572954568 ], [ -75.884297082235932, 38.949756785738437 ], [ -75.88494191899801, 38.949623623515883 ], [ -75.884518806210991, 38.948339045970378 ], [ -75.883952944837105, 38.948482453223228 ], [ -75.883836903163655, 38.948220511852142 ], [ -75.883104398016371, 38.948502594028326 ], [ -75.883239474990688, 38.948890329784305 ], [ -75.880442908120116, 38.949930049669774 ], [ -75.880038076049118, 38.949552842210018 ], [ -75.884335874184842, 38.947875090930268 ], [ -75.884012367494833, 38.947483537841414 ], [ -75.883447109788833, 38.947683509977509 ], [ -75.883023238823696, 38.947009830411211 ], [ -75.883575149361221, 38.946803748107051 ], [ -75.883449002539123, 38.946583820779708 ], [ -75.882898557153837, 38.946808718279279 ], [ -75.882487952508825, 38.946090331946799 ], [ -75.883440447882691, 38.945783759244023 ], [ -75.88370241189088, 38.946218638884773 ], [ -75.884275806536749, 38.946010091523497 ], [ -75.884392775271579, 38.946264490730947 ], [ -75.883883706288273, 38.946444799305247 ], [ -75.883993083360636, 38.946678584746451 ], [ -75.884607428607012, 38.946538995455924 ], [ -75.884853057650119, 38.946931202803633 ], [ -75.884503203372816, 38.947059571097668 ], [ -75.884565920152681, 38.947321010942197 ], [ -75.885097102963343, 38.947114791211249 ], [ -75.884637584152799, 38.94640052512888 ], [ -75.885189534216195, 38.946196981354497 ], [ -75.885699429649563, 38.947105508333038 ], [ -75.884514971303048, 38.947644224853136 ], [ -75.884567491306129, 38.947797150343902 ], [ -75.889175856798502, 38.946035799908287 ], [ -75.888837978860565, 38.945655359994767 ], [ -75.888960959121292, 38.945395861174227 ], [ -75.888846673654214, 38.944457231761753 ], [ -75.888889519700015, 38.939097732991627 ], [ -75.888654045212888, 38.938844486117894 ], [ -75.885891810155869, 38.940350196887891 ], [ -75.882393783015914, 38.9417562451385 ], [ -75.882760314516446, 38.942493199038921 ], [ -75.882273227308161, 38.942643648313449 ], [ -75.88183856577983, 38.941958813010118 ], [ -75.881953806156062, 38.942268370993162 ], [ -75.881380254305029, 38.942474255477364 ], [ -75.88122102612428, 38.942203381486962 ], [ -75.880841253456467, 38.942389512794023 ], [ -75.881052919893605, 38.942702108185486 ], [ -75.880466101722448, 38.942916780867762 ], [ -75.880312191568208, 38.942641314696601 ], [ -75.880230972188414, 38.942691145784124 ], [ -75.880485172955929, 38.943069932449852 ], [ -75.879899294422586, 38.943280986944984 ], [ -75.87970245378088, 38.942965495962547 ], [ -75.87943809935571, 38.943067421381443 ], [ -75.879572373236172, 38.943259118912771 ], [ -75.878992782011494, 38.943477137281874 ], [ -75.878898610721933, 38.943310426577902 ], [ -75.87911800536547, 38.943898669606952 ], [ -75.878620243476647, 38.944071226825983 ], [ -75.878318163402795, 38.943584722657739 ], [ -75.878043217840414, 38.943711285341699 ], [ -75.878296913754752, 38.944204020099875 ], [ -75.877780456128221, 38.944401193531071 ], [ -75.877640466267621, 38.944263745377093 ], [ -75.875274262486741, 38.945286890306143 ], [ -75.875116487780119, 38.945041272592746 ], [ -75.869653185750394, 38.947545968281901 ], [ -75.860258929699199, 38.950105130273023 ], [ -75.860619502674467, 38.954290032342435 ], [ -75.859920875691472, 38.961095764229519 ], [ -75.85929055480608, 38.963364110122924 ], [ -75.85867009742249, 38.964446005202568 ], [ -75.857989717917874, 38.96512329773536 ], [ -75.860822080855883, 38.967289476167736 ], [ -75.86136554094152, 38.96753146520183 ], [ -75.86846833034852, 38.967271538707898 ], [ -75.870020914705208, 38.967526819163233 ], [ -75.871104898283818, 38.964002454050252 ], [ -75.874714517741637, 38.962497234493142 ], [ -75.874800762297113, 38.9625546588925 ], [ -75.873966609182162, 38.962902518636589 ], [ -75.87454175194955, 38.963286090877503 ], [ -75.875414785048321, 38.962922558254029 ], [ -75.876685598443103, 38.963396059446438 ], [ -75.875765016618033, 38.963903285593602 ], [ -75.875785353577754, 38.964026222524865 ], [ -75.877055327946053, 38.963530809982899 ], [ -75.877670567016153, 38.963774233960642 ], [ -75.878420768076239, 38.964465841826325 ], [ -75.879576509978065, 38.968265346900239 ], [ -75.873787329705962, 38.968145378695304 ], [ -75.872072877019932, 38.967911452438784 ], [ -75.872064269362866, 38.968063493977155 ], [ -75.873778688811242, 38.968280304584937 ], [ -75.879625343295217, 38.968435653810836 ], [ -75.879133194978607, 38.969307408607932 ], [ -75.878376905137529, 38.969125226351004 ], [ -75.87701335596104, 38.972319886920211 ], [ -75.877741886961516, 38.972552628111274 ], [ -75.877216156924632, 38.973705146396298 ], [ -75.860954971330798, 38.969412976839727 ], [ -75.861726582837349, 38.967708008158027 ], [ -75.860786527333559, 38.967447316818145 ], [ -75.857854285210678, 38.965177322669796 ], [ -75.851221647073928, 38.969784936120874 ], [ -75.850722796426979, 38.971750721935805 ], [ -75.849108420555169, 38.973903267164523 ], [ -75.848736343754382, 38.975440938296657 ], [ -75.84872243603715, 38.977399291767789 ], [ -75.848579416159069, 38.977998442738794 ], [ -75.848089476799757, 38.97884246993388 ], [ -75.847124709540807, 38.979869272043523 ], [ -75.844162484348686, 38.978660182314108 ], [ -75.836185668306229, 38.976911401102797 ], [ -75.82947689884746, 38.973920723158344 ], [ -75.822280278612396, 38.980110908044047 ], [ -75.821751167316791, 38.980725185956288 ], [ -75.820138341038813, 38.979467383860808 ], [ -75.819063917331462, 38.978846493715864 ], [ -75.818138281584609, 38.979882660246311 ], [ -75.816073015220539, 38.979141908661781 ], [ -75.816665887138385, 38.977945474394353 ] ] ], [ [ [ -76.218121000537991, 39.135821588450497 ], [ -76.215594425021024, 39.129173556513642 ], [ -76.215135399385559, 39.129322509233752 ], [ -76.215047716627311, 39.129121579464027 ], [ -76.21466959326635, 39.129239322697856 ], [ -76.214660783488341, 39.129371033970827 ], [ -76.21333846967832, 39.129548363082201 ], [ -76.213086442833799, 39.128882479942462 ], [ -76.214605165195849, 39.128222805758753 ], [ -76.214338000840456, 39.127523800781631 ], [ -76.214889448745609, 39.127288390611227 ], [ -76.213829736747655, 39.12452480129776 ], [ -76.208359055057855, 39.124806963155351 ], [ -76.196595643361761, 39.120469284517732 ], [ -76.196384312894537, 39.12045748685351 ], [ -76.196428043780898, 39.121011965179498 ], [ -76.195541747056964, 39.121220245547754 ], [ -76.195243212633542, 39.120505568873995 ], [ -76.196337147748878, 39.120237842112999 ], [ -76.195930615167043, 39.119277085295508 ], [ -76.195203530454179, 39.119291907195517 ], [ -76.194428251126311, 39.116712129691933 ], [ -76.192970994190958, 39.116602423190407 ], [ -76.192266929705553, 39.116391366372547 ], [ -76.187628611686662, 39.113363548663969 ], [ -76.18715530732976, 39.115209769667828 ], [ -76.185491648983145, 39.114765809022309 ], [ -76.183668861270462, 39.119109430411399 ], [ -76.181239456517773, 39.118926854188203 ], [ -76.180415087852907, 39.11801838676822 ], [ -76.180321036937599, 39.118322346112052 ], [ -76.180634970281616, 39.118866120095653 ], [ -76.17997982175838, 39.119437095719931 ], [ -76.179265799448075, 39.119777781806199 ], [ -76.179060404149951, 39.119505526341939 ], [ -76.178056753313925, 39.119308578083221 ], [ -76.177706492099801, 39.118589862006644 ], [ -76.176706259353438, 39.118456749215206 ], [ -76.176272199696356, 39.117971736690023 ], [ -76.176308668601948, 39.117716517687448 ], [ -76.175850279872023, 39.118006344061939 ], [ -76.17557565051662, 39.118440829440161 ], [ -76.175382077047615, 39.118270533899668 ], [ -76.174817662859667, 39.118521352436716 ], [ -76.173922926463632, 39.117626369450726 ], [ -76.173828130844953, 39.117050610512862 ], [ -76.174437208370534, 39.116616074046505 ], [ -76.174602422924323, 39.116750902767507 ], [ -76.175545430292146, 39.116048506771797 ], [ -76.17653415561972, 39.116825018378456 ], [ -76.178604779536144, 39.1164563325191 ], [ -76.180587567082384, 39.116438520013681 ], [ -76.179372063857969, 39.116073223614329 ], [ -76.17949600621435, 39.11579866844373 ], [ -76.180822953534587, 39.116177167659075 ], [ -76.181531193389432, 39.11447382537343 ], [ -76.180818285888392, 39.114330122367598 ], [ -76.180359015911165, 39.113913557218474 ], [ -76.180542146465001, 39.112355884696854 ], [ -76.180962676595584, 39.112205271361091 ], [ -76.181064878823776, 39.111858120071588 ], [ -76.181845451025282, 39.111339460086896 ], [ -76.182069062360767, 39.111406105833922 ], [ -76.182718023288302, 39.111188470974142 ], [ -76.183418082185867, 39.11153332609247 ], [ -76.184082278540629, 39.111568797446218 ], [ -76.185119600928445, 39.112140939760273 ], [ -76.185752371519641, 39.11169858662187 ], [ -76.186003433573546, 39.111852652669398 ], [ -76.185807837098537, 39.112002340424986 ], [ -76.187927852185908, 39.113429452978188 ], [ -76.188934462072467, 39.113076967266906 ], [ -76.188984681490126, 39.112915204064166 ], [ -76.187450407493856, 39.109145055724824 ], [ -76.188192689006385, 39.109113070463522 ], [ -76.188376483415198, 39.109291780527528 ], [ -76.188683710835633, 39.109301898795174 ], [ -76.189976097271966, 39.108573745065804 ], [ -76.190713250302537, 39.109240463545802 ], [ -76.192309702987799, 39.109611882610217 ], [ -76.192095526657766, 39.110760175791299 ], [ -76.192530393900284, 39.110301027354737 ], [ -76.192920498092192, 39.110166499260693 ], [ -76.193273576423053, 39.109692598320372 ], [ -76.194137007429731, 39.110237838543995 ], [ -76.194609091874483, 39.110099096756031 ], [ -76.196092266104102, 39.110097804454078 ], [ -76.196010331665349, 39.109805526133904 ], [ -76.197199110908386, 39.109809579406161 ], [ -76.197329721459113, 39.110227821480528 ], [ -76.197658512937949, 39.110214177054218 ], [ -76.197624640163525, 39.110095054653002 ], [ -76.199005375009733, 39.110126750896448 ], [ -76.199156238976869, 39.111314364494795 ], [ -76.19975861057884, 39.111225704576491 ], [ -76.200036512496823, 39.112384651776701 ], [ -76.19798262419414, 39.112768879220617 ], [ -76.198028666445722, 39.113113265188197 ], [ -76.196995713463451, 39.113396185086913 ], [ -76.197497742349867, 39.114112948887524 ], [ -76.198113484476536, 39.113911048030133 ], [ -76.198291519786039, 39.114221944846548 ], [ -76.195612285468016, 39.115289365187522 ], [ -76.195777628480897, 39.115671651039662 ], [ -76.195037327753582, 39.115891279348389 ], [ -76.195265993010835, 39.11662352326168 ], [ -76.196008339202052, 39.116515096260954 ], [ -76.196451631743628, 39.11854772576109 ], [ -76.196731115594829, 39.118478825160373 ], [ -76.197122278002141, 39.119309019248369 ], [ -76.196146412956182, 39.11957348785635 ], [ -76.196496153147422, 39.120271625989815 ], [ -76.208170550782, 39.124682459645911 ], [ -76.208905287344464, 39.124755251882597 ], [ -76.213691457279339, 39.124438532314407 ], [ -76.215092297319913, 39.123894875909322 ], [ -76.214763347737602, 39.123387567173715 ], [ -76.215085243748305, 39.123305524913384 ], [ -76.21508356120377, 39.122971873045124 ], [ -76.215960092342243, 39.122970622096744 ], [ -76.215073071576199, 39.122865505421132 ], [ -76.21506169081988, 39.121849257498305 ], [ -76.215952469238758, 39.121836125466473 ], [ -76.215910374184531, 39.120243088633366 ], [ -76.215229500606512, 39.120367515660128 ], [ -76.215206020441627, 39.119775846407229 ], [ -76.214872127430311, 39.119876738674876 ], [ -76.214658060694731, 39.119285017211254 ], [ -76.215678371685996, 39.118967951756339 ], [ -76.215555922329628, 39.118712909902747 ], [ -76.213149897130521, 39.119446208237449 ], [ -76.212229852497998, 39.119583051973791 ], [ -76.211416870877656, 39.117996820850855 ], [ -76.210466883600077, 39.118089948098174 ], [ -76.209936538917589, 39.117157410670984 ], [ -76.2090750949843, 39.11726401063865 ], [ -76.208849098621755, 39.116807974025129 ], [ -76.209590033559692, 39.116531284107928 ], [ -76.208915058319818, 39.116035146444631 ], [ -76.208009857449042, 39.115695754672757 ], [ -76.207744897559351, 39.116072314758398 ], [ -76.2074779649693, 39.115977160128125 ], [ -76.206568029976992, 39.117147058654098 ], [ -76.206056837376366, 39.11700728920129 ], [ -76.205282910911308, 39.117771730071325 ], [ -76.204430006363125, 39.117607306197534 ], [ -76.20484767176626, 39.117481984973196 ], [ -76.205457044837573, 39.11600399510597 ], [ -76.205804899465022, 39.115899551073177 ], [ -76.206164341461346, 39.116001185595373 ], [ -76.206160643995631, 39.115745225536479 ], [ -76.206575378196021, 39.115834900841122 ], [ -76.20679290703869, 39.115267203211083 ], [ -76.207320630437195, 39.114577523649032 ], [ -76.208054612414799, 39.115046333019876 ], [ -76.208664667307403, 39.114712714523044 ], [ -76.208990219461313, 39.114703823732818 ], [ -76.209780521315679, 39.116511688072599 ], [ -76.210118151318582, 39.116716724808889 ], [ -76.209985694729923, 39.116921273768575 ], [ -76.210438432158412, 39.11793488649365 ], [ -76.211529500749663, 39.117929851676287 ], [ -76.212296874903018, 39.119486054492484 ], [ -76.213214968394766, 39.119279996429263 ], [ -76.213545962542668, 39.118708714964953 ], [ -76.213093625762809, 39.118802854634239 ], [ -76.212434006324401, 39.117430148446068 ], [ -76.214624529280115, 39.116781562413287 ], [ -76.212221287960062, 39.111801226029499 ], [ -76.212043178090383, 39.111770914816802 ], [ -76.209711928655523, 39.112976749722208 ], [ -76.209157808262404, 39.112194475315896 ], [ -76.208540017078562, 39.112525784690227 ], [ -76.208804303231801, 39.112625659947547 ], [ -76.208102697435336, 39.113051817230115 ], [ -76.207889117586646, 39.112738230375008 ], [ -76.208490977148912, 39.112418752377245 ], [ -76.207913378387516, 39.11175713407372 ], [ -76.209011897605748, 39.111391865682229 ], [ -76.210035085900898, 39.110807788359637 ], [ -76.211770008497311, 39.110551403067873 ], [ -76.2152664330428, 39.117802392060746 ], [ -76.21573870703206, 39.117715187192459 ], [ -76.215981932183439, 39.118221016719147 ], [ -76.215525091250768, 39.11833871823638 ], [ -76.215898150808471, 39.119112614057698 ], [ -76.216517741317801, 39.118944765727946 ], [ -76.216692614557545, 39.119246604456357 ], [ -76.216767659816369, 39.121341458032454 ], [ -76.216082722259998, 39.121372392359021 ], [ -76.216088231627651, 39.121609796677312 ], [ -76.21763941012091, 39.121464767347142 ], [ -76.219095453432331, 39.120726934892232 ], [ -76.220081810800806, 39.12079902034916 ], [ -76.220445232333844, 39.121192694724058 ], [ -76.2203375782302, 39.122052338486888 ], [ -76.220541727565049, 39.122186298902562 ], [ -76.220248503981551, 39.122614097431132 ], [ -76.219151873022071, 39.122969962125651 ], [ -76.219210038936708, 39.122511838955347 ], [ -76.215989015399472, 39.12365747929173 ], [ -76.216464679630604, 39.124092061532423 ], [ -76.215355560292011, 39.124487141255827 ], [ -76.215963865266431, 39.126062416995254 ], [ -76.21475184481038, 39.126538619020266 ], [ -76.218070729916363, 39.135290208774506 ], [ -76.218612932360628, 39.135136517287584 ], [ -76.218838103171421, 39.13570435860089 ], [ -76.219818290910538, 39.135481293512385 ], [ -76.219978197319321, 39.135889709811529 ], [ -76.221045391385275, 39.135578347007943 ], [ -76.221235208998067, 39.135944753963642 ], [ -76.22356794873798, 39.135233816526913 ], [ -76.22453981897587, 39.134547494477012 ], [ -76.226426418514762, 39.137430881031278 ], [ -76.226808907688024, 39.137236578344762 ], [ -76.227287342323493, 39.137719362369168 ], [ -76.227786795740002, 39.137190541606387 ], [ -76.228097118754889, 39.13641373608678 ], [ -76.227419526722613, 39.135983352710731 ], [ -76.227708852516059, 39.135173774467063 ], [ -76.227526503496549, 39.135148382171934 ], [ -76.227716369618349, 39.134629860890115 ], [ -76.228093094302437, 39.134108014158912 ], [ -76.228318902917096, 39.134138133897949 ], [ -76.228711342728715, 39.133577375491484 ], [ -76.229343156614135, 39.133762641020134 ], [ -76.230262652376041, 39.132520713693566 ], [ -76.229516434445912, 39.132520757592772 ], [ -76.229677715277091, 39.132189590322199 ], [ -76.230907241203099, 39.131211973063543 ], [ -76.231053821104638, 39.130941281573087 ], [ -76.23224860468703, 39.131221808059621 ], [ -76.232406395563316, 39.130551504708784 ], [ -76.233089014567923, 39.13071932120274 ], [ -76.23297357835898, 39.131136604364315 ], [ -76.23282024851639, 39.131094527188559 ], [ -76.232952564069535, 39.131471917109337 ], [ -76.236124396760147, 39.132418660526596 ], [ -76.239919335966107, 39.132878255031137 ], [ -76.240344897560604, 39.133149863738453 ], [ -76.240493343262997, 39.133460358611401 ], [ -76.240703752957046, 39.133459955162273 ], [ -76.240688776244625, 39.133316735444559 ], [ -76.24174808400069, 39.133290019246957 ], [ -76.241808162428597, 39.13315199666296 ], [ -76.242743680541892, 39.133168845440217 ], [ -76.243450971775786, 39.132869340751384 ], [ -76.243842045249878, 39.13323614644024 ], [ -76.244079686473484, 39.133165441541585 ], [ -76.244283483668724, 39.133582781979634 ], [ -76.24464551191474, 39.133432850202581 ], [ -76.244755394738604, 39.133558566010031 ], [ -76.244545568949491, 39.133767708849085 ], [ -76.244709954358271, 39.133972094025147 ], [ -76.24445178034226, 39.134136541717595 ], [ -76.244792552652015, 39.13419341772358 ], [ -76.244673101872053, 39.134529386925081 ], [ -76.247128561361251, 39.134944595467623 ], [ -76.247022632022933, 39.135309604486395 ], [ -76.247529563914199, 39.13539304096539 ], [ -76.248158736752671, 39.134464332229548 ], [ -76.248662539811761, 39.134417585735953 ], [ -76.248663726486271, 39.134278100698346 ], [ -76.249548652381065, 39.134383937550574 ], [ -76.249777161331465, 39.133804347297698 ], [ -76.249567638274598, 39.133673611476141 ], [ -76.249950355619944, 39.133310157607021 ], [ -76.250184629059518, 39.133459617212623 ], [ -76.250274639352668, 39.133377433387039 ], [ -76.250153635385558, 39.133296972664283 ], [ -76.2503732240652, 39.133093990291627 ], [ -76.248617692319527, 39.131556189444517 ], [ -76.248656547150503, 39.13052371921799 ], [ -76.248724196579616, 39.131530560318851 ], [ -76.25056418702998, 39.132976392863952 ], [ -76.251190729601305, 39.133124169692984 ], [ -76.251428891847752, 39.133551760340666 ], [ -76.252015542033931, 39.13376394612721 ], [ -76.252196653174991, 39.134069219280583 ], [ -76.252573999493237, 39.13424087231035 ], [ -76.252918849256076, 39.134270176045199 ], [ -76.253082281552338, 39.133986486392693 ], [ -76.253495454480756, 39.134089434065501 ], [ -76.253682026480448, 39.133973435361888 ], [ -76.253799862089522, 39.134229541018634 ], [ -76.253618114042922, 39.134516259347627 ], [ -76.254328782043956, 39.135210584290249 ], [ -76.255335486253642, 39.135855882560428 ], [ -76.255614071789552, 39.135898053743517 ], [ -76.256109478295699, 39.135681633079507 ], [ -76.256134022065879, 39.135991112034624 ], [ -76.256387606589129, 39.136261616191014 ], [ -76.256862249435784, 39.136291857641318 ], [ -76.256662727322976, 39.136638615402553 ], [ -76.256776523208231, 39.136891954249272 ], [ -76.256614855203182, 39.136889415221489 ], [ -76.256610041131566, 39.137072107234481 ], [ -76.256917916237327, 39.137173239499575 ], [ -76.257000482191714, 39.137481933613685 ], [ -76.257245913605445, 39.137394433989606 ], [ -76.257209964824398, 39.137621149625396 ], [ -76.257379738328268, 39.137770526920853 ], [ -76.258503537036916, 39.138149148464471 ], [ -76.259340389589283, 39.139299245147235 ], [ -76.261196275728608, 39.14005902399839 ], [ -76.261116463110568, 39.140194481593625 ], [ -76.261417021438319, 39.140419435925679 ], [ -76.262268635107446, 39.140455219504027 ], [ -76.261592480379619, 39.14064975507403 ], [ -76.261400376554406, 39.140768938684268 ], [ -76.261444801838479, 39.140955508379612 ], [ -76.260955002616356, 39.140912388493057 ], [ -76.26067873024229, 39.141623274862347 ], [ -76.260848978056615, 39.141750724816958 ], [ -76.260652227246453, 39.141709081770784 ], [ -76.260446537300894, 39.142078507053768 ], [ -76.260605036947965, 39.142128799630768 ], [ -76.260393083948244, 39.142155081903375 ], [ -76.260681227558777, 39.144090379969782 ], [ -76.261066718901702, 39.144521671045766 ], [ -76.26129318148989, 39.144561374923455 ], [ -76.261330236097052, 39.144750545071531 ], [ -76.26114675070869, 39.144846343590132 ], [ -76.261426163592958, 39.145186605107611 ], [ -76.260851209471767, 39.146034010058173 ], [ -76.259682783358144, 39.144993094364189 ], [ -76.25882188739719, 39.144552108202454 ], [ -76.258054612956812, 39.143389496725369 ], [ -76.257664844734833, 39.143047762736295 ], [ -76.257758937870932, 39.142001850604778 ], [ -76.257120575267123, 39.141751072480865 ], [ -76.257468780237545, 39.141918002532201 ], [ -76.257473454171958, 39.142208086744205 ], [ -76.256677403099772, 39.142346199567292 ], [ -76.256936346073701, 39.142489315222974 ], [ -76.256979004371601, 39.1428360849605 ], [ -76.256777388285855, 39.143059426332222 ], [ -76.256212329107512, 39.143231655218997 ], [ -76.255630362737222, 39.143821870588546 ], [ -76.255885679212341, 39.144369144380768 ], [ -76.255737449105624, 39.144623963750583 ], [ -76.254470325091717, 39.146007874143038 ], [ -76.25353763128166, 39.146197082901026 ], [ -76.253691326738576, 39.144595335240453 ], [ -76.252855297941309, 39.143830718688505 ], [ -76.251747553025112, 39.14370806093239 ], [ -76.251533627325045, 39.143472580850791 ], [ -76.251550774367189, 39.143138341749058 ], [ -76.250741718384646, 39.142551209179054 ], [ -76.250868219142944, 39.141863521819552 ], [ -76.249679721970907, 39.14129563821173 ], [ -76.249702027139421, 39.141023535592289 ], [ -76.249213894292126, 39.140630408210953 ], [ -76.249309155238123, 39.139947792464383 ], [ -76.249010190521673, 39.140283090425079 ], [ -76.24890999153655, 39.139984295316893 ], [ -76.248455376629153, 39.139854158321526 ], [ -76.24832691215363, 39.140163388316672 ], [ -76.247906499702353, 39.14010013849996 ], [ -76.247767103628135, 39.140178524927244 ], [ -76.247888595380417, 39.140307698434363 ], [ -76.246538635917517, 39.140604821405013 ], [ -76.246394925235009, 39.140795294621292 ], [ -76.245926113352851, 39.140544320597662 ], [ -76.244703306825187, 39.140775912961651 ], [ -76.244419321516091, 39.140696477224779 ], [ -76.244250559515223, 39.14069884053886 ], [ -76.24386806225715, 39.140428225927657 ], [ -76.244237765708945, 39.140718395009173 ], [ -76.244709056941304, 39.140814856032073 ], [ -76.24496036154035, 39.140795621388058 ], [ -76.244995503634271, 39.141195379293059 ], [ -76.246288059852176, 39.142161565554538 ], [ -76.246004479683293, 39.142717187018164 ], [ -76.246093638373551, 39.142931713997271 ], [ -76.245958192191651, 39.143339255908586 ], [ -76.246115584215943, 39.143373382631047 ], [ -76.245892284595882, 39.143939462443242 ], [ -76.246016364394507, 39.144281025593024 ], [ -76.246456712258563, 39.144582817753061 ], [ -76.246477862193615, 39.14489637711096 ], [ -76.246371448663368, 39.145037370344717 ], [ -76.237169600966254, 39.144146838973647 ], [ -76.236145233183152, 39.145475197485801 ], [ -76.236750916873589, 39.146433603060856 ], [ -76.238382372413895, 39.146223154651565 ], [ -76.238265299474492, 39.14710836995188 ], [ -76.237251869578301, 39.147236857066126 ], [ -76.237849434295185, 39.148216680376279 ], [ -76.238007190137168, 39.148355563058175 ], [ -76.24162405810101, 39.147870208146415 ], [ -76.242583616927945, 39.149144016436708 ], [ -76.238748208618404, 39.149691100463862 ], [ -76.238099492032617, 39.148654695343659 ], [ -76.237965483155165, 39.148690820972099 ], [ -76.237780461647674, 39.148362174322891 ], [ -76.23717984445544, 39.14853646765777 ], [ -76.236553115932878, 39.147592411333278 ], [ -76.235401650011781, 39.14741013953973 ], [ -76.235296358477314, 39.147552987134183 ], [ -76.234725918390438, 39.14717225928284 ], [ -76.229450808921158, 39.146173082363219 ], [ -76.228648485811675, 39.146923083806612 ], [ -76.223372185176316, 39.142683815213502 ], [ -76.222475072736358, 39.143323064468412 ], [ -76.221765608477796, 39.142732330046726 ], [ -76.219478878650094, 39.144627400536521 ], [ -76.217583433400605, 39.147326111899375 ], [ -76.21583614818924, 39.148486068890783 ], [ -76.217664915986774, 39.150754623454937 ], [ -76.217630158371804, 39.151196818416565 ], [ -76.210544028221733, 39.151600032416724 ], [ -76.209661604135007, 39.15223553300514 ], [ -76.209085856801408, 39.152917335072686 ], [ -76.209589808980866, 39.153079303166813 ], [ -76.208931055518391, 39.154099246579641 ], [ -76.212225573822309, 39.15522368368277 ], [ -76.212330307502953, 39.156215993413355 ], [ -76.213968935192497, 39.156109816712984 ], [ -76.214052737228712, 39.157185385282816 ], [ -76.212604258630321, 39.157185042571093 ], [ -76.211435576496811, 39.156357760157903 ], [ -76.209156598231729, 39.156424940076505 ], [ -76.209056448653953, 39.156609178634746 ], [ -76.209415746919817, 39.158139173412238 ], [ -76.206226335995751, 39.158099640885681 ], [ -76.206122630886071, 39.158318577553374 ], [ -76.205442492129961, 39.158163353064275 ], [ -76.20542059838985, 39.15786262009707 ], [ -76.206555983569032, 39.157729095334247 ], [ -76.207647843576069, 39.155499412861445 ], [ -76.206809737873854, 39.154270372209815 ], [ -76.203799286625724, 39.151650563402107 ], [ -76.202609083552971, 39.149433866753171 ], [ -76.202281113134305, 39.14718527512369 ], [ -76.20707620962817, 39.147063680059524 ], [ -76.208462058583279, 39.151601807414288 ], [ -76.210451838615697, 39.151476500699353 ], [ -76.215673947483225, 39.148581592720262 ], [ -76.215094437106913, 39.1478957853449 ], [ -76.216716199825314, 39.147395216270461 ], [ -76.215730230529033, 39.146718929204042 ], [ -76.215579239001144, 39.143781729462042 ], [ -76.217888776155576, 39.14380238804381 ], [ -76.217972175746553, 39.141679620885853 ], [ -76.221357728423044, 39.141963616057694 ], [ -76.221765003013289, 39.141110273363189 ], [ -76.217979990191196, 39.139929739950134 ], [ -76.217999080289303, 39.138195277941456 ], [ -76.216093058275675, 39.138662331793853 ], [ -76.215947253620214, 39.138322883904337 ], [ -76.217140726560601, 39.138059937038811 ], [ -76.216402571908489, 39.136230863294124 ], [ -76.218121000537991, 39.135821588450497 ] ] ], [ [ [ -76.051151713600461, 39.228865637746416 ], [ -76.044564498776055, 39.231417406915099 ], [ -76.043876265300909, 39.230350306812575 ], [ -76.045773026582296, 39.229626894999896 ], [ -76.043568929184346, 39.226190078882411 ], [ -76.045661801675394, 39.22533702600149 ], [ -76.047712153310798, 39.227056344437855 ], [ -76.050721892194915, 39.225892227691652 ], [ -76.052290004829601, 39.228426464161778 ], [ -76.055565387221321, 39.227183589477612 ], [ -76.053624620169117, 39.224397714022864 ], [ -76.055973518804336, 39.224858484269625 ], [ -76.056786838191229, 39.226129259213401 ], [ -76.057148834097902, 39.22599946810017 ], [ -76.057460075191031, 39.226464658513692 ], [ -76.057665079722014, 39.226385341124669 ], [ -76.057108532081003, 39.225629579647013 ], [ -76.056934463731764, 39.225084192186749 ], [ -76.057569785538362, 39.224676391861664 ], [ -76.058135320823794, 39.22557411159012 ], [ -76.059495858847455, 39.225003908029024 ], [ -76.059838290345553, 39.225542995513607 ], [ -76.062042113757371, 39.2247214673706 ], [ -76.06499714973225, 39.229920369462576 ], [ -76.062196778496471, 39.231022535161223 ], [ -76.063452426532606, 39.233084004693069 ], [ -76.066829670691035, 39.231888552499356 ], [ -76.065304694257975, 39.229596659580118 ], [ -76.068108840214592, 39.227964853071256 ], [ -76.068211991962045, 39.227671451151878 ], [ -76.067619322165129, 39.226657609669658 ], [ -76.068687549293657, 39.226299680665477 ], [ -76.06745044607824, 39.224161547230651 ], [ -76.068345504071132, 39.223961149967487 ], [ -76.067593184783618, 39.222752795916108 ], [ -76.068324962295534, 39.222466761506418 ], [ -76.066737650866585, 39.219835835532841 ], [ -76.06658749656853, 39.219890168858541 ], [ -76.066235140483172, 39.219259853483642 ], [ -76.067059903508465, 39.219025787895099 ], [ -76.066945468921048, 39.218584450244677 ], [ -76.065910024910494, 39.218676026726882 ], [ -76.065642242514187, 39.218195149165922 ], [ -76.065066302042808, 39.218431004057891 ], [ -76.064932965105214, 39.218241512889854 ], [ -76.064671634409265, 39.218345410447263 ], [ -76.064801430188041, 39.218538924683969 ], [ -76.064393881611622, 39.218700568338029 ], [ -76.063846824671586, 39.217973688850854 ], [ -76.064395587512337, 39.21776465992199 ], [ -76.06400635199131, 39.217200499398778 ], [ -76.065300639262787, 39.216658902172917 ], [ -76.066058081642353, 39.216574977450314 ], [ -76.066110416592494, 39.216859027971907 ], [ -76.066865957238619, 39.216788947885874 ], [ -76.06662452871781, 39.215282247744881 ], [ -76.067014287058328, 39.2152497615673 ], [ -76.067071251925455, 39.215592779654699 ], [ -76.069729865416136, 39.215378730406592 ], [ -76.070105430375193, 39.214509087812957 ], [ -76.071191040802773, 39.215264442849239 ], [ -76.071357345013013, 39.215217176543575 ], [ -76.071269194232499, 39.215343466568008 ], [ -76.071978961223309, 39.215813997620366 ], [ -76.073045055751351, 39.214724520573327 ], [ -76.073978306516878, 39.214212944466617 ], [ -76.073631175931524, 39.213962952746556 ], [ -76.072465810378077, 39.215050292376866 ], [ -76.072315913896503, 39.214962512000689 ], [ -76.073512904639543, 39.213877777557045 ], [ -76.069011674922905, 39.210848596061084 ], [ -76.06838443525892, 39.211418430859069 ], [ -76.066964787191239, 39.210488244967635 ], [ -76.066692070349077, 39.210743169351105 ], [ -76.066368057009242, 39.210518762162266 ], [ -76.06563520870553, 39.21122136045193 ], [ -76.065934794157826, 39.21233616929738 ], [ -76.065374114266504, 39.212388520589094 ], [ -76.06547627966377, 39.212982846827956 ], [ -76.064474016724873, 39.213082954014489 ], [ -76.064257746421887, 39.211627196789586 ], [ -76.064377959871535, 39.211281071032602 ], [ -76.063446036816003, 39.210593891312747 ], [ -76.063649508821115, 39.210401763965962 ], [ -76.063365715751488, 39.210213536024035 ], [ -76.063453447018773, 39.210112093214171 ], [ -76.064071489730892, 39.209552160958062 ], [ -76.064425476258492, 39.209672248937643 ], [ -76.064546829670221, 39.20956076900562 ], [ -76.064367849332996, 39.209308221524644 ], [ -76.064905462284457, 39.208809304130178 ], [ -76.064724698791423, 39.208534221099313 ], [ -76.065188251037583, 39.208097416397877 ], [ -76.064989880564966, 39.207974700862664 ], [ -76.065221348565899, 39.207761878529453 ], [ -76.065407095013839, 39.207881390443099 ], [ -76.065883779731152, 39.207444386085456 ], [ -76.064289442578371, 39.206344471604908 ], [ -76.064409270650742, 39.206242494183627 ], [ -76.063803337228677, 39.205800918170581 ], [ -76.064210909161289, 39.205339874575721 ], [ -76.064847396082797, 39.205710162986023 ], [ -76.065026010805695, 39.205309471378008 ], [ -76.065616873192255, 39.20557254279462 ], [ -76.065435616524113, 39.205945468142644 ], [ -76.064847776070167, 39.206484245348186 ], [ -76.064986639443433, 39.206677011275012 ], [ -76.065998882665127, 39.20734102577449 ], [ -76.066357677874436, 39.20700724536227 ], [ -76.066557888096767, 39.207141873106018 ], [ -76.066698136672187, 39.207037930431376 ], [ -76.066491934686937, 39.206885298478646 ], [ -76.066574799780298, 39.206810030321762 ], [ -76.066829315856509, 39.206962505821132 ], [ -76.067055777546372, 39.20674247044871 ], [ -76.066961166980647, 39.206246458374011 ], [ -76.067788091352512, 39.204809954081391 ], [ -76.066393193667523, 39.204035979957887 ], [ -76.066572668976463, 39.203512392577984 ], [ -76.066362107467114, 39.203052009192263 ], [ -76.06702559415281, 39.202454476810544 ], [ -76.067342348206836, 39.201454145024222 ], [ -76.067849854121548, 39.201693454642587 ], [ -76.068868828419681, 39.201373485779101 ], [ -76.069360879718246, 39.20062516686712 ], [ -76.070915068466022, 39.201104759258399 ], [ -76.071700567028557, 39.202126914619143 ], [ -76.072178629761524, 39.202403167167347 ], [ -76.072778740303917, 39.202205011267935 ], [ -76.073525728090218, 39.201328296429274 ], [ -76.074829816879742, 39.201690754363185 ], [ -76.075401725712126, 39.202360293778675 ], [ -76.075038724590641, 39.202478547945255 ], [ -76.074163482534615, 39.20231520808963 ], [ -76.07360823565412, 39.202425005165338 ], [ -76.072546503345094, 39.204079849144826 ], [ -76.0718005261635, 39.204266594817916 ], [ -76.071900763776142, 39.204472285059026 ], [ -76.072471116726447, 39.20432333338902 ], [ -76.072711859832694, 39.204561749882821 ], [ -76.074227074273566, 39.204664139746299 ], [ -76.073525275339321, 39.205456439187444 ], [ -76.073035394370493, 39.207087783286013 ], [ -76.074678777741141, 39.207140113431699 ], [ -76.072975579148974, 39.207987879468526 ], [ -76.071978254249188, 39.208799181369919 ], [ -76.071602476389415, 39.208543469646621 ], [ -76.07115599393029, 39.208936406839747 ], [ -76.070615664473394, 39.208539101871182 ], [ -76.069366368424625, 39.209464885305863 ], [ -76.068733948176387, 39.209114067231106 ], [ -76.068576610949336, 39.209190982565289 ], [ -76.068391584950248, 39.209360480410673 ], [ -76.068663924500001, 39.209544158472951 ], [ -76.068583042886772, 39.209618312109122 ], [ -76.069363713902959, 39.210228374968679 ], [ -76.069000515152126, 39.210557354102399 ], [ -76.071943143596314, 39.212523834733567 ], [ -76.072331728737069, 39.212262229426031 ], [ -76.073061546125032, 39.212778622268139 ], [ -76.07270369863835, 39.213101427637355 ], [ -76.074016335796117, 39.214015997438992 ], [ -76.074408356992834, 39.213088833251412 ], [ -76.074216818207972, 39.21213870821208 ], [ -76.073675505994174, 39.211496685616325 ], [ -76.071903044598656, 39.210203829004051 ], [ -76.074538666607964, 39.208183099068265 ], [ -76.074669071444504, 39.208547777560661 ], [ -76.074467861397281, 39.208850256642158 ], [ -76.074472529043476, 39.209198252842562 ], [ -76.074768156518658, 39.209267299906024 ], [ -76.074847421164392, 39.209959285578378 ], [ -76.076128176214397, 39.210145043941928 ], [ -76.077694765306376, 39.209967368061506 ], [ -76.077977319599214, 39.210708295750074 ], [ -76.077377284515279, 39.211269906667553 ], [ -76.07777377393225, 39.211659397879295 ], [ -76.078019019394702, 39.212264552054542 ], [ -76.077319821981504, 39.212737424960473 ], [ -76.076708668449328, 39.213464247296564 ], [ -76.076880008615035, 39.21422877576309 ], [ -76.076562952727087, 39.214470006667803 ], [ -76.076722157551615, 39.215029120196171 ], [ -76.076950867724648, 39.214930297113789 ], [ -76.078213554959362, 39.215520486446493 ], [ -76.079691711199814, 39.21759197463588 ], [ -76.080821489993298, 39.21851254150355 ], [ -76.081040830737919, 39.219114190942662 ], [ -76.081461434530354, 39.219099278016635 ], [ -76.081627270718329, 39.219359725536215 ], [ -76.082055246085972, 39.219523661850793 ], [ -76.081703134342391, 39.219658678297378 ], [ -76.082752914566555, 39.220011036016686 ], [ -76.085115227743927, 39.22125743873945 ], [ -76.085244726180335, 39.221126893966989 ], [ -76.086443681538924, 39.222190065239104 ], [ -76.087235117067152, 39.222155898119631 ], [ -76.087605019944959, 39.222897361100387 ], [ -76.087107700925586, 39.223069476603705 ], [ -76.089625640937712, 39.226522912872632 ], [ -76.088206243499997, 39.22681136563309 ], [ -76.087597148906454, 39.225975319433303 ], [ -76.088814274488271, 39.225717190110771 ], [ -76.086334573062828, 39.222359411311935 ], [ -76.085671423245358, 39.221682954331243 ], [ -76.084963424139005, 39.222192393106639 ], [ -76.08310407948585, 39.222514398033042 ], [ -76.082813331659295, 39.222433382305482 ], [ -76.083525927444953, 39.221064338422721 ], [ -76.08309027417657, 39.220873368535742 ], [ -76.082901189589037, 39.221114999043614 ], [ -76.081826048127752, 39.220423586804941 ], [ -76.081951649672476, 39.220182246213874 ], [ -76.081249605498158, 39.219967915180561 ], [ -76.080857184551121, 39.219584902029858 ], [ -76.081015120954476, 39.219278418739073 ], [ -76.080742464299448, 39.219538079865607 ], [ -76.080762556019081, 39.220112998315734 ], [ -76.07928227975458, 39.219735299526434 ], [ -76.079605207929532, 39.220192493995079 ], [ -76.079490203810224, 39.220997476368638 ], [ -76.08059413537805, 39.221465759249284 ], [ -76.080057768389892, 39.223729939364205 ], [ -76.080278692864354, 39.223769208817487 ], [ -76.079865625937146, 39.224896917318446 ], [ -76.080223491390143, 39.226081520061285 ], [ -76.078413923285169, 39.226167520378617 ], [ -76.078370934407246, 39.225920053457038 ], [ -76.075683889237808, 39.225918269897186 ], [ -76.07545413612074, 39.225503517589274 ], [ -76.071700564333611, 39.226875420544154 ], [ -76.072472551335949, 39.228221396601967 ], [ -76.072641865800705, 39.228957913374217 ], [ -76.072857249466495, 39.228849051960687 ], [ -76.073713569409392, 39.228985497157595 ], [ -76.073793108939583, 39.22942292622011 ], [ -76.072634738567245, 39.229243180942333 ], [ -76.072408751187851, 39.230000569365707 ], [ -76.070996586984791, 39.232468311524897 ], [ -76.073295477306488, 39.233323827189309 ], [ -76.072276741061913, 39.235124289291178 ], [ -76.072252233224305, 39.235446028237149 ], [ -76.071991393906842, 39.23546490788457 ], [ -76.07100939336749, 39.237190481615201 ], [ -76.069666156896176, 39.237214309149181 ], [ -76.068973031196009, 39.238430014734469 ], [ -76.068536387085842, 39.238495479092322 ], [ -76.067971422230627, 39.239521528382255 ], [ -76.068431606692812, 39.240272041134659 ], [ -76.067937843205314, 39.240456204657548 ], [ -76.067149204132548, 39.239203126881115 ], [ -76.066645582533113, 39.240062070473392 ], [ -76.062198993741958, 39.238430199807581 ], [ -76.060141336108344, 39.240237779151997 ], [ -76.055778676914173, 39.237191138427526 ], [ -76.057387277517037, 39.235780552237721 ], [ -76.051372039796959, 39.229025341231555 ], [ -76.051151713600461, 39.228865637746416 ] ] ], [ [ [ -76.062372019147148, 39.370948580259601 ], [ -76.060864529319389, 39.370723769913042 ], [ -76.059120455585173, 39.370947789284017 ], [ -76.058623935168086, 39.370754301384608 ], [ -76.056172553131958, 39.371361235657709 ], [ -76.055483848041291, 39.370804953111673 ], [ -76.054513491464661, 39.370939226052471 ], [ -76.054141799142798, 39.370759676422267 ], [ -76.053841706142364, 39.37079968988381 ], [ -76.053563513170232, 39.370554769833987 ], [ -76.053445560780176, 39.36910268967155 ], [ -76.059004510929768, 39.368971457048332 ], [ -76.059029071767952, 39.368408540611952 ], [ -76.056868209386295, 39.36845361951233 ], [ -76.056739761080465, 39.36583140779436 ], [ -76.058806095541385, 39.365864513130973 ], [ -76.058789154213443, 39.367139695586282 ], [ -76.060432213292287, 39.367061120088536 ], [ -76.060397552695363, 39.365889562973443 ], [ -76.060084965027627, 39.365881272753811 ], [ -76.060043413454181, 39.36442049526368 ], [ -76.061568166206726, 39.364364756460652 ], [ -76.061571503448008, 39.364019961914629 ], [ -76.060861082483655, 39.364044067182313 ], [ -76.060790057185713, 39.36294638008426 ], [ -76.062458293347035, 39.363131038589842 ], [ -76.062626378916462, 39.362875820969201 ], [ -76.062426660970928, 39.358396971869247 ], [ -76.066056335317455, 39.358313875978197 ], [ -76.06632213243698, 39.362079734913792 ], [ -76.066955696240555, 39.362034509519184 ], [ -76.067015544699728, 39.362691543780052 ], [ -76.068794800053738, 39.362594840896286 ], [ -76.06866751596452, 39.360510887092126 ], [ -76.081855333206036, 39.357926119082748 ], [ -76.080327465994372, 39.354703307961252 ], [ -76.079568999535368, 39.349573197830466 ], [ -76.078301747960708, 39.342692307251447 ], [ -76.075144043972884, 39.331700198125787 ], [ -76.070598567736923, 39.323113229402495 ], [ -76.069990837684273, 39.321174706756345 ], [ -76.069507258397152, 39.318991867697662 ], [ -76.068976314538375, 39.307803093352852 ], [ -76.068123201581031, 39.306790300593214 ], [ -76.060120708992798, 39.300777802709042 ], [ -76.061893686919603, 39.298391636625226 ], [ -76.062472563983619, 39.297971180794299 ], [ -76.069335875112316, 39.296778668719632 ], [ -76.080518547536784, 39.293957472633409 ], [ -76.085330704834504, 39.292546118658002 ], [ -76.086832697871017, 39.291906499011411 ], [ -76.089848933371272, 39.290136012634704 ], [ -76.091252344390199, 39.288980998862556 ], [ -76.090866771300568, 39.288598726835957 ], [ -76.091268838357124, 39.288240382503893 ], [ -76.083448452243275, 39.28029378215809 ], [ -76.084186822491048, 39.279807024253145 ], [ -76.082494390207572, 39.27828624507039 ], [ -76.089516421968852, 39.274256280690871 ], [ -76.089134247205962, 39.27348483663291 ], [ -76.088888430414968, 39.273615188016315 ], [ -76.087632794955226, 39.272350310244221 ], [ -76.08789221313792, 39.272275261810421 ], [ -76.086627775985036, 39.269709302795889 ], [ -76.089576115019469, 39.268820889092908 ], [ -76.087421313571056, 39.264356506024853 ], [ -76.081852331036345, 39.265861852760402 ], [ -76.080097920388141, 39.257351477572051 ], [ -76.082263810640441, 39.256858230505202 ], [ -76.077519385416835, 39.252187669912082 ], [ -76.076965574044166, 39.251387301907734 ], [ -76.076171778641665, 39.249716293024846 ], [ -76.075479374288662, 39.248863147020067 ], [ -76.080726383557547, 39.247647287627359 ], [ -76.080308007587007, 39.246396343969934 ], [ -76.08171486903494, 39.24615613761631 ], [ -76.081882145222323, 39.245271203716271 ], [ -76.085319780422338, 39.24401976477256 ], [ -76.087411371915792, 39.250167145440116 ], [ -76.092527767939004, 39.249282024235875 ], [ -76.094030595510418, 39.248602032630409 ], [ -76.096705349930133, 39.253176176801951 ], [ -76.095977974163119, 39.253209462078999 ], [ -76.091256505386582, 39.254256931587626 ], [ -76.091386388301927, 39.254744786565624 ], [ -76.094657347389187, 39.255510911807519 ], [ -76.095041291833212, 39.256619184048496 ], [ -76.09203667424454, 39.256627732764059 ], [ -76.094062818079664, 39.262322858495629 ], [ -76.097125281782738, 39.261800072405947 ], [ -76.097653511831055, 39.261841076768505 ], [ -76.100701260231475, 39.264243286547554 ], [ -76.095030804002263, 39.269638276125349 ], [ -76.104225988894925, 39.278815902142846 ], [ -76.105278392199736, 39.278172104481548 ], [ -76.106533672824924, 39.279402819967807 ], [ -76.106926459386287, 39.280036453504167 ], [ -76.105873182020702, 39.280924482332367 ], [ -76.105811891765498, 39.281211679495122 ], [ -76.109016359352069, 39.283235860731473 ], [ -76.110053393380682, 39.283241000528868 ], [ -76.108725401319745, 39.284581185651561 ], [ -76.10760931105456, 39.283543852966922 ], [ -76.106295945363073, 39.283710442804491 ], [ -76.102001352416295, 39.286682582436448 ], [ -76.101486148837921, 39.285792184042407 ], [ -76.101203231625718, 39.285669733005882 ], [ -76.097999126060202, 39.287535640138643 ], [ -76.098553973190391, 39.288127881591116 ], [ -76.093082378812269, 39.291419990751301 ], [ -76.092051971655522, 39.292379892584812 ], [ -76.091906220898977, 39.292349999158297 ], [ -76.090958941143668, 39.289800236462135 ], [ -76.090800331003848, 39.289690169361464 ], [ -76.087014317458525, 39.292008783679819 ], [ -76.085145694106785, 39.292779623298927 ], [ -76.080568538782344, 39.294118273011883 ], [ -76.069451563747847, 39.296923280845022 ], [ -76.063011687003083, 39.29804731397433 ], [ -76.061828324601208, 39.298786148480545 ], [ -76.060384925077415, 39.300727364377089 ], [ -76.068297266337012, 39.306772641260196 ], [ -76.069115451897787, 39.307780885703309 ], [ -76.069636353490012, 39.318815415458438 ], [ -76.069868289513209, 39.320136223342523 ], [ -76.070728392261785, 39.323069715401367 ], [ -76.075286341605448, 39.331688369904647 ], [ -76.078362541447547, 39.342441241010285 ], [ -76.080178168689102, 39.352801070477966 ], [ -76.080430596182254, 39.354685528053977 ], [ -76.081877586272242, 39.357719796099836 ], [ -76.081864911043581, 39.358085898674915 ], [ -76.081810679749864, 39.358276479461054 ], [ -76.078817215643781, 39.366953016998984 ], [ -76.079682215108946, 39.36872699935288 ], [ -76.081440202848611, 39.370421173245198 ], [ -76.073135540354983, 39.371406818900809 ], [ -76.072215075310908, 39.3713805522898 ], [ -76.072325126119736, 39.370912505791168 ], [ -76.071029065573896, 39.370824007396031 ], [ -76.071106570419985, 39.370162945412666 ], [ -76.070607167309134, 39.370121346144067 ], [ -76.070598832739933, 39.370795321800202 ], [ -76.069483717146824, 39.370600831385737 ], [ -76.069260072573684, 39.37068791130244 ], [ -76.069299753854736, 39.37126430797295 ], [ -76.066253016059022, 39.371075948046645 ], [ -76.064981408553521, 39.371141825953572 ], [ -76.062888065345263, 39.371555817009281 ], [ -76.062695058713203, 39.37197132990017 ], [ -76.062619121427275, 39.371145982209626 ], [ -76.062372019147148, 39.370948580259601 ] ] ], [ [ [ -76.335112874172992, 39.444563419559501 ], [ -76.327293908295616, 39.447281081236412 ], [ -76.327067516674347, 39.446930432361647 ], [ -76.321594718553726, 39.449758566076248 ], [ -76.321542500384581, 39.450218810607929 ], [ -76.318006958700053, 39.452304820897453 ], [ -76.313758832907979, 39.454283448055257 ], [ -76.312821113023915, 39.45440256086718 ], [ -76.309021896040562, 39.454214626563783 ], [ -76.308477947271413, 39.453890056026815 ], [ -76.307900721310858, 39.453265606349028 ], [ -76.307515515632204, 39.452278305208971 ], [ -76.307034810055683, 39.452501744325268 ], [ -76.306889847121653, 39.453472432038446 ], [ -76.306546520901534, 39.453995473278326 ], [ -76.305926138078121, 39.45564010558725 ], [ -76.304888343176472, 39.455609274867463 ], [ -76.304275935596138, 39.454544567637896 ], [ -76.30301124152507, 39.454309925524697 ], [ -76.302736650797229, 39.454952275572452 ], [ -76.30026729616722, 39.454314561664518 ], [ -76.300057238612766, 39.454921281549332 ], [ -76.297932823577128, 39.454311500036603 ], [ -76.298223115957811, 39.454857684975202 ], [ -76.298072737979254, 39.454933489110743 ], [ -76.298084546333669, 39.455171210827146 ], [ -76.297618261412396, 39.455274473179543 ], [ -76.29782515510044, 39.455481270705597 ], [ -76.297884114227486, 39.455874562187049 ], [ -76.298677439811087, 39.456139763182904 ], [ -76.299015892670795, 39.456920107337723 ], [ -76.298949143353596, 39.457089068817773 ], [ -76.299243418864265, 39.457458536936862 ], [ -76.299412937246586, 39.457327935915799 ], [ -76.299530324596347, 39.457633548634895 ], [ -76.301684053456313, 39.458889847672488 ], [ -76.301793715294636, 39.460024703172152 ], [ -76.299929711978393, 39.460848246784657 ], [ -76.299698588930511, 39.46067167989802 ], [ -76.294717115371398, 39.462760392470216 ], [ -76.293931965355213, 39.462912347551345 ], [ -76.292170586475351, 39.463772246174074 ], [ -76.291914374379914, 39.463537687873078 ], [ -76.289845000918362, 39.464334271034055 ], [ -76.289000808231791, 39.463441546426729 ], [ -76.287218058431336, 39.464130167779366 ], [ -76.285595278820026, 39.463174364789111 ], [ -76.283991634222588, 39.464710490197611 ], [ -76.282336002323021, 39.46377155334428 ], [ -76.282709086135256, 39.462973762546284 ], [ -76.283864735510605, 39.461708096700605 ], [ -76.284429776722632, 39.461522140693098 ], [ -76.283812002606794, 39.46045696420066 ], [ -76.287608876783892, 39.457018265737176 ], [ -76.287790425404495, 39.457013872534105 ], [ -76.287695650447063, 39.456929735775475 ], [ -76.288246857603738, 39.456516604407035 ], [ -76.288738205521426, 39.456979179814553 ], [ -76.292769299239168, 39.455942067663031 ], [ -76.290788224780172, 39.451830340662312 ], [ -76.291273982481854, 39.45177657295887 ], [ -76.291201906155024, 39.45160543510773 ], [ -76.291365006074642, 39.451594671824573 ], [ -76.291618910398114, 39.451701555445986 ], [ -76.291629250905359, 39.451950938595054 ], [ -76.291917662213834, 39.452059916462368 ], [ -76.29222945666919, 39.45182276678166 ], [ -76.292613379553615, 39.451942098138687 ], [ -76.293026852519333, 39.451851065303806 ], [ -76.293312966835643, 39.452057317393241 ], [ -76.293033586290704, 39.452594946692379 ], [ -76.293095562858795, 39.452771885044498 ], [ -76.294461284161642, 39.453162721125651 ], [ -76.294865305952257, 39.453114789956366 ], [ -76.295083371089163, 39.452349336461587 ], [ -76.295578622186753, 39.452402918521813 ], [ -76.296268696309937, 39.45285249207916 ], [ -76.296479496771127, 39.452709788223466 ], [ -76.296879212038263, 39.452800373236187 ], [ -76.297063617301475, 39.453220324217718 ], [ -76.297544418997745, 39.453660232395087 ], [ -76.298133063443856, 39.453805475042316 ], [ -76.298761080150555, 39.453685500421614 ], [ -76.299503224220842, 39.453305213883766 ], [ -76.300011530534462, 39.45257709322707 ], [ -76.30048243189799, 39.452721281730241 ], [ -76.302388640761208, 39.452488589524712 ], [ -76.301414327105746, 39.451742766879889 ], [ -76.302010745572318, 39.451245782260244 ], [ -76.303311070420833, 39.452227744541609 ], [ -76.304176048326426, 39.452441375111164 ], [ -76.304620520355954, 39.451337695431228 ], [ -76.306230738824652, 39.451708213036788 ], [ -76.306553245689756, 39.451140606397104 ], [ -76.308088879735337, 39.451675399528916 ], [ -76.309960971482397, 39.448810363310571 ], [ -76.310259841875734, 39.447984023955115 ], [ -76.310309547457038, 39.446943425194917 ], [ -76.310032223155787, 39.445929419182036 ], [ -76.30775333112895, 39.442674816062713 ], [ -76.304771210049935, 39.443402678143194 ], [ -76.304368112625752, 39.443767484930603 ], [ -76.302877039509823, 39.444058754168545 ], [ -76.302123816517152, 39.444173447448598 ], [ -76.302230132131015, 39.443924079454838 ], [ -76.30211569215372, 39.443859226217796 ], [ -76.299627445054981, 39.444025993247195 ], [ -76.298599969100991, 39.445025737936497 ], [ -76.299355296846372, 39.445808568024162 ], [ -76.299931213961543, 39.446831409966201 ], [ -76.300697626019243, 39.447750195619633 ], [ -76.300475080085704, 39.448008659324174 ], [ -76.30004626928482, 39.448132230741948 ], [ -76.299522496676957, 39.447474671839331 ], [ -76.298869342413653, 39.447724908790633 ], [ -76.299580119110843, 39.448416724624053 ], [ -76.290181550247979, 39.450994441878038 ], [ -76.289367845483838, 39.45137871494029 ], [ -76.288430184888597, 39.452128253149063 ], [ -76.287247986703335, 39.45123346931134 ], [ -76.286544153084975, 39.451717036181734 ], [ -76.284972087863025, 39.450419546721875 ], [ -76.289067642888938, 39.448600955789196 ], [ -76.287723040978392, 39.446255429486087 ], [ -76.287667226853173, 39.445819939884835 ], [ -76.288638984801651, 39.445315847583281 ], [ -76.289997642651429, 39.444849773989013 ], [ -76.29223520409036, 39.444439247294213 ], [ -76.298463292227126, 39.444301843538845 ], [ -76.298650556827894, 39.444090765163793 ], [ -76.298921455479913, 39.444072753431016 ], [ -76.298912390580384, 39.443915351749638 ], [ -76.298475665621851, 39.443767927525627 ], [ -76.29848530634149, 39.443107706503731 ], [ -76.298880919901038, 39.442534893343499 ], [ -76.299322149012397, 39.441305872164897 ], [ -76.299944040107164, 39.440433232699306 ], [ -76.299914682265381, 39.43991108027371 ], [ -76.299465285671459, 39.439033811152221 ], [ -76.29882690060974, 39.4386947227216 ], [ -76.297348362585282, 39.439128095787332 ], [ -76.296266095687187, 39.439677584895172 ], [ -76.292580209261757, 39.441894234545678 ], [ -76.293224021944411, 39.442531956069892 ], [ -76.292471010954131, 39.442988838680527 ], [ -76.292948292152786, 39.443461177278522 ], [ -76.293297860765819, 39.44324878937249 ], [ -76.294033300709145, 39.44397662464285 ], [ -76.291498490335982, 39.444194268714732 ], [ -76.289278370586615, 39.444718973111833 ], [ -76.287006399180711, 39.445642976235618 ], [ -76.285234946593249, 39.446658001293429 ], [ -76.285279606337596, 39.446399514539564 ], [ -76.285508796211005, 39.446408627628557 ], [ -76.285542305167723, 39.446158479596555 ], [ -76.280916149439463, 39.44897167941123 ], [ -76.280359176895317, 39.448592323009848 ], [ -76.280950781290315, 39.447915753262848 ], [ -76.282901567252864, 39.446772163779997 ], [ -76.283030296731397, 39.446517621107375 ], [ -76.282534478796848, 39.445214803507398 ], [ -76.282176732819778, 39.445225492856245 ], [ -76.28142925365502, 39.444604408373614 ], [ -76.281157607604669, 39.443982280546159 ], [ -76.281594749381497, 39.443736485234815 ], [ -76.282314705962591, 39.443753745752815 ], [ -76.283175064730997, 39.443411858915795 ], [ -76.283529970235151, 39.443768354165023 ], [ -76.283920454414428, 39.443714791128066 ], [ -76.284629605160958, 39.443268333762624 ], [ -76.286330123180335, 39.443969477239818 ], [ -76.286879939744921, 39.44382884466912 ], [ -76.28688642108969, 39.443624691001681 ], [ -76.287021646286036, 39.443777882444437 ], [ -76.287594577401194, 39.443495137916671 ], [ -76.287708701171525, 39.443633958460531 ], [ -76.288150026402619, 39.443365857918927 ], [ -76.28756211138851, 39.442850962407135 ], [ -76.290213547340088, 39.441239785781242 ], [ -76.290427549396966, 39.441451464561943 ], [ -76.290926191634767, 39.441277540913518 ], [ -76.291232096735087, 39.441580009275441 ], [ -76.29184528225646, 39.441207401626635 ], [ -76.292157975027081, 39.441627962259794 ], [ -76.296254661930249, 39.439180419118898 ], [ -76.300191051657492, 39.437294768801237 ], [ -76.30101835152513, 39.436564246713274 ], [ -76.301832465921052, 39.435342654922252 ], [ -76.303925779484914, 39.434383055603369 ], [ -76.305320603508022, 39.432756840647102 ], [ -76.3053453107716, 39.43231467866466 ], [ -76.304868918905086, 39.431582777724586 ], [ -76.303330604286671, 39.429929368855994 ], [ -76.301550988708229, 39.428734922281478 ], [ -76.300137347674863, 39.427524096909494 ], [ -76.296869873152588, 39.430487231108835 ], [ -76.296817215707264, 39.43168746621231 ], [ -76.294438691532264, 39.431230926475898 ], [ -76.29473946186242, 39.430345771994851 ], [ -76.296059042099017, 39.428584251210999 ], [ -76.298132132789206, 39.427350044119763 ], [ -76.297171092640383, 39.42658220632326 ], [ -76.298011472876894, 39.425816949012507 ], [ -76.296172473268271, 39.424345210263162 ], [ -76.295798585463871, 39.424610312749628 ], [ -76.295323404526343, 39.424229912547865 ], [ -76.295400838405513, 39.424160422951921 ], [ -76.294818242316211, 39.423344447771335 ], [ -76.29404254257679, 39.42321367868071 ], [ -76.293591499370947, 39.423335525964156 ], [ -76.293469081455612, 39.422260470712494 ], [ -76.291952117096571, 39.423018405180905 ], [ -76.291710700253844, 39.422226852936191 ], [ -76.293164219299328, 39.421958506930146 ], [ -76.292080276144887, 39.41833092200595 ], [ -76.291955234250608, 39.417994334543955 ], [ -76.291610273994976, 39.418121497801778 ], [ -76.291396479448935, 39.41737893391052 ], [ -76.290271985444278, 39.417559900778038 ], [ -76.292918760936146, 39.416433538951097 ], [ -76.293765039510802, 39.415615323290297 ], [ -76.300178950452278, 39.413043655542189 ], [ -76.320115794253724, 39.404559709837002 ], [ -76.322297392447069, 39.406443047588127 ], [ -76.323142946081305, 39.407563891831614 ], [ -76.323584261430923, 39.408694816111932 ], [ -76.323763275005788, 39.410749456437024 ], [ -76.324020182397277, 39.411657797220727 ], [ -76.324573473645387, 39.412531639647462 ], [ -76.326453208258883, 39.414335890035638 ], [ -76.327139594797785, 39.415319334565453 ], [ -76.328392692516871, 39.418575997783698 ], [ -76.328578601559855, 39.419827615604177 ], [ -76.328459595445949, 39.422951438894074 ], [ -76.326339146472307, 39.422959911083936 ], [ -76.323842680687022, 39.422726472696617 ], [ -76.32097981455523, 39.423236778823053 ], [ -76.321519293307531, 39.432369545860425 ], [ -76.327393670699493, 39.431473753241995 ], [ -76.327952951913929, 39.4308297080172 ], [ -76.332931880545829, 39.430075746887944 ], [ -76.332596414584444, 39.430501792345879 ], [ -76.333049755680761, 39.430716104316851 ], [ -76.333567955140637, 39.430058072909745 ], [ -76.333794402457443, 39.430165569650498 ], [ -76.333275513989776, 39.430834730807817 ], [ -76.33387519244252, 39.431109905493855 ], [ -76.334435936114232, 39.430583630382557 ], [ -76.334950864808121, 39.430958633827679 ], [ -76.335543205821651, 39.430298643178027 ], [ -76.336284368033333, 39.430821826557839 ], [ -76.337037510177652, 39.430324583008193 ], [ -76.33672295699607, 39.42995788651416 ], [ -76.337193322963671, 39.428623203889344 ], [ -76.338978579962117, 39.427947118773908 ], [ -76.338308642474345, 39.429445128218369 ], [ -76.340799158717502, 39.430269104995588 ], [ -76.349819752441419, 39.428913065448576 ], [ -76.349353722641695, 39.426823737141298 ], [ -76.351324826699354, 39.426561615022699 ], [ -76.35183582706054, 39.428607359287433 ], [ -76.353719375920718, 39.428342657107329 ], [ -76.353435765209113, 39.427223702607876 ], [ -76.354484194367103, 39.427063701014816 ], [ -76.355110754006404, 39.42808724010203 ], [ -76.361348698458471, 39.427131636181656 ], [ -76.361577463428716, 39.427319619982214 ], [ -76.363094949708938, 39.426714920318943 ], [ -76.363180278881146, 39.426870672631168 ], [ -76.366062481249429, 39.425714783060727 ], [ -76.366651493106488, 39.425362934100754 ], [ -76.367045427714771, 39.424855429594821 ], [ -76.368273226180492, 39.424521075428984 ], [ -76.367830797818229, 39.423919506737562 ], [ -76.368598109987829, 39.423220276541258 ], [ -76.367875276102879, 39.422654781140572 ], [ -76.36823883597647, 39.422573169035473 ], [ -76.368578755785023, 39.422831215431898 ], [ -76.369511109133583, 39.422913809146188 ], [ -76.369617731072978, 39.423071807179952 ], [ -76.369307318226532, 39.423379197495308 ], [ -76.369419554636451, 39.42346705536773 ], [ -76.36979282978983, 39.423094571507924 ], [ -76.369577915942941, 39.42278521402914 ], [ -76.36867285700599, 39.422711767578711 ], [ -76.368410860658429, 39.422534626560065 ], [ -76.368934917133942, 39.422416980348416 ], [ -76.369475421762289, 39.422588722863388 ], [ -76.369835362323585, 39.422267202593062 ], [ -76.368609971342835, 39.420660968286974 ], [ -76.371025231223072, 39.419671226455065 ], [ -76.373074979190591, 39.421488666462146 ], [ -76.373023927933005, 39.421357642681201 ], [ -76.373208119397162, 39.421217387769104 ], [ -76.373704060400925, 39.421601147832611 ], [ -76.374437947157105, 39.422472096827001 ], [ -76.367121185337638, 39.427695532633003 ], [ -76.365331293032341, 39.428300197419631 ], [ -76.35673603003589, 39.430403536201013 ], [ -76.35790731908034, 39.433997295566712 ], [ -76.357586377080466, 39.434118889484452 ], [ -76.358663378952699, 39.436783566560827 ], [ -76.359341579144427, 39.436652110163635 ], [ -76.358856518535404, 39.436813665340409 ], [ -76.359111844891984, 39.437789542693316 ], [ -76.359540184077332, 39.437714612792178 ], [ -76.359764092755157, 39.438375606463502 ], [ -76.360325141854076, 39.441523757681232 ], [ -76.358628883645792, 39.441514529485062 ], [ -76.358645867194539, 39.441679138343162 ], [ -76.357839575328114, 39.441665820549488 ], [ -76.357781093206498, 39.441135806090287 ], [ -76.352553981621156, 39.441047976739142 ], [ -76.348029141483892, 39.440749387613145 ], [ -76.34692854536074, 39.4410562011414 ], [ -76.345384859715253, 39.441047627089269 ], [ -76.340859594674882, 39.441685744861417 ], [ -76.33757625680299, 39.442931416512607 ], [ -76.337881011161443, 39.443473295971188 ], [ -76.335112874172992, 39.444563419559501 ] ], [ [ -76.334532758332188, 39.444682900712905 ], [ -76.334523580244934, 39.444687037326368 ], [ -76.334533698868285, 39.444684762639909 ], [ -76.334532758332188, 39.444682900712905 ] ] ], [ [ [ -76.131656614729096, 39.567717291743847 ], [ -76.131987180380591, 39.567695045616532 ], [ -76.132980879679906, 39.568132916646057 ], [ -76.134280750879185, 39.566344530623951 ], [ -76.13524472223078, 39.565653284706421 ], [ -76.135947069137345, 39.564669854838087 ], [ -76.136179006957192, 39.564072770535489 ], [ -76.13618294696802, 39.563325533088943 ], [ -76.135863695597521, 39.562576872043834 ], [ -76.134525096229723, 39.561332588824463 ], [ -76.133602128479254, 39.559965418424333 ], [ -76.132050031907767, 39.55872679933551 ], [ -76.131259238674957, 39.557393731240907 ], [ -76.131042883032038, 39.557439072285938 ], [ -76.129632311541997, 39.555858897983249 ], [ -76.13003456005822, 39.555642094347355 ], [ -76.124405759607058, 39.554175251655842 ], [ -76.122352510904875, 39.553072941212619 ], [ -76.121594092954894, 39.552924190588882 ], [ -76.118922106244568, 39.552866494840345 ], [ -76.114183432035389, 39.553802343893601 ], [ -76.105042186483971, 39.553943003480526 ], [ -76.102801953455398, 39.558277892895077 ], [ -76.099856643540079, 39.562779022804719 ], [ -76.098562035570069, 39.564224996561812 ], [ -76.097306831301665, 39.564773550145134 ], [ -76.096219507786813, 39.561004290904151 ], [ -76.095016694164102, 39.558829770091897 ], [ -76.093647402956293, 39.556835715230456 ], [ -76.092590005916833, 39.556120052427111 ], [ -76.093044255209932, 39.555802274750739 ], [ -76.092872314071286, 39.555555240692208 ], [ -76.093010821711673, 39.555471198226805 ], [ -76.092627069507145, 39.555381355747613 ], [ -76.091865198433212, 39.555733486541079 ], [ -76.091583373572377, 39.555378246623391 ], [ -76.092407178095272, 39.554993750288041 ], [ -76.091517870218496, 39.555358036273567 ], [ -76.091331933327723, 39.555134908217724 ], [ -76.092061876479818, 39.55479074569709 ], [ -76.091824418512573, 39.554284766813979 ], [ -76.091660657432897, 39.554072535801176 ], [ -76.090946592003462, 39.554308157988721 ], [ -76.090643816633573, 39.553892899743019 ], [ -76.09125751868622, 39.553680738871911 ], [ -76.091206100017686, 39.553589082853229 ], [ -76.09057600820266, 39.553787805687207 ], [ -76.090513890599098, 39.553682025771955 ], [ -76.091139472871376, 39.553470031872017 ], [ -76.091119396423082, 39.553279533808215 ], [ -76.091395599626864, 39.553097736761693 ], [ -76.090956246197806, 39.552772266682652 ], [ -76.090713428881557, 39.552845033552863 ], [ -76.09061739987601, 39.55258999800607 ], [ -76.090861850329446, 39.55254603214081 ], [ -76.090717706658964, 39.552105290741075 ], [ -76.090182653007744, 39.552260294203165 ], [ -76.090416672224109, 39.552101954975981 ], [ -76.090304161828016, 39.551898252049007 ], [ -76.089603134546607, 39.552110275687063 ], [ -76.089451628284039, 39.551919110336378 ], [ -76.089909512160759, 39.551729386547919 ], [ -76.089645782963018, 39.551673119428223 ], [ -76.089628393375747, 39.551525808588934 ], [ -76.089924866165603, 39.550969256745596 ], [ -76.089597015222864, 39.550753428325947 ], [ -76.088706129006169, 39.551039469617848 ], [ -76.088571976398256, 39.550830077566872 ], [ -76.089295683445656, 39.55060082640324 ], [ -76.088889574868645, 39.550256901136578 ], [ -76.089235871817422, 39.550109492395478 ], [ -76.088350225473746, 39.550072030445094 ], [ -76.088183492767129, 39.549661891971006 ], [ -76.087709774286878, 39.549431092988392 ], [ -76.086695180174075, 39.549465333683322 ], [ -76.086676900356338, 39.549280500364894 ], [ -76.087127180892509, 39.549028861051056 ], [ -76.086988513351997, 39.548778087361597 ], [ -76.08673710185343, 39.548784174593187 ], [ -76.08688901595113, 39.548420192115252 ], [ -76.085726858281546, 39.547977994806885 ], [ -76.084607354418281, 39.546933348970214 ], [ -76.084507785152169, 39.545842395348167 ], [ -76.086423232289789, 39.545780941325589 ], [ -76.086419029970898, 39.545548340169766 ], [ -76.086311894195163, 39.545409355851596 ], [ -76.084419525675514, 39.545379088614382 ], [ -76.085134767897998, 39.545279665350805 ], [ -76.08500965593511, 39.545102900677364 ], [ -76.086550562193096, 39.545066845693817 ], [ -76.086546694047485, 39.544950007856173 ], [ -76.085285573474621, 39.544963467281377 ], [ -76.084898251365161, 39.544773040762806 ], [ -76.084807046312662, 39.543786700493115 ], [ -76.084962223989805, 39.54356820836162 ], [ -76.083600130982362, 39.543565341855377 ], [ -76.083639893111794, 39.543220860782178 ], [ -76.084542367595674, 39.543199514968101 ], [ -76.08453241156738, 39.542475684045044 ], [ -76.084902724076954, 39.54246587140539 ], [ -76.084875445835038, 39.541785235901877 ], [ -76.084039855415625, 39.541798164605432 ], [ -76.08405869398544, 39.542487538182925 ], [ -76.083744629487384, 39.542542973846238 ], [ -76.083916462828199, 39.542277642333097 ], [ -76.083949371710304, 39.541701479486036 ], [ -76.084991208132436, 39.541640805292936 ], [ -76.084450247159907, 39.540626891740224 ], [ -76.084863342833216, 39.539609381770191 ], [ -76.085240277723059, 39.539408598212887 ], [ -76.085261742966779, 39.539949124947618 ], [ -76.085583326363761, 39.540030880008302 ], [ -76.085923398885924, 39.539686330819315 ], [ -76.085584397155571, 39.539406759603992 ], [ -76.085729790382629, 39.539227145846361 ], [ -76.086496912109382, 39.539300141680592 ], [ -76.087629585274726, 39.538420972801923 ], [ -76.088652633432673, 39.538287540698569 ], [ -76.088677186186018, 39.537906586766304 ], [ -76.088851304840915, 39.537790472611768 ], [ -76.091856975255098, 39.537719428153139 ], [ -76.093095421451878, 39.537888480854875 ], [ -76.094829173543488, 39.537468357261623 ], [ -76.096114864835997, 39.536875614722199 ], [ -76.096921186346833, 39.535603888451654 ], [ -76.097669707557301, 39.534791106824485 ], [ -76.097927538416897, 39.534385824763312 ], [ -76.097952801737634, 39.533870170748621 ], [ -76.098231340561156, 39.533626707721346 ], [ -76.098059050876188, 39.533392721049019 ], [ -76.098157695775839, 39.532857046447063 ], [ -76.097765028690432, 39.532233592485987 ], [ -76.098104417594655, 39.530491175617932 ], [ -76.098330955641316, 39.529743198838929 ], [ -76.099646187133629, 39.528047015114481 ], [ -76.101397115911794, 39.529251500287778 ], [ -76.101672380376101, 39.529008729179516 ], [ -76.103381714461662, 39.530348880458035 ], [ -76.104039146502345, 39.529841763035094 ], [ -76.105427508943635, 39.530921060790114 ], [ -76.108764540916667, 39.52946259192553 ], [ -76.109319360199081, 39.529881172461366 ], [ -76.113610856653096, 39.528061673732317 ], [ -76.114001299509866, 39.528239792736315 ], [ -76.117694705732532, 39.526677033198425 ], [ -76.117682655731286, 39.526431112872991 ], [ -76.119024639052782, 39.525863993929086 ], [ -76.118820640634894, 39.52557491233015 ], [ -76.120500445300451, 39.524864057443764 ], [ -76.120840414516366, 39.525345871532153 ], [ -76.120587248608018, 39.52608958028808 ], [ -76.119906304063107, 39.52662313071604 ], [ -76.119850762127399, 39.526872368631309 ], [ -76.121339315468958, 39.52688664294098 ], [ -76.121643723077696, 39.527743565926016 ], [ -76.121672643439965, 39.53067755139211 ], [ -76.127640793269478, 39.527856323924951 ], [ -76.127824253505025, 39.527996278091756 ], [ -76.128134533400768, 39.527882237098922 ], [ -76.136546947914411, 39.524420947146268 ], [ -76.137766026433667, 39.523763252076165 ], [ -76.140196593606333, 39.522811363240365 ], [ -76.140134605360146, 39.522588876825616 ], [ -76.141764311880593, 39.521900331881874 ], [ -76.141407053688738, 39.521471848823936 ], [ -76.141024471090702, 39.521559831679532 ], [ -76.14076764634423, 39.520743088247116 ], [ -76.140486669493043, 39.520419311776756 ], [ -76.139687925271659, 39.520005447330931 ], [ -76.139470706347737, 39.519686081614104 ], [ -76.139376424565413, 39.519496131115503 ], [ -76.139510286119162, 39.519164570233322 ], [ -76.138719360834003, 39.518474157028933 ], [ -76.138325490904421, 39.517635128297975 ], [ -76.138304116390543, 39.516734991534484 ], [ -76.138984199451102, 39.516301553541915 ], [ -76.140321433379683, 39.516188972207694 ], [ -76.140491604837209, 39.516222814887669 ], [ -76.140647860492663, 39.51659956211612 ], [ -76.141431240827771, 39.517108368046443 ], [ -76.142285437153348, 39.516565332927421 ], [ -76.142779443185958, 39.515909342405486 ], [ -76.142712780107047, 39.515804960758501 ], [ -76.144418608068037, 39.515303020628835 ], [ -76.144277469262192, 39.514957010509789 ], [ -76.144832296629446, 39.514178515571864 ], [ -76.144560311015923, 39.513583375228187 ], [ -76.144477744163197, 39.512649320073351 ], [ -76.142045414495939, 39.511883088326073 ], [ -76.141522830359193, 39.512086392378777 ], [ -76.140785569530777, 39.511734226552171 ], [ -76.14045143577097, 39.511836390337244 ], [ -76.136427245606157, 39.511631129776767 ], [ -76.13604882759779, 39.511467897811926 ], [ -76.133510506608474, 39.512285902830811 ], [ -76.132794598734378, 39.512389596726884 ], [ -76.132537616782741, 39.512035990909666 ], [ -76.131269466892775, 39.512610494107157 ], [ -76.130680475696963, 39.512658283107257 ], [ -76.130338914666353, 39.512498292813021 ], [ -76.130260774711374, 39.512266848396955 ], [ -76.130688569517673, 39.511716219851543 ], [ -76.130996735677584, 39.511839145880501 ], [ -76.131233641180927, 39.511698897182143 ], [ -76.13128993410821, 39.51126601408756 ], [ -76.131849212627685, 39.511260175142823 ], [ -76.131489959277573, 39.510837952645311 ], [ -76.131680456915035, 39.510440020656254 ], [ -76.1315371325081, 39.510310496306559 ], [ -76.132075265584092, 39.509966534965429 ], [ -76.132553945459648, 39.509983822720585 ], [ -76.132464649327147, 39.509781864684399 ], [ -76.132140865057735, 39.509688367435452 ], [ -76.132198020367667, 39.509381028233939 ], [ -76.132608158787065, 39.509357081323834 ], [ -76.133011805081864, 39.508977801836018 ], [ -76.132993791165475, 39.50881188629161 ], [ -76.13338014039951, 39.50866680213101 ], [ -76.133335602826023, 39.507928014143239 ], [ -76.1326896171187, 39.506429992472199 ], [ -76.133042114239544, 39.505548400150793 ], [ -76.132272215820251, 39.504878959010604 ], [ -76.132475851318745, 39.504696861914589 ], [ -76.132402112210329, 39.504439158390667 ], [ -76.134229573857439, 39.503262651521986 ], [ -76.134846399352341, 39.502514101466666 ], [ -76.134858412522632, 39.50224334911794 ], [ -76.13459551067325, 39.502098186087686 ], [ -76.134178490260481, 39.501152625499294 ], [ -76.133656279822901, 39.50082942107089 ], [ -76.132515862281508, 39.500693749928551 ], [ -76.132288167204749, 39.500297074768994 ], [ -76.132738175551381, 39.499651092453455 ], [ -76.146488558248009, 39.502069538554665 ], [ -76.148910527645072, 39.500884696605489 ], [ -76.150696509583938, 39.50165280676228 ], [ -76.15244631995958, 39.503347836406689 ], [ -76.15651178860999, 39.504706751283216 ], [ -76.159381323834452, 39.498948485815795 ], [ -76.157357019749014, 39.497288085984245 ], [ -76.140918822026762, 39.487717041478582 ], [ -76.143166024185334, 39.485734260054414 ], [ -76.147768697053749, 39.487654202130777 ], [ -76.153278384491486, 39.489243462092567 ], [ -76.153798205410425, 39.487942023764944 ], [ -76.155955299359462, 39.488585639895184 ], [ -76.158928424709231, 39.484897899736019 ], [ -76.154270592587423, 39.483510205183215 ], [ -76.155021322755204, 39.482641256328556 ], [ -76.157355672276097, 39.480526783278073 ], [ -76.160663409289427, 39.479553109357823 ], [ -76.16130260283488, 39.479161478483448 ], [ -76.162060304827577, 39.478189429453963 ], [ -76.157696503874675, 39.476321338443242 ], [ -76.15722175233185, 39.475911945903533 ], [ -76.155717890799551, 39.472386451480979 ], [ -76.156931853413255, 39.471421170131691 ], [ -76.159776260962573, 39.470732977362694 ], [ -76.159996403004428, 39.470557905680273 ], [ -76.162552807080417, 39.466950957781094 ], [ -76.163285224192805, 39.466368416823393 ], [ -76.164582412124332, 39.466910572977646 ], [ -76.165027403380094, 39.466556600566271 ], [ -76.166837437710697, 39.463542910814525 ], [ -76.163959514916428, 39.45560180335783 ], [ -76.165635183738388, 39.454268793989229 ], [ -76.168194085130864, 39.453019974900734 ], [ -76.169609026026464, 39.452681178608806 ], [ -76.177623479682708, 39.452600289066481 ], [ -76.177899561613913, 39.453167672249435 ], [ -76.179071176746817, 39.456170706030782 ], [ -76.177927584559214, 39.457867795994808 ], [ -76.1718505912566, 39.465063918578089 ], [ -76.170575606085634, 39.466865188070109 ], [ -76.173100075053284, 39.479023385404552 ], [ -76.171228849282159, 39.480511715950307 ], [ -76.168615825292136, 39.481802932703907 ], [ -76.16704851754794, 39.482262373934525 ], [ -76.162551444336117, 39.478549248862571 ], [ -76.161347866247098, 39.479803891076656 ], [ -76.157668533031682, 39.480897882537299 ], [ -76.155262700072029, 39.483093816260784 ], [ -76.157792195113672, 39.483835986792364 ], [ -76.172093275622188, 39.489278671157599 ], [ -76.172098021421832, 39.488873238599659 ], [ -76.173578966931245, 39.489034291995722 ], [ -76.17508189062238, 39.489628057091124 ], [ -76.175558005807801, 39.489970621649434 ], [ -76.175635071377712, 39.489894632448468 ], [ -76.175382665444147, 39.489657331610715 ], [ -76.174363228513627, 39.489189635940903 ], [ -76.175131047333053, 39.488296569556766 ], [ -76.173762396624042, 39.487511691652649 ], [ -76.177112203538755, 39.48345713933341 ], [ -76.182901979393876, 39.478302559793796 ], [ -76.183512930805122, 39.47800925868691 ], [ -76.189382506701875, 39.472495772504189 ], [ -76.194742398269398, 39.465553981842625 ], [ -76.195421556963524, 39.466018585322402 ], [ -76.197477199675959, 39.463347712213739 ], [ -76.198718253681989, 39.464187024585229 ], [ -76.19981144948386, 39.463211818133601 ], [ -76.201780781165454, 39.453296630241603 ], [ -76.205443235036711, 39.4506853726702 ], [ -76.207758450442043, 39.446563220454252 ], [ -76.209160982010303, 39.447014496574511 ], [ -76.209965608400182, 39.445237749983512 ], [ -76.214104778429771, 39.446899239146447 ], [ -76.219118151164608, 39.448612406966376 ], [ -76.216633888094151, 39.450392199314791 ], [ -76.217125083298242, 39.450798283447703 ], [ -76.217749035128293, 39.451096538157778 ], [ -76.218344876876472, 39.450653842633912 ], [ -76.225927053133162, 39.453173982191913 ], [ -76.225577964220491, 39.453804685006162 ], [ -76.227531056158398, 39.454453771954434 ], [ -76.223900688312483, 39.461039498464089 ], [ -76.224926321821812, 39.461269224217929 ], [ -76.225428005755163, 39.461771766773758 ], [ -76.224540537628087, 39.462955983869968 ], [ -76.224131639782144, 39.464957635248211 ], [ -76.223603877756076, 39.465523149965861 ], [ -76.223596674165819, 39.465856845461843 ], [ -76.223291256850686, 39.466091282212304 ], [ -76.223141512184398, 39.467188641923428 ], [ -76.222714549218068, 39.467564181296773 ], [ -76.222414386149026, 39.467400218241288 ], [ -76.221836765828073, 39.467826236499107 ], [ -76.222571834767194, 39.468423591098265 ], [ -76.22257946056564, 39.468696640872857 ], [ -76.221911739221696, 39.468698751808361 ], [ -76.222024945812109, 39.468967970460049 ], [ -76.221842700098847, 39.469420345434216 ], [ -76.219699503087256, 39.468351059612097 ], [ -76.216901384826201, 39.46837452827976 ], [ -76.216692307333702, 39.469813150398835 ], [ -76.216170030420784, 39.471203127143959 ], [ -76.21387919529225, 39.470354695823033 ], [ -76.21456651607906, 39.469348900264094 ], [ -76.213360090330582, 39.468832444493266 ], [ -76.212710269715302, 39.469806016050001 ], [ -76.20902303671528, 39.468229566377481 ], [ -76.209472974095007, 39.467587923463 ], [ -76.208505249582146, 39.46717784360122 ], [ -76.208274018736432, 39.467464561336804 ], [ -76.206490885355336, 39.466725361119877 ], [ -76.206241566033057, 39.467045241372141 ], [ -76.204695365104783, 39.466382424083243 ], [ -76.20524967773737, 39.465438129562827 ], [ -76.206526806288593, 39.465970091559846 ], [ -76.207203968027869, 39.465004823141527 ], [ -76.206837717700012, 39.464855475381611 ], [ -76.20715057576065, 39.464277435847499 ], [ -76.207559847305774, 39.4644253832505 ], [ -76.207792136366876, 39.463948210847015 ], [ -76.206472010852892, 39.463433959245222 ], [ -76.208094214644106, 39.460268394990962 ], [ -76.210449014312445, 39.456421700348876 ], [ -76.215578038851916, 39.452005264544482 ], [ -76.216075085681766, 39.452396405273873 ], [ -76.216579614579629, 39.452011064072956 ], [ -76.215556231350078, 39.451205731006212 ], [ -76.211717849616974, 39.454348631456504 ], [ -76.203901429565107, 39.461947352976154 ], [ -76.202899981398161, 39.462239421412512 ], [ -76.202231871083697, 39.462904641718247 ], [ -76.202790032997285, 39.463683980712908 ], [ -76.207215588634384, 39.459304664197219 ], [ -76.207692114349882, 39.459487527276323 ], [ -76.207447410571547, 39.459714266812114 ], [ -76.20810043996903, 39.45998908812993 ], [ -76.206497849993738, 39.46306435570262 ], [ -76.205820042365772, 39.46278627166398 ], [ -76.204839380316187, 39.464244350856781 ], [ -76.204095622871634, 39.46392480102292 ], [ -76.203299787395153, 39.465203431933077 ], [ -76.201923647431613, 39.466344242191994 ], [ -76.201305520277884, 39.465917700282773 ], [ -76.201588476117635, 39.465672596851093 ], [ -76.201425045617995, 39.465423015969456 ], [ -76.201690071983023, 39.465153065820282 ], [ -76.201442593308769, 39.46499455501651 ], [ -76.200781232037031, 39.465634633717876 ], [ -76.201005914164327, 39.465790174176554 ], [ -76.200387211190474, 39.466432527164564 ], [ -76.200155332659449, 39.466303805024097 ], [ -76.198566221006672, 39.46822425155505 ], [ -76.200300018912372, 39.469360010309785 ], [ -76.202093816194193, 39.467552059862278 ], [ -76.202901206700204, 39.467924559823544 ], [ -76.201915557204174, 39.469420670670274 ], [ -76.201659937996808, 39.469354248980487 ], [ -76.201041423669182, 39.46989931591046 ], [ -76.202459727857203, 39.470853670835936 ], [ -76.202068939149044, 39.470006977228259 ], [ -76.20226203561262, 39.469282658114146 ], [ -76.202931795233951, 39.468314276852794 ], [ -76.203723008878313, 39.468866485681751 ], [ -76.203580362699398, 39.469816990103958 ], [ -76.204172674068516, 39.470103773939158 ], [ -76.204133282044992, 39.470535400265859 ], [ -76.203497841660791, 39.470500217077927 ], [ -76.203480899434524, 39.470667918177021 ], [ -76.202994141907922, 39.470640774278799 ], [ -76.202971569939791, 39.470914994221424 ], [ -76.202512184978218, 39.470889658943335 ], [ -76.204039792576737, 39.471937671871345 ], [ -76.203964329601291, 39.472766291214647 ], [ -76.203690899496806, 39.473375949189204 ], [ -76.202306194097048, 39.474869927068582 ], [ -76.198603590922502, 39.478294092255169 ], [ -76.195313666602956, 39.480640802164508 ], [ -76.194887048589692, 39.481238278319488 ], [ -76.193883125564128, 39.483451610049528 ], [ -76.191553200246005, 39.486514128153892 ], [ -76.190391318359218, 39.487340998715361 ], [ -76.187297918474385, 39.488764416127893 ], [ -76.188969674234968, 39.488345589207746 ], [ -76.191062897068988, 39.48815071670434 ], [ -76.193213932779756, 39.487626960174296 ], [ -76.194534211007337, 39.48768453890068 ], [ -76.196541923209466, 39.488222795634485 ], [ -76.19685314543797, 39.486479170049151 ], [ -76.196590585846721, 39.486433967764782 ], [ -76.196881013873025, 39.485428889992406 ], [ -76.196209196211385, 39.485426539680098 ], [ -76.196067769944634, 39.485127867032759 ], [ -76.196132328270835, 39.484591232967489 ], [ -76.196424475672586, 39.484448233663358 ], [ -76.197538803443194, 39.483154323900465 ], [ -76.197493987391965, 39.483005765282471 ], [ -76.196878330605273, 39.482778675237398 ], [ -76.196557658099991, 39.482821444910719 ], [ -76.196105108419403, 39.482465912318645 ], [ -76.196140836214894, 39.48181600430955 ], [ -76.195018881747529, 39.481522645909834 ], [ -76.195933464623124, 39.480384561191158 ], [ -76.197513999161572, 39.481241790133268 ], [ -76.198090472333888, 39.481135041316442 ], [ -76.198773810889065, 39.480742117230065 ], [ -76.199144664184431, 39.480764543767144 ], [ -76.199448598381039, 39.480204310826785 ], [ -76.205766522537786, 39.482740271463747 ], [ -76.205351961712253, 39.48349332614562 ], [ -76.205627219888356, 39.483590244143926 ], [ -76.205426648543309, 39.48398045719776 ], [ -76.206069255686842, 39.484177141246477 ], [ -76.206216952194282, 39.483924564337869 ], [ -76.207323235551513, 39.484039048419312 ], [ -76.207606494123539, 39.483620046746182 ], [ -76.208268382706336, 39.483360420134794 ], [ -76.208346839766619, 39.483472824470773 ], [ -76.20920020335393, 39.482287555309767 ], [ -76.209301038346254, 39.482415695982453 ], [ -76.211316944980396, 39.48142537627654 ], [ -76.214629812272292, 39.479199409968466 ], [ -76.215170528903059, 39.479318583451303 ], [ -76.21582354482581, 39.479852710091976 ], [ -76.216199274176546, 39.478675534018045 ], [ -76.217301844796722, 39.478803320791272 ], [ -76.217515732767538, 39.478923653577887 ], [ -76.217230208644381, 39.479194240898231 ], [ -76.21727173955658, 39.479523110176913 ], [ -76.231446131558883, 39.472266929110724 ], [ -76.229325095985359, 39.471418459447037 ], [ -76.229379886031154, 39.470859950050198 ], [ -76.227570362841959, 39.469711829817285 ], [ -76.233557415920004, 39.466673878889061 ], [ -76.23404437646586, 39.466717486496371 ], [ -76.233782757410722, 39.466407785968322 ], [ -76.233866333071475, 39.466119869671708 ], [ -76.234708973469239, 39.466054514902517 ], [ -76.235138720314637, 39.465599956391202 ], [ -76.236744845160587, 39.466143796108142 ], [ -76.236912080025448, 39.466329827841228 ], [ -76.237219410752132, 39.466018671316519 ], [ -76.237616690686536, 39.465946441077314 ], [ -76.237779046801094, 39.465581116629203 ], [ -76.238500529619856, 39.46549183816915 ], [ -76.239421259666941, 39.465966451370882 ], [ -76.240383188249595, 39.46585906744393 ], [ -76.240871252824931, 39.465638633159671 ], [ -76.242776891257932, 39.465966110861643 ], [ -76.243650007001705, 39.465716911072867 ], [ -76.244247896010421, 39.464664270944404 ], [ -76.244458904880773, 39.464598361383153 ], [ -76.245466860443628, 39.464739178783674 ], [ -76.246892940448745, 39.465280234550221 ], [ -76.226188594933191, 39.475690721088554 ], [ -76.222826193638198, 39.477687181580713 ], [ -76.211174149681142, 39.485413072874486 ], [ -76.211279121415359, 39.485729843011896 ], [ -76.211591690218484, 39.485580250630065 ], [ -76.22250687938562, 39.478323709914712 ], [ -76.225687318834972, 39.476379446578271 ], [ -76.232752174184157, 39.472734275374485 ], [ -76.233564597052393, 39.473766012214519 ], [ -76.234084291308875, 39.474189443180329 ], [ -76.234353994303248, 39.4741043730385 ], [ -76.234634713337968, 39.474638294941791 ], [ -76.235341034391354, 39.475207926111054 ], [ -76.235660735817817, 39.475044760461806 ], [ -76.236073492826264, 39.475326442840803 ], [ -76.236070521199295, 39.475642662591092 ], [ -76.235630630577717, 39.475986933163654 ], [ -76.235047638331366, 39.475845877805604 ], [ -76.234926626279432, 39.475570548433225 ], [ -76.234485478016438, 39.475416684306573 ], [ -76.2343329916919, 39.474742732179209 ], [ -76.233789662760302, 39.474245352184518 ], [ -76.232314641640187, 39.475391401979977 ], [ -76.233691379881705, 39.476655543110958 ], [ -76.234615263015428, 39.476681797117401 ], [ -76.234966956144106, 39.477410246677024 ], [ -76.235301485162665, 39.477637887463459 ], [ -76.237263431794318, 39.476672378043858 ], [ -76.23814792829441, 39.477518717341511 ], [ -76.23862439651775, 39.477725645695422 ], [ -76.238432105842975, 39.47798213013381 ], [ -76.239050062316807, 39.478250713091199 ], [ -76.239955077236317, 39.478056654757395 ], [ -76.240712956197129, 39.478409525131276 ], [ -76.24087776022084, 39.480693529032763 ], [ -76.236517888498994, 39.480103619002342 ], [ -76.236999945141704, 39.48641199855242 ], [ -76.236519947437614, 39.48668107170198 ], [ -76.235747021695801, 39.486896966885418 ], [ -76.231412358497465, 39.48731850150363 ], [ -76.230412124852791, 39.487580507254862 ], [ -76.227835967722015, 39.48866421990958 ], [ -76.226840937119476, 39.488852447335987 ], [ -76.218278848906451, 39.488451396578725 ], [ -76.218294802087584, 39.488337129131267 ], [ -76.216931216080155, 39.488356471597434 ], [ -76.216790852520376, 39.488199063283403 ], [ -76.216475076731697, 39.488347643391485 ], [ -76.214233613909514, 39.488476133402173 ], [ -76.214272840643005, 39.488572999393178 ], [ -76.211584610595722, 39.489513363831747 ], [ -76.211115349555925, 39.491734046794932 ], [ -76.209598884660167, 39.491750348439403 ], [ -76.209214574601845, 39.491943978269212 ], [ -76.209171153634259, 39.492133971512942 ], [ -76.207142033680597, 39.493020168595045 ], [ -76.205524588265462, 39.493271183202822 ], [ -76.205406592756262, 39.493851374849264 ], [ -76.205110997620451, 39.494309817270484 ], [ -76.205386254898229, 39.494670695001865 ], [ -76.204304979740186, 39.495364272168359 ], [ -76.204550067997474, 39.496488921582994 ], [ -76.204146012070879, 39.49790309528008 ], [ -76.203644611106839, 39.497885385143626 ], [ -76.202201260092068, 39.49862572724755 ], [ -76.19994203667838, 39.497188455215309 ], [ -76.199200244747686, 39.499522338203569 ], [ -76.196936385128808, 39.499393510932528 ], [ -76.196625792619329, 39.500140891963852 ], [ -76.196768357949878, 39.500342107227752 ], [ -76.197049501887705, 39.500354662410977 ], [ -76.197139212143554, 39.500607507500291 ], [ -76.186757510864084, 39.501973539081362 ], [ -76.182031994278873, 39.505102225064881 ], [ -76.177836880766648, 39.507315303122276 ], [ -76.174569672145694, 39.506118449755256 ], [ -76.174267573207217, 39.506608964014369 ], [ -76.173835766524888, 39.506423903605757 ], [ -76.173742983132442, 39.506576462644723 ], [ -76.173098919819836, 39.50630512174007 ], [ -76.177426475547648, 39.503957270669829 ], [ -76.183954439292535, 39.500760122283559 ], [ -76.184268090565567, 39.500373291046401 ], [ -76.184299638500022, 39.499957967987093 ], [ -76.183473770546939, 39.498866122993483 ], [ -76.180989419441602, 39.497576131841839 ], [ -76.180537660278475, 39.497149558223015 ], [ -76.180253005724495, 39.49718806217647 ], [ -76.178438495088841, 39.497963818783532 ], [ -76.176437607387925, 39.499705840040178 ], [ -76.176014899741105, 39.49940289850889 ], [ -76.174916673373644, 39.500607231624194 ], [ -76.174466225750848, 39.500071008154883 ], [ -76.172630359465941, 39.501077038071671 ], [ -76.171742488893628, 39.502550627008802 ], [ -76.170315058720647, 39.502069529543832 ], [ -76.166147481266833, 39.508819240502334 ], [ -76.170695055068975, 39.510514279012142 ], [ -76.171666852543339, 39.510046680695886 ], [ -76.172130288008518, 39.509275035094056 ], [ -76.172769909152066, 39.509511685402188 ], [ -76.171692132932066, 39.511336750178359 ], [ -76.172003559078135, 39.510978878807975 ], [ -76.172467273021056, 39.511162168122468 ], [ -76.172278616031619, 39.5114858567566 ], [ -76.172582889791371, 39.511610632240895 ], [ -76.172780820987825, 39.511286100053645 ], [ -76.173815028916536, 39.511673343897854 ], [ -76.173574119621961, 39.512055765477328 ], [ -76.174662660354016, 39.512423078798747 ], [ -76.174535572995822, 39.512531146940852 ], [ -76.175111727266241, 39.512738407020706 ], [ -76.17564775019963, 39.512156027778381 ], [ -76.176412450068383, 39.512676545986899 ], [ -76.175955913664595, 39.513183512240559 ], [ -76.176368297872187, 39.513458018371381 ], [ -76.176241123377423, 39.513612382546548 ], [ -76.1767289319329, 39.513920029444677 ], [ -76.176923370479514, 39.513692682081199 ], [ -76.176790592293997, 39.513871063865125 ], [ -76.17689971244819, 39.513993819755981 ], [ -76.178241393935721, 39.51455775766027 ], [ -76.178601312039135, 39.514147960973908 ], [ -76.178839594659834, 39.514144287962282 ], [ -76.17871665661994, 39.51428207011822 ], [ -76.17906901629857, 39.514461775438981 ], [ -76.178924788186421, 39.514634588942258 ], [ -76.178560599492158, 39.514449057866123 ], [ -76.178141999841117, 39.514958675126906 ], [ -76.178641064287106, 39.515182722388396 ], [ -76.178932723903657, 39.514828710128079 ], [ -76.179276149836781, 39.514900423205631 ], [ -76.179172044078513, 39.515051897087844 ], [ -76.179552803994824, 39.515157965962125 ], [ -76.179401762161262, 39.515545939444543 ], [ -76.179977449307728, 39.515708678803058 ], [ -76.179797709894103, 39.516383482673234 ], [ -76.180600218954851, 39.516641985275015 ], [ -76.181246183102616, 39.514081582000848 ], [ -76.187940453752702, 39.513861222926401 ], [ -76.187693511372686, 39.514990755382144 ], [ -76.188286628530591, 39.515155667244684 ], [ -76.191350967017684, 39.515683175504016 ], [ -76.193621498424164, 39.515493105256567 ], [ -76.196729071029225, 39.516163955571656 ], [ -76.199192218300624, 39.516231164155258 ], [ -76.198925918124544, 39.517483828444682 ], [ -76.199882974245085, 39.517874684916585 ], [ -76.200485943226738, 39.518389592193529 ], [ -76.200952173350771, 39.519281918535228 ], [ -76.201817859128809, 39.519958860825312 ], [ -76.201680069242329, 39.520232466359843 ], [ -76.20213595616417, 39.520669497054044 ], [ -76.201818209471782, 39.521379946538119 ], [ -76.201920400021862, 39.521787299506705 ], [ -76.202159353684067, 39.521855149859171 ], [ -76.202063879837354, 39.522305262745945 ], [ -76.202276814695679, 39.522480006663329 ], [ -76.202176683982529, 39.522793161231675 ], [ -76.202632215171533, 39.522988420973022 ], [ -76.202896394425238, 39.523452462688589 ], [ -76.202397108993694, 39.524385776670577 ], [ -76.202617278883309, 39.525059200496564 ], [ -76.202773211145271, 39.525141930697096 ], [ -76.20276762003094, 39.525441311410482 ], [ -76.203067313281082, 39.525743443053329 ], [ -76.203295977640025, 39.525742585929393 ], [ -76.203550381426808, 39.526406973671151 ], [ -76.203430385369458, 39.526634715252946 ], [ -76.203637218870384, 39.526880623770978 ], [ -76.203432785667914, 39.526972242313377 ], [ -76.203712425825955, 39.527167166724297 ], [ -76.203982588757768, 39.531115994208378 ], [ -76.201109798038715, 39.530389452213868 ], [ -76.199989942035856, 39.531994426967131 ], [ -76.196005622696632, 39.529648930967348 ], [ -76.195735832565674, 39.529863889657989 ], [ -76.196090650034918, 39.53009492901041 ], [ -76.195610675687021, 39.530541525588866 ], [ -76.195938325407127, 39.530725885710822 ], [ -76.195825212241488, 39.530831569671719 ], [ -76.19513007611171, 39.530440429988353 ], [ -76.193140444301307, 39.532299221779674 ], [ -76.192961335505018, 39.532224711654742 ], [ -76.193075434122505, 39.532365682418472 ], [ -76.19233013427062, 39.533150422382633 ], [ -76.192145421783593, 39.533163848068988 ], [ -76.188744934615514, 39.531845162101824 ], [ -76.189871558525709, 39.530091457079209 ], [ -76.189225147915266, 39.529953793584546 ], [ -76.189275502080207, 39.528279792712738 ], [ -76.187668058507413, 39.528772500042585 ], [ -76.183351892519084, 39.530540825109973 ], [ -76.183558984734816, 39.52952112956708 ], [ -76.181750515269428, 39.530279211332186 ], [ -76.178574263765938, 39.531992653289109 ], [ -76.175874320585663, 39.534096508442893 ], [ -76.174521937468128, 39.531801512193987 ], [ -76.174134416830981, 39.53045643016744 ], [ -76.174315762432329, 39.529381894900375 ], [ -76.174882724242423, 39.529405426114941 ], [ -76.175356792167321, 39.528388829773888 ], [ -76.17552911778489, 39.528203864104512 ], [ -76.176227409696281, 39.528098929999302 ], [ -76.176383240448629, 39.527655951898332 ], [ -76.176583646503673, 39.527608793349927 ], [ -76.176338956200055, 39.528299951361824 ], [ -76.176870069840433, 39.528365213683543 ], [ -76.178531842623272, 39.52463499074203 ], [ -76.176226028985681, 39.524148300485038 ], [ -76.176600628255798, 39.523069060292812 ], [ -76.174094929586033, 39.523097686002316 ], [ -76.176315850632633, 39.514727401766052 ], [ -76.175861960665671, 39.514402157854633 ], [ -76.175025645305823, 39.514348605522024 ], [ -76.17439534148842, 39.513954686838986 ], [ -76.170290152929383, 39.512260897263886 ], [ -76.170085602047621, 39.512594399028465 ], [ -76.169664300264202, 39.512452485791492 ], [ -76.169936662271823, 39.51200913275057 ], [ -76.169191401945824, 39.511750274703104 ], [ -76.168413862456703, 39.512126917281812 ], [ -76.168269321730847, 39.511947789463562 ], [ -76.140194772721244, 39.525464331901375 ], [ -76.142403887210079, 39.527518458182527 ], [ -76.142969502445567, 39.527235196129517 ], [ -76.142986139244613, 39.52765562208446 ], [ -76.143225485470623, 39.528062618823661 ], [ -76.143116107499921, 39.528457676271472 ], [ -76.14183710057145, 39.529533470231797 ], [ -76.133944218617543, 39.530907136508176 ], [ -76.133784802688922, 39.53036154592666 ], [ -76.133332230550465, 39.529946946708677 ], [ -76.133510919833512, 39.529829978795391 ], [ -76.133491857583181, 39.52963653905104 ], [ -76.133204772188051, 39.52930268814444 ], [ -76.132801013603824, 39.529137916573056 ], [ -76.132325732054994, 39.529250686857949 ], [ -76.132099899185818, 39.529580955199108 ], [ -76.132009882604464, 39.529344919933848 ], [ -76.127479858289689, 39.531513678883336 ], [ -76.128062009712934, 39.531733298115824 ], [ -76.127347770010317, 39.531886868554672 ], [ -76.127129359920346, 39.531691107964193 ], [ -76.123286200048241, 39.533550251483184 ], [ -76.123182853366373, 39.533717690354841 ], [ -76.123310899226979, 39.534087456030115 ], [ -76.123987014428948, 39.534342339265493 ], [ -76.125641977981942, 39.535756216442046 ], [ -76.126085456474755, 39.53632270104152 ], [ -76.126148552343693, 39.536700039650732 ], [ -76.126441819944603, 39.536910800348195 ], [ -76.126570921325666, 39.537561891938559 ], [ -76.125808538212013, 39.538811283301108 ], [ -76.125714603179389, 39.539304787396496 ], [ -76.126005870232163, 39.540100747869353 ], [ -76.125812300356415, 39.54168410402638 ], [ -76.125577536436708, 39.54220148103262 ], [ -76.125041091295131, 39.542432216777215 ], [ -76.125903305982916, 39.5432141198172 ], [ -76.126547334261247, 39.54333035513158 ], [ -76.126759132750735, 39.543591127245897 ], [ -76.125748687956204, 39.544644607046394 ], [ -76.121673008155952, 39.541429772852467 ], [ -76.119896657953575, 39.543206580132662 ], [ -76.120960453692803, 39.544060782942985 ], [ -76.117556189108967, 39.545275501468574 ], [ -76.116027036408155, 39.544133082357135 ], [ -76.112036913053871, 39.541838314715946 ], [ -76.10999113384328, 39.544821653436735 ], [ -76.105344411186579, 39.553816419423356 ], [ -76.113937649380404, 39.553640750761687 ], [ -76.11845195677094, 39.552779761691845 ], [ -76.121965893074574, 39.552786326490782 ], [ -76.124338823440283, 39.55396781395639 ], [ -76.130743007423888, 39.555593150569237 ], [ -76.130639401128917, 39.555802796282556 ], [ -76.132818881094821, 39.556564108719229 ], [ -76.133266845774187, 39.556540169074992 ], [ -76.133642500564761, 39.556164254282301 ], [ -76.134362244245111, 39.556022664877709 ], [ -76.135147516432198, 39.55877224131779 ], [ -76.139407705700236, 39.55921984529526 ], [ -76.139704199151325, 39.563851980084273 ], [ -76.141537694782187, 39.566217075872203 ], [ -76.139540889025938, 39.568311821266903 ], [ -76.138490807866134, 39.568902814764769 ], [ -76.136639479778566, 39.569529633618792 ], [ -76.134858475404698, 39.569407799264276 ], [ -76.13177357358245, 39.568443816216202 ], [ -76.13124315523811, 39.568151585963399 ], [ -76.131656614729096, 39.567717291743847 ] ] ], [ [ [ -76.023381725811547, 39.600934804605757 ], [ -76.022641564323081, 39.602621041276535 ], [ -76.021872329758764, 39.603365380076482 ], [ -76.021669018552089, 39.603987797499208 ], [ -76.021936363468853, 39.605341481850665 ], [ -76.023189338118712, 39.606916810410937 ], [ -76.010547704654769, 39.609254384445549 ], [ -76.007308118330513, 39.610229144129121 ], [ -76.004870915302831, 39.611533223626793 ], [ -75.995275998075044, 39.618306347176365 ], [ -75.992113504270122, 39.620387477313777 ], [ -75.989547342693541, 39.619284251736808 ], [ -75.988942499826209, 39.618769351388821 ], [ -75.986232321241587, 39.620077814128841 ], [ -75.984628759289166, 39.617923356175595 ], [ -75.983987403498801, 39.618115347054577 ], [ -75.98394647715277, 39.617412718048371 ], [ -75.985187405394683, 39.615928626970266 ], [ -75.985767411641007, 39.615465202389814 ], [ -75.986156842096477, 39.615554283989937 ], [ -75.98568161624317, 39.615079360490626 ], [ -75.985665557060841, 39.615280664039808 ], [ -75.985013359503327, 39.615835947423236 ], [ -75.983302814488752, 39.617877166875836 ], [ -75.98230025959738, 39.619471058759586 ], [ -75.98047345461876, 39.618445599875706 ], [ -75.978852712386526, 39.618422905714141 ], [ -75.97824011526167, 39.617851323302482 ], [ -75.977981103117472, 39.617133488541178 ], [ -75.977573988427338, 39.616964626926332 ], [ -75.98097321795403, 39.615287044381759 ], [ -75.984529161276967, 39.614096584194158 ], [ -75.984334766747807, 39.6139985106362 ], [ -75.984409723971737, 39.613921668259415 ], [ -75.984646574677868, 39.613958901944791 ], [ -75.987679888049996, 39.616676779555782 ], [ -75.989325581887556, 39.618903312316981 ], [ -75.990743975008783, 39.617499171736291 ], [ -75.994041548482983, 39.613287353464166 ], [ -75.989043545922641, 39.613577211430631 ], [ -75.988536976950769, 39.612806518958962 ], [ -75.991464921533321, 39.611846294608696 ], [ -75.99287028908293, 39.611226078651434 ], [ -75.994680482415319, 39.610004921349763 ], [ -75.996016536855933, 39.608574543526416 ], [ -75.996293695867166, 39.608810569446739 ], [ -75.996466209232636, 39.608660864300496 ], [ -75.996263986784086, 39.60838452283614 ], [ -75.998805350367277, 39.604697088045384 ], [ -76.000681533940423, 39.603135356455603 ], [ -76.002966257830096, 39.602088713412741 ], [ -76.006527007139823, 39.599734848901846 ], [ -76.008029376570434, 39.599080772722708 ], [ -76.008391347324292, 39.598638046376308 ], [ -76.011096066846932, 39.59799402903878 ], [ -76.014320247962402, 39.598045321921091 ], [ -76.014379894300632, 39.597731738616247 ], [ -76.01238055439697, 39.597608742505138 ], [ -76.010925077024183, 39.597692488862343 ], [ -76.010812205505346, 39.597154377920447 ], [ -76.00643651894292, 39.598687498283226 ], [ -76.001142508021744, 39.601514612373023 ], [ -75.999478354703413, 39.602506059125588 ], [ -75.998257327738301, 39.603630400371216 ], [ -75.996585908845944, 39.606106902624184 ], [ -75.996998791618509, 39.606290390595618 ], [ -75.995894349807614, 39.608071973256472 ], [ -75.994640178601784, 39.609632874451044 ], [ -75.993450930438172, 39.610519961636584 ], [ -75.99212627202526, 39.611217570568371 ], [ -75.988332404509435, 39.612538607846055 ], [ -75.985721337050109, 39.608092852709753 ], [ -75.987751684102435, 39.603138689765593 ], [ -75.990141006027159, 39.603063492302162 ], [ -75.98632308072969, 39.594384586509022 ], [ -75.949447828509719, 39.608273871609768 ], [ -75.949196289450398, 39.608478627661 ], [ -75.949145566077874, 39.609105964746064 ], [ -75.94895357005052, 39.609462557111321 ], [ -75.948272801575371, 39.609742787838883 ], [ -75.948102677728571, 39.610695619054709 ], [ -75.947648095160503, 39.611777288649627 ], [ -75.952482536965476, 39.611708196115906 ], [ -75.95249735737103, 39.614060420450855 ], [ -75.953006686865763, 39.61666155423331 ], [ -75.950855953887242, 39.616844985169152 ], [ -75.950827168272298, 39.617041111624545 ], [ -75.951032152142034, 39.617158701977523 ], [ -75.95153971734554, 39.616893503028827 ], [ -75.951743795713483, 39.618027145493684 ], [ -75.95003823455211, 39.617925789193635 ], [ -75.951627912143508, 39.620319694260147 ], [ -75.95118234506765, 39.620473864317688 ], [ -75.951293472058182, 39.621446132078546 ], [ -75.952313086855099, 39.621339825728022 ], [ -75.952000977091103, 39.620484401471053 ], [ -75.951846766001239, 39.61820260325581 ], [ -75.959722959952103, 39.618658426130075 ], [ -75.959440974292846, 39.617218942649842 ], [ -75.959614043715476, 39.617180415308802 ], [ -75.958226703556988, 39.61428089041361 ], [ -75.958810555491056, 39.609807096699214 ], [ -75.95928829662715, 39.609515461632505 ], [ -75.96069705262201, 39.612368900421615 ], [ -75.960759199869997, 39.61326012826683 ], [ -75.961565661518009, 39.615578349268119 ], [ -75.967286931849571, 39.613587070754456 ], [ -75.969003686917702, 39.614552526838914 ], [ -75.969706147011991, 39.615547799871408 ], [ -75.970396849955847, 39.615748740830988 ], [ -75.970418751780798, 39.616827104696547 ], [ -75.97026321477756, 39.617072559953293 ], [ -75.970359535735582, 39.617375443317378 ], [ -75.970179856509077, 39.617782886606079 ], [ -75.969970208586389, 39.61785515828538 ], [ -75.969844164172244, 39.618314742287374 ], [ -75.969801186972418, 39.61855994523237 ], [ -75.970000495286186, 39.618947173822036 ], [ -75.967807783136138, 39.618989036878325 ], [ -75.961807282278286, 39.61866279527468 ], [ -75.961779311435308, 39.618342382069024 ], [ -75.961533954581739, 39.618088300903686 ], [ -75.9605211517096, 39.618553592871294 ], [ -75.960141808436489, 39.618521321068826 ], [ -75.960079987276941, 39.619094764890562 ], [ -75.960278523937887, 39.619731938956562 ], [ -75.960161121316773, 39.619903322259702 ], [ -75.961431543046089, 39.622721839140119 ], [ -75.961968017832092, 39.623398067637751 ], [ -75.961497766848836, 39.623242410906272 ], [ -75.9618872098807, 39.624611229507714 ], [ -75.961581767412738, 39.625056836280542 ], [ -75.9595782395632, 39.6251075334444 ], [ -75.959675101307027, 39.625761839798294 ], [ -75.959374358824647, 39.62577280236075 ], [ -75.959322890748737, 39.625201028794855 ], [ -75.958680044653335, 39.625223630093387 ], [ -75.958552211693458, 39.624720689432785 ], [ -75.957562401201031, 39.62486280620984 ], [ -75.957326117331831, 39.623834676812166 ], [ -75.954650847279154, 39.623823725705449 ], [ -75.9543578078503, 39.622570787812258 ], [ -75.952933781393938, 39.622595595176151 ], [ -75.952554105744156, 39.621487917508958 ], [ -75.951311607247135, 39.621610244301351 ], [ -75.951633316408262, 39.624507728214752 ], [ -75.950329219533899, 39.624643013436305 ], [ -75.950874271434216, 39.6247440775972 ], [ -75.951349998547414, 39.626719953861837 ], [ -75.95302580391332, 39.629409122149617 ], [ -75.953210900879313, 39.630239785754988 ], [ -75.952158841629256, 39.630711078828739 ], [ -75.952925959762752, 39.631223796090637 ], [ -75.952781360646412, 39.632069221907415 ], [ -75.952248618360429, 39.633073101963575 ], [ -75.951263053306036, 39.633989738184709 ], [ -75.948337228747548, 39.635588114756018 ], [ -75.946894179566726, 39.636060411174391 ], [ -75.946524283875448, 39.635394943698635 ], [ -75.94638009349255, 39.635490760694971 ], [ -75.94631372326441, 39.634929327741439 ], [ -75.94578205716013, 39.633819886879543 ], [ -75.945971779551527, 39.633150709690476 ], [ -75.945422875675249, 39.631004690470064 ], [ -75.944991292673407, 39.630428804829599 ], [ -75.944679545828791, 39.630287345682781 ], [ -75.944540980696203, 39.629810435923524 ], [ -75.94463061639189, 39.629587375952269 ], [ -75.945341645515683, 39.629140351650548 ], [ -75.945606456285034, 39.628793828512919 ], [ -75.945608849396962, 39.628504921951645 ], [ -75.944808433410813, 39.627641180524094 ], [ -75.944300234895024, 39.627423004527465 ], [ -75.944265079326385, 39.626227398450951 ], [ -75.944644460328746, 39.625758987760527 ], [ -75.946563517795482, 39.624839313606302 ], [ -75.950745683889494, 39.62445111054933 ], [ -75.950979199150979, 39.624283632640228 ], [ -75.950689753881591, 39.620831698311406 ], [ -75.950379140710865, 39.619470806882767 ], [ -75.948160073787008, 39.615609823173742 ], [ -75.947614009485349, 39.615078522462753 ], [ -75.947566237976858, 39.614547012144328 ], [ -75.946726726411242, 39.613251512476765 ], [ -75.947754131398312, 39.610265365930786 ], [ -75.947803413873118, 39.609420104186661 ], [ -75.947636276026302, 39.608879716777885 ], [ -75.941259637982583, 39.611200861670035 ], [ -75.939192658531255, 39.611770732204469 ], [ -75.93923245210172, 39.611888416632233 ], [ -75.93906155660207, 39.611927389827272 ], [ -75.94005302628284, 39.612989322747161 ], [ -75.938997705250003, 39.61194195252039 ], [ -75.937453652193568, 39.61213466448914 ], [ -75.937586972063201, 39.612682710180152 ], [ -75.939232880598112, 39.61237890939821 ], [ -75.9399136176322, 39.61308497492729 ], [ -75.94153865201487, 39.614076075399844 ], [ -75.942050031465087, 39.614653530305539 ], [ -75.945242145419883, 39.616955817147002 ], [ -75.945249689471638, 39.617123858080035 ], [ -75.945758807862276, 39.617507446539122 ], [ -75.943528400606255, 39.617731240206538 ], [ -75.94361357616657, 39.618085237494768 ], [ -75.931562387372566, 39.621286515072633 ], [ -75.931162639766086, 39.620790853544946 ], [ -75.931783958634043, 39.620845282090215 ], [ -75.933118076306883, 39.620700086157711 ], [ -75.933212053560339, 39.62055231652748 ], [ -75.933033349904221, 39.620073099091947 ], [ -75.936298058513756, 39.618842449640745 ], [ -75.936573081331247, 39.618557910124146 ], [ -75.93662952427718, 39.618110991715042 ], [ -75.936443904491711, 39.618584100114674 ], [ -75.93614152527887, 39.618825800708819 ], [ -75.932968516693535, 39.620007725148454 ], [ -75.932874773900394, 39.62017498367436 ], [ -75.933064214220764, 39.62062895571939 ], [ -75.931085055868266, 39.620694654295832 ], [ -75.929679052311428, 39.621101393011656 ], [ -75.929163297167477, 39.620884513185381 ], [ -75.928886472329495, 39.620454453476455 ], [ -75.929424190383855, 39.618861349564362 ], [ -75.92997678184436, 39.617802068457259 ], [ -75.930659784429608, 39.617982971320806 ], [ -75.930449954148898, 39.618152105860169 ], [ -75.93032154447063, 39.618067419621063 ], [ -75.93046358967662, 39.618179908322588 ], [ -75.930704246544593, 39.618006224749529 ], [ -75.932496742167586, 39.617772692266549 ], [ -75.933124216291858, 39.617110587735567 ], [ -75.933276690039975, 39.616597019920917 ], [ -75.935067797765853, 39.614258977562649 ], [ -75.935154178865247, 39.613704999840166 ], [ -75.935544241734675, 39.613375408126124 ], [ -75.936429452395416, 39.613412130003283 ], [ -75.937081115455342, 39.613138662829314 ], [ -75.937014186475096, 39.612762112390328 ], [ -75.936664846932459, 39.612470026797098 ], [ -75.936730545220769, 39.612240232729143 ], [ -75.933418729856086, 39.612462329244835 ], [ -75.931156813293143, 39.612371836748089 ], [ -75.854648414455653, 39.607162753435887 ], [ -75.854054207641298, 39.607543022469322 ], [ -75.853532030441372, 39.60910327811937 ], [ -75.851447664996044, 39.610759245354565 ], [ -75.85756670753878, 39.611296564764835 ], [ -75.858349592902144, 39.610881481763926 ], [ -75.858273588242596, 39.608410361638882 ], [ -75.85982497245007, 39.608533938599017 ], [ -75.859802747231626, 39.608368679046386 ], [ -75.860081080340947, 39.60838932310299 ], [ -75.860354439478527, 39.608926792400325 ], [ -75.861153993980309, 39.609726327728623 ], [ -75.86254009176875, 39.609070706395663 ], [ -75.863639867730072, 39.609336664064543 ], [ -75.863433974765272, 39.610272092073473 ], [ -75.863901678126382, 39.610380989194454 ], [ -75.864011415423164, 39.61076069798068 ], [ -75.864691683536691, 39.610943720323803 ], [ -75.865552530988609, 39.608701816576044 ], [ -75.870652066532244, 39.609940801606768 ], [ -75.871722800858748, 39.610419903028905 ], [ -75.872075893562638, 39.613010116981442 ], [ -75.873341114046454, 39.613735826860761 ], [ -75.873416517733077, 39.614390889844898 ], [ -75.872479423076456, 39.616243579694491 ], [ -75.872730805828951, 39.61747343804808 ], [ -75.872650650952778, 39.617883982928994 ], [ -75.874305744761486, 39.620486841318652 ], [ -75.872275834290363, 39.623474046345564 ], [ -75.870976860508051, 39.62447673716332 ], [ -75.869271978473066, 39.625002332169444 ], [ -75.86743786390295, 39.62496584823252 ], [ -75.865773782449821, 39.624375216636658 ], [ -75.866543490426309, 39.623600991705736 ], [ -75.866669649824814, 39.622681283335062 ], [ -75.866839965911097, 39.622535399315971 ], [ -75.867568291197372, 39.622374243871647 ], [ -75.868134946681977, 39.622044908631395 ], [ -75.868821223626426, 39.622126976536407 ], [ -75.869276693729987, 39.62201554392869 ], [ -75.870407627756919, 39.621119413538445 ], [ -75.870210542773478, 39.620191392862914 ], [ -75.871257504982609, 39.618353055175021 ], [ -75.870974661432243, 39.617822861937768 ], [ -75.871089042120744, 39.616435984896533 ], [ -75.870763715443971, 39.615623064049615 ], [ -75.870139448305252, 39.615167487610421 ], [ -75.870104175955632, 39.614463624566653 ], [ -75.869027235168844, 39.614292179352574 ], [ -75.868311541093775, 39.61447934309016 ], [ -75.868215270441397, 39.614378097854342 ], [ -75.86838250350965, 39.61428796286868 ], [ -75.867994624444691, 39.614270237440323 ], [ -75.868037579186634, 39.614161653002853 ], [ -75.8675636684669, 39.614005632945855 ], [ -75.866638951696586, 39.614083576930121 ], [ -75.86641523615657, 39.614220103947325 ], [ -75.866345393041541, 39.614489387746595 ], [ -75.866502905440072, 39.614826472838487 ], [ -75.866030259548296, 39.615168070284724 ], [ -75.865677561204791, 39.615864891932638 ], [ -75.864216166629234, 39.616606161904926 ], [ -75.862384298745653, 39.616343551688971 ], [ -75.861861936492787, 39.616111794811339 ], [ -75.861425097448219, 39.615365613192438 ], [ -75.861415639086601, 39.614700637294838 ], [ -75.860840389419678, 39.614088974017697 ], [ -75.859668390706148, 39.613530233778228 ], [ -75.858431474340293, 39.613279784028592 ], [ -75.857858753430918, 39.613416808124327 ], [ -75.857646376426374, 39.61368221277673 ], [ -75.857615851673032, 39.614394136110533 ], [ -75.857433525111389, 39.614609336679131 ], [ -75.857612278174841, 39.61529510146557 ], [ -75.857446718667973, 39.615452782206873 ], [ -75.856276704332913, 39.615387127787294 ], [ -75.855626262083447, 39.614842957340748 ], [ -75.8550149926686, 39.614972460992895 ], [ -75.854686012543539, 39.615402994191236 ], [ -75.854034645029344, 39.615285332346467 ], [ -75.854165393920638, 39.615451794017467 ], [ -75.853831851252281, 39.615228905743386 ], [ -75.853473899561024, 39.614594519192508 ], [ -75.852708049848687, 39.614323615781892 ], [ -75.851975589617169, 39.614440477902797 ], [ -75.851729034411022, 39.614313878358608 ], [ -75.851612217491464, 39.613907137815907 ], [ -75.851701416605934, 39.613518047153796 ], [ -75.852414404955354, 39.613126259529736 ], [ -75.852643886781209, 39.612475872451782 ], [ -75.852128059772014, 39.611705386405873 ], [ -75.851244075311627, 39.611403456098081 ], [ -75.850899287532528, 39.611509015072308 ], [ -75.850630069628409, 39.612192365587561 ], [ -75.850284289210947, 39.612129027802482 ], [ -75.850083365726277, 39.611849907777739 ], [ -75.849978308652112, 39.611933097118943 ], [ -75.850202486824543, 39.612222347606853 ], [ -75.850641302162728, 39.612279315068612 ], [ -75.851070165964188, 39.612110425003074 ], [ -75.851179259168944, 39.611566504233416 ], [ -75.851512599716358, 39.611548275681031 ], [ -75.852172421275696, 39.611917172479977 ], [ -75.852509546425409, 39.61248150149779 ], [ -75.852324056895668, 39.613046810678988 ], [ -75.851537485744672, 39.613501302133166 ], [ -75.851440537762585, 39.614050250475934 ], [ -75.851665855897096, 39.614905362574817 ], [ -75.851892181941338, 39.614978343113059 ], [ -75.851999093138247, 39.614915899883954 ], [ -75.851720921725686, 39.614805539362671 ], [ -75.851846237606154, 39.614611761509451 ], [ -75.852657019252348, 39.61442814403847 ], [ -75.853460309847407, 39.614724235066511 ], [ -75.853675023369973, 39.615229905008135 ], [ -75.854157455508471, 39.615506769296353 ], [ -75.85478732274467, 39.615496895021735 ], [ -75.85500225455786, 39.615094376481203 ], [ -75.855518766083293, 39.614986220309156 ], [ -75.85619400902111, 39.615498420901396 ], [ -75.85761081661586, 39.615542308784384 ], [ -75.857781948372434, 39.615210058112872 ], [ -75.857591643872752, 39.614697588960411 ], [ -75.857778200601075, 39.61432527109524 ], [ -75.857811807474164, 39.613686200928612 ], [ -75.858104680714661, 39.613436472837989 ], [ -75.858483718560592, 39.613435230644995 ], [ -75.859658963785563, 39.613705063506629 ], [ -75.86080134324753, 39.614277973544716 ], [ -75.861302678634573, 39.614870828949812 ], [ -75.861268456415488, 39.615536986547077 ], [ -75.861402181425319, 39.615804493688586 ], [ -75.861838805772535, 39.616246996105588 ], [ -75.86426524788142, 39.616703606895214 ], [ -75.865215412127114, 39.616342513688288 ], [ -75.865824552534747, 39.615926040256987 ], [ -75.866142330668168, 39.615347686664983 ], [ -75.866598375693542, 39.614933971154294 ], [ -75.866688335681033, 39.61464109198451 ], [ -75.866540838599576, 39.614331566406669 ], [ -75.866758618970536, 39.614207890455496 ], [ -75.867627032033795, 39.614166199589064 ], [ -75.868430173508514, 39.61454126977528 ], [ -75.869817527141734, 39.61448402805928 ], [ -75.869958177264081, 39.614590686797008 ], [ -75.870049991374316, 39.615304566098573 ], [ -75.870720731057631, 39.615740205623446 ], [ -75.870653248715172, 39.616009982444062 ], [ -75.870941562107291, 39.616560144033727 ], [ -75.870785273214167, 39.61784087639834 ], [ -75.871107391108737, 39.618213458374555 ], [ -75.870943307533892, 39.618824304657458 ], [ -75.870557626646431, 39.619138649109352 ], [ -75.870094490320241, 39.620033763050358 ], [ -75.870007191142605, 39.620554488584759 ], [ -75.870134830066377, 39.6212362378918 ], [ -75.869048223407134, 39.621988099358298 ], [ -75.868057651143332, 39.621949448046202 ], [ -75.866789433879745, 39.622450950239887 ], [ -75.866482098661479, 39.622713411350723 ], [ -75.865467853993295, 39.624060148000254 ], [ -75.865018037886131, 39.624922939848886 ], [ -75.864267861080577, 39.62538276751949 ], [ -75.864039993527285, 39.625771873130738 ], [ -75.864353849616208, 39.626516304835604 ], [ -75.863926694410409, 39.627322395392063 ], [ -75.860781741109719, 39.626601586838873 ], [ -75.859710550439061, 39.626562684176882 ], [ -75.859687951521465, 39.624667863648149 ], [ -75.857517977527891, 39.625351733961566 ], [ -75.858293363755266, 39.626314808405162 ], [ -75.855932806784267, 39.627309580883463 ], [ -75.851341040361703, 39.621200624520682 ], [ -75.849292750359879, 39.617245523430199 ], [ -75.846624004771115, 39.619085637766716 ], [ -75.846073708506154, 39.618673169397184 ], [ -75.845714165898528, 39.618823897775783 ], [ -75.845533806647353, 39.619504503006446 ], [ -75.844675096287475, 39.620492916026734 ], [ -75.844636387881906, 39.620862857064473 ], [ -75.844846643065708, 39.621217008555774 ], [ -75.844753489567381, 39.621685460370557 ], [ -75.845264156653585, 39.6222725410477 ], [ -75.845027882665846, 39.622427458201443 ], [ -75.844964013347479, 39.622762485565104 ], [ -75.845202778363472, 39.623070915475544 ], [ -75.84491261983176, 39.623267983305304 ], [ -75.844820751822596, 39.623847130087263 ], [ -75.845299373307654, 39.624593148309465 ], [ -75.845206297962761, 39.625068014831562 ], [ -75.845508214543216, 39.625258879524587 ], [ -75.845459633652652, 39.625542271291195 ], [ -75.845902920804335, 39.625624568913437 ], [ -75.8461543906934, 39.62586798506112 ], [ -75.845749124736116, 39.62641288180923 ], [ -75.845204090802113, 39.626559234371967 ], [ -75.842422982140945, 39.626952078591998 ], [ -75.84226201122857, 39.626263069430635 ], [ -75.840770788992302, 39.62642801642339 ], [ -75.839911646542774, 39.62297601262074 ], [ -75.840670664567369, 39.622891189053561 ], [ -75.840487661574315, 39.622061494514078 ], [ -75.840748938371334, 39.622029076271318 ], [ -75.840653317200918, 39.621558072109309 ], [ -75.839589486427371, 39.621681590310608 ], [ -75.839240619398581, 39.620250735497685 ], [ -75.841331752751245, 39.619482878976299 ], [ -75.842294990179269, 39.617619505734353 ], [ -75.84053422844201, 39.618478626662686 ], [ -75.825043774005749, 39.622281725182411 ], [ -75.819727651053853, 39.623798263527952 ], [ -75.819646024737239, 39.624047260235542 ], [ -75.818130421325861, 39.624910208617571 ], [ -75.818019727323289, 39.624823476350215 ], [ -75.81755560195198, 39.62520807384147 ], [ -75.815602789390127, 39.627668817272856 ], [ -75.815431003660024, 39.627571435461498 ], [ -75.813967649858824, 39.629108923334719 ], [ -75.813682994406548, 39.629084440718728 ], [ -75.806210322782988, 39.636940065302063 ], [ -75.805767094920114, 39.638435814690709 ], [ -75.805465016642884, 39.638912901574621 ], [ -75.805703656793057, 39.639714162356967 ], [ -75.80409607757467, 39.642750922694461 ], [ -75.80545031032338, 39.64229485040137 ], [ -75.806706956387814, 39.642167504926768 ], [ -75.811891592931559, 39.642730730906521 ], [ -75.812332995417776, 39.644970988689224 ], [ -75.811840574911628, 39.645019582976282 ], [ -75.811901778928586, 39.64542862803939 ], [ -75.812258425367716, 39.645406567341709 ], [ -75.812292716757071, 39.645912759424746 ], [ -75.812541200646137, 39.645903674573916 ], [ -75.813555350092884, 39.65616122085769 ], [ -75.805147378646623, 39.654806369202426 ], [ -75.804767493689383, 39.65194577886075 ], [ -75.797225552974282, 39.652442238735198 ], [ -75.797075061807973, 39.651335535548576 ], [ -75.793923835571675, 39.651709518263914 ], [ -75.793340280081637, 39.650397526605715 ], [ -75.795095289906129, 39.648606566328731 ], [ -75.795247206698775, 39.649035683290542 ], [ -75.795434759658747, 39.64899229113918 ], [ -75.795246768320936, 39.648449269625146 ], [ -75.796532463206702, 39.647102012397397 ], [ -75.796628893759191, 39.647703526639646 ], [ -75.798268988397595, 39.647585958452616 ], [ -75.79826765170445, 39.646328262454873 ], [ -75.797119771857993, 39.645654734394306 ], [ -75.799128842312825, 39.643544284434689 ], [ -75.799237777414064, 39.643091473361103 ], [ -75.799179225223853, 39.642489948742032 ], [ -75.7986286774306, 39.641293124092769 ], [ -75.798039045736004, 39.640776598636592 ], [ -75.796324354098104, 39.640374910595412 ], [ -75.796338120779808, 39.63956782240345 ], [ -75.797871873753195, 39.639834804990713 ], [ -75.801286532743219, 39.636955955128172 ], [ -75.801585736411525, 39.637344296944271 ], [ -75.802281617244674, 39.637319816550907 ], [ -75.80220153333542, 39.636890003574656 ], [ -75.80255448500381, 39.636878635306381 ], [ -75.802772943602804, 39.637993150462002 ], [ -75.801821143524975, 39.638399291488319 ], [ -75.802207168467191, 39.638972201866189 ], [ -75.801202544755725, 39.639035297868453 ], [ -75.801415387087559, 39.639168127255104 ], [ -75.802448296950701, 39.639110044651659 ], [ -75.803666562494627, 39.638580115602323 ], [ -75.804313901963098, 39.638087783677378 ], [ -75.81676369031662, 39.625004466031868 ], [ -75.81876846862103, 39.623588775717607 ], [ -75.820588478742863, 39.622924534084888 ], [ -75.828884081726841, 39.621271755755373 ], [ -75.83847699481322, 39.618714875540491 ], [ -75.837293377289797, 39.613490706478295 ], [ -75.835843569184775, 39.610909596495098 ], [ -75.834304490998377, 39.608628858488181 ], [ -75.834518129237566, 39.608419528234755 ], [ -75.839436744082974, 39.607064482497812 ], [ -75.839132728139688, 39.606330361490443 ], [ -75.839280371646538, 39.606154122012818 ], [ -75.842180329216404, 39.60617126746132 ], [ -75.842665342214715, 39.60733527589661 ], [ -75.840769774794339, 39.607733828218912 ], [ -75.840158554786825, 39.606262094734483 ], [ -75.839272284114031, 39.606268628169829 ], [ -75.839607751872052, 39.607003333266832 ], [ -75.839155925335263, 39.607228895966962 ], [ -75.839575467319051, 39.608042925828691 ], [ -75.840099043195877, 39.607907421296069 ], [ -75.840222814872362, 39.608486987975773 ], [ -75.835532607467712, 39.610089991858935 ], [ -75.835027845906197, 39.60921935455444 ], [ -75.837030562577027, 39.608715563989165 ], [ -75.836382611355845, 39.608462561735351 ], [ -75.837436152826115, 39.608170129955248 ], [ -75.837241347766877, 39.607747705936511 ], [ -75.834506655056458, 39.60855017614351 ], [ -75.836026249682646, 39.610887733097037 ], [ -75.8388151404491, 39.609383907549329 ], [ -75.840541430235646, 39.609008739521137 ], [ -75.841435460555857, 39.609569573772212 ], [ -75.841025479341667, 39.609766252347711 ], [ -75.841423168009513, 39.610271123879926 ], [ -75.836922825828367, 39.612339756526829 ], [ -75.837444557463925, 39.613447242200593 ], [ -75.838013138038164, 39.615624046700468 ], [ -75.840238451846503, 39.615259947300892 ], [ -75.839686270017779, 39.613121163401317 ], [ -75.838793207183116, 39.611670793744558 ], [ -75.841621927452636, 39.610317894049601 ], [ -75.842702021326076, 39.610402404989827 ], [ -75.846183798840855, 39.612823433696377 ], [ -75.847013057934134, 39.613652277063501 ], [ -75.847217324049964, 39.613482987586629 ], [ -75.846521860035097, 39.612877139794151 ], [ -75.84274604955479, 39.610259709714214 ], [ -75.844032297802769, 39.609113118010221 ], [ -75.845972860039097, 39.610515245948591 ], [ -75.846469910462218, 39.611374293803514 ], [ -75.847144156270076, 39.611702186381251 ], [ -75.847667989065073, 39.612409711403828 ], [ -75.848593437064039, 39.611814152551815 ], [ -75.849289383474201, 39.611697202951646 ], [ -75.852408599143686, 39.609274833766094 ], [ -75.853288931054124, 39.608183297509235 ], [ -75.853429421276346, 39.607418084476521 ], [ -75.853129573515972, 39.607056130316394 ], [ -75.846137362228859, 39.605928014585743 ], [ -75.825645073917585, 39.599675373779981 ], [ -75.82542867515555, 39.600203709808603 ], [ -75.828052828373629, 39.601028534025559 ], [ -75.828587725717981, 39.602130299424978 ], [ -75.828090213560813, 39.602304916383567 ], [ -75.82771628623054, 39.602700623907346 ], [ -75.826523029784113, 39.602469267094854 ], [ -75.824003987539129, 39.601059150738628 ], [ -75.822964768807736, 39.601563676007331 ], [ -75.820349888000024, 39.602324969083568 ], [ -75.820542736528594, 39.600293574499446 ], [ -75.821832269915575, 39.598731652236125 ], [ -75.817649258506862, 39.598356510246937 ], [ -75.814236235348986, 39.598531311841604 ], [ -75.810801813422728, 39.599197144212113 ], [ -75.790977954327857, 39.605371794204842 ], [ -75.785131845121256, 39.606526589713916 ], [ -75.784320065446778, 39.596754549904141 ], [ -75.790360188296873, 39.594060835179171 ], [ -75.793757969739303, 39.599325816070134 ], [ -75.793231154537565, 39.599556950815291 ], [ -75.794124962075585, 39.601296755463011 ], [ -75.78963933070554, 39.603373807453167 ], [ -75.789393609135971, 39.602829902488438 ], [ -75.7882986490429, 39.603292907778702 ], [ -75.789196765799346, 39.605211612742174 ], [ -75.789097949321459, 39.605381668539451 ], [ -75.804620124168707, 39.600665834928918 ], [ -75.803764235417148, 39.597511598043631 ], [ -75.80116135340667, 39.597891667428151 ], [ -75.79966277127329, 39.595613988669022 ], [ -75.800318924113014, 39.595353293085068 ], [ -75.801211534196781, 39.594386697779797 ], [ -75.800839001051813, 39.5930661275641 ], [ -75.798788289191975, 39.593373861188098 ], [ -75.796894457316739, 39.594047912755734 ], [ -75.796813552347317, 39.5939255614866 ], [ -75.798858910248043, 39.593214972060622 ], [ -75.799746920059221, 39.593135340457451 ], [ -75.797792171627947, 39.590298971494178 ], [ -75.798257005770012, 39.590107545898839 ], [ -75.798396840222097, 39.590310037973858 ], [ -75.800898847714365, 39.5897596560323 ], [ -75.798913774854014, 39.586819409151396 ], [ -75.810492651929493, 39.584229238785156 ], [ -75.811241391430613, 39.586141748204717 ], [ -75.812312282063957, 39.586277007326935 ], [ -75.812664956152929, 39.587096584342802 ], [ -75.812189584772568, 39.587921081423026 ], [ -75.80923366216048, 39.589241940086858 ], [ -75.808819336693574, 39.589850203001347 ], [ -75.806294740165171, 39.590488099645711 ], [ -75.806107318359224, 39.590989127116679 ], [ -75.808393855049133, 39.593671417707931 ], [ -75.809853892270311, 39.593944181631649 ], [ -75.810116154519207, 39.593382806184074 ], [ -75.811124932040542, 39.593524247308579 ], [ -75.811229901978109, 39.592928391727817 ], [ -75.811943918000239, 39.593029626794625 ], [ -75.812169851480718, 39.596903378169095 ], [ -75.810848674039534, 39.597173015194578 ], [ -75.811593917297543, 39.598584946656288 ], [ -75.814481798815066, 39.598101792985069 ], [ -75.817458855192513, 39.597942684204661 ], [ -75.821093101963825, 39.598209435631844 ], [ -75.823409274074933, 39.598643437746112 ], [ -75.84618728340584, 39.605555137397303 ], [ -75.852329360549092, 39.606620693603389 ], [ -75.931786057098535, 39.611999760354202 ], [ -75.934503814769229, 39.612025893310353 ], [ -75.937185015499423, 39.611756584703137 ], [ -75.939984025787567, 39.611174254346693 ], [ -75.942973115996537, 39.610179557206905 ], [ -75.976186341045022, 39.597730199193464 ], [ -75.97612594641015, 39.597633868914784 ], [ -75.976301551776842, 39.597567980250474 ], [ -75.976361944615093, 39.59766431131299 ], [ -75.987292716857482, 39.59356369532496 ], [ -75.986911047846078, 39.5922051690468 ], [ -75.986229087306569, 39.592187773702491 ], [ -75.986055354927231, 39.591673096175128 ], [ -75.986980268428624, 39.591558363056798 ], [ -75.986250417802992, 39.589487934804254 ], [ -75.988947804377986, 39.588458019372027 ], [ -75.987740165903858, 39.586795443952916 ], [ -75.989614941816995, 39.587435360438398 ], [ -75.987889624905904, 39.585819224581563 ], [ -75.986899412866521, 39.583690724178361 ], [ -75.990447379149757, 39.578651736783463 ], [ -75.995191087517767, 39.581144577796003 ], [ -75.994313089430435, 39.578322449748285 ], [ -75.995099571648197, 39.576549595329176 ], [ -75.996732681885277, 39.577105958531632 ], [ -75.99787803566916, 39.577733444072379 ], [ -75.997193928156108, 39.578094108542381 ], [ -75.997805267639563, 39.578866796401527 ], [ -75.998790675488792, 39.578376856287662 ], [ -76.000837291929244, 39.579316399021131 ], [ -75.998910450560558, 39.581854093953972 ], [ -76.000110482100837, 39.582082986339707 ], [ -76.002549598540085, 39.580048004359568 ], [ -76.010177582588042, 39.583448378224212 ], [ -76.010025559794215, 39.583277540242705 ], [ -76.011324108673378, 39.581254189528742 ], [ -76.011038367157909, 39.580810472732018 ], [ -76.004901412208412, 39.578481829305431 ], [ -76.003073476250847, 39.580152001385137 ], [ -75.999186521712005, 39.578451542571898 ], [ -75.997041623291253, 39.57711689833333 ], [ -75.995132812906974, 39.576441057683667 ], [ -75.995529759566409, 39.575956472786665 ], [ -75.994533419220161, 39.575454565276246 ], [ -75.997071177864115, 39.575285867911539 ], [ -76.00036797249895, 39.574802474202649 ], [ -76.001894200285193, 39.576240728300483 ], [ -76.004856412900878, 39.574557535221658 ], [ -76.005518722793553, 39.575293265627607 ], [ -76.007586804477725, 39.575307999432759 ], [ -76.007936829434925, 39.575430927811595 ], [ -76.009859555621276, 39.577525660017109 ], [ -76.010142354255876, 39.578708471526724 ], [ -76.010215649596532, 39.578178589565674 ], [ -76.009993317462019, 39.577558139948188 ], [ -76.009216140892292, 39.576758204184472 ], [ -76.009642134576438, 39.576585722576787 ], [ -76.009195884780937, 39.575925942608123 ], [ -76.008671114144789, 39.57614764597362 ], [ -76.008092037654777, 39.575439549691666 ], [ -76.00767313437315, 39.575235688886472 ], [ -76.00733112508324, 39.574701873070488 ], [ -76.007111709778471, 39.573802086423647 ], [ -76.021680392121894, 39.572950433055773 ], [ -76.020631078123358, 39.574018034926851 ], [ -76.020738442969488, 39.575643834342927 ], [ -76.023266963339054, 39.574231920726838 ], [ -76.024122519713956, 39.573647475930713 ], [ -76.02434590826725, 39.573278281119755 ], [ -76.031048778489534, 39.572369994992108 ], [ -76.030702256063634, 39.573063286562046 ], [ -76.030266827374049, 39.573515380099529 ], [ -76.030389900161239, 39.573720268677661 ], [ -76.030324778591364, 39.574194446184869 ], [ -76.03011435632088, 39.574137025018466 ], [ -76.029992189035497, 39.574585882809771 ], [ -76.029769344861293, 39.574742180012812 ], [ -76.03007643214454, 39.575020729480691 ], [ -76.030089108271511, 39.575320744632172 ], [ -76.029682001666217, 39.575412809535074 ], [ -76.029802489102011, 39.575449270423917 ], [ -76.029366515135067, 39.575702405733352 ], [ -76.029586419123348, 39.576011196919147 ], [ -76.030454288705855, 39.576198917640745 ], [ -76.031238013095702, 39.57673107679468 ], [ -76.031359306320311, 39.577542544597954 ], [ -76.031162276134097, 39.578047353307824 ], [ -76.031270504261215, 39.578278484962702 ], [ -76.033471702795751, 39.577060188598224 ], [ -76.039330748640751, 39.575073753093491 ], [ -76.061092114801696, 39.564821538006804 ], [ -76.059168684336143, 39.562304776919198 ], [ -76.063899597101269, 39.560923363224177 ], [ -76.063617798291574, 39.560363653213621 ], [ -76.053256505837041, 39.563392024959299 ], [ -76.052518807529083, 39.563500050480066 ], [ -76.050516519354645, 39.563073171854242 ], [ -76.046838650393141, 39.564121226334578 ], [ -76.045339217555181, 39.565058409677469 ], [ -76.04590467738214, 39.565513345529702 ], [ -76.042712045099435, 39.566420306708274 ], [ -76.042331000417164, 39.565962514687847 ], [ -76.043007272824283, 39.565460322222364 ], [ -76.041830580413418, 39.564194069942289 ], [ -76.041608430636913, 39.563129644412022 ], [ -76.042815324407641, 39.559592729474801 ], [ -76.046566395285041, 39.557763807798985 ], [ -76.051726869842597, 39.55675233574545 ], [ -76.051476153640067, 39.556036477460431 ], [ -76.053368826688583, 39.557001184983584 ], [ -76.05439903082609, 39.557306716327624 ], [ -76.056510638580718, 39.557366892009959 ], [ -76.059066460548394, 39.557141365736612 ], [ -76.061566609426336, 39.557582716476986 ], [ -76.062509366164193, 39.557983827394793 ], [ -76.063134995148872, 39.558659745468042 ], [ -76.063850199642118, 39.560276747295397 ], [ -76.064141608628688, 39.560215293591838 ], [ -76.064441168928184, 39.560979246091748 ], [ -76.06422310828286, 39.561037807016952 ], [ -76.065192455153124, 39.56304533549595 ], [ -76.062628744180614, 39.564246549896367 ], [ -76.061674236580544, 39.565095095538439 ], [ -76.061552663081557, 39.566531979054702 ], [ -76.062139051857983, 39.567523299040928 ], [ -76.065191186731937, 39.569064947092862 ], [ -76.066692769238372, 39.570779371727113 ], [ -76.067153397468289, 39.570796042597536 ], [ -76.069980584313612, 39.569508490482718 ], [ -76.070128373347544, 39.570183965239742 ], [ -76.067319687305485, 39.575242678085239 ], [ -76.067097023692625, 39.582320798084673 ], [ -76.065191099595353, 39.58658050239832 ], [ -76.064422898093611, 39.587837667318418 ], [ -76.065239018427548, 39.588184251499968 ], [ -76.066485732718206, 39.586518197634696 ], [ -76.066725096910503, 39.586607157247563 ], [ -76.067630097456956, 39.584379050744936 ], [ -76.06844839800209, 39.584385656861201 ], [ -76.068443512963583, 39.584756076758005 ], [ -76.069718144198319, 39.584774478518682 ], [ -76.069699599377586, 39.584453009164598 ], [ -76.069176808628313, 39.583425329196359 ], [ -76.069778164235714, 39.583541676445556 ], [ -76.069884930803852, 39.585008096684092 ], [ -76.071529969769585, 39.584983658008767 ], [ -76.070984975361426, 39.585277924009979 ], [ -76.070962719600274, 39.585716105597236 ], [ -76.070503996697084, 39.586377364584372 ], [ -76.07062056747823, 39.587277128521201 ], [ -76.070046135278218, 39.588766129294868 ], [ -76.069004951931319, 39.588597850621156 ], [ -76.066448075341498, 39.588675965815071 ], [ -76.064609407211222, 39.588248198241196 ], [ -76.06478619116757, 39.589125148969991 ], [ -76.065068971835856, 39.589587870665852 ], [ -76.06566010641194, 39.590017415316545 ], [ -76.066499520061186, 39.590307852506932 ], [ -76.068055106587551, 39.596332843279711 ], [ -76.068350305566341, 39.596038926030026 ], [ -76.068890137356533, 39.595928975661337 ], [ -76.069206482677103, 39.595547426641239 ], [ -76.069123831382768, 39.594800527761677 ], [ -76.069847242884421, 39.593091399606045 ], [ -76.073539607061363, 39.589499180711087 ], [ -76.074910242148832, 39.588596424528951 ], [ -76.075367625663944, 39.588551841133629 ], [ -76.075448032068394, 39.597360987311397 ], [ -76.074384409703995, 39.597531229896497 ], [ -76.074540845920851, 39.598166999342183 ], [ -76.071353287322864, 39.598695411249516 ], [ -76.071379351940848, 39.600084632961128 ], [ -76.073751593298752, 39.60023168282941 ], [ -76.076199305716926, 39.599103206738462 ], [ -76.077703852663788, 39.598623667080815 ], [ -76.078019711097468, 39.596701420360134 ], [ -76.076104087890059, 39.597022576774549 ], [ -76.076086651590401, 39.591514745869773 ], [ -76.078746576621398, 39.592280254388392 ], [ -76.077833652035821, 39.598529170241292 ], [ -76.077941913400593, 39.598675708432417 ], [ -76.083014402467654, 39.598403890660833 ], [ -76.088412445485275, 39.599175836390714 ], [ -76.091516527237161, 39.600129800733612 ], [ -76.094467306095908, 39.60196258547284 ], [ -76.096242313316935, 39.602712997236416 ], [ -76.10169027212163, 39.604565310942753 ], [ -76.102655419367949, 39.604473740184403 ], [ -76.103446208109176, 39.604089929312906 ], [ -76.104861274768908, 39.602547079410137 ], [ -76.106848118208674, 39.601116065091666 ], [ -76.10877689275182, 39.599378724183197 ], [ -76.109168168346883, 39.599227551314627 ], [ -76.109803571001848, 39.59946619780785 ], [ -76.112680235256406, 39.602107588840497 ], [ -76.112956592072081, 39.601891941738181 ], [ -76.112647233847795, 39.601626280091146 ], [ -76.113191793471358, 39.601287497944618 ], [ -76.114967096238118, 39.602761923670897 ], [ -76.114603506720144, 39.603056101703395 ], [ -76.114832486387741, 39.603252236770082 ], [ -76.114683313049966, 39.60335645090435 ], [ -76.113045827119151, 39.60196857182779 ], [ -76.112675647560238, 39.602237768312577 ], [ -76.110091666103344, 39.599896022446124 ], [ -76.109406187761181, 39.599465564473064 ], [ -76.108980821101113, 39.599531521241261 ], [ -76.108637803901431, 39.599836135624201 ], [ -76.109118966720445, 39.600116216350557 ], [ -76.110271533976061, 39.601469262776298 ], [ -76.111221601203695, 39.602254236432323 ], [ -76.112343199938223, 39.603489395852542 ], [ -76.113739534029321, 39.604493676672483 ], [ -76.113938001519983, 39.604339554077633 ], [ -76.114352583006763, 39.604677442997136 ], [ -76.114419048456313, 39.605091703588094 ], [ -76.113958910706543, 39.605318203404273 ], [ -76.113859962176321, 39.605682524657844 ], [ -76.113656138929926, 39.605619919396176 ], [ -76.11276401663136, 39.606563574068552 ], [ -76.112881477642986, 39.606673094373051 ], [ -76.111429398596911, 39.608153326890331 ], [ -76.109808418311104, 39.607937392713502 ], [ -76.109568257313171, 39.609075588971706 ], [ -76.110481340002224, 39.609196464279925 ], [ -76.108630417054854, 39.611626063953224 ], [ -76.10773406458965, 39.612446845556704 ], [ -76.100469383497071, 39.617606772467489 ], [ -76.090942671755556, 39.623117120683283 ], [ -76.088882971352987, 39.624628804217508 ], [ -76.086826476139365, 39.62170843646858 ], [ -76.086195142852631, 39.62129694623377 ], [ -76.084707421351027, 39.620854595809973 ], [ -76.08306129811875, 39.619833508504883 ], [ -76.081242578876001, 39.620984776708866 ], [ -76.078650510784911, 39.617319140208529 ], [ -76.078740224634018, 39.616501317925795 ], [ -76.078202099642866, 39.612293088761021 ], [ -76.078310633197177, 39.612210706081115 ], [ -76.076047352991665, 39.611977253007318 ], [ -76.074344102297204, 39.612732356900771 ], [ -76.073259451270346, 39.611475012630827 ], [ -76.07341565392521, 39.611503383871096 ], [ -76.072494972387133, 39.61011866609816 ], [ -76.072336220313488, 39.609400050080907 ], [ -76.072456910768537, 39.608718746849945 ], [ -76.073051552367502, 39.608036619564125 ], [ -76.073135275351987, 39.607694873425778 ], [ -76.07402995335751, 39.607672332151303 ], [ -76.075820120547277, 39.606183107943778 ], [ -76.076021755497635, 39.611324627423649 ], [ -76.074097726754118, 39.612281227178102 ], [ -76.074503660159664, 39.612597015870506 ], [ -76.075745834364866, 39.611962921464396 ], [ -76.076467289335838, 39.611890222869654 ], [ -76.076355235283927, 39.60526308853337 ], [ -76.077031138483491, 39.605670432854865 ], [ -76.077476079433609, 39.605680917585325 ], [ -76.077512729798883, 39.606269934856819 ], [ -76.077619191838139, 39.606270766762414 ], [ -76.077583230480684, 39.605683442391765 ], [ -76.078912826932708, 39.605714762303613 ], [ -76.080088364110154, 39.606762201820914 ], [ -76.080449309886248, 39.606236393550319 ], [ -76.082144633846639, 39.605552226389698 ], [ -76.084869869093751, 39.60740704010847 ], [ -76.08322498553656, 39.608925464309159 ], [ -76.082740057878212, 39.6086286910054 ], [ -76.081849046795668, 39.609363721247711 ], [ -76.082753059195326, 39.610521166510701 ], [ -76.082375071479959, 39.610709517632422 ], [ -76.082157437534377, 39.611096635811855 ], [ -76.082240189440043, 39.611708057706572 ], [ -76.080607026202372, 39.611767328721342 ], [ -76.080675298163953, 39.612360876215092 ], [ -76.079653630716606, 39.611747460071904 ], [ -76.079466251131493, 39.612244254874128 ], [ -76.079030755966585, 39.612283367661135 ], [ -76.081844580372078, 39.612518331115133 ], [ -76.082304749562894, 39.611939396108149 ], [ -76.082252825142831, 39.611142788113092 ], [ -76.082448815079943, 39.610771052525827 ], [ -76.083201164011868, 39.61042210585483 ], [ -76.084227293391237, 39.610569064566334 ], [ -76.086319988914198, 39.608355208396446 ], [ -76.085780867691369, 39.607873925076198 ], [ -76.086666296642733, 39.607717684606705 ], [ -76.087457801341259, 39.606170469467543 ], [ -76.088915930540765, 39.605700996991978 ], [ -76.09101513256131, 39.604418741609564 ], [ -76.092580518809129, 39.600954393959043 ], [ -76.091303754075582, 39.600162740048212 ], [ -76.088319372835315, 39.599268537548234 ], [ -76.082526328909182, 39.598550640923555 ], [ -76.077438817315624, 39.598907542367044 ], [ -76.076215277762671, 39.59928342891638 ], [ -76.07468325135126, 39.600060367799394 ], [ -76.073538834510217, 39.600375106158985 ], [ -76.067123508722148, 39.599802553824418 ], [ -76.067342998587094, 39.597828020305833 ], [ -76.067301385029893, 39.596551423230579 ], [ -76.067013890901293, 39.596240229563698 ], [ -76.066395134028539, 39.596176901413436 ], [ -76.063909497434025, 39.589240264790241 ], [ -76.063933152770375, 39.587831652050696 ], [ -76.065125995093453, 39.586224361973571 ], [ -76.066900855889102, 39.582120535543986 ], [ -76.067037708832729, 39.575924287069327 ], [ -76.067246156606217, 39.574716027448829 ], [ -76.069928727267211, 39.570074835266205 ], [ -76.066944843693605, 39.571413068335197 ], [ -76.064998644528885, 39.569226997330183 ], [ -76.061611270967319, 39.567545982875821 ], [ -76.061005014151746, 39.566560978794953 ], [ -76.061006547575943, 39.565206053269783 ], [ -76.060538631314103, 39.565182435856208 ], [ -76.039419191373739, 39.575192753143973 ], [ -76.033546407593093, 39.577153946166753 ], [ -76.031373953351036, 39.578355877174339 ], [ -76.03158840546385, 39.578403418744017 ], [ -76.031399021737343, 39.578892977864029 ], [ -76.030803753114327, 39.579449926695169 ], [ -76.030811934969947, 39.579897928246851 ], [ -76.031272256874345, 39.580995732293289 ], [ -76.030852880180575, 39.581077427905974 ], [ -76.031247940377909, 39.581051487515182 ], [ -76.031791338479806, 39.582448409470956 ], [ -76.030845201381538, 39.584089125944708 ], [ -76.029564572095637, 39.585185730286661 ], [ -76.029191244839993, 39.585712175372826 ], [ -76.029082552283867, 39.586916140769048 ], [ -76.028479835728817, 39.588053257104036 ], [ -76.02843789159158, 39.589476903498955 ], [ -76.028754256675072, 39.589664866040017 ], [ -76.02860418861529, 39.590021376448625 ], [ -76.027570810729884, 39.590306976104934 ], [ -76.027358016008748, 39.590604384501503 ], [ -76.02627912947105, 39.593158128052821 ], [ -76.025545552633631, 39.594366843525236 ], [ -76.024189431626212, 39.594664932940375 ], [ -76.023187183958669, 39.594407188178522 ], [ -76.021643828893204, 39.594491470030661 ], [ -76.02182608358963, 39.596331753756182 ], [ -76.022233565690712, 39.597362146729992 ], [ -76.023448545197311, 39.597026085503693 ], [ -76.025301373471422, 39.599127805170539 ], [ -76.023381725811547, 39.600934804605757 ] ], [ [ -75.992275748993606, 39.620279817245105 ], [ -75.992040931174955, 39.620117439385815 ], [ -75.992036008407212, 39.620114500620055 ], [ -75.992275748993606, 39.620279817245105 ] ], [ [ -75.952551633580512, 39.616681634607453 ], [ -75.952440538030999, 39.61668653671461 ], [ -75.952560843108799, 39.61668361994704 ], [ -75.952551633580512, 39.616681634607453 ] ], [ [ -75.84050074194316, 39.616197951871321 ], [ -75.838266506067427, 39.616555639124677 ], [ -75.8387769602529, 39.618562571981975 ], [ -75.841589686917089, 39.617585794161272 ], [ -75.842549781139937, 39.617053441563321 ], [ -75.841969163140874, 39.614967029373474 ], [ -75.840238451846503, 39.615259947300892 ], [ -75.84050074194316, 39.616197951871321 ] ], [ [ -75.847010561515972, 39.613654346225303 ], [ -75.847015392655564, 39.61365922363386 ], [ -75.847013057934134, 39.613652277063501 ], [ -75.847010561515972, 39.613654346225303 ] ], [ [ -76.010244521449749, 39.578668154427923 ], [ -76.010248509071303, 39.578702332223514 ], [ -76.010250735096577, 39.578719588323935 ], [ -76.010244521449749, 39.578668154427923 ] ], [ [ -76.02371349161227, 39.600544753693164 ], [ -76.023726379741646, 39.600515854690528 ], [ -76.023733284192929, 39.600497814264642 ], [ -76.02371349161227, 39.600544753693164 ] ] ] ] } }
]
}
