{
"type": "FeatureCollection",
"name": "nourish_md_eligibility",
"crs": { "type": "name", "properties": { "name": "urn:ogc:def:crs:OGC:1.3:CRS84" } },
"features": [
{ "type": "Feature", "properties": { }, "geometry": { "type": "MultiPolygon", "coordinates": [ [ [ [ -77.546473337098774, 39.272235828265472 ], [ -77.541803336398118, 39.274756829456116 ], [ -77.540952336278323, 39.275573829453073 ], [ -77.540440336092246, 39.276581829226252 ], [ -77.539638336376257, 39.278955830556491 ], [ -77.538301335111342, 39.280803830677684 ], [ -77.536875335954605, 39.281937831489586 ], [ -77.533780334373617, 39.283773831792267 ], [ -77.532393333778302, 39.284888831273115 ], [ -77.531165333191652, 39.286136831867196 ], [ -77.530782333775335, 39.286327832674097 ], [ -77.530253333870817, 39.287649832911875 ], [ -77.52830633340885, 39.291099833065942 ], [ -77.517339330314428, 39.305523836523804 ], [ -77.515691330501511, 39.308262837380404 ], [ -77.515086330429014, 39.309849838241618 ], [ -77.505282330318863, 39.351906846704857 ], [ -77.505011329258892, 39.353590846767688 ], [ -77.504810330315749, 39.357443847673402 ], [ -77.504754330239265, 39.361562848497307 ], [ -77.5050083306825, 39.364651848741296 ], [ -77.50473433014777, 39.365235848663509 ], [ -77.504099329938057, 39.365856849345555 ], [ -77.502532330316001, 39.36659084935205 ], [ -77.504889330856798, 39.365680849431186 ], [ -77.508290330962907, 39.363919848706672 ], [ -77.509610331611086, 39.363413848655583 ], [ -77.511914332448399, 39.363117848167072 ], [ -77.518825334237192, 39.363601847957867 ], [ -77.521900334828388, 39.363405847757903 ], [ -77.524142335741459, 39.362770847892975 ], [ -77.531127338048393, 39.359827847519973 ], [ -77.534206338837549, 39.359156846410173 ], [ -77.567692349000154, 39.356598844342926 ], [ -77.569207350540296, 39.356293844999328 ], [ -77.573273350993375, 39.354982844434637 ], [ -77.575527352500316, 39.354694844150842 ], [ -77.578811352430549, 39.35492584433522 ], [ -77.58270335460297, 39.356119844342324 ], [ -77.584788355157187, 39.356574844861854 ], [ -77.58812235621447, 39.356672844543176 ], [ -77.615652364465149, 39.351648842165964 ], [ -77.610409363479064, 39.36298684460337 ], [ -77.610393363585544, 39.363304843985205 ], [ -77.610573362612257, 39.363558844626695 ], [ -77.612683364179162, 39.36516284512053 ], [ -77.613254363916482, 39.365510844704737 ], [ -77.614263364220022, 39.365726844747982 ], [ -77.61756236511718, 39.365990844973865 ], [ -77.625691368345187, 39.366429844684134 ], [ -77.625923368148804, 39.366024844746285 ], [ -77.636687370853636, 39.367015844444062 ], [ -77.636597371340272, 39.367718844599828 ], [ -77.636761372270101, 39.367974844560408 ], [ -77.638855372146836, 39.368239844665041 ], [ -77.639259373276204, 39.368563844666063 ], [ -77.639255373078242, 39.369677845232729 ], [ -77.640142373183053, 39.372796845608491 ], [ -77.640280373275303, 39.375504846126937 ], [ -77.640179372992961, 39.375586846632068 ], [ -77.640783373240552, 39.379796846796374 ], [ -77.640695374275325, 39.381401847714962 ], [ -77.641293373776818, 39.38250684764661 ], [ -77.641370373769703, 39.382983847537908 ], [ -77.640568373155403, 39.383979847250664 ], [ -77.639434374076728, 39.385005848366973 ], [ -77.637174372721987, 39.386220848270241 ], [ -77.635565372368802, 39.387870849061606 ], [ -77.634083372237285, 39.389004849590805 ], [ -77.631911371644406, 39.391155848964324 ], [ -77.630560371932432, 39.393460849821622 ], [ -77.629554371103623, 39.393962850017601 ], [ -77.630301371466331, 39.395019850005959 ], [ -77.632277372240623, 39.39605185050479 ], [ -77.63815937363438, 39.398121850598116 ], [ -77.638297374624969, 39.398761850459465 ], [ -77.637787374088717, 39.401089851197369 ], [ -77.637600374490972, 39.403255852188664 ], [ -77.638078374341845, 39.404688851523538 ], [ -77.639184374729766, 39.405602852535196 ], [ -77.640070375009657, 39.405774852340222 ], [ -77.640202375254148, 39.405317852029455 ], [ -77.640001374514355, 39.404776852339502 ], [ -77.64041337424301, 39.402545851406984 ], [ -77.641313374766611, 39.400893851424364 ], [ -77.641618375263448, 39.400073850595319 ], [ -77.641550375491391, 39.399657850396565 ], [ -77.642221375686105, 39.3981318509123 ], [ -77.643042375668685, 39.396824850598513 ], [ -77.643805375026602, 39.394694850249259 ], [ -77.645335375737048, 39.39139684923834 ], [ -77.646088375947556, 39.390322848995375 ], [ -77.646494376726736, 39.388686848531961 ], [ -77.647081375459251, 39.387236847892474 ], [ -77.646989376296062, 39.3865808478822 ], [ -77.647806376080666, 39.38406384784799 ], [ -77.647859376682419, 39.383254847968679 ], [ -77.649696376641216, 39.380638846912923 ], [ -77.650278377147487, 39.379348846762518 ], [ -77.650729376335875, 39.377353846344491 ], [ -77.651554376516415, 39.375119845634934 ], [ -77.652790377498974, 39.373094844602576 ], [ -77.654336377204629, 39.371429845232832 ], [ -77.655311377172978, 39.369367844528185 ], [ -77.657703378772183, 39.366955843561627 ], [ -77.660350378842878, 39.363688842842166 ], [ -77.66186937878436, 39.360124842662771 ], [ -77.664593378847954, 39.355625841177151 ], [ -77.6652383791034, 39.353822841127091 ], [ -77.666889380187669, 39.350739840286906 ], [ -77.670702380920758, 39.346735839210929 ], [ -77.671518380880443, 39.345612839012034 ], [ -77.672528381907199, 39.345132838349421 ], [ -77.67344438232432, 39.344232838555293 ], [ -77.673962381459859, 39.343068838576031 ], [ -77.674005382015892, 39.34237983789324 ], [ -77.675256382168769, 39.338031837075931 ], [ -77.676748381447766, 39.328309835219201 ], [ -77.677166381922476, 39.324541834541762 ], [ -77.681724383368447, 39.323895833996694 ], [ -77.683866383824082, 39.322407833926597 ], [ -77.685039384159154, 39.321293833640787 ], [ -77.686502384024124, 39.320206833258851 ], [ -77.688438385513763, 39.319520833263141 ], [ -77.690064384687034, 39.319350832979787 ], [ -77.692007385849351, 39.318619833100001 ], [ -77.693010386305104, 39.318444833103108 ], [ -77.696078387223608, 39.318460832684217 ], [ -77.698876388703695, 39.318970832528663 ], [ -77.703788390151971, 39.320396832817679 ], [ -77.707676391228119, 39.321735832776994 ], [ -77.710406392037797, 39.321358832135545 ], [ -77.711591392966753, 39.321542832636105 ], [ -77.713725393026465, 39.321218832790159 ], [ -77.714799393627331, 39.321300832391103 ], [ -77.715548393639864, 39.321190832192471 ], [ -77.715569393556265, 39.320926832955848 ], [ -77.715796393336987, 39.320827832464069 ], [ -77.717294394260378, 39.320854831790783 ], [ -77.719664395219951, 39.321335832386438 ], [ -77.722679395536687, 39.32129283223086 ], [ -77.72484239680702, 39.321439832249325 ], [ -77.727687397244438, 39.322121832156157 ], [ -77.728609397509345, 39.323094832011073 ], [ -77.728730397883169, 39.32345283253747 ], [ -77.729183397619707, 39.323781832381798 ], [ -77.732598398867836, 39.326047832825665 ], [ -77.733658399225007, 39.326404832882673 ], [ -77.734694400191046, 39.327073832444199 ], [ -77.738692400872026, 39.327970832414074 ], [ -77.740127401147916, 39.328606832993387 ], [ -77.741612401652517, 39.328951832874004 ], [ -77.747940404906757, 39.331704833387199 ], [ -77.748591404111679, 39.332198834031963 ], [ -77.749284404946053, 39.332335834046908 ], [ -77.751080405795278, 39.333124833427497 ], [ -77.75253540616265, 39.333372833533701 ], [ -77.7542354067524, 39.333368834144075 ], [ -77.75573040640441, 39.333945833356573 ], [ -77.757855407141633, 39.335568834195094 ], [ -77.758196407623473, 39.335537833640288 ], [ -77.758407407510674, 39.336042833592352 ], [ -77.759241407912029, 39.336943833725307 ], [ -77.760010408914368, 39.338112833858816 ], [ -77.760935408654007, 39.340319834320546 ], [ -77.761012408646891, 39.341582834656968 ], [ -77.760870409254991, 39.342449834830198 ], [ -77.759829409164396, 39.344463835812569 ], [ -77.759518408819773, 39.344880835379264 ], [ -77.757389407884617, 39.346417835262756 ], [ -77.750105406725226, 39.349306836220343 ], [ -77.747598405498294, 39.351334837402909 ], [ -77.746094404727131, 39.353152837472074 ], [ -77.74470340483218, 39.355876837825413 ], [ -77.743963405040461, 39.357945838812697 ], [ -77.743386404557072, 39.361146839582354 ], [ -77.743281404975093, 39.362310839167804 ], [ -77.743530405395418, 39.364286839712236 ], [ -77.743842405564948, 39.365109840483505 ], [ -77.746547406260291, 39.368933841229754 ], [ -77.747135406614362, 39.3700538408577 ], [ -77.747701406328773, 39.370569841509294 ], [ -77.748841407051884, 39.372176842045498 ], [ -77.749316407428054, 39.373406841198474 ], [ -77.75043840770951, 39.375422842053538 ], [ -77.752311407653281, 39.377405841775989 ], [ -77.75303140915014, 39.379271843158058 ], [ -77.753170408169012, 39.380231843546312 ], [ -77.75287340896638, 39.381423843122548 ], [ -77.752979408373292, 39.381686843169511 ], [ -77.752349409084744, 39.382735843662047 ], [ -77.751485408546174, 39.383371843714755 ], [ -77.749178407335762, 39.384360844066165 ], [ -77.747014407138849, 39.384734844320434 ], [ -77.741398404985532, 39.385231844421611 ], [ -77.739305404933702, 39.385567844342788 ], [ -77.737593403750068, 39.386320844105853 ], [ -77.736611404109041, 39.38715584418199 ], [ -77.736187403786502, 39.387704844655843 ], [ -77.735862404096494, 39.388610845261084 ], [ -77.735728404202192, 39.389631845566385 ], [ -77.735871403418997, 39.391179845586507 ], [ -77.738409405506388, 39.398983847284718 ], [ -77.741002406048722, 39.403598847449857 ], [ -77.741689407035295, 39.404454848024784 ], [ -77.742468407185058, 39.404945847995023 ], [ -77.745827408356703, 39.408925848647584 ], [ -77.746405408665012, 39.409376848720399 ], [ -77.752846410998842, 39.422883850781119 ], [ -77.754190411936449, 39.424250851495948 ], [ -77.759036414160818, 39.427079851972721 ], [ -77.761449414778099, 39.427948852086537 ], [ -77.763643415112284, 39.428102852372881 ], [ -77.76374241484649, 39.428179852041509 ], [ -77.763530415134383, 39.42824585159056 ], [ -77.763685414945073, 39.428355852550482 ], [ -77.763954414558569, 39.428234852248295 ], [ -77.767904416457313, 39.428214851925816 ], [ -77.768151416329516, 39.428356852425964 ], [ -77.770098416791484, 39.428061851766664 ], [ -77.770650417160525, 39.42814985153187 ], [ -77.771414417241687, 39.427957851711682 ], [ -77.77440141886764, 39.42780485168214 ], [ -77.77573941905915, 39.428068852311895 ], [ -77.777551418903585, 39.428744851593855 ], [ -77.77958241992944, 39.428843851825995 ], [ -77.779412420050136, 39.429019852045684 ], [ -77.779851419542965, 39.429063852378022 ], [ -77.781351420116181, 39.429046851196318 ], [ -77.781436420505003, 39.429222851597132 ], [ -77.781691420773129, 39.429090851511688 ], [ -77.784083421474008, 39.429146851557448 ], [ -77.786334422607894, 39.42888385141034 ], [ -77.789017422663619, 39.429504851257356 ], [ -77.792132424336089, 39.43048585172528 ], [ -77.794318424274337, 39.430932851737616 ], [ -77.796788425691346, 39.431799851330332 ], [ -77.800079427090921, 39.4338308521301 ], [ -77.80157242709312, 39.434950852253813 ], [ -77.802832428365136, 39.436350852585115 ], [ -77.803207428283869, 39.437118851925149 ], [ -77.803271427857965, 39.437997852556705 ], [ -77.802881427870616, 39.438836852411875 ], [ -77.801926427095438, 39.439973853130951 ], [ -77.800913427492262, 39.440681853532034 ], [ -77.798676426602071, 39.441416853581011 ], [ -77.791278423843266, 39.442228853603098 ], [ -77.788241423785223, 39.442957853900232 ], [ -77.786492423689964, 39.44387485437862 ], [ -77.785798423030698, 39.444483854601472 ], [ -77.785267423476355, 39.44541085418733 ], [ -77.785245422836724, 39.446234855098936 ], [ -77.786123423619031, 39.447447855332761 ], [ -77.786887423700179, 39.448073855536904 ], [ -77.793761425679051, 39.452015856434976 ], [ -77.795573426421797, 39.453503855367209 ], [ -77.798271427444433, 39.456138855954926 ], [ -77.798717427508279, 39.457126856972693 ], [ -77.799099427998016, 39.458789856718148 ], [ -77.798893428133681, 39.459629856585117 ], [ -77.79800842767871, 39.460776857313974 ], [ -77.796514427851591, 39.461583857219829 ], [ -77.795069426631642, 39.4619398578728 ], [ -77.792676426105842, 39.462071858127537 ], [ -77.787556424245082, 39.461186857685178 ], [ -77.782366422962454, 39.45986885783816 ], [ -77.780603422623514, 39.459851857932847 ], [ -77.779463421900402, 39.460164858461432 ], [ -77.778337421421, 39.460948858284766 ], [ -77.777770421881641, 39.461579858238579 ], [ -77.777607420776718, 39.462260857993286 ], [ -77.777663420853216, 39.462589857948139 ], [ -77.778279421694677, 39.463435858814783 ], [ -77.780304422872746, 39.464665859092349 ], [ -77.784857424295851, 39.465851858484925 ], [ -77.788482425606261, 39.467268858473808 ], [ -77.792689426524646, 39.46931385933064 ], [ -77.792577427269947, 39.469380859410748 ], [ -77.793956427469354, 39.470173859153576 ], [ -77.795386427722377, 39.471254859132515 ], [ -77.79697242761101, 39.473005859654926 ], [ -77.798006428028884, 39.475239860377407 ], [ -77.798155428890112, 39.477528860195669 ], [ -77.797758429230072, 39.479175861054394 ], [ -77.797198429363434, 39.480146861112175 ], [ -77.796554428932879, 39.480871861701942 ], [ -77.793954427819529, 39.48257886167562 ], [ -77.787812426134764, 39.485470862812726 ], [ -77.781223424561247, 39.48739086346464 ], [ -77.772013421059654, 39.489309864098949 ], [ -77.770589420654431, 39.489758863704729 ], [ -77.767280420609822, 39.49127886437708 ], [ -77.766550419965554, 39.491827864907719 ], [ -77.765650419441954, 39.49307286458729 ], [ -77.76554341931184, 39.493434865529451 ], [ -77.765507420225163, 39.494680865162834 ], [ -77.765798419579951, 39.494993865678751 ], [ -77.765755419922286, 39.49522486574255 ], [ -77.766342420451409, 39.496245866127268 ], [ -77.767723420300626, 39.497349865751183 ], [ -77.769636421325714, 39.498530865372942 ], [ -77.770911421768005, 39.498942865571784 ], [ -77.772569422524981, 39.498865865826161 ], [ -77.774276422787437, 39.499332865619799 ], [ -77.77660042371626, 39.499388865319091 ], [ -77.779335424548805, 39.499328865342477 ], [ -77.782155424871874, 39.499043865612862 ], [ -77.784418425701332, 39.49809686532538 ], [ -77.785542425632599, 39.497370865203067 ], [ -77.787327426611185, 39.495526864005086 ], [ -77.78959542746351, 39.49238686383616 ], [ -77.791572427164368, 39.490965863080092 ], [ -77.795695429315472, 39.489697862660847 ], [ -77.796999429171805, 39.489494863313439 ], [ -77.802893431159447, 39.489467862641838 ], [ -77.807348432673265, 39.4901378633202 ], [ -77.809594432885959, 39.490658862578663 ], [ -77.81191143414209, 39.491339862647415 ], [ -77.814822434701767, 39.492529862759447 ], [ -77.819363436429285, 39.493555863453459 ], [ -77.823981437251376, 39.49380686295585 ], [ -77.825574438609337, 39.493296863182714 ], [ -77.827567439102054, 39.493093862558233 ], [ -77.82782243847187, 39.493389862563909 ], [ -77.829983440092391, 39.493855862777885 ], [ -77.839158442535549, 39.496455863002097 ], [ -77.841674443983322, 39.49749786274301 ], [ -77.842113444374462, 39.49748686324908 ], [ -77.843197444122765, 39.497831863058281 ], [ -77.844218445020175, 39.49788086350916 ], [ -77.844997445169923, 39.498160862551153 ], [ -77.845380444586269, 39.498116863598263 ], [ -77.845408445073687, 39.49836886352557 ], [ -77.846656445751833, 39.499405863882011 ], [ -77.847734445652321, 39.501234863617768 ], [ -77.847848446353453, 39.501827863254206 ], [ -77.847706446063214, 39.502716863868805 ], [ -77.84741644653333, 39.503386863704208 ], [ -77.846602445325146, 39.504566864550341 ], [ -77.843662444453173, 39.506515864492357 ], [ -77.838073443860665, 39.509321865101441 ], [ -77.831980441681381, 39.513039866240639 ], [ -77.827984440650212, 39.514916867028838 ], [ -77.826440439696057, 39.515987867277246 ], [ -77.825795439440597, 39.516717867620144 ], [ -77.825143440410756, 39.517892868117784 ], [ -77.824499439980201, 39.519824867971067 ], [ -77.823500439722395, 39.52379286907496 ], [ -77.823550439951134, 39.525198869278498 ], [ -77.823791439975537, 39.526405869190555 ], [ -77.824741439829538, 39.528491869805642 ], [ -77.826294441004507, 39.529879869876908 ], [ -77.829734441468688, 39.531479870675163 ], [ -77.832272442657739, 39.532347870211375 ], [ -77.833541443252273, 39.53257687059223 ], [ -77.835901444166126, 39.532395870111777 ], [ -77.836963445071419, 39.532119870231497 ], [ -77.839087445085383, 39.531068869881196 ], [ -77.840297445230391, 39.52974486933747 ], [ -77.840562445544236, 39.529149869297974 ], [ -77.84082744585811, 39.526318868076949 ], [ -77.840678444996897, 39.520903867536958 ], [ -77.841120445761064, 39.519555866983268 ], [ -77.841947444693105, 39.518435867218457 ], [ -77.845486446688142, 39.516928867075237 ], [ -77.849439447163277, 39.515602866489054 ], [ -77.860205450416245, 39.51430086619601 ], [ -77.861178450734769, 39.514300866196017 ], [ -77.864756452189525, 39.515877866180794 ], [ -77.865664452210709, 39.517210866265778 ], [ -77.866140453310095, 39.518406866072077 ], [ -77.866411453471741, 39.521173866696984 ], [ -77.866355453395244, 39.522073866941447 ], [ -77.865947452966253, 39.525207867417414 ], [ -77.865056452663481, 39.528407868006354 ], [ -77.864508453390712, 39.534544869521547 ], [ -77.864517453611555, 39.535883869882461 ], [ -77.865277453494727, 39.538419870590765 ], [ -77.866050453796731, 39.539308869890064 ], [ -77.870108455650495, 39.543093870617888 ], [ -77.871648455508364, 39.544288871163552 ], [ -77.876613458456731, 39.546663871136886 ], [ -77.879568458499008, 39.548618871570206 ], [ -77.884976461138194, 39.550992872072634 ], [ -77.886025460726358, 39.551695872171017 ], [ -77.887591462320145, 39.553111872693457 ], [ -77.888738461817624, 39.555417872190098 ], [ -77.888900463097642, 39.556800872844804 ], [ -77.88856646228848, 39.558205872785692 ], [ -77.887601461467568, 39.559412874315981 ], [ -77.886920462125403, 39.559977874182351 ], [ -77.884572460907137, 39.561118873766397 ], [ -77.8831964610808, 39.561540873647694 ], [ -77.880819460448507, 39.562840874521875 ], [ -77.880394460301076, 39.56281887475776 ], [ -77.878550458872965, 39.563415874287372 ], [ -77.874233458349735, 39.564079875125898 ], [ -77.865503455247179, 39.563711875221259 ], [ -77.856803452281838, 39.564670875607796 ], [ -77.853285451999881, 39.56463887647817 ], [ -77.850988450835231, 39.564348875339341 ], [ -77.850179450548225, 39.56446487580191 ], [ -77.847009449522517, 39.564350876029557 ], [ -77.84504544844377, 39.564564876140444 ], [ -77.843223448553587, 39.564471876474322 ], [ -77.841102447116043, 39.564708876762445 ], [ -77.837259447144064, 39.56596187689177 ], [ -77.836089446283722, 39.566669876772721 ], [ -77.834509446242876, 39.56887087783339 ], [ -77.833793445842304, 39.570616877790634 ], [ -77.833581445231886, 39.5706498775318 ], [ -77.833354446349475, 39.571159877893081 ], [ -77.833503445414081, 39.571653878285815 ], [ -77.833099446081349, 39.573915878855871 ], [ -77.832221446197394, 39.577356879066912 ], [ -77.830875445609948, 39.581204880263748 ], [ -77.831109445961687, 39.581984879903835 ], [ -77.831053445885203, 39.58232488081633 ], [ -77.82984144609037, 39.586907881694437 ], [ -77.829687446104586, 39.591090882130239 ], [ -77.829906446387696, 39.593039882232851 ], [ -77.830575446034302, 39.594745882841835 ], [ -77.830711446476741, 39.596007882776846 ], [ -77.831199446373375, 39.596909883415236 ], [ -77.831715446757414, 39.600087884050538 ], [ -77.832209446501821, 39.601452884449294 ], [ -77.834147447641271, 39.603378884227268 ], [ -77.836368448637927, 39.604799884628385 ], [ -77.837404448705655, 39.605694884304071 ], [ -77.838597450030505, 39.606176885254186 ], [ -77.841883450508888, 39.607021884839376 ], [ -77.843658450543415, 39.60709288530547 ], [ -77.846863451729263, 39.606895884924747 ], [ -77.848467452957848, 39.607145884377729 ], [ -77.850454453602794, 39.607029884749331 ], [ -77.853562454704246, 39.607132884804912 ], [ -77.859431456577553, 39.608265884300998 ], [ -77.863931457398877, 39.608806884835303 ], [ -77.866209458296964, 39.609557884047689 ], [ -77.868097459207689, 39.610434884043116 ], [ -77.869993459616026, 39.611712884732817 ], [ -77.871562460684544, 39.612408885108366 ], [ -77.871718460320139, 39.612562884552268 ], [ -77.871520460851741, 39.612672884637341 ], [ -77.873025461447824, 39.613631884398181 ], [ -77.874267461379858, 39.614086884800201 ], [ -77.876332461842594, 39.614426885254773 ], [ -77.877567463000261, 39.614371884897565 ], [ -77.877482462611439, 39.61470188430927 ], [ -77.879284463308451, 39.614872885618894 ], [ -77.88200946409529, 39.615482884607616 ], [ -77.885060464397014, 39.615818884640696 ], [ -77.885174465098146, 39.615566884768839 ], [ -77.885827464851218, 39.615423884581766 ], [ -77.886807465740759, 39.614628884795053 ], [ -77.88699946536137, 39.613607884877965 ], [ -77.886276464389795, 39.612465884250419 ], [ -77.882992463561223, 39.609527884264814 ], [ -77.882163463182749, 39.608407883301226 ], [ -77.881178462270327, 39.606376883089787 ], [ -77.880775462762543, 39.603719883406583 ], [ -77.881153463054289, 39.600986882289234 ], [ -77.882127463197733, 39.599247881774204 ], [ -77.882879462685025, 39.598676881672532 ], [ -77.8845254637464, 39.597958881317354 ], [ -77.885576463882728, 39.597629881222659 ], [ -77.887392464823463, 39.597481880992355 ], [ -77.890329465322367, 39.59755488128112 ], [ -77.892514465435724, 39.597851880629072 ], [ -77.896387467341555, 39.598780881195538 ], [ -77.900750468793859, 39.600493881417954 ], [ -77.905446470332095, 39.600862881412006 ], [ -77.907007471004675, 39.601208880625855 ], [ -77.907263471097707, 39.601516881928532 ], [ -77.907617471100039, 39.601505880916804 ], [ -77.910838472179407, 39.602609881248505 ], [ -77.913470473079798, 39.602900881643855 ], [ -77.915485473313836, 39.602823880909 ], [ -77.919075474464137, 39.603417880899876 ], [ -77.920282474236089, 39.603790881029305 ], [ -77.921700475691836, 39.604580880831939 ], [ -77.922722475515883, 39.604718880726082 ], [ -77.922878476049789, 39.604816880915266 ], [ -77.922736475759564, 39.604970881327795 ], [ -77.922069475762783, 39.604976881265003 ], [ -77.922176475892911, 39.605667881747891 ], [ -77.922389475429938, 39.605667881747891 ], [ -77.92286447580608, 39.605146880885542 ], [ -77.923786476070987, 39.605288881437438 ], [ -77.926085476885447, 39.608176881908491 ], [ -77.927149477440565, 39.610376881817814 ], [ -77.927795477520945, 39.612495882760186 ], [ -77.928356478110828, 39.613637882892839 ], [ -77.930605478696577, 39.61583288253064 ], [ -77.932762479220827, 39.617616883792913 ], [ -77.933621479736559, 39.618143883725089 ], [ -77.936077480909844, 39.618993883464142 ], [ -77.938234481434094, 39.619202884196135 ], [ -77.94108748226742, 39.619042883506985 ], [ -77.942407482915584, 39.618609883212358 ], [ -77.943975483260871, 39.617637883541313 ], [ -77.944684483090441, 39.616671882291939 ], [ -77.944791484118866, 39.615573883047624 ], [ -77.944081483566094, 39.61456388216731 ], [ -77.942860482652122, 39.613773882081119 ], [ -77.939979481331392, 39.613526882975719 ], [ -77.938737481399329, 39.612895882178591 ], [ -77.936764480099797, 39.610766881503181 ], [ -77.935863479751276, 39.60937288218075 ], [ -77.935508480822364, 39.608483881233084 ], [ -77.93529547948873, 39.605365880815583 ], [ -77.936039479478382, 39.596754879389579 ], [ -77.936564479184938, 39.593439879135481 ], [ -77.937337479486914, 39.590162878432466 ], [ -77.938011479156387, 39.588646877022541 ], [ -77.938303479234435, 39.588752877744938 ], [ -77.939117479544308, 39.587006877681162 ], [ -77.941082480447946, 39.585414876822959 ], [ -77.942358480715157, 39.584860876727397 ], [ -77.944096480939749, 39.584481876791124 ], [ -77.946104481501081, 39.584799876817335 ], [ -77.948303481858119, 39.585738876940631 ], [ -77.949622483579688, 39.586879876985734 ], [ -77.949970482835923, 39.58730787661716 ], [ -77.951035483215961, 39.589535877175784 ], [ -77.951858483746662, 39.592125877558431 ], [ -77.952249484457226, 39.594452878125637 ], [ -77.952278484769536, 39.595682878524883 ], [ -77.952059484486412, 39.598108878859946 ], [ -77.950932485080415, 39.601099879791754 ], [ -77.950542485093081, 39.602592879574985 ], [ -77.95057148450708, 39.603843879860392 ], [ -77.951345484633976, 39.605742880517091 ], [ -77.952643485540833, 39.606763880154269 ], [ -77.955042485914404, 39.608085881357944 ], [ -77.95871848727846, 39.608869880314174 ], [ -77.960960487293193, 39.608885881090266 ], [ -77.963940489246468, 39.608297880591955 ], [ -77.967160490500902, 39.607116879471164 ], [ -77.96939549084297, 39.605891879796431 ], [ -77.970245490239535, 39.604459879805717 ], [ -77.972125490754351, 39.602756879381936 ], [ -77.973181491811872, 39.60132487823897 ], [ -77.974869491807738, 39.600346879173244 ], [ -77.977614491787733, 39.599615878534173 ], [ -77.982921494144577, 39.599525878683373 ], [ -77.985219494235793, 39.599310878335636 ], [ -77.98886649528751, 39.599895878475813 ], [ -77.991647497049144, 39.600053878076722 ], [ -77.993350498011935, 39.600376878088738 ], [ -77.996614498749025, 39.600435877786808 ], [ -77.997799498779656, 39.600785877719048 ], [ -77.999559499643865, 39.601009878408604 ], [ -78.00261450104189, 39.600561876997148 ], [ -78.006501501394794, 39.601391877690766 ], [ -78.00765750201144, 39.602171877798703 ], [ -78.01011150263659, 39.603051877613893 ], [ -78.011118503290305, 39.603907877898592 ], [ -78.013024504642715, 39.606411878429867 ], [ -78.015030504655911, 39.609919879110713 ], [ -78.016135505218898, 39.611270878598411 ], [ -78.016851505619499, 39.612587879585412 ], [ -78.017844506029505, 39.613641880043652 ], [ -78.019566506360562, 39.616090879716289 ], [ -78.020630507814005, 39.617166879942147 ], [ -78.022154507778339, 39.619828881330996 ], [ -78.02341650870018, 39.62137788091956 ], [ -78.023501508190691, 39.621706880972127 ], [ -78.024629509218215, 39.622563880884812 ], [ -78.025664509461038, 39.623847880826389 ], [ -78.026927510207784, 39.62468288170998 ], [ -78.028062510009704, 39.625951881978942 ], [ -78.030297511250083, 39.627900882085186 ], [ -78.031846512227077, 39.629628882487104 ], [ -78.034441512419249, 39.633035882712235 ], [ -78.036209513679381, 39.635872883107368 ], [ -78.036830513645398, 39.636349883207828 ], [ -78.037323513564914, 39.636990883124021 ], [ -78.038771513361269, 39.638027883542932 ], [ -78.040506514111129, 39.638829883709796 ], [ -78.044013516319083, 39.641152883894136 ], [ -78.046902517137426, 39.642563884532969 ], [ -78.048151516742166, 39.643512884106521 ], [ -78.049223518591532, 39.644478884873365 ], [ -78.0509475185724, 39.64648788463392 ], [ -78.051785518273405, 39.647558885086738 ], [ -78.052616519200043, 39.64902888483131 ], [ -78.054213519857626, 39.650993884946907 ], [ -78.056790520506425, 39.652788885473868 ], [ -78.059680521149701, 39.654276886192399 ], [ -78.061476521998927, 39.65587388581848 ], [ -78.062796523545387, 39.656669886195203 ], [ -78.06724952451107, 39.660692887140016 ], [ -78.067860524431353, 39.660911886949954 ], [ -78.070111525565238, 39.663024887538029 ], [ -78.07633952746373, 39.668183887838673 ], [ -78.080558529874295, 39.670509888725249 ], [ -78.083187530401645, 39.671535888166289 ], [ -78.083811530740718, 39.671327888431371 ], [ -78.085682531034706, 39.671188888774765 ], [ -78.087533531237185, 39.671414888054329 ], [ -78.088314531935083, 39.671205888116006 ], [ -78.089522532430266, 39.67145288803799 ], [ -78.090808532743225, 39.672362888646049 ], [ -78.094474534061533, 39.675523889548408 ], [ -78.096172534103133, 39.677520888876025 ], [ -78.097046534687479, 39.678223889078389 ], [ -78.10189953658454, 39.680581889495187 ], [ -78.10531653748248, 39.681689889351965 ], [ -78.108477538287403, 39.682319889312062 ], [ -78.111220539515898, 39.682658890016668 ], [ -78.115703541517107, 39.683891890334365 ], [ -78.124449543614858, 39.685917889887079 ], [ -78.127090544736092, 39.686227890127796 ], [ -78.129973545706648, 39.686794890350178 ], [ -78.131522545785359, 39.686795889963612 ], [ -78.133937547849087, 39.687597889131069 ], [ -78.135122547879732, 39.688427890315339 ], [ -78.138013549246196, 39.68931789003539 ], [ -78.138745548642007, 39.689340889978617 ], [ -78.139817548694737, 39.689823889781131 ], [ -78.141174549152808, 39.68975288988748 ], [ -78.143809550426255, 39.690527890110651 ], [ -78.145145550967939, 39.690407889650821 ], [ -78.147759551426688, 39.690622889664276 ], [ -78.152662552654149, 39.690503888929335 ], [ -78.154303553692685, 39.690630889584298 ], [ -78.155510553464609, 39.691020889574716 ], [ -78.156445554148306, 39.691602889908424 ], [ -78.16003555529862, 39.693096889708038 ], [ -78.162656556328372, 39.69392589024698 ], [ -78.164567556805324, 39.694068890563024 ], [ -78.168190558465909, 39.694958890138494 ], [ -78.169292558655869, 39.695035889937571 ], [ -78.171551559287352, 39.695650890590905 ], [ -78.173102559914199, 39.695482889776329 ], [ -78.175804561134811, 39.695985889439392 ], [ -78.176544560926516, 39.695986889611007 ], [ -78.18276056312942, 39.6951178898805 ], [ -78.18351656281466, 39.69448588879731 ], [ -78.188553563936424, 39.691255888336784 ], [ -78.191010564934643, 39.690307888532253 ], [ -78.192546565492876, 39.688708887158604 ], [ -78.195224566424031, 39.684883887106835 ], [ -78.195558566334867, 39.684169886635601 ], [ -78.195693566054075, 39.683291886351221 ], [ -78.196027565964926, 39.682676886899557 ], [ -78.199266567485978, 39.679718885652825 ], [ -78.201105567094586, 39.677582884959541 ], [ -78.20220656745964, 39.676863884884682 ], [ -78.204152568096674, 39.676188884371612 ], [ -78.205551568387548, 39.676045885048879 ], [ -78.207363569130308, 39.676061884808931 ], [ -78.208755569748476, 39.676291884493295 ], [ -78.209863569786222, 39.676203885023149 ], [ -78.212572570679527, 39.676344883797988 ], [ -78.216177571898442, 39.675789884235812 ], [ -78.219314573312218, 39.675674883999214 ], [ -78.221826573663719, 39.67598988413102 ], [ -78.227081575243673, 39.676254884171925 ], [ -78.228551575679674, 39.6759408836364 ], [ -78.230192576718196, 39.675210884088152 ], [ -78.23257057717538, 39.673590883617791 ], [ -78.233344577302276, 39.672053883381388 ], [ -78.233293577248645, 39.671229882867515 ], [ -78.233002576995517, 39.67066988238669 ], [ -78.23197157695067, 39.669495882786009 ], [ -78.228532575413126, 39.66666488245631 ], [ -78.226656574197932, 39.664815882257827 ], [ -78.225470574342381, 39.664448881497968 ], [ -78.22425557327621, 39.663521881224739 ], [ -78.223665574170639, 39.662747881467276 ], [ -78.22346657397901, 39.662088881562497 ], [ -78.223508573811813, 39.661194880920881 ], [ -78.223827572755724, 39.660546881348658 ], [ -78.225601573863628, 39.658394880814782 ], [ -78.22721357458984, 39.657092880230095 ], [ -78.229939575201584, 39.655763879715956 ], [ -78.232196575284931, 39.654999879567953 ], [ -78.237378577069975, 39.6523078786539 ], [ -78.23762857731522, 39.652395879511914 ], [ -78.238109577539163, 39.652159879127467 ], [ -78.238883577666058, 39.651467878595788 ], [ -78.239947578221177, 39.650061878464058 ], [ -78.243020578264236, 39.647952877220405 ], [ -78.24644757920791, 39.644948876658688 ], [ -78.248384579624144, 39.643558877136449 ], [ -78.254069581374424, 39.640191875460282 ], [ -78.255910581531168, 39.637552875604456 ], [ -78.258525582713133, 39.634282874466301 ], [ -78.259925582828956, 39.632685874239698 ], [ -78.261821583237264, 39.631144873757947 ], [ -78.262340583096048, 39.630502873205614 ], [ -78.262781584035309, 39.629558873750732 ], [ -78.263024582811255, 39.626753872706004 ], [ -78.26286558280259, 39.622486871572427 ], [ -78.263258583162965, 39.621802871922405 ], [ -78.263952583822231, 39.621142871423324 ], [ -78.264244583900293, 39.62018187146532 ], [ -78.264655583804014, 39.619709871446716 ], [ -78.266090584079919, 39.619062871157823 ], [ -78.266800584632719, 39.618964871065735 ], [ -78.267644584181497, 39.619255871229974 ], [ -78.271618586369669, 39.619822871609387 ], [ -78.272186585733934, 39.619850870610783 ], [ -78.272527586215787, 39.619702870818251 ], [ -78.275138586301466, 39.620197871702729 ], [ -78.278701587687607, 39.620297870507947 ], [ -78.282742588924634, 39.620657870546189 ], [ -78.286032589600964, 39.621199870985031 ], [ -78.287906590267994, 39.621710870737466 ], [ -78.288048590558219, 39.621793871089878 ], [ -78.287977591311417, 39.622073870610656 ], [ -78.289460592166193, 39.622622870672863 ], [ -78.289822591666137, 39.622913870679007 ], [ -78.290326591456292, 39.623017871164322 ], [ -78.29078759248705, 39.622913870679007 ], [ -78.292214592367031, 39.623402871015109 ], [ -78.293377592656356, 39.624215871392614 ], [ -78.296755594094577, 39.625335871222084 ], [ -78.297678594184362, 39.625999871067044 ], [ -78.30310859656484, 39.627690871174572 ], [ -78.305571597410832, 39.628607871374058 ], [ -78.306962597305784, 39.629354871923894 ], [ -78.310859598602775, 39.63061687139156 ], [ -78.311796598936269, 39.630715871320604 ], [ -78.312676599368388, 39.631061872168267 ], [ -78.315644599829469, 39.631286871487006 ], [ -78.319697601660351, 39.632735871901637 ], [ -78.321202602256449, 39.633514872012704 ], [ -78.322771603324938, 39.633618871784719 ], [ -78.329842604947316, 39.635368872143651 ], [ -78.334280605844356, 39.636948872537289 ], [ -78.334791606205513, 39.636992872031755 ], [ -78.334933606495738, 39.637256872561316 ], [ -78.33523960681751, 39.63736687213872 ], [ -78.336190606496402, 39.637371872398305 ], [ -78.337681607747115, 39.637733872110822 ], [ -78.341359607862657, 39.638160871898883 ], [ -78.342395608828681, 39.638522872324394 ], [ -78.344199610073815, 39.638571871682181 ], [ -78.345164609996417, 39.638752871748004 ], [ -78.351704612064481, 39.640506872018946 ], [ -78.355325613176916, 39.640670872624028 ], [ -78.356859614085309, 39.640422871693389 ], [ -78.35801561380363, 39.63979087163839 ], [ -78.358994613969926, 39.638538871087917 ], [ -78.35925661480907, 39.637215871460327 ], [ -78.358609614005474, 39.63555887133279 ], [ -78.356926613134164, 39.634675870615958 ], [ -78.356372613115283, 39.63454387108618 ], [ -78.353786612245628, 39.631410870454452 ], [ -78.353459612007484, 39.630576869549053 ], [ -78.35332361156506, 39.629418869902828 ], [ -78.353571611262183, 39.628199869121431 ], [ -78.353968611820505, 39.627946869583717 ], [ -78.354826612511317, 39.626557868564625 ], [ -78.355508612576685, 39.62611886944277 ], [ -78.358698612795635, 39.625307869596391 ], [ -78.360512613188192, 39.62544186906964 ], [ -78.36239361442621, 39.625928869235054 ], [ -78.364949615158636, 39.626976869163521 ], [ -78.36735761575305, 39.628638869569642 ], [ -78.369125617013196, 39.62955987004112 ], [ -78.370475616900251, 39.629937869185383 ], [ -78.373783618018265, 39.630380868627164 ], [ -78.375484619331246, 39.630266868668613 ], [ -78.380625620210097, 39.629226868869793 ], [ -78.381378620420591, 39.6288318685353 ], [ -78.382365620982824, 39.627800868666483 ], [ -78.382706620566353, 39.62712586771471 ], [ -78.383042621025339, 39.625099867741667 ], [ -78.383619620610418, 39.623952867975994 ], [ -78.383357620669599, 39.622920867523014 ], [ -78.380741619662743, 39.619691867160157 ], [ -78.377670618371184, 39.61681886648811 ], [ -78.375811617772769, 39.615637866091902 ], [ -78.374736617346983, 39.614758865646955 ], [ -78.373763617028459, 39.613610865441657 ], [ -78.372356616341676, 39.612359866528351 ], [ -78.372044616172133, 39.611876865708268 ], [ -78.372072616659537, 39.611387865597415 ], [ -78.372440616905578, 39.610476865053222 ], [ -78.373241616796648, 39.609411865788815 ], [ -78.374362617253183, 39.608740864925046 ], [ -78.375613617406046, 39.608314864946969 ], [ -78.378544618955516, 39.607970865371776 ], [ -78.383943620475506, 39.608988864543406 ], [ -78.388569621693563, 39.611000864619442 ], [ -78.39145662286208, 39.612483864811196 ], [ -78.392946623389562, 39.613675865504199 ], [ -78.394911623394862, 39.615630865743526 ], [ -78.396457623998828, 39.616443865386806 ], [ -78.397068624817422, 39.616531866209669 ], [ -78.396614624357667, 39.616103865843058 ], [ -78.396940623872609, 39.616070865603078 ], [ -78.397721624570508, 39.616570865854399 ], [ -78.403462626397271, 39.61823586543241 ], [ -78.409359628757969, 39.620372866576254 ], [ -78.410452628727086, 39.620466865842339 ], [ -78.412098629788503, 39.620905865531292 ], [ -78.415391630837902, 39.622350865977303 ], [ -78.420509633048809, 39.624080865564792 ], [ -78.422780632477568, 39.624498866117769 ], [ -78.424782634089439, 39.624548865544739 ], [ -78.429261634994376, 39.62374186600664 ], [ -78.430141635426466, 39.623423865548332 ], [ -78.432434635494857, 39.621837865000444 ], [ -78.433301636406483, 39.620706864567246 ], [ -78.433698636066524, 39.619773864507145 ], [ -78.433549636103606, 39.61821486448153 ], [ -78.432137636292254, 39.615370864165904 ], [ -78.430441634103829, 39.613383864041801 ], [ -78.426673633576584, 39.609469863285923 ], [ -78.425488632647628, 39.607679862751077 ], [ -78.423104632342671, 39.605785863081188 ], [ -78.422892632630564, 39.605214862898805 ], [ -78.421778631846735, 39.604214862236923 ], [ -78.419508630446245, 39.602704862553182 ], [ -78.418380630317031, 39.602243861925714 ], [ -78.411619628316075, 39.597449861014603 ], [ -78.407724626668923, 39.595664861759644 ], [ -78.402397625118923, 39.593675861113354 ], [ -78.398886623611332, 39.591599860553764 ], [ -78.397042623081518, 39.59023286055973 ], [ -78.396205622307122, 39.589287860505443 ], [ -78.394994622337208, 39.587025860370623 ], [ -78.394803621643177, 39.585916859668281 ], [ -78.394846622199211, 39.585159859280225 ], [ -78.395286621516959, 39.584116859698504 ], [ -78.395904622008246, 39.583293859172812 ], [ -78.396401622125708, 39.5830518586897 ], [ -78.397437623091733, 39.581932859245995 ], [ -78.39971562309151, 39.580709858164028 ], [ -78.40102162349595, 39.580314858616347 ], [ -78.402114623465067, 39.579639857833442 ], [ -78.403717624868762, 39.579167858389987 ], [ -78.404937624161192, 39.579058858184901 ], [ -78.405739624775478, 39.578690858157202 ], [ -78.407385625836881, 39.578614857998332 ], [ -78.410924626035253, 39.578994857266856 ], [ -78.413620627408065, 39.579494857976805 ], [ -78.418301628877671, 39.580939857941537 ], [ -78.419982630099199, 39.581784857328756 ], [ -78.423139630706146, 39.584612857861529 ], [ -78.426090632347069, 39.586144858718882 ], [ -78.430268632953144, 39.587544859070128 ], [ -78.436199634750707, 39.588911858794546 ], [ -78.438420635747377, 39.589839858480993 ], [ -78.44350063742516, 39.591338858425978 ], [ -78.445458637757781, 39.591453859116008 ], [ -78.450410640287359, 39.590558858158133 ], [ -78.453078640274455, 39.589696858464357 ], [ -78.456774640831654, 39.587615857350741 ], [ -78.457370641581647, 39.586923857776156 ], [ -78.458114641571314, 39.584057857178088 ], [ -78.458277641777926, 39.581565856919887 ], [ -78.458042640702971, 39.579715855483606 ], [ -78.457418641262223, 39.578458856172226 ], [ -78.456091640043056, 39.576899855806722 ], [ -78.454281639848446, 39.574089855123226 ], [ -78.452735639244466, 39.573161854322208 ], [ -78.452309639272102, 39.572569855009505 ], [ -78.44937963754758, 39.570285854672868 ], [ -78.446336636743425, 39.568633854376458 ], [ -78.444563636358737, 39.567964854476863 ], [ -78.441123634996259, 39.566092854180731 ], [ -78.438419634125822, 39.563770853509681 ], [ -78.437399633951628, 39.563144853801624 ], [ -78.429336630845867, 39.560465853492239 ], [ -78.427591630948569, 39.559394852968587 ], [ -78.426322630354051, 39.559229853640907 ], [ -78.424407629679123, 39.557522852646557 ], [ -78.42159362830553, 39.554425852076093 ], [ -78.420537627248024, 39.553042851861811 ], [ -78.419211626752087, 39.551839852412705 ], [ -78.418559627722217, 39.550851851172332 ], [ -78.417297625902094, 39.549610851426365 ], [ -78.417021626615863, 39.548567851731313 ], [ -78.417588627053533, 39.547162851230276 ], [ -78.418503626747423, 39.546240851142606 ], [ -78.41948262691372, 39.545609850507581 ], [ -78.421694627689547, 39.544983850374095 ], [ -78.424531628629381, 39.545187850685998 ], [ -78.42559462935958, 39.545538850766391 ], [ -78.426239629615054, 39.545967850993577 ], [ -78.428501629721282, 39.548388851153014 ], [ -78.430152630805551, 39.551242850905766 ], [ -78.431514631286504, 39.552291852290971 ], [ -78.435719632555049, 39.55359285213153 ], [ -78.436414633039249, 39.553669851474993 ], [ -78.437719632720473, 39.553373851318753 ], [ -78.438286633158128, 39.552950851453943 ], [ -78.439101633292907, 39.551775851303134 ], [ -78.439116634259832, 39.550798850595996 ], [ -78.438399633136029, 39.549459851211196 ], [ -78.437038632479982, 39.54875085066486 ], [ -78.436556632431135, 39.548256851282162 ], [ -78.435010631827168, 39.544732850094462 ], [ -78.43468463141393, 39.543272849526062 ], [ -78.434627631512527, 39.542196849365446 ], [ -78.434819632031463, 39.541087849211422 ], [ -78.435216631691503, 39.540177849473977 ], [ -78.436655632165341, 39.538765848334528 ], [ -78.437860632287467, 39.53852384899735 ], [ -78.439087633049198, 39.538749848684944 ], [ -78.440065633390603, 39.539265848861305 ], [ -78.441384633315536, 39.54072584921024 ], [ -78.442455633543361, 39.541537849202207 ], [ -78.443632634076394, 39.543080849329563 ], [ -78.444759634380688, 39.544979849954487 ], [ -78.446086635599855, 39.546494850200062 ], [ -78.448114636252683, 39.548465850730857 ], [ -78.450362637013512, 39.549837849851606 ], [ -78.452319637521228, 39.550567850368815 ], [ -78.457985639004931, 39.551439850223638 ], [ -78.45960263975401, 39.551356850751539 ], [ -78.461119640045652, 39.550840850428727 ], [ -78.461601640992839, 39.550236849992046 ], [ -78.46194864042414, 39.548957850262056 ], [ -78.461820640377624, 39.548046849584615 ], [ -78.461508640208109, 39.547343849225157 ], [ -78.460536639714476, 39.546196849389652 ], [ -78.459018639597915, 39.545318849194857 ], [ -78.4559486390296, 39.544412849276988 ], [ -78.451311637042608, 39.54385984947308 ], [ -78.449921636972547, 39.54339284903272 ], [ -78.449077636525473, 39.542810849453502 ], [ -78.448567635989207, 39.542097848964531 ], [ -78.448410635630353, 39.541087848518686 ], [ -78.448524635433188, 39.540373848688368 ], [ -78.44922563576516, 39.538688848385 ], [ -78.450190636586086, 39.538018848854101 ], [ -78.451154635785457, 39.537908848013181 ], [ -78.456686638273155, 39.538373847891066 ], [ -78.458006638921319, 39.538356847777614 ], [ -78.459435639349437, 39.538055848297915 ], [ -78.46059763891553, 39.537605847900338 ], [ -78.462369639475313, 39.536369847436085 ], [ -78.463035639647174, 39.53538184762494 ], [ -78.462971639174768, 39.533405846693576 ], [ -78.462488639301, 39.532109846889576 ], [ -78.461318639338984, 39.530704846453425 ], [ -78.460828638894213, 39.529332845990361 ], [ -78.460729638261697, 39.528585845468228 ], [ -78.460806638254581, 39.525368844936835 ], [ -78.461174639398934, 39.523919845352587 ], [ -78.462045638711885, 39.521734844949385 ], [ -78.46272563912747, 39.520784844331693 ], [ -78.463278639321416, 39.520224843795731 ], [ -78.464128639616291, 39.519873843906161 ], [ -78.464806639483726, 39.518812843599186 ], [ -78.467252640611278, 39.517228843822629 ], [ -78.468925640538558, 39.51649084264799 ], [ -78.470782641487148, 39.516067842513216 ], [ -78.472993642438055, 39.515923843501568 ], [ -78.474014642437169, 39.516049842479873 ], [ -78.47568764236442, 39.516400842982449 ], [ -78.477736642933635, 39.517173842546242 ], [ -78.480770644415273, 39.518984843815673 ], [ -78.482479645225837, 39.519428843227672 ], [ -78.483896645060071, 39.519559843228301 ], [ -78.485427645595422, 39.519520843031771 ], [ -78.486944645887078, 39.519102843121644 ], [ -78.488658646720538, 39.517921842452409 ], [ -78.490005647132875, 39.51765784299765 ], [ -78.491635648300758, 39.51830984277008 ], [ -78.493690647819435, 39.518189842174621 ], [ -78.499921650989293, 39.51905984283399 ], [ -78.501679651305395, 39.518665842069346 ], [ -78.503281651087519, 39.518589842660191 ], [ -78.503919651670287, 39.518913841787644 ], [ -78.505336652402846, 39.519166841792199 ], [ -78.507667653004347, 39.520397842533939 ], [ -78.515030655603084, 39.523151842755205 ], [ -78.521090657272097, 39.524663842389664 ], [ -78.523088658685992, 39.524861842890161 ], [ -78.524301659204028, 39.524647842261537 ], [ -78.527335659787326, 39.524808842559608 ], [ -78.528270659572726, 39.524709842304318 ], [ -78.528994660369207, 39.524391842482345 ], [ -78.529504660007149, 39.523941842207172 ], [ -78.529717660442472, 39.523611842230878 ], [ -78.529660660541055, 39.523282841970229 ], [ -78.530072660269724, 39.523019842698609 ], [ -78.531348660536949, 39.522953842229732 ], [ -78.534197661172328, 39.523234842006175 ], [ -78.536366662290447, 39.523223841735472 ], [ -78.537571662412574, 39.523015841706084 ], [ -78.542498663031168, 39.521545841076225 ], [ -78.545929665071142, 39.521419841673143 ], [ -78.546922665481134, 39.520848840759498 ], [ -78.548056665458148, 39.520749841095643 ], [ -78.550827666275723, 39.520871841291175 ], [ -78.552443666301585, 39.521442841322767 ], [ -78.554130667370856, 39.52168984090612 ], [ -78.555647667662512, 39.52143684108345 ], [ -78.558376668647284, 39.521360841241609 ], [ -78.561127669373377, 39.520822840420486 ], [ -78.562091670369384, 39.520393840004424 ], [ -78.564345670079703, 39.519806839806755 ], [ -78.565138671371486, 39.51937883999895 ], [ -78.566117670639485, 39.519378839998964 ], [ -78.568208671939814, 39.520047839998284 ], [ -78.572652672684626, 39.522408840517116 ], [ -78.575304673676541, 39.524323840780013 ], [ -78.576141674450923, 39.525213840307345 ], [ -78.578601674923888, 39.526738840883219 ], [ -78.580118675215516, 39.52723284168767 ], [ -78.582741676793404, 39.527649840641175 ], [ -78.586789677703123, 39.527983840843099 ], [ -78.587608678035863, 39.527728840724016 ], [ -78.588447678460085, 39.528630840885398 ], [ -78.591632679554451, 39.531002841034024 ], [ -78.592200679817012, 39.531704840863391 ], [ -78.592087680737436, 39.532484841663795 ], [ -78.590159679643719, 39.535218841906655 ], [ -78.590004678934733, 39.53582284212294 ], [ -78.590146679224929, 39.536239842831307 ], [ -78.590500680125572, 39.536558842137318 ], [ -78.591635679927492, 39.536898842724298 ], [ -78.59326468037213, 39.536858842171142 ], [ -78.596420681154186, 39.535892842388527 ], [ -78.598376681836982, 39.534947841506771 ], [ -78.601650682619791, 39.532388841260087 ], [ -78.602572682884698, 39.532036840722604 ], [ -78.603423683004479, 39.532014840889552 ], [ -78.60530268369439, 39.532842841262578 ], [ -78.605941684102064, 39.534258841296719 ], [ -78.606877684610666, 39.535213841198164 ], [ -78.607714684486751, 39.535421842101123 ], [ -78.609997685407691, 39.53549784179598 ], [ -78.61166468638551, 39.536133841486453 ], [ -78.613309686723696, 39.537165841565496 ], [ -78.615182687565792, 39.537845841362838 ], [ -78.619912689439218, 39.539243842313162 ], [ -78.623103690381342, 39.539702841514355 ], [ -78.624209689870952, 39.539680841339646 ], [ -78.624973690850425, 39.53947884218077 ], [ -78.627071691823431, 39.539644841731551 ], [ -78.628653692412414, 39.539397841588134 ], [ -78.628781691560619, 39.539254841431493 ], [ -78.628632691597701, 39.538310841662877 ], [ -78.628732692055124, 39.537894841305878 ], [ -78.629385691808224, 39.537433841844901 ], [ -78.630300692400397, 39.537137841011322 ], [ -78.631845692281161, 39.537055840758377 ], [ -78.632951692669067, 39.537182840585096 ], [ -78.638965695205627, 39.536290840557996 ], [ -78.644020696769061, 39.536171840261744 ], [ -78.651245698377224, 39.535196839617903 ], [ -78.651768698433926, 39.534997839067842 ], [ -78.652305698734381, 39.535009839973661 ], [ -78.653488699115186, 39.534578839741975 ], [ -78.654699699983411, 39.53461283973693 ], [ -78.657754700483096, 39.535243839901277 ], [ -78.663825702921073, 39.536859839795127 ], [ -78.664395702833488, 39.537155839735846 ], [ -78.666509702801704, 39.53891883999124 ], [ -78.667278703804044, 39.539798840116745 ], [ -78.667911704363931, 39.540208840143869 ], [ -78.669513704146084, 39.54048784006666 ], [ -78.67207070560174, 39.5405968399429 ], [ -78.675583706759141, 39.54021484014654 ], [ -78.67896670822023, 39.542543840461107 ], [ -78.681192709239767, 39.543820840064569 ], [ -78.683207708575466, 39.544046839822244 ], [ -78.689805711268122, 39.545963840240127 ], [ -78.690532711539376, 39.546775841288948 ], [ -78.691686711607872, 39.549055841349819 ], [ -78.691898712218276, 39.550853841169392 ], [ -78.691709712072395, 39.551056841349812 ], [ -78.692037712135459, 39.551248841642696 ], [ -78.692061712424902, 39.551512842216773 ], [ -78.692574712435899, 39.552003841436665 ], [ -78.695026713411224, 39.553842841682595 ], [ -78.696232713358256, 39.554167841297293 ], [ -78.698662714592302, 39.554268841389572 ], [ -78.703238715581605, 39.555574841489879 ], [ -78.704811715949774, 39.555672841932299 ], [ -78.706338717185474, 39.555546842129615 ], [ -78.707462717116726, 39.555846841811174 ], [ -78.709119718048797, 39.557275842030293 ], [ -78.709527718477787, 39.558157842254225 ], [ -78.711646719367209, 39.559632842278816 ], [ -78.712923719459354, 39.562096842739088 ], [ -78.714580719493085, 39.562824843026377 ], [ -78.716847720520491, 39.563215843143581 ], [ -78.720241721852233, 39.56354184317491 ], [ -78.723195722967901, 39.563438842710319 ], [ -78.723895723474968, 39.563557842648393 ], [ -78.724591722885748, 39.563926842682832 ], [ -78.725075723482732, 39.564822842705539 ], [ -78.725664723661708, 39.566666843636668 ], [ -78.727104723960451, 39.569140844156728 ], [ -78.729043724924807, 39.571717844435213 ], [ -78.730799725591083, 39.573184843752053 ], [ -78.731596726182488, 39.574617844805289 ], [ -78.731855726648575, 39.57562084434376 ], [ -78.731766726061807, 39.57607184451544 ], [ -78.732471726591726, 39.581695845830239 ], [ -78.733162727776261, 39.586215846664885 ], [ -78.733392727930024, 39.586465846691709 ], [ -78.734511727838424, 39.586691847352014 ], [ -78.735756728143514, 39.586654846847111 ], [ -78.736097727727042, 39.586543846598545 ], [ -78.73620172838244, 39.586230846068887 ], [ -78.736490728087446, 39.586646846660507 ], [ -78.737009727946216, 39.586954846947258 ], [ -78.739157729147934, 39.586841846445843 ], [ -78.740243730342669, 39.586413846705071 ], [ -78.740819730102857, 39.585820845961067 ], [ -78.742727730206767, 39.583028846223634 ], [ -78.742997729645197, 39.582262845701081 ], [ -78.743100730475675, 39.581004845052192 ], [ -78.743961730641189, 39.580352845657842 ], [ -78.746334731075507, 39.579785845392699 ], [ -78.747661731396377, 39.579999844944858 ], [ -78.751055732728091, 39.581812845403171 ], [ -78.75281673341722, 39.581703844511395 ], [ -78.754082733638711, 39.581078845152341 ], [ -78.755630734790827, 39.580669844096995 ], [ -78.756988734175494, 39.580856844614928 ], [ -78.760769736019839, 39.582709845259679 ], [ -78.764392736782114, 39.585170845580251 ], [ -78.767063738040562, 39.587518845640751 ], [ -78.767614738584697, 39.588238845520841 ], [ -78.768121738747908, 39.589323846120301 ], [ -78.768471738552279, 39.591740847051419 ], [ -78.770312739607348, 39.595008847019393 ], [ -78.772667740498306, 39.596766847461758 ], [ -78.774302740790731, 39.597350847416507 ], [ -78.774862740657383, 39.598328847950022 ], [ -78.776571742366301, 39.599731847667954 ], [ -78.778148742034091, 39.601458848007368 ], [ -78.778250743039663, 39.60190684846156 ], [ -78.777086742027095, 39.60390284822774 ], [ -78.776090741244033, 39.604515848698263 ], [ -78.77351474042014, 39.605494849201101 ], [ -78.770784739610448, 39.606226849470062 ], [ -78.770116740687072, 39.606653849225566 ], [ -78.768788739643, 39.608102849847057 ], [ -78.767765739095765, 39.608799849884434 ], [ -78.763492738055149, 39.609835850643215 ], [ -78.760766737443404, 39.61009285077099 ], [ -78.757266736704779, 39.610076850965939 ], [ -78.755171736104828, 39.610377850701973 ], [ -78.752249734776186, 39.610233851531873 ], [ -78.751219734556258, 39.609968850973864 ], [ -78.750013734609226, 39.60915385063133 ], [ -78.748946733681066, 39.605981850611286 ], [ -78.748765733931094, 39.605829849863802 ], [ -78.747435733237197, 39.605582850100227 ], [ -78.746835733187595, 39.605668850697938 ], [ -78.7447697320016, 39.607580851320598 ], [ -78.742582732238446, 39.609252851507534 ], [ -78.741694731410405, 39.609535850665935 ], [ -78.739281730793124, 39.609614850933674 ], [ -78.738581731184397, 39.609867851053082 ], [ -78.733576728951391, 39.613782852815504 ], [ -78.733181729839458, 39.614388851846037 ], [ -78.73318972933707, 39.615302852679676 ], [ -78.733917729433216, 39.618277852783663 ], [ -78.734372730616201, 39.619310853175072 ], [ -78.735108730209944, 39.619870853184551 ], [ -78.736798730753947, 39.622194853308009 ], [ -78.741199732739403, 39.624485854581302 ], [ -78.745418733353347, 39.626250853912438 ], [ -78.747207733631555, 39.626794853715971 ], [ -78.748030734162256, 39.626787854496044 ], [ -78.748896735248977, 39.626567854040658 ], [ -78.752812735914205, 39.624696853590159 ], [ -78.758035736808807, 39.621946853254606 ], [ -78.758779737696784, 39.621069853099762 ], [ -78.759717737855212, 39.620353852891974 ], [ -78.760938737870859, 39.619792852056015 ], [ -78.761945738524574, 39.619587852680951 ], [ -78.763439738351693, 39.618834851749632 ], [ -78.764103738873743, 39.618851852202887 ], [ -78.765893739875182, 39.61969985176669 ], [ -78.766710739659771, 39.61984985203771 ], [ -78.769115740779455, 39.619422852017152 ], [ -78.77010774046623, 39.619758851607614 ], [ -78.770307741381103, 39.620044851765584 ], [ -78.770424741556951, 39.620801852876589 ], [ -78.770684741847973, 39.620933852331341 ], [ -78.773350742185229, 39.621353852255311 ], [ -78.773714742233295, 39.621621852416752 ], [ -78.774529742368088, 39.621858851705099 ], [ -78.775296742822277, 39.621951852553032 ], [ -78.776673742473548, 39.621666851836018 ], [ -78.777624743949076, 39.622007852281541 ], [ -78.778277743702148, 39.62271085256846 ], [ -78.778525744297582, 39.623298853118179 ], [ -78.778525744297582, 39.623934852338586 ], [ -78.7781607435263, 39.625351852278222 ], [ -78.776475743903461, 39.628730853241329 ], [ -78.776154743513089, 39.62998085402355 ], [ -78.774590743365778, 39.632475854331027 ], [ -78.772637742157741, 39.636892855845396 ], [ -78.771143742330594, 39.638392855859514 ], [ -78.768494741711748, 39.639322855774225 ], [ -78.765296741096918, 39.643665856985649 ], [ -78.764755741496828, 39.644714856831776 ], [ -78.764660740163976, 39.6458998577465 ], [ -78.76482774146686, 39.646793857701311 ], [ -78.765784741891864, 39.648362857374686 ], [ -78.765983742083506, 39.64845085772096 ], [ -78.766776741578653, 39.648290857573969 ], [ -78.767456741994209, 39.647631857470707 ], [ -78.768927743153426, 39.648221858213383 ], [ -78.769458741809444, 39.647967857718349 ], [ -78.768788742337961, 39.648684857986829 ], [ -78.769825743128891, 39.6480188576502 ], [ -78.77531974418514, 39.648562857119366 ], [ -78.774288744140293, 39.649107857308849 ], [ -78.773806743193134, 39.649069857487014 ], [ -78.773552744546549, 39.650604857571075 ], [ -78.777105744988631, 39.651283858170295 ], [ -78.779267745535748, 39.651389857757756 ], [ -78.780025746667434, 39.651310857454241 ], [ -78.781076746803762, 39.650949857702507 ], [ -78.782952747120603, 39.649667856848481 ], [ -78.784028747371309, 39.649200856802892 ], [ -78.784545747580268, 39.650044857321141 ], [ -78.784525747488757, 39.651076857776467 ], [ -78.782608747164048, 39.652635858081233 ], [ -78.780865746916575, 39.65374285790768 ], [ -78.774759745216812, 39.652989857993191 ], [ -78.7745967450102, 39.654056858354828 ], [ -78.769792742618606, 39.653586858626561 ], [ -78.76961874254134, 39.65457585881245 ], [ -78.770331743467182, 39.655515859606304 ], [ -78.770149742993993, 39.656044858686016 ], [ -78.774561744850089, 39.658562859137163 ], [ -78.776844745771029, 39.659605859755978 ], [ -78.780211746440258, 39.661706859757089 ], [ -78.780630747638241, 39.662744860145061 ], [ -78.780703747433179, 39.664424860879748 ], [ -78.780953747678439, 39.665765860519848 ], [ -78.782355747444029, 39.66748486109045 ], [ -78.784226748636328, 39.668651861157812 ], [ -78.788579750042885, 39.669788861635418 ], [ -78.789965750813295, 39.670387861381286 ], [ -78.790335750709133, 39.670766861932762 ], [ -78.790972750568685, 39.670523861028386 ], [ -78.792122751337544, 39.671343861626248 ], [ -78.79355975216157, 39.673371861762931 ], [ -78.793891752422581, 39.674811861708889 ], [ -78.793576751879996, 39.676572862275236 ], [ -78.792619752353318, 39.678195863235608 ], [ -78.792404752268155, 39.678179862587129 ], [ -78.79229575158989, 39.678742862909807 ], [ -78.790846751968616, 39.680948862629407 ], [ -78.785913750603925, 39.688159864926526 ], [ -78.785611750480143, 39.689266865278249 ], [ -78.785840749910705, 39.689967865672799 ], [ -78.786741750259168, 39.690823865513863 ], [ -78.787421750674753, 39.691092864904206 ], [ -78.788591750636783, 39.691181865689806 ], [ -78.789880751322784, 39.690689865549814 ], [ -78.791325751644422, 39.689221864913222 ], [ -78.793802752734123, 39.68758986466451 ], [ -78.801227754358806, 39.681233863105781 ], [ -78.80392075535859, 39.678222862376998 ], [ -78.80521075586951, 39.677737862134087 ], [ -78.806446755953772, 39.677741862494983 ], [ -78.807041755980521, 39.677846861860999 ], [ -78.80804775680933, 39.678453861513454 ], [ -78.808701756387308, 39.6793578621362 ], [ -78.808833756631785, 39.679799861900925 ], [ -78.808228756559288, 39.682379863066828 ], [ -78.808191756749366, 39.683330862872715 ], [ -78.808355757679209, 39.685489863990362 ], [ -78.808789758047482, 39.686429863181658 ], [ -78.809525757641239, 39.687047863984922 ], [ -78.812286758413066, 39.687744863624957 ], [ -78.813574758375864, 39.688506864086669 ], [ -78.813837759039913, 39.688842864008024 ], [ -78.815446759393069, 39.693042864336491 ], [ -78.816656760436373, 39.694395865119311 ], [ -78.819050760787079, 39.695592865818028 ], [ -78.820768760920174, 39.69577386518062 ], [ -78.823158762869568, 39.695465864614789 ], [ -78.825627762665036, 39.695526865145673 ], [ -78.826700763440982, 39.693137863885376 ], [ -78.830133764232457, 39.687503862896904 ], [ -78.832742764668325, 39.682959861549229 ], [ -78.833597764986081, 39.681163861678613 ], [ -78.837976765433581, 39.675105859972547 ], [ -78.839868766542267, 39.671637859438121 ], [ -78.841516766355184, 39.669345858790876 ], [ -78.842493765973344, 39.667468858652349 ], [ -78.844553767311538, 39.666255858628958 ], [ -78.845102767307537, 39.665717857532044 ], [ -78.847604767613277, 39.664122857735983 ], [ -78.848047768202377, 39.663695857837105 ], [ -78.848672768366356, 39.66181185721728 ], [ -78.849557767923017, 39.660636857179142 ], [ -78.850412768240773, 39.659713856275175 ], [ -78.853113769636465, 39.657485856721642 ], [ -78.853967769230991, 39.655997855920759 ], [ -78.854564768907551, 39.653237855351215 ], [ -78.855008770219882, 39.65210985469993 ], [ -78.86154377136674, 39.642518853049765 ], [ -78.862590771305094, 39.642497852551308 ], [ -78.863456771493503, 39.642947852844657 ], [ -78.864820771624295, 39.642891852770923 ], [ -78.865687772535921, 39.643226852980924 ], [ -78.866950772384357, 39.642841852765613 ], [ -78.867910773182402, 39.643456852670745 ], [ -78.869217773411776, 39.643537853435028 ], [ -78.870381773526006, 39.643405853524335 ], [ -78.873961775528883, 39.644122852679004 ], [ -78.874628775525665, 39.643749852680472 ], [ -78.875832775822872, 39.643516852554278 ], [ -78.876216775064108, 39.643148852587558 ], [ -78.87733877624386, 39.643017852181337 ], [ -78.877197775778541, 39.642662852837468 ], [ -78.876107775284169, 39.642839852958268 ], [ -78.876096775413501, 39.642558852137 ], [ -78.876602774853509, 39.642329852484302 ], [ -78.876970775099537, 39.641391852103339 ], [ -78.87669477581332, 39.640793851724077 ], [ -78.876759775212335, 39.638986851566386 ], [ -78.876923775243853, 39.638311851836093 ], [ -78.875788774543622, 39.63761385188031 ], [ -78.874565774878164, 39.636551851274476 ], [ -78.872860774265519, 39.636079850844411 ], [ -78.868094772407105, 39.633617850646999 ], [ -78.868540772470922, 39.632958850462657 ], [ -78.868668772517452, 39.632156850022035 ], [ -78.868282771829769, 39.629307849630656 ], [ -78.868540772470922, 39.628816850682085 ], [ -78.868681772936242, 39.627374850372696 ], [ -78.870441772003829, 39.625283849215826 ], [ -78.870297772962104, 39.624838849330956 ], [ -78.870919772753027, 39.623592849097768 ], [ -78.871947772424818, 39.621600849033435 ], [ -78.87283777290267, 39.620303848358112 ], [ -78.873035772371082, 39.619669848075283 ], [ -78.873773772512962, 39.618674848133772 ], [ -78.873664772733022, 39.618295847750339 ], [ -78.874161773748796, 39.616784847970827 ], [ -78.875631773286457, 39.614899846524338 ], [ -78.877430773610428, 39.611503846159714 ], [ -78.876191773153124, 39.61112784669907 ], [ -78.874743773356769, 39.610181845856168 ], [ -78.872896771555602, 39.60823684595163 ], [ -78.869922771246735, 39.607562845263352 ], [ -78.868247770771347, 39.607618846252272 ], [ -78.867692770029251, 39.607069846220028 ], [ -78.867557770310029, 39.606608845582727 ], [ -78.867074770436275, 39.606323845363399 ], [ -78.866875770244633, 39.605422844921677 ], [ -78.865753769963206, 39.605220845512086 ], [ -78.865249770173037, 39.604912844764257 ], [ -78.864071768916801, 39.604616846044394 ], [ -78.864042768604477, 39.604320845367162 ], [ -78.864340769428637, 39.60380484536077 ], [ -78.864020769761481, 39.603244845499333 ], [ -78.864204768986184, 39.602739845214067 ], [ -78.863381768455497, 39.60236684496067 ], [ -78.863224768096643, 39.601959845273839 ], [ -78.863487768760692, 39.601454845308204 ], [ -78.864111769099779, 39.601234844617089 ], [ -78.864182769244891, 39.600751845093868 ], [ -78.863855769006733, 39.600213844440781 ], [ -78.863138768781226, 39.5996218450192 ], [ -78.861462768480919, 39.598913844617798 ], [ -78.860767767996748, 39.598792844072392 ], [ -78.859149767422764, 39.599068844504195 ], [ -78.855053765934159, 39.597795844054026 ], [ -78.852427764881526, 39.597988843889212 ], [ -78.851178764378474, 39.597560844482715 ], [ -78.850411763924285, 39.597692844646382 ], [ -78.848736763448883, 39.597654844960665 ], [ -78.848296764131149, 39.597709844754078 ], [ -78.847530763501851, 39.598160845150517 ], [ -78.846154763675514, 39.599494844606838 ], [ -78.845579762841936, 39.600494845595307 ], [ -78.845423763206327, 39.600538845428986 ], [ -78.843421762492767, 39.599852845188558 ], [ -78.842676762678195, 39.599006845144977 ], [ -78.842250761807534, 39.59875484499014 ], [ -78.84094476230139, 39.598935845386393 ], [ -78.840021761313267, 39.598442845143218 ], [ -78.839468761119292, 39.598683845665434 ], [ -78.838932760643786, 39.598351845644089 ], [ -78.838910760902465, 39.59854984561067 ], [ -78.836757760576177, 39.598342845223137 ], [ -78.835482760133871, 39.597644844930649 ], [ -78.835144760025059, 39.59770584529916 ], [ -78.83453175955664, 39.596519845137578 ], [ -78.834522759335826, 39.595794844987687 ], [ -78.83254475981002, 39.599112845935998 ], [ -78.82854675912904, 39.612777848601105 ], [ -78.823373758463134, 39.624694851182532 ], [ -78.823335757929982, 39.625193850900445 ], [ -78.821146757618706, 39.62989385136612 ], [ -78.812440754805593, 39.640292853957945 ], [ -78.811472755408246, 39.640885854513535 ], [ -78.809428754861912, 39.640652855113977 ], [ -78.804921753469571, 39.641070854466342 ], [ -78.800827751630791, 39.640408854565834 ], [ -78.799598751219222, 39.6404908550332 ], [ -78.798759751693296, 39.640789855449803 ], [ -78.795818750996432, 39.642579855383872 ], [ -78.793937749758385, 39.643472855826751 ], [ -78.790229748607302, 39.644797855873207 ], [ -78.788008747610633, 39.645412857058787 ], [ -78.790867749190085, 39.643640855192139 ], [ -78.791039749617525, 39.643718855722277 ], [ -78.791530749887201, 39.643241855946414 ], [ -78.793016749318397, 39.640911854813481 ], [ -78.794195749501242, 39.639723854700343 ], [ -78.795030749727502, 39.639024854854206 ], [ -78.797065750951347, 39.63794085503298 ], [ -78.796375750490029, 39.637445854476503 ], [ -78.794956750107659, 39.637219854797088 ], [ -78.794885749962575, 39.637122854463286 ], [ -78.795361750163636, 39.636670854330561 ], [ -78.79537175020937, 39.636392854376687 ], [ -78.794740749299294, 39.635841853562788 ], [ -78.794099749241781, 39.634566853983706 ], [ -78.794569749595055, 39.633961854212302 ], [ -78.79606574997031, 39.632813853598201 ], [ -78.796704749479687, 39.632130854041193 ], [ -78.797236749757246, 39.629912852743104 ], [ -78.797655750955201, 39.629144852972871 ], [ -78.798181750486691, 39.628781852138779 ], [ -78.79864975119014, 39.628715852663092 ], [ -78.8008227507096, 39.628908852797807 ], [ -78.801291751237954, 39.628578852627896 ], [ -78.801603751407512, 39.627903852347018 ], [ -78.801227750765577, 39.625707851713109 ], [ -78.80003875053697, 39.623534850978295 ], [ -78.799054750347779, 39.62122385126618 ], [ -78.798108749793428, 39.61991685086354 ], [ -78.797369748928332, 39.616113850059541 ], [ -78.797121749231209, 39.615848850557157 ], [ -78.796661749821979, 39.615837849746384 ], [ -78.796514748610562, 39.614949850118329 ], [ -78.796175748676859, 39.614650850122246 ], [ -78.79578774833935, 39.613409849765191 ], [ -78.795270748130392, 39.610707849083504 ], [ -78.795249748214005, 39.608928848553944 ], [ -78.79547074814694, 39.60775484895975 ], [ -78.796464748381851, 39.605909848222495 ], [ -78.797060748233534, 39.605387848389682 ], [ -78.797863748672739, 39.605018848281773 ], [ -78.799825749203308, 39.605042848010982 ], [ -78.800329748993462, 39.605196847920944 ], [ -78.800719748980811, 39.605517847976174 ], [ -78.801577749671608, 39.606770848178691 ], [ -78.802774750296123, 39.607033848369056 ], [ -78.804731750803825, 39.606996848347372 ], [ -78.806346751903078, 39.607217848108235 ], [ -78.808376752205717, 39.608215848195805 ], [ -78.809030751783709, 39.608189848065393 ], [ -78.809434752913063, 39.60777484817504 ], [ -78.809405752600739, 39.607152848211129 ], [ -78.809703752526573, 39.606148847500862 ], [ -78.81155375290416, 39.601304846706128 ], [ -78.812080753158838, 39.600381847105602 ], [ -78.812106753098121, 39.599467846554766 ], [ -78.811819752144629, 39.59855684630179 ], [ -78.811873753469612, 39.598001846562958 ], [ -78.813293753676888, 39.59684084526549 ], [ -78.818401754943764, 39.594066845752735 ], [ -78.818403754593589, 39.593570845349042 ], [ -78.817911754498979, 39.592462845163048 ], [ -78.817867754118055, 39.591867844374811 ], [ -78.818602753886907, 39.590602844228087 ], [ -78.819334754181, 39.589896843664413 ], [ -78.820993754762867, 39.590144844309563 ], [ -78.82209075582827, 39.590002844551243 ], [ -78.823476755700383, 39.590109843518611 ], [ -78.824464756087508, 39.590325843667337 ], [ -78.825135755383926, 39.589924844384626 ], [ -78.825724756461213, 39.589184844293527 ], [ -78.825970756508497, 39.588190844100104 ], [ -78.826008756143324, 39.585873843311909 ], [ -78.826488756542361, 39.583026842610771 ], [ -78.825887755769514, 39.580055841910294 ], [ -78.82588975631765, 39.579260841806224 ], [ -78.826229755177962, 39.577781841857799 ], [ -78.82614075548949, 39.577167841089754 ], [ -78.825881755023403, 39.5768398417841 ], [ -78.824854755176517, 39.576524841399404 ], [ -78.823537754901423, 39.576485841357687 ], [ -78.821574754545921, 39.576916841629625 ], [ -78.819907754466442, 39.576340841134453 ], [ -78.818984753478333, 39.575406840965115 ], [ -78.818324753154229, 39.574308841763731 ], [ -78.816764753204907, 39.572831840462619 ], [ -78.815352751596905, 39.571876840330063 ], [ -78.814855752377781, 39.571294840803404 ], [ -78.814642751942415, 39.570899840228478 ], [ -78.814394751346981, 39.569482840061546 ], [ -78.813968751374631, 39.568571840246598 ], [ -78.813408751507978, 39.567906840231409 ], [ -78.813280750563166, 39.566874840288577 ], [ -78.815621751210401, 39.563152839387726 ], [ -78.817253752028108, 39.561691839256682 ], [ -78.818012752086389, 39.561268838173135 ], [ -78.819246752520826, 39.561159838911678 ], [ -78.821240752838435, 39.560586837861216 ], [ -78.82193575332262, 39.560628838001101 ], [ -78.827325754621796, 39.563109838682038 ], [ -78.827768755210911, 39.563348838803911 ], [ -78.828312756082369, 39.564337838647511 ], [ -78.829461756127969, 39.565001838968428 ], [ -78.830625756242213, 39.565385838697004 ], [ -78.833696756635433, 39.565917839171462 ], [ -78.838280758020673, 39.567256838733677 ], [ -78.83924475901668, 39.567015839002508 ], [ -78.839939758602554, 39.566526839333051 ], [ -78.842345759547129, 39.563402838114634 ], [ -78.84326275978917, 39.562791837483388 ], [ -78.844356760481531, 39.562389838141009 ], [ -78.845613760482166, 39.562746838587593 ], [ -78.847229761406354, 39.562515837286377 ], [ -78.850285762629284, 39.560749837322007 ], [ -78.850978761667008, 39.560117836995445 ], [ -78.851173761660675, 39.559545837100245 ], [ -78.850867762237229, 39.558044837052137 ], [ -78.850830762427307, 39.556640836729692 ], [ -78.851257762224577, 39.553730835836376 ], [ -78.852057762290727, 39.550979835642877 ], [ -78.853483762345803, 39.549274834320521 ], [ -78.856038763253309, 39.546730834773498 ], [ -78.859140763608679, 39.543222833679835 ], [ -78.860763764205529, 39.541866832932293 ], [ -78.861433764575352, 39.540972832850834 ], [ -78.861878763915968, 39.540818832913942 ], [ -78.863723765168984, 39.540807833350712 ], [ -78.866877766301201, 39.539810832572073 ], [ -78.869965767311172, 39.539287831848263 ], [ -78.870689767209356, 39.53877483224521 ], [ -78.870866766761381, 39.538430831736804 ], [ -78.870931767058707, 39.536011831385444 ], [ -78.871198767022392, 39.535973831137014 ], [ -78.870969766693534, 39.53569983106339 ], [ -78.8713817673205, 39.5356918319249 ], [ -78.87083276642619, 39.534707831096561 ], [ -78.870000766572986, 39.534116831680393 ], [ -78.869550766311178, 39.533246831196045 ], [ -78.869359766515458, 39.531800830434562 ], [ -78.870664766196697, 39.529904830993651 ], [ -78.87188676693556, 39.527736830386786 ], [ -78.872809767025387, 39.526455829250651 ], [ -78.873068767491461, 39.526344829634766 ], [ -78.873907767915696, 39.524443829391792 ], [ -78.875151767497556, 39.52267282815049 ], [ -78.876037767777433, 39.522001828657167 ], [ -78.876991767829395, 39.5215588289851 ], [ -78.878746767772427, 39.521281828370604 ], [ -78.880456769306235, 39.521582827818058 ], [ -78.881928769392047, 39.522200829038546 ], [ -78.882836770311556, 39.522391828871783 ], [ -78.884186770198639, 39.522570828590631 ], [ -78.884758770659161, 39.522498828240458 ], [ -78.887054771100594, 39.522971828001225 ], [ -78.887846771669146, 39.523478828602045 ], [ -78.888918771721862, 39.524919828693655 ], [ -78.890436772736749, 39.525053828348248 ], [ -78.89188877362939, 39.524785828780544 ], [ -78.893104772723845, 39.52400382832883 ], [ -78.893550772787691, 39.523428828289063 ], [ -78.893612772711961, 39.522913828098361 ], [ -78.893432772786895, 39.522041828069277 ], [ -78.891503771868287, 39.519375827663261 ], [ -78.891155771713755, 39.518377827492699 ], [ -78.891540771678223, 39.5153178267756 ], [ -78.892393772346139, 39.513286826402719 ], [ -78.893247772838976, 39.512554825937769 ], [ -78.895275773491804, 39.512583826062212 ], [ -78.89700977351842, 39.512314826140127 ], [ -78.901535775177337, 39.51266682616027 ], [ -78.903824775047752, 39.512590825038956 ], [ -78.904725775396258, 39.512248825894488 ], [ -78.905515776314999, 39.511552825913625 ], [ -78.905388776093389, 39.510564825047929 ], [ -78.904673775517736, 39.509652824946969 ], [ -78.904750775510621, 39.509458825139902 ], [ -78.904054776099841, 39.507784825109447 ], [ -78.903749774704679, 39.505368824258845 ], [ -78.904083774615529, 39.504079824357071 ], [ -78.90627277582513, 39.500142823109677 ], [ -78.907783775370689, 39.498228822627084 ], [ -78.907584776077385, 39.498063822065916 ], [ -78.907769776025305, 39.497846821962611 ], [ -78.909852776031386, 39.495841821785 ], [ -78.910596776919377, 39.495775822529836 ], [ -78.910811777004525, 39.495576822012218 ], [ -78.912213776770145, 39.495270822069472 ], [ -78.913246777363128, 39.494601821947853 ], [ -78.913808777777916, 39.493760821781052 ], [ -78.914056777475039, 39.493046821964668 ], [ -78.91413577801606, 39.491286821490085 ], [ -78.914373777667436, 39.490590821616969 ], [ -78.916166778143619, 39.487064819805632 ], [ -78.916722777812311, 39.486327819687688 ], [ -78.917320778212101, 39.4860788197037 ], [ -78.918318778644974, 39.486044820215824 ], [ -78.92405878064686, 39.487191820227011 ], [ -78.925511780466081, 39.487295820563027 ], [ -78.926925781723881, 39.487304819451531 ], [ -78.931680782813345, 39.486801819314742 ], [ -78.934300784018191, 39.486291819461151 ], [ -78.934808784006307, 39.485970818581407 ], [ -78.935848783373686, 39.484787818918171 ], [ -78.938637784632903, 39.483651818379116 ], [ -78.939643785461726, 39.48281981835045 ], [ -78.940682785004171, 39.482470818370992 ], [ -78.942541785602572, 39.480637817963746 ], [ -78.942614785397495, 39.480030817494502 ], [ -78.941980785012689, 39.478689817536925 ], [ -78.941533785123937, 39.478420817475097 ], [ -78.941391784833726, 39.477384817383353 ], [ -78.941001784846378, 39.476748817144717 ], [ -78.940464785444263, 39.476540817361716 ], [ -78.939831783986051, 39.475916817054674 ], [ -78.939215784941211, 39.47560981737508 ], [ -78.938734783818973, 39.474630817153873 ], [ -78.938522784106866, 39.47457981714863 ], [ -78.938591784602139, 39.474068817208178 ], [ -78.939359783982937, 39.473125816229832 ], [ -78.940089784627233, 39.471412816174244 ], [ -78.942494784848591, 39.468957815955676 ], [ -78.946147785748096, 39.466271815337194 ], [ -78.949367787002544, 39.465425814269622 ], [ -78.950942787020537, 39.464674813749845 ], [ -78.952549787723854, 39.463544813848706 ], [ -78.952625787891847, 39.463625814121322 ], [ -78.952008788123777, 39.464058814270452 ], [ -78.953683788599193, 39.463709813790643 ], [ -78.957542789363004, 39.463910814074048 ], [ -78.958090789534111, 39.463650813604183 ], [ -78.959010790149179, 39.462684813934104 ], [ -78.9592997898542, 39.461261812960899 ], [ -78.958964789220119, 39.459765813144244 ], [ -78.957967788612137, 39.458384813093907 ], [ -78.95660278865644, 39.457170812501509 ], [ -78.956271788220334, 39.456568812716057 ], [ -78.955306788297733, 39.455939812071456 ], [ -78.955357788351364, 39.455559812515268 ], [ -78.954686787258311, 39.455272812682011 ], [ -78.954295787446071, 39.454710811756755 ], [ -78.954370787789117, 39.454225811855494 ], [ -78.955062787900246, 39.453425812036294 ], [ -78.956627788770803, 39.45256881122635 ], [ -78.959963789477882, 39.451651811472487 ], [ -78.960547789633992, 39.451043811056529 ], [ -78.96033878939663, 39.450585811095543 ], [ -78.958430788394409, 39.449320811361844 ], [ -78.958199788415712, 39.448878810705722 ], [ -78.957431788136603, 39.448698810990507 ], [ -78.957268787929991, 39.448457811059491 ], [ -78.956536788534208, 39.44824081086557 ], [ -78.955955787852844, 39.447846810325814 ], [ -78.956122788257417, 39.447492811024034 ], [ -78.955679786770006, 39.445197810429249 ], [ -78.955519787834746, 39.441712809865656 ], [ -78.955634787462472, 39.441294808978412 ], [ -78.956214787420606, 39.440601809611685 ], [ -78.95730378719179, 39.440102808501791 ], [ -78.958556787892803, 39.440042809412198 ], [ -78.961472788475305, 39.439560808468023 ], [ -78.962799788796175, 39.43954480886881 ], [ -78.963648789266145, 39.439035808515307 ], [ -78.963858789328427, 39.438643808773243 ], [ -78.964419789019985, 39.438377808509493 ], [ -78.964947789997908, 39.438280808802247 ], [ -78.965683789591665, 39.438477808660004 ], [ -78.967216790675153, 39.440111808638292 ], [ -78.96820079086433, 39.440654808939804 ], [ -78.96889179115054, 39.441399808932658 ], [ -78.969212791540897, 39.442107809407709 ], [ -78.969436791846903, 39.443266808949339 ], [ -78.970585791892518, 39.443845809638759 ], [ -78.972462792932589, 39.444403809500848 ], [ -78.974198793507355, 39.445269810383792 ], [ -78.977737793705742, 39.448340810035191 ], [ -78.978583794700967, 39.448745810128621 ], [ -78.979689795088873, 39.448805810044931 ], [ -78.980338795542309, 39.449539810801298 ], [ -78.983807796318786, 39.450965810055266 ], [ -78.985119797469352, 39.451370810834597 ], [ -78.989991798734664, 39.452357810625884 ], [ -78.994386799974023, 39.454366810467555 ], [ -78.996944800356275, 39.455281810858047 ], [ -78.997273801142555, 39.4556818113102 ], [ -78.998413800967356, 39.456445810454532 ], [ -78.999476801697554, 39.456645810744966 ], [ -78.999502801636808, 39.456385811573149 ], [ -78.999666801668354, 39.456397810798713 ], [ -78.999880801928583, 39.456745811021491 ], [ -79.001470802015177, 39.457872810593514 ], [ -79.003250802970868, 39.458703811310279 ], [ -79.006931804357791, 39.459611811419329 ], [ -79.010926806462365, 39.461128811071298 ], [ -79.011506806420513, 39.462202811581605 ], [ -79.013626806236516, 39.463786811549092 ], [ -79.014281806537724, 39.464721811812097 ], [ -79.016206808156696, 39.465740811988248 ], [ -79.017335808110829, 39.467115812336274 ], [ -79.018009807780288, 39.467495812606103 ], [ -79.01803380806976, 39.467663812209871 ], [ -79.01921380897582, 39.467637812776495 ], [ -79.021377809172762, 39.466735812071867 ], [ -79.02195780913091, 39.466293811716021 ], [ -79.027275810460054, 39.464979811661827 ], [ -79.02940581122013, 39.46483281069542 ], [ -79.030878812029158, 39.465261810806751 ], [ -79.033721813715076, 39.466987811997186 ], [ -79.034231812454692, 39.467554811613219 ], [ -79.03542281323142, 39.469500811833669 ], [ -79.03617381379209, 39.470986812247197 ], [ -79.036089814126512, 39.471876812606872 ], [ -79.03588381426222, 39.472255812594852 ], [ -79.035904814178593, 39.47328181286197 ], [ -79.036343814569719, 39.474946813320479 ], [ -79.037025814635115, 39.476660813605463 ], [ -79.037326814934005, 39.47633181360969 ], [ -79.038946816056139, 39.477377813474462 ], [ -79.040173815919573, 39.477551813355369 ], [ -79.042441815873559, 39.4786658135964 ], [ -79.04250781689413, 39.479100814135151 ], [ -79.044434817264587, 39.479802814283097 ], [ -79.046029818272373, 39.482627814636984 ], [ -79.046710818512864, 39.483247814551667 ], [ -79.047027817806935, 39.483353814797987 ], [ -79.048216818035542, 39.483502814321518 ], [ -79.05008281920496, 39.483221814008772 ], [ -79.051633819831792, 39.48257981362579 ], [ -79.052750820090367, 39.481685813698142 ], [ -79.053371820056384, 39.480624814085523 ], [ -79.053488820232246, 39.479887812973693 ], [ -79.053384819576877, 39.478671813368912 ], [ -79.053545820133664, 39.477946813422072 ], [ -79.053892819564993, 39.477421813071054 ], [ -79.054418819994765, 39.474262812471039 ], [ -79.05496781999075, 39.472295812211456 ], [ -79.055811820437853, 39.471109811002059 ], [ -79.05690682095512, 39.470679811615689 ], [ -79.058871820960434, 39.470982811725932 ], [ -79.060979821979188, 39.471884811466126 ], [ -79.062069822473589, 39.474605811907779 ], [ -79.064226822997838, 39.478449812428131 ], [ -79.06493682355061, 39.479207812913501 ], [ -79.066344824062313, 39.479978813300242 ], [ -79.067280824570929, 39.479647813385299 ], [ -79.068035824431249, 39.479015812402714 ], [ -79.067772824665525, 39.477269812707831 ], [ -79.06785082448333, 39.47568781225651 ], [ -79.068261823488754, 39.474885811765049 ], [ -79.06931782454626, 39.473974812181652 ], [ -79.069721824777318, 39.474386811583166 ], [ -79.07069982422037, 39.473974812181659 ], [ -79.072916825917403, 39.473864811154577 ], [ -79.076515826390263, 39.472842811578538 ], [ -79.083019828473255, 39.471480810022371 ], [ -79.087617830102218, 39.471726810422162 ], [ -79.091132831807741, 39.47252781064396 ], [ -79.093279832286242, 39.473455810506429 ], [ -79.095993832304131, 39.475343810632715 ], [ -79.099962834469409, 39.476956811452069 ], [ -79.101166834766616, 39.476896810837829 ], [ -79.102385835132438, 39.476401810729428 ], [ -79.104382834924792, 39.475253810378646 ], [ -79.105494835160485, 39.473951810689023 ], [ -79.105586836120324, 39.473578810443847 ], [ -79.105415835517789, 39.472512810233688 ], [ -79.104422835107769, 39.47077281003908 ], [ -79.103132834596863, 39.469746808832056 ], [ -79.100787834649935, 39.468829809296238 ], [ -79.098151833551569, 39.468819809416239 ], [ -79.097280832441982, 39.468463809282696 ], [ -79.095884832524163, 39.467359809426512 ], [ -79.09475683239495, 39.46567480913 ], [ -79.094544831784503, 39.464856809006164 ], [ -79.095060831270231, 39.463801808292381 ], [ -79.095173832146443, 39.463093808543867 ], [ -79.095634832278904, 39.462687807920936 ], [ -79.096314831796164, 39.462428808510268 ], [ -79.099431833118445, 39.462510808079877 ], [ -79.100578833514234, 39.462861807784392 ], [ -79.103271834514018, 39.463091808403107 ], [ -79.105176835143183, 39.463019807458949 ], [ -79.10672783577003, 39.462392807704532 ], [ -79.107881835838526, 39.461228807681799 ], [ -79.108715835341556, 39.457960807379052 ], [ -79.108644836094754, 39.457400806263657 ], [ -79.108332835925225, 39.457131806427356 ], [ -79.10790783577778, 39.457099806975812 ], [ -79.105520835099767, 39.45761580674165 ], [ -79.103317834544768, 39.457808807501962 ], [ -79.102304834043267, 39.457639806847368 ], [ -79.101808832852399, 39.457172806570128 ], [ -79.102027833135523, 39.455728806428304 ], [ -79.103011834223025, 39.454854806484796 ], [ -79.103025833568395, 39.45459180628886 ], [ -79.102422834044049, 39.453213806190867 ], [ -79.102818832980859, 39.450489805751076 ], [ -79.103270832892477, 39.449534805313647 ], [ -79.104148833674756, 39.448517804980824 ], [ -79.107122834881906, 39.4465678050828 ], [ -79.107780834657873, 39.445903804264873 ], [ -79.108913834809982, 39.445441804578422 ], [ -79.109869835410052, 39.445473804532362 ], [ -79.110556835498301, 39.445276804343976 ], [ -79.112581835778087, 39.44434180372469 ], [ -79.113890836555584, 39.443528803705114 ], [ -79.115242836092477, 39.442402804012893 ], [ -79.116014837467873, 39.441408802657811 ], [ -79.116862836316287, 39.438865802806355 ], [ -79.116847837145997, 39.438508802371089 ], [ -79.116514837060052, 39.438135802264711 ], [ -79.115239836617747, 39.43733480238604 ], [ -79.113581835860771, 39.436807802105001 ], [ -79.112122835295452, 39.435518802464088 ], [ -79.111250835259284, 39.434431801716869 ], [ -79.110675835324002, 39.433053802312124 ], [ -79.110604834280579, 39.432213801676099 ], [ -79.110823834563675, 39.431861801662762 ], [ -79.112232834900311, 39.430889801773432 ], [ -79.112734835040655, 39.430861801415809 ], [ -79.115497835462293, 39.431689801687568 ], [ -79.117027837071049, 39.431860801143777 ], [ -79.120911837949265, 39.433036801410104 ], [ -79.124038838418954, 39.433211801640404 ], [ -79.124757839192611, 39.432420800904744 ], [ -79.125131839286396, 39.432361800567186 ], [ -79.126393840208237, 39.430898800324812 ], [ -79.128046840044036, 39.430212801248246 ], [ -79.129049839601464, 39.429549801183562 ], [ -79.129493840913796, 39.428726800505324 ], [ -79.129406839976824, 39.426644800370262 ], [ -79.128412839741912, 39.423569799183525 ], [ -79.127549839028248, 39.422979799110202 ], [ -79.127139838949404, 39.421815798757123 ], [ -79.127110839535405, 39.421357799512954 ], [ -79.127483838905988, 39.419677798974313 ], [ -79.127868838870484, 39.419073798451599 ], [ -79.127444839446255, 39.418184798282866 ], [ -79.128383839429574, 39.41748879795837 ], [ -79.129828838852916, 39.417310797696828 ], [ -79.136501841888631, 39.418894798062333 ], [ -79.137751842216602, 39.418760798512906 ], [ -79.139603842244, 39.418038797781705 ], [ -79.140792842472592, 39.417853797353914 ], [ -79.141845843157057, 39.417105798072193 ], [ -79.142312843137304, 39.416694797665777 ], [ -79.142503843831335, 39.41474079704696 ], [ -79.142437843709075, 39.41436479647723 ], [ -79.141911843279303, 39.414113797026246 ], [ -79.141831842913362, 39.413759796333757 ], [ -79.141671843079791, 39.412125796735786 ], [ -79.141096843144524, 39.410356796450181 ], [ -79.141140842627138, 39.408689795890091 ], [ -79.141706842341591, 39.407136795511001 ], [ -79.142181842717733, 39.406474795452183 ], [ -79.143067842997624, 39.405528795216988 ], [ -79.143753842362656, 39.405209795690816 ], [ -79.146736843790663, 39.404547795386279 ], [ -79.148981844178437, 39.405046794993169 ], [ -79.149574845453685, 39.40545379453264 ], [ -79.149981845159473, 39.406084795470363 ], [ -79.149951845920555, 39.406930794939527 ], [ -79.149626845332222, 39.40741179584785 ], [ -79.149183844743121, 39.40882979560309 ], [ -79.149300844918983, 39.410477796558212 ], [ -79.149506844783303, 39.410797795711666 ], [ -79.149561845933221, 39.413734796983469 ], [ -79.149651845446584, 39.414458796636275 ], [ -79.150154845411834, 39.41574779653056 ], [ -79.1512438460813, 39.416975796626907 ], [ -79.153964847568488, 39.418127797039872 ], [ -79.155352847988709, 39.418306797316809 ], [ -79.157223848282669, 39.417846797170547 ], [ -79.15946884956881, 39.417043797146249 ], [ -79.160150849634192, 39.41638779704418 ], [ -79.160307849094707, 39.415930796887956 ], [ -79.159474848518272, 39.414209796292553 ], [ -79.158998848317196, 39.41144879577012 ], [ -79.159017848583758, 39.410804795908767 ], [ -79.15941884844176, 39.409550795087561 ], [ -79.160072848918077, 39.408899794660122 ], [ -79.160047848803714, 39.40856279519339 ], [ -79.160578849256368, 39.407823795622754 ], [ -79.161668848852429, 39.407283794728031 ], [ -79.162598848614948, 39.407048794202474 ], [ -79.164514850013077, 39.405686794478953 ], [ -79.166707849624004, 39.400950793177472 ], [ -79.165771849115416, 39.396975793021163 ], [ -79.165718849411974, 39.396118792648039 ], [ -79.165450849623383, 39.395479792487976 ], [ -79.164394848565848, 39.39502279205913 ], [ -79.161932847544762, 39.391864791721034 ], [ -79.161480847633143, 39.390909791643836 ], [ -79.161417847883939, 39.389355791354852 ], [ -79.162273848026601, 39.388136790763745 ], [ -79.163569847487011, 39.387455790442637 ], [ -79.164574848490901, 39.387187791059056 ], [ -79.165189848609145, 39.387154790949793 ], [ -79.1660678484931, 39.387450790214892 ], [ -79.169123850614355, 39.38941779051742 ], [ -79.171748850943743, 39.391520791813058 ], [ -79.17457185163984, 39.395386791390109 ], [ -79.176772852545028, 39.396644792064208 ], [ -79.178152853467651, 39.396727792359449 ], [ -79.179186853885554, 39.396502791522536 ], [ -79.18109385416453, 39.395138791327383 ], [ -79.181130853974452, 39.39440179185867 ], [ -79.179886853494267, 39.392849790970402 ], [ -79.176638852650726, 39.3897487910492 ], [ -79.176961852690908, 39.389035790322168 ], [ -79.177413852602541, 39.388693790546895 ], [ -79.177838852749971, 39.389094790536141 ], [ -79.178840852482509, 39.388452790656636 ], [ -79.18129985313054, 39.386402789553522 ], [ -79.182966854108358, 39.385485789603443 ], [ -79.18557185434625, 39.385215789303452 ], [ -79.18690685596134, 39.38537278964872 ], [ -79.18890985560148, 39.386025789152633 ], [ -79.190488856715717, 39.387205789723502 ], [ -79.192406857763686, 39.388315789575906 ], [ -79.193305857564056, 39.388639789442557 ], [ -79.195237857957409, 39.388864789949757 ], [ -79.197042859027462, 39.388627789654251 ], [ -79.197693859130709, 39.388380790314784 ], [ -79.198068859049442, 39.387963789361557 ], [ -79.1991018587441, 39.385948788748443 ], [ -79.199723858535037, 39.383421788492811 ], [ -79.200296858820465, 39.382153788432056 ], [ -79.201138859617757, 39.381186788394416 ], [ -79.201958859775388, 39.379451788210133 ], [ -79.202446859672023, 39.378809787112075 ], [ -79.207019860288298, 39.374011785825765 ], [ -79.210047861922149, 39.371918785981954 ], [ -79.211519862007933, 39.371347785678687 ], [ -79.212587862761026, 39.370255785679547 ], [ -79.213032862101656, 39.369185785227899 ], [ -79.213285861821618, 39.365005784041045 ], [ -79.213575862249854, 39.364186783837077 ], [ -79.214282862429599, 39.363489784213442 ], [ -79.214600862446929, 39.36337978441054 ], [ -79.215647863283607, 39.363494784074057 ], [ -79.219482863757975, 39.363378784297886 ], [ -79.220288864570264, 39.363120783925368 ], [ -79.220946864346175, 39.363152783474192 ], [ -79.224915865613184, 39.364145783152992 ], [ -79.22880686706236, 39.364463783508732 ], [ -79.230957867738837, 39.36491278400262 ], [ -79.231650867674873, 39.364577783375452 ], [ -79.231834867797886, 39.364209783380254 ], [ -79.232074867997412, 39.362820783101412 ], [ -79.231918868361788, 39.361809782990768 ], [ -79.232921867919231, 39.359629782915782 ], [ -79.233769868564295, 39.359101782691333 ], [ -79.234965868465579, 39.358684781860006 ], [ -79.237462868748452, 39.35843078155284 ], [ -79.238516869257822, 39.358693782089091 ], [ -79.239330869567681, 39.359319782754667 ], [ -79.239889870507753, 39.359494782555444 ], [ -79.242612870746427, 39.359422782904844 ], [ -79.245653871900757, 39.358201781523306 ], [ -79.247018871856426, 39.357882782332965 ], [ -79.24843287311424, 39.357080781933512 ], [ -79.24848187261972, 39.356454781346784 ], [ -79.249068872250575, 39.355861781038698 ], [ -79.24952087306049, 39.355608781110142 ], [ -79.250603872983874, 39.355479781279854 ], [ -79.25203987398298, 39.35568378049814 ], [ -79.255277874780802, 39.357398781114952 ], [ -79.256310875373785, 39.357234781744033 ], [ -79.25681387533902, 39.356647780976267 ], [ -79.256870875240423, 39.355400780765414 ], [ -79.256291875107195, 39.354132780938315 ], [ -79.25372787308055, 39.349951779526215 ], [ -79.253530873437072, 39.349226779089761 ], [ -79.253482873756496, 39.347903779455002 ], [ -79.253822873515119, 39.346651779115895 ], [ -79.254290873320258, 39.345800779237024 ], [ -79.254962874238203, 39.34496677886753 ], [ -79.25654787430193, 39.344011778436503 ], [ -79.257135873757676, 39.34324377834723 ], [ -79.257391873850722, 39.342381777583427 ], [ -79.257356874588922, 39.34191477755914 ], [ -79.257193873483985, 39.341266778246613 ], [ -79.256777874455693, 39.340651777662579 ], [ -79.254359873815545, 39.339211777512503 ], [ -79.253766872540297, 39.3382167775084 ], [ -79.253852872754024, 39.337151777844554 ], [ -79.254998873324908, 39.336224777087821 ], [ -79.257050874267179, 39.335176776701992 ], [ -79.258486874367975, 39.334628776453492 ], [ -79.260176874911977, 39.334304776781288 ], [ -79.260756874870125, 39.334310776480066 ], [ -79.263690875894312, 39.335064777142463 ], [ -79.266723876652705, 39.336279776155102 ], [ -79.268194876913611, 39.336301776742566 ], [ -79.268682876810232, 39.336170776395036 ], [ -79.269496878018415, 39.335182777020727 ], [ -79.269245877049954, 39.330602774848188 ], [ -79.269698876786464, 39.329701775685713 ], [ -79.27042787760584, 39.328889775157755 ], [ -79.271697878025279, 39.328006774100736 ], [ -79.274010878185138, 39.327725774714402 ], [ -79.275419879420085, 39.327191774235366 ], [ -79.277603879708508, 39.325783773397802 ], [ -79.27889688059247, 39.324726774522091 ], [ -79.282134881390277, 39.323280773724427 ], [ -79.282479881171795, 39.322819773267788 ], [ -79.282505881111049, 39.322098772893675 ], [ -79.282062880521949, 39.320733772902237 ], [ -79.282468880402817, 39.319809772821998 ], [ -79.282748880785292, 39.317998772594855 ], [ -79.283865881043866, 39.316264772222851 ], [ -79.284057880664506, 39.315553772026071 ], [ -79.284228880368715, 39.315489771715441 ], [ -79.284081880953934, 39.315451771264449 ], [ -79.284132881007565, 39.31430877140663 ], [ -79.283558880897203, 39.312819770899893 ], [ -79.283807880419232, 39.312233771184687 ], [ -79.283608880227618, 39.311046770520505 ], [ -79.283886880960267, 39.30985177049358 ], [ -79.284718880813486, 39.308731770633123 ], [ -79.289519881933685, 39.304451768811582 ], [ -79.29016388236424, 39.303523769475447 ], [ -79.290302882281438, 39.302926769440617 ], [ -79.289871882286207, 39.301925769261651 ], [ -79.289794882293322, 39.300827768306533 ], [ -79.290015881327918, 39.299878768993324 ], [ -79.290397881817668, 39.299459768022565 ], [ -79.290940881965867, 39.299170768061671 ], [ -79.292760883104577, 39.298910767736402 ], [ -79.294151882999515, 39.299062768503653 ], [ -79.296718883602566, 39.299881768581429 ], [ -79.297548883805973, 39.29999376817409 ], [ -79.30034188526318, 39.300045767650971 ], [ -79.302541885445109, 39.299581768119424 ], [ -79.303433885572787, 39.299630768303601 ], [ -79.304306886332199, 39.299965767423807 ], [ -79.308107887369701, 39.302220768641725 ], [ -79.311398888769276, 39.302991768316353 ], [ -79.312869889928493, 39.304640769192154 ], [ -79.313946889105793, 39.304713768533176 ], [ -79.316606890493588, 39.304312767871295 ], [ -79.317049890184364, 39.304045768096245 ], [ -79.318414890140062, 39.302671768509526 ], [ -79.319747891207015, 39.30205476782163 ], [ -79.320404891158049, 39.300657767788884 ], [ -79.321267891871713, 39.30001276738588 ], [ -79.321815892042792, 39.299905766672047 ], [ -79.322553892184686, 39.300005767201199 ], [ -79.325028892726237, 39.300811767473952 ], [ -79.325309892933646, 39.301050767451763 ], [ -79.325472892241947, 39.30094376693436 ], [ -79.326248892916993, 39.301084767536516 ], [ -79.327034892739434, 39.300973767914535 ], [ -79.329419893767621, 39.299918767430185 ], [ -79.332649895067831, 39.300137767486348 ], [ -79.333951895274325, 39.298827766578981 ], [ -79.336295895396333, 39.297947766680906 ], [ -79.338089895697422, 39.296776765999709 ], [ -79.338979897073571, 39.295809765335918 ], [ -79.340051897126315, 39.293851765494622 ], [ -79.340377896641243, 39.293678765562987 ], [ -79.342508898124535, 39.293712765056881 ], [ -79.34456689801624, 39.293446765590573 ], [ -79.34510389831668, 39.293591764881327 ], [ -79.345549898380526, 39.29394676496986 ], [ -79.346013898886028, 39.293967765253527 ], [ -79.3470888993118, 39.293025764903049 ], [ -79.34739189836219, 39.29110976388575 ], [ -79.347036899433263, 39.290590764036843 ], [ -79.346209898704601, 39.290261764553186 ], [ -79.34493489736397, 39.288385763848922 ], [ -79.343658897995056, 39.287125763856714 ], [ -79.343788897691397, 39.286563764434995 ], [ -79.34491789764553, 39.284976763347075 ], [ -79.345351898013803, 39.284744763746438 ], [ -79.346693898403288, 39.284491763734565 ], [ -79.34784689864685, 39.284646763366574 ], [ -79.349616898658496, 39.285211763091134 ], [ -79.350684899411576, 39.285319763155833 ], [ -79.351310899400474, 39.285078763329864 ], [ -79.351490899325526, 39.284305762749902 ], [ -79.351442899644951, 39.282667762694018 ], [ -79.351670899250578, 39.281683762344549 ], [ -79.352298899787613, 39.280209761801338 ], [ -79.353380899886105, 39.279232762562195 ], [ -79.354167900431761, 39.277888761125517 ], [ -79.354538900152534, 39.277721761774885 ], [ -79.355135899829108, 39.278019762136338 ], [ -79.356089900779395, 39.278003762349769 ], [ -79.356539901041174, 39.277701761434571 ], [ -79.357147900588402, 39.276514761398602 ], [ -79.357527901428313, 39.276312761311544 ], [ -79.35912490208591, 39.275984760790251 ], [ -79.361716902803337, 39.274847760306166 ], [ -79.36470390353098, 39.27465876086108 ], [ -79.364870903037243, 39.274765761212961 ], [ -79.367171903501543, 39.274059760877549 ], [ -79.373175905992341, 39.274001760181172 ], [ -79.374872906209077, 39.273650760541535 ], [ -79.376016907130122, 39.273224760405959 ], [ -79.377350907123684, 39.272389759024136 ], [ -79.378811907338829, 39.271825759530465 ], [ -79.379202907151083, 39.271370759721883 ], [ -79.379758907718085, 39.269995758684949 ], [ -79.380913907611486, 39.268701759131318 ], [ -79.381113907628034, 39.268040758587567 ], [ -79.381417908299966, 39.267754758587358 ], [ -79.381580907608267, 39.267051758154437 ], [ -79.38185990816585, 39.266872758177215 ], [ -79.384491909066242, 39.26740775863469 ], [ -79.385626909766458, 39.268249758759083 ], [ -79.386743909126736, 39.268146758529511 ], [ -79.387340909701635, 39.267827758134189 ], [ -79.387814910252843, 39.267420757776037 ], [ -79.387429909390079, 39.266825758227867 ], [ -79.38702390950921, 39.265502758516568 ], [ -79.387235909221317, 39.263718757220587 ], [ -79.387378909336448, 39.263556757533891 ], [ -79.388297910126639, 39.262665757085365 ], [ -79.389512909396174, 39.262140756904422 ], [ -79.389810910220305, 39.261673757479691 ], [ -79.390260910482112, 39.261371756430499 ], [ -79.391355910999366, 39.261156756208052 ], [ -79.392038910889667, 39.261284757351618 ], [ -79.392585911235855, 39.261793756978037 ], [ -79.393287911392719, 39.261634756850846 ], [ -79.39376791089343, 39.260792756547403 ], [ -79.394372910965927, 39.257973756411836 ], [ -79.395006911350734, 39.25708175570562 ], [ -79.396234911937384, 39.256087755168785 ], [ -79.397984911857534, 39.256323755379569 ], [ -79.399562912248555, 39.255049755763608 ], [ -79.399413913183963, 39.254667754897895 ], [ -79.39891491251835, 39.254563754604028 ], [ -79.398724912547564, 39.254357755506256 ], [ -79.398390911738403, 39.253415754621791 ], [ -79.398502911891384, 39.253058755122346 ], [ -79.399667912728859, 39.251512754695774 ], [ -79.400245912138871, 39.250865754593839 ], [ -79.400778913139646, 39.250610754012428 ], [ -79.401394913082797, 39.250621754905048 ], [ -79.402361913553534, 39.250135754358183 ], [ -79.403453913697746, 39.250137753648772 ], [ -79.404365913916905, 39.249109753891538 ], [ -79.405576914785129, 39.248185754538071 ], [ -79.405863913941999, 39.247354753426684 ], [ -79.407649913847166, 39.246616753167913 ], [ -79.408966915020571, 39.246467753859939 ], [ -79.40945491491722, 39.246206752992435 ], [ -79.409351914985052, 39.24583075297803 ], [ -79.408483915146832, 39.245677753164848 ], [ -79.408248914970187, 39.245464752937359 ], [ -79.408337914658645, 39.24507775344582 ], [ -79.409112914610446, 39.243986752721291 ], [ -79.409480915754784, 39.242803753233162 ], [ -79.410575914475416, 39.241972752360297 ], [ -79.412122915802627, 39.241238752305989 ], [ -79.412219915887007, 39.240200752258332 ], [ -79.412775916454009, 39.24005775127393 ], [ -79.414262915710125, 39.24040275206233 ], [ -79.414642916550022, 39.240200751562547 ], [ -79.415102915959253, 39.239645751434885 ], [ -79.416522916166528, 39.23987375159755 ], [ -79.417576916675912, 39.239833751573777 ], [ -79.418695917482623, 39.239513751258364 ], [ -79.419261918095359, 39.239118751128188 ], [ -79.420263918726206, 39.238890751294754 ], [ -79.420838917763163, 39.238460750776476 ], [ -79.420927918349932, 39.238073750909145 ], [ -79.42086291805262, 39.23712275128721 ], [ -79.42037191778293, 39.236368750276199 ], [ -79.420471918240352, 39.235729750519972 ], [ -79.420682918127554, 39.235431751257089 ], [ -79.421872918181037, 39.235011750413157 ], [ -79.422424918550092, 39.234470750536502 ], [ -79.423936918818896, 39.234093750361957 ], [ -79.424296919567311, 39.234178750729519 ], [ -79.424706919646141, 39.234668750676938 ], [ -79.42522391895676, 39.234484750086835 ], [ -79.425301918774565, 39.233733750283179 ], [ -79.424521918799897, 39.232178749211492 ], [ -79.424574919401664, 39.23091774969032 ], [ -79.4243389194001, 39.230088749838011 ], [ -79.424690918854282, 39.22836074894461 ], [ -79.424056918469475, 39.227405748620946 ], [ -79.42423291819658, 39.226849748901039 ], [ -79.425277919383447, 39.22622874849867 ], [ -79.425629918837629, 39.225732748808021 ], [ -79.425715919051356, 39.22532174835748 ], [ -79.426160918391972, 39.225079748195739 ], [ -79.427669919186016, 39.224919749022384 ], [ -79.428156919257731, 39.22465874801366 ], [ -79.429118920603912, 39.223647748255672 ], [ -79.430084920351447, 39.223504747634053 ], [ -79.430141920252836, 39.223874748191527 ], [ -79.430513920696825, 39.224323747882941 ], [ -79.431225920899465, 39.224527748184052 ], [ -79.432986920690254, 39.223894747883932 ], [ -79.434866921205071, 39.221950747517262 ], [ -79.436073921875348, 39.220413747575591 ], [ -79.43651892211426, 39.219561746365521 ], [ -79.437563922402802, 39.219045747211752 ], [ -79.437697922297104, 39.218562746719954 ], [ -79.438707922425564, 39.218534746831565 ], [ -79.43903992268659, 39.217782746746664 ], [ -79.440649922864637, 39.216513746477347 ], [ -79.440924923224244, 39.216508746551028 ], [ -79.441312922663442, 39.216903746592756 ], [ -79.441708923396916, 39.216975746066652 ], [ -79.442082923490702, 39.2163607453693 ], [ -79.444115924166383, 39.216667745982221 ], [ -79.445125924294842, 39.216447745890129 ], [ -79.446134924598383, 39.215920746051708 ], [ -79.447426924759128, 39.215689745602035 ], [ -79.448549924865489, 39.214437745618916 ], [ -79.449431925845744, 39.214108745687859 ], [ -79.450546926454493, 39.214009745220693 ], [ -79.450532925312459, 39.213256745219219 ], [ -79.450786925755679, 39.212773744574982 ], [ -79.451005926038803, 39.212734744594179 ], [ -79.451414925394388, 39.212982745209644 ], [ -79.451683925906224, 39.212690745089525 ], [ -79.452220926206664, 39.212669745505977 ], [ -79.452163926305246, 39.212108744364883 ], [ -79.452586925904541, 39.211993744323081 ], [ -79.453123927103292, 39.211460744678121 ], [ -79.45301092622708, 39.211306744889221 ], [ -79.452579927130174, 39.211367744448289 ], [ -79.452706926453459, 39.210878744895709 ], [ -79.453306926503089, 39.210477744499386 ], [ -79.455290927673289, 39.210197744192783 ], [ -79.455234926698481, 39.210988744355951 ], [ -79.455347927574692, 39.211059744124974 ], [ -79.455799926588, 39.211174744304259 ], [ -79.456159927336429, 39.21099374467537 ], [ -79.456660927651853, 39.211081744391684 ], [ -79.456921927767752, 39.210867744035319 ], [ -79.457168927639955, 39.211295744095921 ], [ -79.457422927184865, 39.211114744082927 ], [ -79.457818927918311, 39.211487744407407 ], [ -79.458163927699815, 39.211410743888798 ], [ -79.458552927862229, 39.211630744450552 ], [ -79.45932892763895, 39.211377744336708 ], [ -79.460557928050505, 39.211563743950649 ], [ -79.460783928904647, 39.211333743981719 ], [ -79.461136929082045, 39.211432744045588 ], [ -79.461644929070161, 39.210998743602367 ], [ -79.462759929678924, 39.2108827436262 ], [ -79.463112928958026, 39.210404744415136 ], [ -79.463783930051065, 39.210294744736089 ], [ -79.464495929355365, 39.20967374335401 ], [ -79.465477929894703, 39.209393744018143 ], [ -79.465568930131326, 39.209080743630473 ], [ -79.466027930613933, 39.208959743502589 ], [ -79.466218930409653, 39.209080743630473 ], [ -79.466613930419868, 39.208866744136976 ], [ -79.467389930196589, 39.208772743717439 ], [ -79.468123930140507, 39.207619743478659 ], [ -79.46866793101195, 39.207706742996606 ], [ -79.469606930995297, 39.207223743158941 ], [ -79.469542931421188, 39.207042743091897 ], [ -79.468843931637366, 39.206613742600766 ], [ -79.468751930677541, 39.206355742557406 ], [ -79.469146930687756, 39.205905743224605 ], [ -79.469033931608166, 39.205597742613328 ], [ -79.46939393055996, 39.205065742742676 ], [ -79.469400931130963, 39.204504742113627 ], [ -79.470049931584384, 39.204570742788718 ], [ -79.469703931079664, 39.204136742401779 ], [ -79.469795931141164, 39.203741742937666 ], [ -79.47036693087847, 39.203686742078339 ], [ -79.470528931260191, 39.203208742617811 ], [ -79.470910931749927, 39.20347774231827 ], [ -79.471291931516419, 39.203268742632503 ], [ -79.472216932154382, 39.203262742146052 ], [ -79.472498932186681, 39.202988742125463 ], [ -79.472244931743461, 39.202960742291822 ], [ -79.472251932314478, 39.202746742249936 ], [ -79.472653931997385, 39.202609742759066 ], [ -79.472780932218996, 39.202235742290753 ], [ -79.473344932283595, 39.202136742488676 ], [ -79.474171932113947, 39.202735742204119 ], [ -79.476670932944955, 39.20390474186491 ], [ -79.477637934314018, 39.204096742195794 ], [ -79.478569933726348, 39.20406274238573 ], [ -79.480722934052636, 39.204479742379618 ], [ -79.480899934502958, 39.204880742218869 ], [ -79.481238934436675, 39.204863742157599 ], [ -79.482205934907412, 39.205214742260843 ], [ -79.483010934996443, 39.205214742260871 ], [ -79.483236935850584, 39.205708742966699 ], [ -79.483970935794503, 39.205549742387369 ], [ -79.484549935927717, 39.205818742171829 ], [ -79.486877937054501, 39.205903742673563 ], [ -79.485876939841845, 39.264912754464056 ], [ -79.48727693995761, 39.265212753915335 ], [ -79.487122940870151, 39.27569675640359 ], [ -79.487653941322804, 39.279940756494995 ], [ -79.486814942695219, 39.29637476050754 ], [ -79.486074945598446, 39.344307770262148 ], [ -79.484374945008696, 39.344307770262148 ], [ -79.484355944742134, 39.345051769809686 ], [ -79.483150951806508, 39.451025790717338 ], [ -79.482936951546279, 39.460269792510758 ], [ -79.482942953190701, 39.473396795006543 ], [ -79.482744953722289, 39.486099798294561 ], [ -79.48292195417261, 39.487056798426714 ], [ -79.482550955350163, 39.51533180338722 ], [ -79.482650955807586, 39.521371804388146 ], [ -79.482356956079727, 39.524689805259108 ], [ -79.482368956673596, 39.531696807315164 ], [ -79.478868955036646, 39.531696807315164 ], [ -79.478066961608874, 39.625090825823165 ], [ -79.477766962033215, 39.642289829053716 ], [ -79.476567961758889, 39.642478829036833 ], [ -79.476563962459252, 39.6427458287476 ], [ -79.476864965453075, 39.701760840359825 ], [ -79.476664966334852, 39.721085843996228 ], [ -79.415462948148729, 39.721585846949807 ], [ -79.379361936804145, 39.721623848341622 ], [ -79.313458916158609, 39.721986850781029 ], [ -79.224655888678384, 39.721987854721398 ], [ -79.124752858034327, 39.722489858310041 ], [ -79.084498845299748, 39.722490860170282 ], [ -79.045550832969624, 39.722890861720913 ], [ -78.990643816629145, 39.722568863580868 ], [ -78.856243774072496, 39.723003869423515 ], [ -78.815413761577744, 39.72290487040781 ], [ -78.736253737244127, 39.723044874208632 ], [ -78.70641872743289, 39.722891875321167 ], [ -78.624742702549824, 39.722953877643349 ], [ -78.57614368667717, 39.722566879208948 ], [ -78.545895677312359, 39.722849881026931 ], [ -78.537599675476386, 39.722479881163267 ], [ -78.496109661759249, 39.7228778825231 ], [ -78.445403646489353, 39.722837884330431 ], [ -78.438843644329836, 39.722486884512428 ], [ -78.408655635239484, 39.722800886154296 ], [ -78.353499617580354, 39.722590888585707 ], [ -78.345944615360992, 39.722010888688395 ], [ -78.345398614839723, 39.722285888938103 ], [ -78.344437615115083, 39.722475888922304 ], [ -78.342710613862835, 39.722265888982079 ], [ -78.342383614522987, 39.722449888220815 ], [ -78.337640613129111, 39.722346889251952 ], [ -78.336727612186721, 39.722575889030985 ], [ -78.332652611512842, 39.722673889425202 ], [ -78.315141606152409, 39.722884889977422 ], [ -78.273783593578059, 39.722602890852642 ], [ -78.26983059130626, 39.72243089155527 ], [ -78.250002585588021, 39.722705892202868 ], [ -78.245500584218576, 39.722606892068434 ], [ -78.243372583108311, 39.722400892373045 ], [ -78.237001581992999, 39.722606892759394 ], [ -78.099405538471345, 39.722106897899977 ], [ -78.059715525801366, 39.722479899818602 ], [ -78.046856522496554, 39.722288900055155 ], [ -77.999724507585142, 39.722411901793933 ], [ -77.874721468127831, 39.722224906534812 ], [ -77.802762445112947, 39.721769908806259 ], [ -77.755763430270903, 39.721250910887662 ], [ -77.727322421625971, 39.721260911704498 ], [ -77.724117420440123, 39.720901912286173 ], [ -77.714826418544334, 39.721093912244143 ], [ -77.678492406672945, 39.72091491327545 ], [ -77.669565403926882, 39.720671914043969 ], [ -77.567488372141852, 39.720417918037931 ], [ -77.506812352588867, 39.719877919835106 ], [ -77.464304339245658, 39.72005292082261 ], [ -77.391807316105428, 39.719827924406907 ], [ -77.176059248728791, 39.719823932012339 ], [ -77.039861205673105, 39.719900936541784 ], [ -77.005485195032634, 39.720156938240159 ], [ -76.999320192883332, 39.720113938312821 ], [ -76.990905191221671, 39.719806939112864 ], [ -76.957820180018743, 39.72040893971802 ], [ -76.958367180364917, 39.719822939786923 ], [ -76.958325180532128, 39.719059939744753 ], [ -76.956503179743621, 39.717384939290191 ], [ -76.956144179718436, 39.716679939405601 ], [ -76.956028179367493, 39.709582937961621 ], [ -76.955366178495254, 39.705492937515224 ], [ -76.955582178405322, 39.704841936626373 ], [ -76.956074179398243, 39.704380937268631 ], [ -76.96026817989781, 39.70254393652931 ], [ -76.962785181170474, 39.700320935835407 ], [ -76.961508180180033, 39.697838935050044 ], [ -76.960984179400086, 39.69390493439947 ], [ -76.961280179676095, 39.69311593454357 ], [ -76.962943180455909, 39.691305933504459 ], [ -76.963448180969294, 39.689911934110242 ], [ -76.963675179851705, 39.688535933031467 ], [ -76.963448180070969, 39.682443932262856 ], [ -76.963552179828056, 39.680681931663528 ], [ -76.963005179481883, 39.678194931944461 ], [ -76.963260178851698, 39.677755930820787 ], [ -76.963558179675843, 39.676020930919371 ], [ -76.963066178682936, 39.672220930319419 ], [ -76.963127178782301, 39.671441929950348 ], [ -76.962960179276038, 39.670141930109473 ], [ -76.961118177497752, 39.659694927401198 ], [ -76.959196177150147, 39.657818927240427 ], [ -76.959132176677727, 39.657181926907988 ], [ -76.958755176210872, 39.657022926956166 ], [ -76.958570177161249, 39.656501927478182 ], [ -76.957945176997271, 39.655968926817053 ], [ -76.957682176333208, 39.65548292657644 ], [ -76.956736175778886, 39.654897926621615 ], [ -76.956585176166129, 39.652847926260939 ], [ -76.956816176144827, 39.652320925764251 ], [ -76.957267176231525, 39.651880926101747 ], [ -76.959132176677727, 39.651176926073276 ], [ -76.959978176774641, 39.650602925770798 ], [ -76.963905177310522, 39.643906924888554 ], [ -76.964641176904266, 39.641767924414253 ], [ -76.966198178277196, 39.639819923036775 ], [ -76.967800178059377, 39.638523923136169 ], [ -76.968840178325038, 39.637310922889043 ], [ -76.969736178650663, 39.635199922196684 ], [ -76.972332179566067, 39.632971922670905 ], [ -76.9723751801221, 39.632609921559194 ], [ -76.971595179249078, 39.630667922171789 ], [ -76.972159179313707, 39.629410921011171 ], [ -76.971185179170277, 39.626415920632986 ], [ -76.968335177811653, 39.624081920055616 ], [ -76.966514176848079, 39.622798920152349 ], [ -76.96555217729852, 39.622831920644209 ], [ -76.964129176718203, 39.623398920095418 ], [ -76.954227172207169, 39.612674918534502 ], [ -76.948957170558586, 39.606532917571009 ], [ -76.945241169011581, 39.602498916945173 ], [ -76.946997169677843, 39.600948916941981 ], [ -76.949524170996256, 39.59944291600214 ], [ -76.96281717466934, 39.594072914472498 ], [ -76.9654961754254, 39.592774914172274 ], [ -76.982768179512917, 39.581901911446671 ], [ -76.984344180254098, 39.581369911769258 ], [ -76.987178181719173, 39.581012910971417 ], [ -76.98842918187205, 39.580495910653944 ], [ -76.990832181545272, 39.578794910532103 ], [ -76.992142182147688, 39.577452910039909 ], [ -76.995898183877671, 39.575116909096863 ], [ -76.987156180181245, 39.566564908720395 ], [ -76.988025179844371, 39.565098907819802 ], [ -76.988448181240315, 39.564025907505858 ], [ -76.986689180200997, 39.559487907230334 ], [ -76.986980179555829, 39.558644907008691 ], [ -76.988186179502861, 39.557502906105171 ], [ -76.993599181266575, 39.54409290309443 ], [ -76.994543180374464, 39.537619902468229 ], [ -76.995234181558985, 39.537814902289497 ], [ -76.99872218260208, 39.538013902384343 ], [ -77.000099182253322, 39.538316902101457 ], [ -77.00722518502559, 39.541602903032462 ], [ -77.010952186443234, 39.542752902837655 ], [ -77.012431187100077, 39.542892903175336 ], [ -77.018526188030862, 39.542652902225591 ], [ -77.017867188430003, 39.545071903187591 ], [ -77.017418188891426, 39.549924903918175 ], [ -77.016538188459322, 39.551983903697874 ], [ -77.015433188794631, 39.55307190503428 ], [ -77.007352186145496, 39.558604905830784 ], [ -77.006674186278062, 39.559644906796208 ], [ -77.006288186488689, 39.561804906386286 ], [ -77.00471718577036, 39.566304907144648 ], [ -77.004277185554315, 39.566801908087506 ], [ -77.002742185719299, 39.567817908551433 ], [ -77.000837184191823, 39.570754908645725 ], [ -77.000031185176184, 39.571737909451208 ], [ -76.996541183585009, 39.574990909998903 ], [ -76.995987183566143, 39.575204909814744 ], [ -77.001564185361374, 39.580709910090775 ], [ -77.002249185799812, 39.58098091107577 ], [ -77.001986185135792, 39.581120910423557 ], [ -77.004498187283886, 39.583514911029226 ], [ -77.005637187283767, 39.584142910405802 ], [ -77.008770188499582, 39.584411911009447 ], [ -77.010660189060147, 39.578556910132072 ], [ -77.011271188082105, 39.57722790952733 ], [ -77.012067188848633, 39.57628590884957 ], [ -77.014259189532964, 39.57476290818046 ], [ -77.015621189115592, 39.573539908680004 ], [ -77.018650190574363, 39.56981290725615 ], [ -77.020583190792607, 39.5678899075996 ], [ -77.021079190186853, 39.568224907304334 ], [ -77.022303191473853, 39.568665907060669 ], [ -77.023275191967485, 39.569632906870595 ], [ -77.02535419267393, 39.571044907921504 ], [ -77.028115193445743, 39.571983908139501 ], [ -77.028678193685437, 39.572430908208545 ], [ -77.029102194007962, 39.573056907869436 ], [ -77.029215193985891, 39.573905907943349 ], [ -77.028652193746183, 39.576216909002355 ], [ -77.028884193549757, 39.579574909600176 ], [ -77.028590193821884, 39.580886909436202 ], [ -77.043116198104499, 39.583410909357283 ], [ -77.04963820062919, 39.585115909908964 ], [ -77.049210201007014, 39.584330909570895 ], [ -77.05190720130642, 39.580433909211891 ], [ -77.056406202302867, 39.574206907003756 ], [ -77.05990520411487, 39.570025905827706 ], [ -77.06041420302958, 39.569879906714831 ], [ -77.059855202987848, 39.568907906529624 ], [ -77.070902207346521, 39.568297905871731 ], [ -77.081281209188603, 39.568067905694889 ], [ -77.092872213520394, 39.568517905206541 ], [ -77.111301218947759, 39.568506903802195 ], [ -77.118046221055181, 39.568726903858838 ], [ -77.118199221216059, 39.567294903565269 ], [ -77.118808221486518, 39.566245903311369 ], [ -77.119091222242048, 39.565262903586593 ], [ -77.120182222561354, 39.564135902264709 ], [ -77.120578221498178, 39.562351902891976 ], [ -77.120875221599093, 39.561983902820913 ], [ -77.121535221923168, 39.561719901928363 ], [ -77.121891222473636, 39.561324901517906 ], [ -77.121139222088047, 39.560551901786816 ], [ -77.119478221856355, 39.558090901420258 ], [ -77.118974221167875, 39.55770990175229 ], [ -77.121874221856885, 39.557001901125105 ], [ -77.122128222300105, 39.556380901143932 ], [ -77.125949223429089, 39.557002901229893 ], [ -77.125995223459839, 39.557227901584227 ], [ -77.127074223185275, 39.55748990137262 ], [ -77.12820722423568, 39.558029900807014 ], [ -77.130101224994192, 39.558341901165079 ], [ -77.130434225080123, 39.558862901491352 ], [ -77.131016224688082, 39.559165901596096 ], [ -77.13331022547969, 39.559657901428835 ], [ -77.140510227871786, 39.563939901610397 ], [ -77.143396229215412, 39.565135902519764 ], [ -77.143568228744542, 39.564600901600869 ], [ -77.142860228739877, 39.561230900925771 ], [ -77.142920229014337, 39.56092790153162 ], [ -77.145802229261704, 39.558870900729431 ], [ -77.14779823102576, 39.558341900472477 ], [ -77.151292231018303, 39.553905899608928 ], [ -77.154973232405197, 39.547361897947475 ], [ -77.155436232187469, 39.544956898278663 ], [ -77.155034231606251, 39.541168897017087 ], [ -77.156806232166034, 39.539049896749454 ], [ -77.159664232123916, 39.534466895636875 ], [ -77.158836232468673, 39.533902895601827 ], [ -77.158858231311683, 39.533049895239422 ], [ -77.158058231245519, 39.533192895015326 ], [ -77.157106231741679, 39.533065895509971 ], [ -77.156277231363205, 39.533664895624923 ], [ -77.154944231194577, 39.533620895598041 ], [ -77.15388123046435, 39.533329895285028 ], [ -77.15185322981155, 39.532115895398441 ], [ -77.151145229806872, 39.530780895654971 ], [ -77.151677230084445, 39.529424894340089 ], [ -77.151359229168804, 39.529188894573579 ], [ -77.151387229656223, 39.528837894259148 ], [ -77.151104229799003, 39.528601894576127 ], [ -77.151253228863609, 39.527634894388562 ], [ -77.151083228984291, 39.527140894365751 ], [ -77.150318229078209, 39.526278894686918 ], [ -77.150205229100308, 39.525756893730751 ], [ -77.150588229414964, 39.52536789357265 ], [ -77.150446229124739, 39.525114893983655 ], [ -77.150545228858945, 39.524746893880938 ], [ -77.150297228263497, 39.524565893775836 ], [ -77.150276229245435, 39.524340894220195 ], [ -77.150971228831281, 39.524455893791597 ], [ -77.150758229294283, 39.524027893530466 ], [ -77.150929228998493, 39.523286893531214 ], [ -77.150135228780115, 39.522989893455332 ], [ -77.150220228270612, 39.522660893712896 ], [ -77.150653228813979, 39.522857893783801 ], [ -77.150688228974076, 39.522759893424414 ], [ -77.150029228474921, 39.521995892909864 ], [ -77.149044228460824, 39.522165893038498 ], [ -77.147732228208582, 39.521917893151794 ], [ -77.147435228107668, 39.522208893481981 ], [ -77.146726228278084, 39.522043893730149 ], [ -77.146634227318259, 39.521741893589123 ], [ -77.146400226966549, 39.521610893546388 ], [ -77.145882227830995, 39.521878893586397 ], [ -77.145251226920905, 39.521873893302967 ], [ -77.144599226992753, 39.521642893119427 ], [ -77.143826226690777, 39.521801893616178 ], [ -77.142231226581316, 39.521427893041199 ], [ -77.140672225558561, 39.521338893461888 ], [ -77.140070225859105, 39.521009893520798 ], [ -77.139261224673803, 39.520937892938285 ], [ -77.138836225424683, 39.520553893190694 ], [ -77.138404224706235, 39.520497893223371 ], [ -77.138496225666046, 39.520168893456272 ], [ -77.137625224556459, 39.519630893103674 ], [ -77.137732224686587, 39.518921893446212 ], [ -77.137054224819153, 39.517942893205728 ], [ -77.136953224536796, 39.517410892830398 ], [ -77.137173223746515, 39.517241892828892 ], [ -77.137406224273334, 39.517521893559021 ], [ -77.137690224853785, 39.517379892676395 ], [ -77.138060224749665, 39.516044892365912 ], [ -77.13778422456511, 39.515594892062467 ], [ -77.137826224397912, 39.515166891942762 ], [ -77.137090224804169, 39.513804891841765 ], [ -77.136247224181986, 39.513112892380164 ], [ -77.136232224113371, 39.512748891948 ], [ -77.13468222331143, 39.51190389210678 ], [ -77.134420223370611, 39.511365891500105 ], [ -77.134675222740427, 39.51085489157753 ], [ -77.134668223067735, 39.510183891579665 ], [ -77.134271222509383, 39.509497891282557 ], [ -77.133535222915626, 39.509091891197691 ], [ -77.133543223311548, 39.508548891831595 ], [ -77.132147222495419, 39.508350891263511 ], [ -77.131211221986817, 39.508739891778411 ], [ -77.130721221542032, 39.509293892130522 ], [ -77.129757221444351, 39.509567891057387 ], [ -77.128921221393171, 39.509062891001882 ], [ -77.128298220879017, 39.508419891389025 ], [ -77.127731221339673, 39.508556891324595 ], [ -77.126831220816072, 39.507715890889443 ], [ -77.126449220326336, 39.506925891251853 ], [ -77.125592219460458, 39.506106890906672 ], [ -77.125430219977062, 39.505628890599297 ], [ -77.124905219372181, 39.505375890500794 ], [ -77.124321219216085, 39.505416890631345 ], [ -77.124171219428263, 39.505126890811269 ], [ -77.123626219630239, 39.505054891093863 ], [ -77.122962219108189, 39.504674890848783 ], [ -77.122236218661868, 39.504654890304082 ], [ -77.121804217943421, 39.504380890718224 ], [ -77.121343218709299, 39.504463890911758 ], [ -77.121151218190349, 39.50407889072244 ], [ -77.120847218416728, 39.504188890400066 ], [ -77.120421217546067, 39.504024890993406 ], [ -77.120350218299279, 39.503738890240072 ], [ -77.119605217586383, 39.503168891122208 ], [ -77.119605217586383, 39.502805890772187 ], [ -77.119102217621148, 39.502663890308391 ], [ -77.118165217287611, 39.501291890418173 ], [ -77.115950217037053, 39.499723890056799 ], [ -77.115461216417202, 39.499531890043066 ], [ -77.115100215843867, 39.499081890228823 ], [ -77.114043215859752, 39.498308890395656 ], [ -77.113497215338484, 39.498121889853081 ], [ -77.113270215557762, 39.497770889199991 ], [ -77.112434215506596, 39.497501889466804 ], [ -77.111661215204606, 39.49769488980867 ], [ -77.110000214972914, 39.497487889859322 ], [ -77.109653214643274, 39.497043890249842 ], [ -77.108929214745089, 39.495352888992556 ], [ -77.107396213661602, 39.49420288886612 ], [ -77.107458213585872, 39.493232889208144 ], [ -77.106774212972354, 39.492198888611796 ], [ -77.106749212857991, 39.491866888968239 ], [ -77.108491213280558, 39.489483888204091 ], [ -77.10874721337359, 39.488455888322299 ], [ -77.110202213740962, 39.486011887009326 ], [ -77.112965215060925, 39.483061886986768 ], [ -77.117688216363319, 39.478626886133583 ], [ -77.117075215894914, 39.475479884882347 ], [ -77.118172216062007, 39.474395884950866 ], [ -77.118681215875029, 39.473698885299854 ], [ -77.118913216576942, 39.473044884569958 ], [ -77.119259216183352, 39.47077488485202 ], [ -77.119253215437254, 39.468692883629345 ], [ -77.119461215849697, 39.467139883369676 ], [ -77.119985215731347, 39.465429883074052 ], [ -77.118943214917522, 39.463112883392313 ], [ -77.113626213413283, 39.462807882846654 ], [ -77.10413121040466, 39.460853882591572 ], [ -77.092184206420697, 39.459473882750892 ], [ -77.090136205676401, 39.459008883245694 ], [ -77.079581203208932, 39.454815882346409 ], [ -77.07228320000921, 39.45277288248861 ], [ -77.062963196902786, 39.449686882217705 ], [ -77.056998195668342, 39.447051881614364 ], [ -77.046954191765408, 39.443459881399001 ], [ -77.028536185310386, 39.437730880611824 ], [ -77.012731180387505, 39.434611880629525 ], [ -77.008971178459575, 39.433228880902256 ], [ -77.006142177915663, 39.431614880490145 ], [ -77.009062178696155, 39.4264698800974 ], [ -77.011212178649401, 39.417639877483815 ], [ -77.011659178538167, 39.416585876891389 ], [ -77.012043178677715, 39.414070876169852 ], [ -77.011973178357508, 39.412464877048308 ], [ -77.012160178853563, 39.411660876686568 ], [ -77.012804179284146, 39.410644876000667 ], [ -77.015914179137098, 39.407901875472341 ], [ -77.01670318023092, 39.406780874938057 ], [ -77.017310179953228, 39.397534872823499 ], [ -77.017996180216585, 39.39490687243206 ], [ -77.017850179728399, 39.392957872011117 ], [ -77.01921417985919, 39.387016871555545 ], [ -77.018419178917569, 39.377778868976002 ], [ -77.01560617736888, 39.37148386798615 ], [ -77.015658177247431, 39.370294867472715 ], [ -77.015805177560523, 39.369966867791106 ], [ -77.017709177466472, 39.368543867507064 ], [ -77.018123177743249, 39.367990866836834 ], [ -77.01823617772115, 39.367450867356538 ], [ -77.017130177333243, 39.358401865824909 ], [ -77.016681176896356, 39.35654586515799 ], [ -77.015733176692194, 39.353985864236449 ], [ -77.015679176265508, 39.352844864666416 ], [ -77.015737175991859, 39.352569864604227 ], [ -77.016243176330121, 39.35258586401865 ], [ -77.016838176356885, 39.352846864498666 ], [ -77.018740176612994, 39.352524863670091 ], [ -77.020907178081302, 39.353541864231929 ], [ -77.021429177414802, 39.352907864566134 ], [ -77.02124817856317, 39.352510864083605 ], [ -77.02199017890301, 39.35223686367371 ], [ -77.022118178051215, 39.351315863242377 ], [ -77.022532178327978, 39.350795863653374 ], [ -77.022972178544052, 39.350630863075203 ], [ -77.023540178806613, 39.350614863213103 ], [ -77.023929178969027, 39.350873863525798 ], [ -77.024349179093605, 39.350625863683078 ], [ -77.024817178898772, 39.350833863655531 ], [ -77.025414179473657, 39.350595863155014 ], [ -77.025780179171534, 39.350944863360745 ], [ -77.026518180211738, 39.350835863545406 ], [ -77.026785180175423, 39.351006863294529 ], [ -77.027007179034953, 39.351706863279254 ], [ -77.028341179926826, 39.352447863825894 ], [ -77.029048181004896, 39.352392863587518 ], [ -77.029579181457535, 39.351823863266489 ], [ -77.030531180961347, 39.35129886325155 ], [ -77.030959181481833, 39.351339863140673 ], [ -77.031935181275102, 39.352338863576627 ], [ -77.033632182390122, 39.353618863565138 ], [ -77.033672182573085, 39.35383186351573 ], [ -77.033432182373559, 39.354078864236691 ], [ -77.033774181782022, 39.354625864578395 ], [ -77.033486181901935, 39.355078863945856 ], [ -77.033613182123545, 39.355345864814645 ], [ -77.045699186024677, 39.360032864762488 ], [ -77.048249186909317, 39.362027864892525 ], [ -77.048895186989697, 39.362233864694396 ], [ -77.049888187399716, 39.362171865 ], [ -77.050322187767975, 39.361943864866355 ], [ -77.051037187445317, 39.361175865301121 ], [ -77.050542187876005, 39.360002864800919 ], [ -77.050784187725341, 39.359421864693829 ], [ -77.051182188108598, 39.359113863957496 ], [ -77.059905190640151, 39.359807864389197 ], [ -77.060401190932694, 39.359720863976477 ], [ -77.061279190816663, 39.359186864099222 ], [ -77.062676191457712, 39.360099864375549 ], [ -77.064017192022277, 39.361446864265176 ], [ -77.064963192576613, 39.361942864038625 ], [ -77.065340193043468, 39.362788864660303 ], [ -77.067173193702629, 39.364616864873817 ], [ -77.068517193741911, 39.365495865000753 ], [ -77.068871193744258, 39.366318865414669 ], [ -77.069260193906672, 39.366768865158129 ], [ -77.069309193412167, 39.367268864867469 ], [ -77.069897193766224, 39.368306865573444 ], [ -77.070887194701513, 39.369272865520351 ], [ -77.071856194822061, 39.369651865477898 ], [ -77.072911196054676, 39.369749865562781 ], [ -77.073781195542708, 39.369678866089004 ], [ -77.074736195419575, 39.369337865243253 ], [ -77.075903195906861, 39.369282865802226 ], [ -77.076610196086605, 39.369491865114526 ], [ -77.077792196642505, 39.370336865948723 ], [ -77.078174197132256, 39.371165865568557 ], [ -77.079299197786739, 39.372296865341895 ], [ -77.079788197508293, 39.373685866032403 ], [ -77.080099197852888, 39.373910866834244 ], [ -77.080948197424561, 39.373405866228623 ], [ -77.083516198750857, 39.372927866186068 ], [ -77.084577198932934, 39.372992865978787 ], [ -77.085016199324059, 39.373278865875562 ], [ -77.085716199831111, 39.373146866122191 ], [ -77.08757020040666, 39.373963866179984 ], [ -77.088115200204697, 39.37494686682453 ], [ -77.087863200309613, 39.376363866910779 ], [ -77.089137200927027, 39.377197866761435 ], [ -77.089809200946675, 39.377954866173248 ], [ -77.090227201421428, 39.378849866785757 ], [ -77.090729201561743, 39.379288866893219 ], [ -77.090652201568858, 39.380540867666696 ], [ -77.090214201002624, 39.381771867900369 ], [ -77.090597202215591, 39.382836867932177 ], [ -77.090533201743185, 39.3832208676953 ], [ -77.089996202341055, 39.384132867778334 ], [ -77.088998201908169, 39.384538868028905 ], [ -77.08755520123637, 39.385752867938265 ], [ -77.086664200035287, 39.386098868778511 ], [ -77.086353200588974, 39.386493868326923 ], [ -77.085263200094587, 39.386988868849528 ], [ -77.084846200343065, 39.387449868206687 ], [ -77.084138200338415, 39.387433868447211 ], [ -77.083806200077404, 39.387927868789674 ], [ -77.083311199609753, 39.388081869311407 ], [ -77.082915199774618, 39.388498869558951 ], [ -77.082334199093268, 39.388789869239488 ], [ -77.08181819960754, 39.389750868970495 ], [ -77.081004199297681, 39.390267869557647 ], [ -77.080375198935741, 39.39120086943943 ], [ -77.078910198522621, 39.391980869829148 ], [ -77.078366198549489, 39.392068870710695 ], [ -77.078075198296361, 39.392343869365654 ], [ -77.077708198773564, 39.393595869904104 ], [ -77.07854319899981, 39.395247871255179 ], [ -77.07903219872135, 39.395774871332975 ], [ -77.07903219872135, 39.396071870468489 ], [ -77.078551198497422, 39.397411871139219 ], [ -77.07727019820733, 39.398366871765603 ], [ -77.076888198615904, 39.398998871171784 ], [ -77.076853197557497, 39.399184871942801 ], [ -77.077271198032221, 39.399975871563257 ], [ -77.077221198701821, 39.400222871505129 ], [ -77.07688919844081, 39.400618871893975 ], [ -77.075820197862825, 39.401244872217177 ], [ -77.075728197801325, 39.401633871934052 ], [ -77.075941198236634, 39.402419872392954 ], [ -77.075905198251618, 39.403045872517282 ], [ -77.075311198948114, 39.404115872442752 ], [ -77.075417198355012, 39.404401872526655 ], [ -77.075326198118418, 39.405153872893415 ], [ -77.076784198858832, 39.405559872993742 ], [ -77.077484198467573, 39.405993872066901 ], [ -77.077867198782201, 39.405960872523295 ], [ -77.079473199660654, 39.406910872488581 ], [ -77.079976199625875, 39.406937872568783 ], [ -77.080571200550949, 39.407382872641847 ], [ -77.08164720080164, 39.4075578727427 ], [ -77.082652200907219, 39.407930872729523 ], [ -77.083310200683158, 39.408595873324117 ], [ -77.08388420079352, 39.40882587271652 ], [ -77.08413820123674, 39.409165873446447 ], [ -77.084436202060871, 39.409242873214112 ], [ -77.085385202089952, 39.410038873283916 ], [ -77.086815202342976, 39.410697873130374 ], [ -77.089122202655034, 39.41147087401405 ], [ -77.090482203486175, 39.412365873676713 ], [ -77.09145920400266, 39.412546872990433 ], [ -77.092499204268336, 39.412458873651147 ], [ -77.095444205163176, 39.413176873502124 ], [ -77.096726205278202, 39.414098873557712 ], [ -77.098283206651132, 39.414153873772555 ], [ -77.099989206190358, 39.414860874147159 ], [ -77.102376207766696, 39.416133874124014 ], [ -77.103710207760244, 39.417424873646802 ], [ -77.10405820791479, 39.41843987405845 ], [ -77.107749209347432, 39.420327874347493 ], [ -77.132534217618144, 39.430770875632142 ], [ -77.134196218573081, 39.431697875243188 ], [ -77.133291218026585, 39.432691875712628 ], [ -77.130215217610484, 39.439182877833737 ], [ -77.126821216278742, 39.443615877930945 ], [ -77.126574216406539, 39.444824878747831 ], [ -77.128087216500234, 39.445831879191942 ], [ -77.128903217358243, 39.44702487972976 ], [ -77.129364217490703, 39.447408879189013 ], [ -77.134176219379896, 39.449106879876339 ], [ -77.134495220120414, 39.449521878862072 ], [ -77.134984219841968, 39.450902879935249 ], [ -77.139896221290257, 39.453762880357807 ], [ -77.140879221654529, 39.454022880308663 ], [ -77.14300522221663, 39.454080880133255 ], [ -77.144710222829261, 39.453778879465084 ], [ -77.148749224416463, 39.453715879057249 ], [ -77.150991225329506, 39.454106879082204 ], [ -77.152685225173187, 39.454793879565528 ], [ -77.156860227202813, 39.455514879372501 ], [ -77.158681228166387, 39.455649879858974 ], [ -77.159988227497436, 39.455599879991894 ], [ -77.159795227153595, 39.455351879787543 ], [ -77.160223227674081, 39.455326880098298 ], [ -77.161327228412205, 39.455633879794448 ], [ -77.163304228113063, 39.455452879328561 ], [ -77.163672229257415, 39.455562879637142 ], [ -77.164564229385093, 39.455200879252772 ], [ -77.165152229739135, 39.455283879196784 ], [ -77.16628522989123, 39.455821878933193 ], [ -77.166859230001592, 39.455804879426715 ], [ -77.167843230190783, 39.456579879718412 ], [ -77.168813231034576, 39.456700879337845 ], [ -77.169791231375967, 39.456173879246407 ], [ -77.170676230932628, 39.456068879372751 ], [ -77.170974230858448, 39.456250879099301 ], [ -77.171012231391586, 39.456613879735919 ], [ -77.172822231586224, 39.457491879699369 ], [ -77.176588233361926, 39.458758879662263 ], [ -77.17748723316231, 39.458868879601816 ], [ -77.180492234331595, 39.458298878851345 ], [ -77.180818233846523, 39.458090879398455 ], [ -77.181314235037391, 39.45819487954936 ], [ -77.181583234650901, 39.457887878662916 ], [ -77.182008234798346, 39.457854879413318 ], [ -77.18263423478723, 39.457519879062545 ], [ -77.183318235400776, 39.45748087873271 ], [ -77.184083235306829, 39.457195879500297 ], [ -77.184549235462157, 39.456794879263946 ], [ -77.185277236456599, 39.456870879657359 ], [ -77.185595235575605, 39.456497879403912 ], [ -77.185892235676533, 39.456455878697909 ], [ -77.187883236519426, 39.457294878832926 ], [ -77.188793236190435, 39.45718987856938 ], [ -77.190332238020034, 39.457706879202483 ], [ -77.191874237527728, 39.457650879228126 ], [ -77.195012239664734, 39.458095879415929 ], [ -77.196145238918518, 39.458924878596328 ], [ -77.195876239304994, 39.459215879135833 ], [ -77.19575623875609, 39.459786879430652 ], [ -77.19597623886412, 39.460713879884494 ], [ -77.197279239793843, 39.46132887974526 ], [ -77.19780323967548, 39.46142187956923 ], [ -77.199992240885095, 39.461097879443528 ], [ -77.203313241523574, 39.460992878674624 ], [ -77.20392924146671, 39.460306878445536 ], [ -77.204071241756949, 39.459713879109977 ], [ -77.204120242160741, 39.458280878423082 ], [ -77.203766242158423, 39.45764987907954 ], [ -77.203829241009302, 39.456518878707016 ], [ -77.204219240996636, 39.456122878197974 ], [ -77.204898242485612, 39.454931877851443 ], [ -77.205819242027289, 39.454354878172808 ], [ -77.206201242517025, 39.4544538780777 ], [ -77.206236241778797, 39.454178878148468 ], [ -77.206017241495687, 39.45404187787674 ], [ -77.206782242300065, 39.453909876959877 ], [ -77.206966242423078, 39.453503877563243 ], [ -77.207660243082344, 39.453662877183596 ], [ -77.207794242976661, 39.453376878063686 ], [ -77.207695242344144, 39.453102877562259 ], [ -77.20816924289538, 39.453085877391857 ], [ -77.208297242043585, 39.45282787715194 ], [ -77.209798242441707, 39.451756876967814 ], [ -77.210945243735836, 39.451481876790133 ], [ -77.211922243353996, 39.451640876866392 ], [ -77.212298243995946, 39.451520877012577 ], [ -77.21709824529124, 39.449157876353141 ], [ -77.217863246095632, 39.449316876187162 ], [ -77.21845824522407, 39.449075876314282 ], [ -77.219053246149116, 39.449102876016298 ], [ -77.219782246070181, 39.448844876277796 ], [ -77.22037724609693, 39.448832876444122 ], [ -77.221687246699346, 39.44904187608374 ], [ -77.222126247090486, 39.449271875891469 ], [ -77.222955247468988, 39.449326876094787 ], [ -77.224279247416789, 39.450066876372219 ], [ -77.226078248639041, 39.450291876378479 ], [ -77.227048248584552, 39.449505876001851 ], [ -77.228167248492923, 39.449560875326732 ], [ -77.228804249250786, 39.449422876106063 ], [ -77.229477249095325, 39.448895876414831 ], [ -77.229526249499145, 39.448642875912135 ], [ -77.229207248758598, 39.448374875813684 ], [ -77.229250249314632, 39.448242875945162 ], [ -77.230779249301847, 39.447807875332586 ], [ -77.23127424976947, 39.447253875496372 ], [ -77.232619249633672, 39.446626875244561 ], [ -77.236747250909346, 39.446042875289102 ], [ -77.237264251118276, 39.445746874971391 ], [ -77.238362252008599, 39.44576787474243 ], [ -77.240054252202412, 39.44614087490617 ], [ -77.241754252792191, 39.446249874353583 ], [ -77.243255253190327, 39.446709875004629 ], [ -77.244983253369156, 39.446554875305658 ], [ -77.247034254486536, 39.44679887441184 ], [ -77.249595256140111, 39.447994875200138 ], [ -77.250771255949914, 39.449287874643396 ], [ -77.25168925601686, 39.449713875439848 ], [ -77.252439256752623, 39.450350875402712 ], [ -77.253338256552979, 39.450422874885 ], [ -77.25370625679902, 39.450598875386866 ], [ -77.25392625690705, 39.450856875562827 ], [ -77.253890256922034, 39.451515875135563 ], [ -77.254102257532452, 39.452037875353945 ], [ -77.254420256651457, 39.45255887559874 ], [ -77.254866256715303, 39.452861875533749 ], [ -77.255291257761073, 39.452927875976549 ], [ -77.255525258112783, 39.452378875686051 ], [ -77.255851257627711, 39.452202875521799 ], [ -77.257501257988736, 39.451846875011782 ], [ -77.258252258549433, 39.452264875685572 ], [ -77.258959257830867, 39.453241875943903 ], [ -77.259440258953092, 39.453472875959015 ], [ -77.2604752591959, 39.452369875053925 ], [ -77.261254259345705, 39.452100875199314 ], [ -77.262338259093966, 39.451881874797742 ], [ -77.263436259984275, 39.45189287526194 ], [ -77.26751526175444, 39.451087874473643 ], [ -77.26890426199958, 39.450242874999326 ], [ -77.269138262351305, 39.449715875271337 ], [ -77.268770261206967, 39.448957873974095 ], [ -77.266689260850683, 39.44783187396375 ], [ -77.265938261188325, 39.447248874006512 ], [ -77.265889260784533, 39.446875874228056 ], [ -77.265592259785294, 39.446540873767376 ], [ -77.265557260523508, 39.44590387363499 ], [ -77.265841261103972, 39.44524487367034 ], [ -77.267144261135385, 39.445053874118138 ], [ -77.268241261302478, 39.445388873407651 ], [ -77.269169261415129, 39.445169874093821 ], [ -77.271181262174437, 39.443594872654884 ], [ -77.271294262152338, 39.44316587289709 ], [ -77.271020261617622, 39.442799873207619 ], [ -77.272355262334401, 39.442787873025999 ], [ -77.272834262010221, 39.442927873628548 ], [ -77.275185262703204, 39.444049873168147 ], [ -77.277383264133661, 39.445941873196524 ], [ -77.277943264000314, 39.447044873264971 ], [ -77.277878263702974, 39.447979874357557 ], [ -77.276633263397883, 39.449467874223195 ], [ -77.277063264466506, 39.453104875215544 ], [ -77.278634265184849, 39.45399587488469 ], [ -77.280346265470172, 39.456101875307432 ], [ -77.283260266402877, 39.466954878089197 ], [ -77.286810268268525, 39.471824878595378 ], [ -77.286983268520885, 39.472890878251064 ], [ -77.287474268790575, 39.474136878496047 ], [ -77.287196268956222, 39.47602387966986 ], [ -77.285547268420089, 39.477168879495977 ], [ -77.286093268941357, 39.478354880034971 ], [ -77.286073268849862, 39.478714880251843 ], [ -77.2839912686687, 39.479827879370426 ], [ -77.283029267322505, 39.480836880653698 ], [ -77.281532268020669, 39.48313588062333 ], [ -77.280919266653925, 39.484630880913521 ], [ -77.280913267704463, 39.485213881153911 ], [ -77.280395266772274, 39.485893880730899 ], [ -77.279726268023992, 39.48724688198017 ], [ -77.281908268662633, 39.487632881525826 ], [ -77.283171268511055, 39.487679882105461 ], [ -77.284120268540121, 39.487499881513038 ], [ -77.284245269111921, 39.493151882504677 ], [ -77.286653269706335, 39.496419883269702 ], [ -77.286822270659044, 39.497039883602064 ], [ -77.288201270858423, 39.498397883434194 ], [ -77.288506270456949, 39.499023883549668 ], [ -77.289620271240793, 39.498906883660773 ], [ -77.293951272007732, 39.497673882829666 ], [ -77.295203272883825, 39.497560883127306 ], [ -77.297686273821299, 39.497867882957657 ], [ -77.300165274560825, 39.497730882744804 ], [ -77.302899274670153, 39.498318882570537 ], [ -77.306239276473548, 39.498055883058143 ], [ -77.306670276468765, 39.497910882498203 ], [ -77.307229276510498, 39.497170882841665 ], [ -77.308784277335306, 39.495907882672526 ], [ -77.308344276220922, 39.494249882231742 ], [ -77.31008827719161, 39.492743881221266 ], [ -77.311721277834224, 39.49225388123552 ], [ -77.312486277740291, 39.491656881697445 ], [ -77.313259278042281, 39.491362881267285 ], [ -77.316374278816426, 39.49125288139512 ], [ -77.316787279268297, 39.491397881284676 ], [ -77.318615279006266, 39.492739881258025 ], [ -77.321477280958746, 39.493138881659675 ], [ -77.323685280638315, 39.492795880722831 ], [ -77.325649282615345, 39.493191881196744 ], [ -77.329137282760087, 39.492116880357159 ], [ -77.327357281804396, 39.489677879990879 ], [ -77.328146282898217, 39.487784879347174 ], [ -77.328180282335097, 39.487263880045745 ], [ -77.328033282920316, 39.486765880343434 ], [ -77.327158281612768, 39.485450879621297 ], [ -77.326911281740536, 39.483281879193306 ], [ -77.327256281522054, 39.482470879384628 ], [ -77.326731281815483, 39.481709878997428 ], [ -77.32598328162787, 39.480103878319198 ], [ -77.327602282026774, 39.479715878228518 ], [ -77.330428283095927, 39.477740877265383 ], [ -77.332515283299983, 39.473419877120321 ], [ -77.334763283162502, 39.469519875910919 ], [ -77.333207282512802, 39.463287875325364 ], [ -77.331345281541331, 39.456779873381301 ], [ -77.330998281211691, 39.453728873398887 ], [ -77.347464286283568, 39.451895872487533 ], [ -77.354253288771929, 39.452745871724296 ], [ -77.358357290656457, 39.45345087206006 ], [ -77.366617292507428, 39.453830872029897 ], [ -77.367237292648525, 39.454094871831984 ], [ -77.368197292548246, 39.453418872303764 ], [ -77.370230294122265, 39.452527870799273 ], [ -77.370477293994469, 39.453432871765472 ], [ -77.370187293566232, 39.454338871568083 ], [ -77.370209294205864, 39.455030872080542 ], [ -77.370514293804391, 39.455683872701044 ], [ -77.371493293970715, 39.456863872296253 ], [ -77.372634294518718, 39.457741872574566 ], [ -77.374576294957805, 39.459870872636344 ], [ -77.375651296281902, 39.460774872364787 ], [ -77.379248296206598, 39.462516873050895 ], [ -77.380289297195503, 39.462654873364997 ], [ -77.381415297674906, 39.462517873129492 ], [ -77.382831298582531, 39.462661873207807 ], [ -77.385708298807003, 39.462645873367968 ], [ -77.388022299690078, 39.463975872642273 ], [ -77.390047300868162, 39.464376873120358 ], [ -77.392592300831609, 39.465454872893311 ], [ -77.393823301791301, 39.463222872983295 ], [ -77.394354302243968, 39.463445872645579 ], [ -77.396090302818735, 39.462979872556467 ], [ -77.397591303216871, 39.462842872267146 ], [ -77.398236303472331, 39.462985872294688 ], [ -77.398299302323196, 39.46380387221685 ], [ -77.398547302918629, 39.464105873084982 ], [ -77.401556303387579, 39.464253872866557 ], [ -77.400595303662925, 39.459571871787197 ], [ -77.399316302124333, 39.455621871420355 ], [ -77.399233303181973, 39.454992871236563 ], [ -77.399368302901195, 39.454059871077696 ], [ -77.403084303549889, 39.443864868949916 ], [ -77.404316303436175, 39.440919868106867 ], [ -77.406027303896593, 39.438965867470664 ], [ -77.41029830528737, 39.435535866590456 ], [ -77.410466305516863, 39.439822867809184 ], [ -77.411880305876352, 39.448768869203583 ], [ -77.412395306435485, 39.449961869368863 ], [ -77.413946307062332, 39.45224386955018 ], [ -77.414968307784662, 39.456750870784624 ], [ -77.416368308798766, 39.458492870224831 ], [ -77.416549308548724, 39.459195870369122 ], [ -77.414771308141169, 39.464492872111762 ], [ -77.414136307931429, 39.467754873603702 ], [ -77.412891307626353, 39.47010287313433 ], [ -77.412385307288062, 39.471350873285189 ], [ -77.412497307441058, 39.471437873883019 ], [ -77.414113308365216, 39.471064874028677 ], [ -77.415778308794884, 39.469659873385837 ], [ -77.416465308883147, 39.46983587310077 ], [ -77.416783309798774, 39.469769872739754 ], [ -77.417364309581828, 39.469176873590918 ], [ -77.417124309382302, 39.468863873370651 ], [ -77.417209309771124, 39.468693872523666 ], [ -77.418555309460231, 39.467573872756269 ], [ -77.419284309381297, 39.467458872666697 ], [ -77.419291309952314, 39.467189872866811 ], [ -77.421119309690255, 39.467722872794646 ], [ -77.421721310288007, 39.468078872558003 ], [ -77.423605311000799, 39.46856287233819 ], [ -77.424738312051204, 39.469446873316649 ], [ -77.425489311713577, 39.469764872173968 ], [ -77.426083311915406, 39.469660872668342 ], [ -77.426898312050184, 39.469770872714136 ], [ -77.427734312101364, 39.46947387205271 ], [ -77.430107312535668, 39.469506872728147 ], [ -77.431749313399109, 39.469241872451981 ], [ -77.432619314683791, 39.4689258718711 ], [ -77.434206314397329, 39.469390873079519 ], [ -77.436777315198356, 39.469631871971679 ], [ -77.437258315422298, 39.469467872873871 ], [ -77.438047315617808, 39.469550871755168 ], [ -77.43861431605545, 39.468858872046319 ], [ -77.438337315147706, 39.468540871822306 ], [ -77.438691316048363, 39.468029871909707 ], [ -77.438231315740822, 39.467480872137706 ], [ -77.438755315622458, 39.466635871918442 ], [ -77.439201315686319, 39.466278871683038 ], [ -77.440895316428268, 39.46576087157964 ], [ -77.441746317446373, 39.46592487109239 ], [ -77.44324931749432, 39.465808871020343 ], [ -77.445933318273262, 39.465221870949193 ], [ -77.449152318804494, 39.465474870845064 ], [ -77.451766320161539, 39.465371871206806 ], [ -77.451978319873646, 39.464531871286852 ], [ -77.45306131979703, 39.463663870589073 ], [ -77.454336320239349, 39.462922870509757 ], [ -77.457183321224917, 39.461768869843553 ], [ -77.458599321234232, 39.460621869510597 ], [ -77.460149322036159, 39.459660870012357 ], [ -77.461036322140941, 39.459364870020075 ], [ -77.4617433223207, 39.459489869448632 ], [ -77.462550322957881, 39.459906869891626 ], [ -77.463775323171475, 39.459587868865896 ], [ -77.464406324081565, 39.459658869772937 ], [ -77.465575324218662, 39.461058870021553 ], [ -77.46695632406788, 39.461634869525113 ], [ -77.468033325041802, 39.462638870055891 ], [ -77.469634325897346, 39.463121870151951 ], [ -77.470166325276594, 39.46392887060864 ], [ -77.470584325751332, 39.465048870093455 ], [ -77.472462326616338, 39.466634870511974 ], [ -77.473284326423794, 39.467605870859849 ], [ -77.475154326892863, 39.468505870703545 ], [ -77.476210327052058, 39.468834870954844 ], [ -77.477106327377697, 39.468766871053639 ], [ -77.47760532804331, 39.469009870690797 ], [ -77.479383329349176, 39.4691408700347 ], [ -77.481183328599727, 39.469886870342371 ], [ -77.481658329874193, 39.469891870899325 ], [ -77.485553330623048, 39.469431870855175 ], [ -77.495719333826401, 39.466881869336412 ], [ -77.495796333819285, 39.467915869800933 ], [ -77.495638333635554, 39.468573870166374 ], [ -77.495249333473112, 39.469315869694604 ], [ -77.494705333499979, 39.469770869940277 ], [ -77.494140333610446, 39.471291870562226 ], [ -77.493614333180687, 39.473632871267597 ], [ -77.492740333494666, 39.47457387180301 ], [ -77.492433332449693, 39.475220872062245 ], [ -77.492683333593263, 39.475677871608092 ], [ -77.492511333165822, 39.478054872074949 ], [ -77.49343233360581, 39.479672872288148 ], [ -77.496472334036895, 39.481411872642028 ], [ -77.4974633356954, 39.482877872523481 ], [ -77.49892633645868, 39.484363873545433 ], [ -77.500137335530269, 39.48708187337904 ], [ -77.500553336355196, 39.489831873407361 ], [ -77.500249336581575, 39.491636874633663 ], [ -77.500761336767653, 39.492556874720258 ], [ -77.500758337292922, 39.493125875266422 ], [ -77.500504336849701, 39.493844875185673 ], [ -77.500427337755127, 39.495576875389141 ], [ -77.498905336542293, 39.498354875183509 ], [ -77.49872133641928, 39.499392875990452 ], [ -77.498915336588041, 39.50030587581071 ], [ -77.499702337133726, 39.501855876660407 ], [ -77.500540337733057, 39.504485877292822 ], [ -77.501153337303137, 39.505696877335261 ], [ -77.500599338182582, 39.507225877924135 ], [ -77.500194337228308, 39.509788877804688 ], [ -77.49941433725364, 39.511727878951653 ], [ -77.49988733797997, 39.513861878527003 ], [ -77.499976338566739, 39.515141879789702 ], [ -77.499692337986289, 39.516403879702146 ], [ -77.499119338599172, 39.517555879730949 ], [ -77.497292336889487, 39.520008880267547 ], [ -77.496383337043369, 39.52174688071613 ], [ -77.49721933799286, 39.528215881428068 ], [ -77.496995338585194, 39.529875882444053 ], [ -77.497133337779147, 39.531648882451712 ], [ -77.500177339306518, 39.540939884800174 ], [ -77.500222339512348, 39.541564884369706 ], [ -77.499475339149626, 39.54331688499866 ], [ -77.499500339263989, 39.544860885336739 ], [ -77.499552339142525, 39.545245885321073 ], [ -77.500328340715882, 39.546366885164439 ], [ -77.501147341048608, 39.548068885204863 ], [ -77.501192340356155, 39.548874885917805 ], [ -77.502350340622584, 39.548424885708187 ], [ -77.503017341517676, 39.547555886088638 ], [ -77.50462034202306, 39.546814885749164 ], [ -77.505529341869178, 39.545850885137156 ], [ -77.506186341820211, 39.544568885448214 ], [ -77.50692034266244, 39.543660884150277 ], [ -77.507041341239628, 39.543203884716021 ], [ -77.505867341977975, 39.540905884440505 ], [ -77.506078341865162, 39.539689884017115 ], [ -77.506650341427374, 39.538675883770686 ], [ -77.508821342195333, 39.53600188273532 ], [ -77.509614341690494, 39.534297882406811 ], [ -77.510354342380523, 39.533224882323104 ], [ -77.510743342542938, 39.532208881629145 ], [ -77.511179342561036, 39.530534881778195 ], [ -77.5111773420129, 39.529619881152506 ], [ -77.510671341674609, 39.52767488154862 ], [ -77.510636341514513, 39.525496881253517 ], [ -77.511333341648495, 39.525118880997063 ], [ -77.515395343700234, 39.524778880229498 ], [ -77.516767344226949, 39.524093880505959 ], [ -77.518553344132087, 39.523655880475481 ], [ -77.51815434482225, 39.522673879334413 ], [ -77.517986343694446, 39.520901879452943 ], [ -77.518123343961776, 39.520593879577575 ], [ -77.518962344385997, 39.520190879718541 ], [ -77.519073343815791, 39.519698879305146 ], [ -77.521520344768248, 39.518437879627342 ], [ -77.52291234538643, 39.518019878743736 ], [ -77.526363346619576, 39.518576878450354 ], [ -77.52683334607454, 39.518429878500065 ], [ -77.528860347800759, 39.516712878053077 ], [ -77.531680348123828, 39.51489687774832 ], [ -77.532370348585118, 39.51282887715012 ], [ -77.534028348443783, 39.509951877379748 ], [ -77.537858349793609, 39.512871877136774 ], [ -77.539893350119115, 39.511763877095206 ], [ -77.541417350981789, 39.510465876567295 ], [ -77.543797351987095, 39.510821876561465 ], [ -77.544219351761484, 39.511629877442331 ], [ -77.544597352053259, 39.513446877946599 ], [ -77.544515352037493, 39.514615877502727 ], [ -77.545013351979875, 39.515789877513676 ], [ -77.545373352728291, 39.517506877906797 ], [ -77.54700935284562, 39.517482878358436 ], [ -77.547835353749377, 39.517779877729623 ], [ -77.548132352951981, 39.518429877807058 ], [ -77.548201353447297, 39.518907878750454 ], [ -77.548038353240656, 39.519766877913518 ], [ -77.547886352904683, 39.520056878996357 ], [ -77.546889353195056, 39.520724878073864 ], [ -77.546360352392242, 39.5225628792168 ], [ -77.545205352498812, 39.525185879971659 ], [ -77.544473352204704, 39.526056879468207 ], [ -77.543322352509264, 39.52688288052677 ], [ -77.543465352624409, 39.527782879539302 ], [ -77.5427563518965, 39.529675880000028 ], [ -77.543026352233255, 39.532140881346407 ], [ -77.542910352780609, 39.53434588165171 ], [ -77.543146352782173, 39.535156881038283 ], [ -77.544860353615633, 39.53723488234732 ], [ -77.545758353591083, 39.541785882233221 ], [ -77.546886354618636, 39.543896883210316 ], [ -77.547130355016094, 39.546088884200806 ], [ -77.547762354852779, 39.548152883993929 ], [ -77.548491355672127, 39.548936884412626 ], [ -77.54861335587087, 39.549554884591643 ], [ -77.549383355799804, 39.550444884144191 ], [ -77.5496853559236, 39.551312884797397 ], [ -77.549646356463853, 39.551964884398849 ], [ -77.549021356299875, 39.553756885495574 ], [ -77.549127355706773, 39.556420885596857 ], [ -77.54957735596858, 39.558149885874002 ], [ -77.550783355915598, 39.56073588647407 ], [ -77.550894357141985, 39.562182886239938 ], [ -77.550672356485833, 39.564064886856158 ], [ -77.552187357127664, 39.567803887799357 ], [ -77.550939357347843, 39.572693888525741 ], [ -77.551066357569439, 39.573384889068798 ], [ -77.55149235754179, 39.574498889467499 ], [ -77.553879359118127, 39.576917889914853 ], [ -77.556123359680996, 39.578507889747058 ], [ -77.556872359693543, 39.58170289045772 ], [ -77.556817360340276, 39.584396890442108 ], [ -77.558797360414204, 39.591623892623012 ], [ -77.558633361280982, 39.595229893344502 ], [ -77.558129361490828, 39.597335893335696 ], [ -77.557076361704674, 39.60044389437725 ], [ -77.556762360987008, 39.603213894068638 ], [ -77.556797361147105, 39.605173894718668 ], [ -77.556134361348285, 39.609091895596436 ], [ -77.556348361608528, 39.610990896274814 ], [ -77.557833362113143, 39.614783896564091 ], [ -77.557131362854577, 39.620145897731085 ], [ -77.559099363232946, 39.623041898558867 ], [ -77.57018436722646, 39.620005896979983 ], [ -77.571565367075678, 39.617434897008934 ], [ -77.57231336636498, 39.615580896549886 ], [ -77.573724367249739, 39.613044895822462 ], [ -77.575029366930977, 39.611277895304852 ], [ -77.575708367521628, 39.609721895733927 ], [ -77.576524367481312, 39.60674289510159 ], [ -77.577241367706819, 39.604907894759592 ], [ -77.577386367471775, 39.603587893345299 ], [ -77.577646367762767, 39.603057893636446 ], [ -77.577921368122375, 39.598800893385317 ], [ -77.578180367690152, 39.598018892971119 ], [ -77.579034368182988, 39.596305892449152 ], [ -77.579813368332751, 39.59418489184425 ], [ -77.581056368089705, 39.591742891947128 ], [ -77.581132368257684, 39.591056891122413 ], [ -77.582590368099787, 39.587447890874969 ], [ -77.583589368357579, 39.586177890529186 ], [ -77.585306368665783, 39.583304889385474 ], [ -77.585237369068807, 39.582808889476361 ], [ -77.58451236844742, 39.581614888989009 ], [ -77.585710367998502, 39.575370887590395 ], [ -77.586244368824211, 39.574111888009909 ], [ -77.586763367784656, 39.571372886867977 ], [ -77.587823369040123, 39.570384886867636 ], [ -77.58931036919455, 39.567099886176706 ], [ -77.590158368941303, 39.566474886018753 ], [ -77.59140936909418, 39.565215885546237 ], [ -77.592157370180132, 39.564723885668414 ], [ -77.593973370222514, 39.563926885619317 ], [ -77.594438370552908, 39.56345388513261 ], [ -77.594568370249249, 39.562827884640917 ], [ -77.594469370515071, 39.562301884870472 ], [ -77.59383537013025, 39.561305884779912 ], [ -77.593912370123135, 39.56066488420521 ], [ -77.594522370218499, 39.559058884635945 ], [ -77.594339369920405, 39.555709883216835 ], [ -77.594453369723212, 39.55450788375196 ], [ -77.594858369779175, 39.552993883392936 ], [ -77.595453370704249, 39.551806883200967 ], [ -77.595911369565329, 39.551116883230719 ], [ -77.597360370983239, 39.550288881965876 ], [ -77.597673370977688, 39.550261882752075 ], [ -77.598329370205491, 39.550708882928873 ], [ -77.598733371334831, 39.55073188326606 ], [ -77.599130370994871, 39.550532882927122 ], [ -77.599374371392358, 39.550200882873384 ], [ -77.599420370524797, 39.549716882752897 ], [ -77.599229370729077, 39.549079881936358 ], [ -77.598421371165315, 39.547507882124961 ], [ -77.598665370664492, 39.546782881845054 ], [ -77.598223370798578, 39.545377881221917 ], [ -77.59821637022759, 39.544051881457705 ], [ -77.597151370745848, 39.542730881462219 ], [ -77.597070369656691, 39.54198288069157 ], [ -77.597706369691338, 39.540788880956505 ], [ -77.599777370900171, 39.539898880172188 ], [ -77.601552370934684, 39.539777879813187 ], [ -77.602656370774454, 39.539325880854705 ], [ -77.604677372652887, 39.537490879807052 ], [ -77.606074372395639, 39.536726879948624 ], [ -77.606475373151952, 39.535564879252341 ], [ -77.607390372845813, 39.535357879194784 ], [ -77.607797373449927, 39.53480787918231 ], [ -77.608792373509758, 39.534165878596355 ], [ -77.610347373436241, 39.531573878321623 ], [ -77.610463373787198, 39.530483878437352 ], [ -77.611075373532373, 39.530109878197848 ], [ -77.61253437409772, 39.529936878016876 ], [ -77.612899373970706, 39.529681878141687 ], [ -77.613486374499843, 39.528674878025761 ], [ -77.613137374520377, 39.527892877717875 ], [ -77.614981374151881, 39.528134877393207 ], [ -77.616655375700674, 39.527420877361678 ], [ -77.61861537568312, 39.525331876841214 ], [ -77.619871375858864, 39.524317876821478 ], [ -77.620102375837547, 39.524277876641492 ], [ -77.624779378007503, 39.52757887726564 ], [ -77.626431378018395, 39.528482877635277 ], [ -77.629189379315477, 39.52666187678885 ], [ -77.629907379365875, 39.526388876539691 ], [ -77.630772379729365, 39.526407876518199 ], [ -77.632262379358522, 39.526877877139093 ], [ -77.634642380363843, 39.528897877069383 ], [ -77.63670038205224, 39.529149876919519 ], [ -77.637510381265812, 39.529377876952637 ], [ -77.63809738179495, 39.529806877300942 ], [ -77.636713381572676, 39.530860877414291 ], [ -77.636415381646842, 39.531416877589265 ], [ -77.636127381766769, 39.53279387724497 ], [ -77.635972381956066, 39.536577878129464 ], [ -77.636236382445048, 39.539145878935663 ], [ -77.635833382038896, 39.541033879636153 ], [ -77.6363183824608, 39.542617880225393 ], [ -77.636449382880343, 39.543689880291517 ], [ -77.637622382317105, 39.546027880653469 ], [ -77.637532382803741, 39.546627879999789 ], [ -77.635922382625665, 39.551117881342385 ], [ -77.642702384893212, 39.552107881223009 ], [ -77.644882384983674, 39.551097881010321 ], [ -77.64630238608926, 39.552357880973702 ], [ -77.646192386484415, 39.553577881681647 ], [ -77.647052386825024, 39.554807881693172 ], [ -77.652042388091132, 39.552417880862855 ], [ -77.656562389003938, 39.551127880467256 ], [ -77.658532389930443, 39.550807880742298 ], [ -77.662482390930862, 39.550927880379184 ], [ -77.665622391819397, 39.550577880742573 ], [ -77.665922392293368, 39.551777880061877 ], [ -77.669352392711787, 39.553807880739981 ], [ -77.674592395121465, 39.554907881411225 ], [ -77.675522394883942, 39.554727881122346 ], [ -77.676072395603171, 39.554917880682488 ], [ -77.676692395744297, 39.555637880526689 ], [ -77.679772396358345, 39.557307880571969 ], [ -77.680512397048361, 39.559177881700997 ], [ -77.683532397387978, 39.558797881156906 ], [ -77.689992400886695, 39.567317882475741 ], [ -77.690161400042783, 39.568386882639729 ], [ -77.689408400730599, 39.570189883017228 ], [ -77.689470400654869, 39.571473883372214 ], [ -77.690067400331444, 39.571344883498639 ], [ -77.689993400711614, 39.570693883163628 ], [ -77.690153401443496, 39.570265883411274 ], [ -77.691512401551392, 39.568845882950221 ], [ -77.692452401359645, 39.568169882028052 ], [ -77.69416640219309, 39.568110881859177 ], [ -77.695742402035989, 39.568749882987206 ], [ -77.696125403248942, 39.568760882275583 ], [ -77.696702402834035, 39.568371882143829 ], [ -77.696834402180187, 39.567807882055511 ], [ -77.696612403320657, 39.567342882757167 ], [ -77.695261402710358, 39.566384881897733 ], [ -77.693252401425795, 39.564571881650444 ], [ -77.693110401135584, 39.563891881975032 ], [ -77.693590401534607, 39.563337881593888 ], [ -77.694659402112606, 39.562881881587174 ], [ -77.69550540220952, 39.562716881552234 ], [ -77.700542403331283, 39.562508881431448 ], [ -77.701470404342288, 39.562075880860355 ], [ -77.701567404426683, 39.561510880771408 ], [ -77.701382403580425, 39.560992880393719 ], [ -77.700777403507928, 39.560488880374535 ], [ -77.699225403056175, 39.560093881263676 ], [ -77.697101403042225, 39.559249880716493 ], [ -77.695922401961042, 39.558350880463735 ], [ -77.695945402425565, 39.557865880317379 ], [ -77.696417402428679, 39.557473880414186 ], [ -77.697197402403361, 39.557225880603397 ], [ -77.700173403260337, 39.557039880163401 ], [ -77.701979403256999, 39.557225880603397 ], [ -77.703175404056594, 39.557043879887679 ], [ -77.703748404342036, 39.556735880359007 ], [ -77.703816404114107, 39.556035880436646 ], [ -77.703493404073924, 39.555485880142982 ], [ -77.702822403879182, 39.554925879682912 ], [ -77.701047402946344, 39.554064879550559 ], [ -77.700612402753165, 39.553674879944047 ], [ -77.700677403050506, 39.5530278792153 ], [ -77.701199403282317, 39.55233987926519 ], [ -77.70228140338078, 39.549397878812414 ], [ -77.702617403839767, 39.548921878324343 ], [ -77.70316040398798, 39.548531878206006 ], [ -77.704026403278064, 39.548663878939088 ], [ -77.70702240512486, 39.550991878115092 ], [ -77.708253406084566, 39.551540878530282 ], [ -77.709855405866705, 39.551612878546337 ], [ -77.71042240540605, 39.551439878622261 ], [ -77.710473406357991, 39.551089878105266 ], [ -77.71025040587692, 39.550650878491091 ], [ -77.709676405766572, 39.550229878359822 ], [ -77.707923405473352, 39.549666878477865 ], [ -77.707010404530962, 39.549045877945282 ], [ -77.706852405245556, 39.548689877857399 ], [ -77.706690404863835, 39.546955877449179 ], [ -77.707003404858284, 39.546235877550821 ], [ -77.706925405040479, 39.544935877881308 ], [ -77.707471404663437, 39.544464877305558 ], [ -77.709192405169574, 39.543486877261088 ], [ -77.709390404637986, 39.543005876947824 ], [ -77.709424405871488, 39.542277876479304 ], [ -77.709766405279936, 39.541692876271782 ], [ -77.711660406038447, 39.540746876424819 ], [ -77.711834406115713, 39.54002187617003 ], [ -77.711612405459547, 39.539555876585013 ], [ -77.710797405324769, 39.539073875681915 ], [ -77.710061404832715, 39.539133875973882 ], [ -77.709724404548822, 39.53888087597295 ], [ -77.709473404478643, 39.538279875778372 ], [ -77.709811405485766, 39.537775875627538 ], [ -77.710281405839069, 39.537437875260558 ], [ -77.711982405355442, 39.536891875294415 ], [ -77.712453405533608, 39.536526875764103 ], [ -77.712507405960281, 39.536122875820901 ], [ -77.71167140501079, 39.535341875295579 ], [ -77.709430404820964, 39.534765875188036 ], [ -77.707036403571934, 39.533724875650627 ], [ -77.70623740333069, 39.532918874958376 ], [ -77.706198403870928, 39.532268874691134 ], [ -77.707026404424511, 39.53026587446697 ], [ -77.707651404588489, 39.529580874133693 ], [ -77.709449404189215, 39.529198874686294 ], [ -77.712095405333329, 39.52932787395843 ], [ -77.712700405405798, 39.529074874246987 ], [ -77.712799406038329, 39.528456873918422 ], [ -77.712514404734662, 39.527853873886109 ], [ -77.711575404751329, 39.527043873564239 ], [ -77.70897940383594, 39.525861873642341 ], [ -77.7047254030619, 39.524308873716819 ], [ -77.702671401571493, 39.522737873328609 ], [ -77.70121340172939, 39.520371872516293 ], [ -77.70119940058737, 39.5191828722878 ], [ -77.701700401801105, 39.517687872154632 ], [ -77.701332401555064, 39.517527871960922 ], [ -77.699792400798884, 39.517127872289713 ], [ -77.69910240033758, 39.517417872610139 ], [ -77.698262400088439, 39.518357872471093 ], [ -77.696822399789681, 39.519267872728456 ], [ -77.690362397189276, 39.517407872093514 ], [ -77.690100398146768, 39.51721987236953 ], [ -77.689611397526903, 39.517566872583473 ], [ -77.688918396692571, 39.517575873097229 ], [ -77.683832395167002, 39.516027872231831 ], [ -77.678132393348093, 39.515737872345362 ], [ -77.678072393073649, 39.51465787220318 ], [ -77.677182393494107, 39.512407872151847 ], [ -77.676996392822957, 39.51048787144525 ], [ -77.675014392200893, 39.507721870828348 ], [ -77.672152391146724, 39.50620787152684 ], [ -77.671092390789553, 39.505197871581956 ], [ -77.670195390639023, 39.503766870992244 ], [ -77.669844390111422, 39.501044869600165 ], [ -77.669631389676098, 39.500477870553297 ], [ -77.665622389124437, 39.502187870880633 ], [ -77.660513388032641, 39.503784870742372 ], [ -77.660282388053972, 39.503168871021401 ], [ -77.66054238744664, 39.500747870775349 ], [ -77.661852387150759, 39.496017868940719 ], [ -77.660222386881202, 39.485017867003016 ], [ -77.661782386830552, 39.483287866780977 ], [ -77.667212388312691, 39.482667866529987 ], [ -77.668412389310276, 39.482377866785427 ], [ -77.669692388877138, 39.481227866293381 ], [ -77.671482388980266, 39.478787865494233 ], [ -77.672972390406045, 39.477767865155691 ], [ -77.67469239018898, 39.47573786495289 ], [ -77.667702387859165, 39.473267864545555 ], [ -77.664672386575504, 39.472437864302186 ], [ -77.661122385608166, 39.472057864670965 ], [ -77.660492385421307, 39.471577864031516 ], [ -77.655742383456413, 39.472957865178707 ], [ -77.650562382219519, 39.472717865257103 ], [ -77.647312381726138, 39.472387865399952 ], [ -77.644212381020594, 39.472877865296837 ], [ -77.640522379412857, 39.472837865321409 ], [ -77.639332379359345, 39.473067865559521 ], [ -77.63547237787229, 39.472297866175872 ], [ -77.631562376156523, 39.472017865610958 ], [ -77.631252376535144, 39.471877865946105 ], [ -77.630692376668492, 39.471207865482533 ], [ -77.62832237481058, 39.470957865498974 ], [ -77.62665237525637, 39.471197865944227 ], [ -77.624692374375627, 39.472127865397688 ], [ -77.622812373860796, 39.472497865988551 ], [ -77.622152373536721, 39.472377866031238 ], [ -77.620142373325578, 39.471227865248224 ], [ -77.619572372514853, 39.470567865783586 ], [ -77.619042371887133, 39.470217865386886 ], [ -77.618622372660894, 39.470237865437142 ], [ -77.618032371758673, 39.47067786647586 ], [ -77.616175371708394, 39.470729865834755 ], [ -77.615374370919, 39.4704828661067 ], [ -77.61187637072851, 39.467840865519534 ], [ -77.610001369338264, 39.465951865646964 ], [ -77.609131368951893, 39.464728865541048 ], [ -77.607669368013504, 39.463925864885304 ], [ -77.605775368153317, 39.463628864936673 ], [ -77.604764367301627, 39.463099864448189 ], [ -77.604094367830129, 39.462110864901092 ], [ -77.603459366722092, 39.461542864530031 ], [ -77.60346936766615, 39.461017864538682 ], [ -77.602819366489484, 39.460024864771782 ], [ -77.60275836639012, 39.459784863936491 ], [ -77.603175367039967, 39.458400863850834 ], [ -77.602850367349959, 39.456252863483897 ], [ -77.601413365627607, 39.45471286346578 ], [ -77.599192365529262, 39.453470863056573 ], [ -77.595115363408908, 39.452244863533664 ], [ -77.59535636433165, 39.451381862709368 ], [ -77.595706364136021, 39.450848862494482 ], [ -77.598698363988206, 39.447471862412222 ], [ -77.598657364878662, 39.445597861879186 ], [ -77.598923365017427, 39.44464686089983 ], [ -77.59789436462242, 39.441468860232881 ], [ -77.596746364401696, 39.43952986031973 ], [ -77.596214363225826, 39.437470860066981 ], [ -77.59813236337547, 39.436578859408641 ], [ -77.598893363981887, 39.43586185963477 ], [ -77.599212363824122, 39.43526585882276 ], [ -77.599747364474723, 39.434839859147772 ], [ -77.601504364965891, 39.434130859243915 ], [ -77.6036313644546, 39.429551857797115 ], [ -77.599680363629261, 39.429141858481486 ], [ -77.597490362594741, 39.427737858769873 ], [ -77.598012363724891, 39.42701385825815 ], [ -77.597869363609732, 39.426650857363263 ], [ -77.590357360149767, 39.424964857879708 ], [ -77.581115357759472, 39.420728857648839 ], [ -77.580849357620679, 39.420352856760459 ], [ -77.581409357487331, 39.419106857022413 ], [ -77.581391357943986, 39.418695856616438 ], [ -77.58093335728627, 39.418209857107428 ], [ -77.579773357370001, 39.417851856289936 ], [ -77.578374357079127, 39.417173856759717 ], [ -77.579325356758019, 39.416029856269148 ], [ -77.580297357251638, 39.413827856205756 ], [ -77.581433357776788, 39.412571855415862 ], [ -77.575228355444509, 39.409744854922835 ], [ -77.573740354566851, 39.410546855600721 ], [ -77.571270354048153, 39.409532855630502 ], [ -77.569871353757293, 39.409419855754244 ], [ -77.569463353328274, 39.40971985552104 ], [ -77.567063353129782, 39.40879285577315 ], [ -77.565256351511593, 39.408869855258679 ], [ -77.564528352313758, 39.409841855487429 ], [ -77.564690351797168, 39.410416856499744 ], [ -77.564176351961265, 39.410933855931447 ], [ -77.564171351938398, 39.411510856501479 ], [ -77.563800351319315, 39.411820856728092 ], [ -77.562831351198739, 39.411662856095248 ], [ -77.561873350948844, 39.410666855943752 ], [ -77.561387350702034, 39.410444856048969 ], [ -77.559730350668289, 39.411476855980894 ], [ -77.559409350277917, 39.411529856642389 ], [ -77.55814134950829, 39.410847856891849 ], [ -77.555200348811425, 39.410535856935446 ], [ -77.553137347998486, 39.40999585622103 ], [ -77.552238348198131, 39.410150856057129 ], [ -77.550764347564183, 39.411116856432045 ], [ -77.549889347154959, 39.411347856651211 ], [ -77.548789347513136, 39.410336856932545 ], [ -77.545951345850085, 39.409423857036685 ], [ -77.544937345523678, 39.409694856804435 ], [ -77.543452345019077, 39.410602856665577 ], [ -77.539994343214929, 39.398051854606493 ], [ -77.52927333926948, 39.397599854561371 ], [ -77.528297339476239, 39.398165855162837 ], [ -77.525940338935442, 39.398184854774705 ], [ -77.525474338780114, 39.398072854869149 ], [ -77.523409338317379, 39.396755854328454 ], [ -77.520974337060494, 39.393290854423995 ], [ -77.520559336958769, 39.392269853508296 ], [ -77.520383336333353, 39.38714885271979 ], [ -77.519610336031377, 39.381345851672606 ], [ -77.519816335895712, 39.380210851800882 ], [ -77.513182333218026, 39.380075852340696 ], [ -77.509869332077145, 39.379578851630711 ], [ -77.508646332411686, 39.379566852367546 ], [ -77.506585332146898, 39.378986851730346 ], [ -77.506076331435565, 39.379022851895868 ], [ -77.505016331078409, 39.384030853204727 ], [ -77.504519331859242, 39.384834852699875 ], [ -77.503848330766218, 39.385416853633174 ], [ -77.501592330507762, 39.385855853402113 ], [ -77.500148330011029, 39.386498853348826 ], [ -77.498210329769904, 39.386444853323141 ], [ -77.496466329697526, 39.386087853066172 ], [ -77.495604328808767, 39.386191853790478 ], [ -77.494008328874415, 39.389003854705095 ], [ -77.492710327967544, 39.390588854249252 ], [ -77.491419327631704, 39.390431853836525 ], [ -77.488790326206029, 39.389246854259277 ], [ -77.48822732686466, 39.389587855057997 ], [ -77.486430326190515, 39.389754854719136 ], [ -77.486225326151114, 39.390051854488441 ], [ -77.485802325653481, 39.392033854760896 ], [ -77.487672327020874, 39.398899856317506 ], [ -77.488093326970372, 39.399278856469103 ], [ -77.492409328566993, 39.400774856747539 ], [ -77.492545329009431, 39.401000857261856 ], [ -77.492492328407664, 39.401886856429712 ], [ -77.490308328119241, 39.404503857317877 ], [ -77.488260327374931, 39.405574857982806 ], [ -77.487299327650277, 39.406646857657222 ], [ -77.478833325036689, 39.411980858611741 ], [ -77.477604324625133, 39.412402859502208 ], [ -77.473951323725643, 39.412616859987544 ], [ -77.47227032250413, 39.41005285856059 ], [ -77.470337321387561, 39.408018859043324 ], [ -77.468319321678791, 39.40655285876575 ], [ -77.466071320019623, 39.405368859044259 ], [ -77.463831319654716, 39.404587858889947 ], [ -77.461752319846582, 39.404131858659163 ], [ -77.450773316158276, 39.402889858730163 ], [ -77.447866314898278, 39.402361858706698 ], [ -77.444677313605936, 39.401292859207203 ], [ -77.44015731179482, 39.399367858154953 ], [ -77.437123311211522, 39.398665857692187 ], [ -77.438320310937712, 39.393594857034003 ], [ -77.44069131172219, 39.389162856428989 ], [ -77.442042311434179, 39.387578856196832 ], [ -77.444054312193472, 39.37987385398786 ], [ -77.44748131223885, 39.37770885396511 ], [ -77.447676313130842, 39.377455854011849 ], [ -77.446721312355649, 39.374754852433689 ], [ -77.445682312813204, 39.372909852728839 ], [ -77.444584311922895, 39.372869852976272 ], [ -77.444428312287286, 39.373143853009744 ], [ -77.444514312501013, 39.373758852332394 ], [ -77.444026311706054, 39.37423085319233 ], [ -77.442908311622588, 39.374856852788177 ], [ -77.44231431052242, 39.374999853578871 ], [ -77.441990311555642, 39.375347853444147 ], [ -77.441565311408198, 39.37542985343925 ], [ -77.441176311245783, 39.375791853028602 ], [ -77.440158310721401, 39.3756718531003 ], [ -77.439882310536888, 39.37511185302241 ], [ -77.437362309789478, 39.374769853761457 ], [ -77.434582308751061, 39.374731853585843 ], [ -77.433728309156564, 39.375111853716831 ], [ -77.433204309274899, 39.375813853675872 ], [ -77.433063308809594, 39.376335853680999 ], [ -77.432631308091146, 39.376577854367866 ], [ -77.431493307916185, 39.376522854380134 ], [ -77.431118307997465, 39.376104853473763 ], [ -77.430474308465222, 39.375896853751463 ], [ -77.430876308148129, 39.374253853594027 ], [ -77.430763308170242, 39.374023853402221 ], [ -77.428330307461437, 39.373183853299729 ], [ -77.427269306381064, 39.373128853415871 ], [ -77.426943306866121, 39.373545853424069 ], [ -77.425387305318125, 39.373111853872267 ], [ -77.425132305948296, 39.373638853770665 ], [ -77.425288306482216, 39.373935853376004 ], [ -77.424963305893911, 39.374352854119628 ], [ -77.425224306009795, 39.375027853456629 ], [ -77.425119305529492, 39.375379853639991 ], [ -77.424652305549273, 39.376049854502149 ], [ -77.424054306047779, 39.376445854602181 ], [ -77.423527305793087, 39.377916854538036 ], [ -77.422799305696955, 39.378316854752605 ], [ -77.421886304754565, 39.377745854696535 ], [ -77.421497304592151, 39.376817855069852 ], [ -77.42166730447147, 39.376230854312837 ], [ -77.422488305352331, 39.375253854042676 ], [ -77.422402304240279, 39.374939854001454 ], [ -77.421108304429708, 39.374050853711587 ], [ -77.420273305101759, 39.373808853987001 ], [ -77.419990304346243, 39.374115853847641 ], [ -77.420004303691641, 39.3745008536265 ], [ -77.420415304493659, 39.375329854499341 ], [ -77.419913304353358, 39.375686854925434 ], [ -77.419552304678319, 39.376268854366955 ], [ -77.419312304478808, 39.376251854893532 ], [ -77.419163304515891, 39.375873854585372 ], [ -77.41919230392989, 39.375110853772185 ], [ -77.417033303755815, 39.373583853550791 ], [ -77.417536303721064, 39.371650854022619 ], [ -77.416539303113112, 39.371213853801443 ], [ -77.414744302088778, 39.37126985380462 ], [ -77.414728302195257, 39.370688853671084 ], [ -77.415593302558733, 39.369801852768276 ], [ -77.415847303001954, 39.369734853433975 ], [ -77.416399302472684, 39.369985853552961 ], [ -77.416865302628011, 39.36999485302028 ], [ -77.417487303317273, 39.369816853771312 ], [ -77.417869303807009, 39.369487852513629 ], [ -77.417954303297492, 39.368993852913057 ], [ -77.416971302933234, 39.367181852913504 ], [ -77.417183302645341, 39.36657785265119 ], [ -77.417714303097995, 39.366039852116629 ], [ -77.417615303363789, 39.365117852298084 ], [ -77.41673530293167, 39.364562852087076 ], [ -77.425944304811708, 39.348710848605251 ], [ -77.427758305204293, 39.350497848697742 ], [ -77.429703306016435, 39.35319084939033 ], [ -77.432161306839546, 39.358469849820978 ], [ -77.435299308078257, 39.360354851129614 ], [ -77.432838307780386, 39.363223851395681 ], [ -77.434145308009761, 39.36426585150658 ], [ -77.434868308083026, 39.364599851451288 ], [ -77.436373308679123, 39.363481850692992 ], [ -77.437700308999965, 39.362841850917512 ], [ -77.442066309926986, 39.361418850606931 ], [ -77.443363311008937, 39.360811850063008 ], [ -77.450685313599777, 39.366268851451515 ], [ -77.455737314790156, 39.364693850611189 ], [ -77.4601743167606, 39.363635850976834 ], [ -77.463535316683775, 39.362354849645513 ], [ -77.464543318060706, 39.361393849168039 ], [ -77.468688318156495, 39.355407848340469 ], [ -77.469979318492307, 39.352469847515799 ], [ -77.469945319055455, 39.350451847520731 ], [ -77.472455318858792, 39.3468708461643 ], [ -77.481694320876059, 39.337118843713753 ], [ -77.48843832315859, 39.329709842285261 ], [ -77.488805322681401, 39.329111842704179 ], [ -77.488982323131722, 39.328487842251093 ], [ -77.488947322971612, 39.327582841828267 ], [ -77.488129322463791, 39.325411842328933 ], [ -77.488288322472442, 39.321448840749923 ], [ -77.48839232312784, 39.321178840967143 ], [ -77.490819323090506, 39.318796840415267 ], [ -77.491040323023455, 39.318229840549499 ], [ -77.489621322641085, 39.307732837917655 ], [ -77.487672321630995, 39.302684836876281 ], [ -77.487325320403031, 39.302293837239183 ], [ -77.488403321201844, 39.301385836936859 ], [ -77.48984532115044, 39.300694836437188 ], [ -77.490375321778174, 39.300158836123316 ], [ -77.49050332182469, 39.29973283592188 ], [ -77.490308320932712, 39.298192835542793 ], [ -77.489762321309769, 39.296975835967956 ], [ -77.489537321178858, 39.294942835549598 ], [ -77.488248320492843, 39.287653834220102 ], [ -77.488955320672588, 39.286341833691971 ], [ -77.488797320488857, 39.286151834140874 ], [ -77.48900932020095, 39.286299833411071 ], [ -77.489884320610173, 39.286079833349305 ], [ -77.491627321755971, 39.284678832908455 ], [ -77.492882321208484, 39.2844318331586 ], [ -77.493667322104343, 39.283408832923243 ], [ -77.493975321177615, 39.282714832675268 ], [ -77.494036321276965, 39.282104832610273 ], [ -77.492620321267651, 39.279321832388533 ], [ -77.492259320694316, 39.276670831493803 ], [ -77.493806321123202, 39.274268831414552 ], [ -77.493765321115333, 39.273543830810027 ], [ -77.494089321878732, 39.272824831152469 ], [ -77.495448321986657, 39.271648830231577 ], [ -77.493510320847193, 39.270467830183108 ], [ -77.492220320336259, 39.269387830211215 ], [ -77.488402318682006, 39.267052829888414 ], [ -77.487451319003114, 39.265661829155952 ], [ -77.48540431808371, 39.263878829271732 ], [ -77.480246315689811, 39.261439829194202 ], [ -77.477375315313125, 39.259851828413325 ], [ -77.479919315451653, 39.252110826732697 ], [ -77.482779315957686, 39.24996882660907 ], [ -77.483584316945041, 39.250549826816645 ], [ -77.484017316590084, 39.250647826888489 ], [ -77.477082314511833, 39.245154826259153 ], [ -77.475468313237499, 39.243598826038877 ], [ -77.477834313999111, 39.242838825867558 ], [ -77.478229314907651, 39.243174825018123 ], [ -77.478554314597659, 39.243228825812338 ], [ -77.478702314735656, 39.242992825359124 ], [ -77.478660314902854, 39.242555825274273 ], [ -77.480334315553364, 39.241177825317145 ], [ -77.481137315992569, 39.241860825577909 ], [ -77.482451315894636, 39.243820825377099 ], [ -77.484020316963139, 39.245010825220184 ], [ -77.484733316092345, 39.246059825963165 ], [ -77.487057317919479, 39.247479826634176 ], [ -77.487488317914696, 39.247606825935783 ], [ -77.487410318096892, 39.247249826081095 ], [ -77.487573318303518, 39.247205825949813 ], [ -77.488293318003741, 39.247797826035566 ], [ -77.490540318939694, 39.249119826316921 ], [ -77.496238320210452, 39.251061826063903 ], [ -77.49857532155805, 39.251617826615522 ], [ -77.50104932227471, 39.251823826111035 ], [ -77.504213322554349, 39.252318826790784 ], [ -77.505572323560557, 39.252261826498447 ], [ -77.5090793248702, 39.252842826489719 ], [ -77.510670324781728, 39.253263825910643 ], [ -77.515405327576303, 39.255787827262793 ], [ -77.519291328104316, 39.257245827177258 ], [ -77.520059328383425, 39.257646826788459 ], [ -77.520626328821095, 39.258420827504949 ], [ -77.524708330065977, 39.259850826819864 ], [ -77.527125331779558, 39.260411827509031 ], [ -77.528982330931512, 39.260561827289706 ], [ -77.530973331774405, 39.261109827543812 ], [ -77.533587333131464, 39.262427827274962 ], [ -77.534591333412124, 39.262577827610393 ], [ -77.536434334117004, 39.263335827780708 ], [ -77.538680335228022, 39.26471482787391 ], [ -77.539345334676653, 39.264934828264693 ], [ -77.539724334793348, 39.264734827748249 ], [ -77.540182335451078, 39.26489482792887 ], [ -77.543504336812774, 39.26729982762614 ], [ -77.543869336685745, 39.268023828069886 ], [ -77.544181336855303, 39.269646828121388 ], [ -77.545503337153292, 39.271299828619362 ], [ -77.546473337098774, 39.272235828265472 ] ], [ [ -77.381747306919081, 39.614546902805422 ], [ -77.384067307649943, 39.614207903603919 ], [ -77.396385312252974, 39.615406902662833 ], [ -77.396908312309719, 39.615755902404871 ], [ -77.398505312967302, 39.617829903583569 ], [ -77.401036313585365, 39.619707904185056 ], [ -77.407028315482307, 39.622525903842579 ], [ -77.411585317103359, 39.623705904501833 ], [ -77.410734316983579, 39.625878904016673 ], [ -77.410653317691029, 39.635567906348854 ], [ -77.410946317593996, 39.635519906601957 ], [ -77.411847317942488, 39.634602906006407 ], [ -77.414450318530584, 39.632857905535054 ], [ -77.416219319615635, 39.631107905303594 ], [ -77.416781319132113, 39.630165904592012 ], [ -77.418153318760488, 39.626844904759878 ], [ -77.418523318656341, 39.625138904073282 ], [ -77.420253320281645, 39.624853904027248 ], [ -77.422021320643466, 39.623851903680723 ], [ -77.422136320271193, 39.623320903569223 ], [ -77.42170031935477, 39.622441903823642 ], [ -77.422035319988851, 39.621617903471154 ], [ -77.423148320049449, 39.621056903886235 ], [ -77.424928321005154, 39.620736903098901 ], [ -77.426306321379641, 39.620303903023014 ], [ -77.426372321501873, 39.617428902995194 ], [ -77.427469321668951, 39.617077902832357 ], [ -77.427731321609784, 39.616428902280909 ], [ -77.428413321675166, 39.615872901892878 ], [ -77.42882332175401, 39.615253901889979 ], [ -77.428254320768218, 39.613734901621299 ], [ -77.429272321292572, 39.612007901557938 ], [ -77.429261321421919, 39.609445900386703 ], [ -77.428948321427455, 39.609136901085783 ], [ -77.427840321389723, 39.608737900069428 ], [ -77.426743321222645, 39.60799289994366 ], [ -77.424999320251942, 39.60732989973733 ], [ -77.429576321066179, 39.600824898692906 ], [ -77.430717321614196, 39.598778898803424 ], [ -77.431504322159881, 39.596510897777833 ], [ -77.432109321334053, 39.593519898036526 ], [ -77.434436321737607, 39.586910895252963 ], [ -77.435452321713854, 39.583424895105765 ], [ -77.434877321778572, 39.582738895004454 ], [ -77.43391232095766, 39.582652895013297 ], [ -77.434078321537328, 39.58455389522554 ], [ -77.430271320652025, 39.585272895063234 ], [ -77.429088320271234, 39.585311895699043 ], [ -77.424156318731448, 39.584797896102096 ], [ -77.418168317032482, 39.585937896031062 ], [ -77.414627315387634, 39.585471896107322 ], [ -77.404700312558887, 39.586511897025403 ], [ -77.400957311247709, 39.587843897886337 ], [ -77.399946311294343, 39.588818898018935 ], [ -77.398906311028682, 39.590210897870293 ], [ -77.39793331071013, 39.592033898542908 ], [ -77.394955310203329, 39.596663899130945 ], [ -77.393898309320903, 39.597993899600368 ], [ -77.393502309485783, 39.599038900396039 ], [ -77.380171305279561, 39.589462898896151 ], [ -77.372049301724232, 39.584664897969482 ], [ -77.372164302250297, 39.585773897939561 ], [ -77.372616302161887, 39.586671898124429 ], [ -77.372916302635858, 39.588120897985839 ], [ -77.374774303409382, 39.591121899204545 ], [ -77.375748304451136, 39.593397899564245 ], [ -77.376226304302008, 39.595947899837725 ], [ -77.377551304074743, 39.599460900637084 ], [ -77.381639306964033, 39.614264903340782 ], [ -77.381747306919081, 39.614546902805422 ] ], [ [ -77.763482428030201, 39.626517892051311 ], [ -77.759432425674049, 39.62599789152992 ], [ -77.758352426123707, 39.625647891733038 ], [ -77.756962425155351, 39.624737891863667 ], [ -77.756022424448787, 39.623367891183143 ], [ -77.755752425010371, 39.622187891679609 ], [ -77.756172425134935, 39.618277890150587 ], [ -77.755882423808387, 39.617587889501031 ], [ -77.754592424195764, 39.615607889703931 ], [ -77.75444242350963, 39.614147889370535 ], [ -77.755222423484298, 39.612827889713778 ], [ -77.755162423209853, 39.61216788875123 ], [ -77.754072423613763, 39.61008788867948 ], [ -77.753452423472666, 39.609607888732072 ], [ -77.752345423259825, 39.609082888958497 ], [ -77.753412423289703, 39.608237888226363 ], [ -77.754407423349534, 39.606392887210383 ], [ -77.750962422862486, 39.606347888242603 ], [ -77.739982419349275, 39.605167887877393 ], [ -77.736172417192606, 39.605057888326087 ], [ -77.729244414787061, 39.605305888678039 ], [ -77.729217415921198, 39.608437889798076 ], [ -77.729614415581239, 39.60983688943351 ], [ -77.730822416076393, 39.612477889745811 ], [ -77.7308924163966, 39.613797890540106 ], [ -77.730100415828034, 39.616890890747797 ], [ -77.730082416284688, 39.619067892115687 ], [ -77.727962416468685, 39.624087892043548 ], [ -77.733832418166898, 39.626707892717342 ], [ -77.735042418311878, 39.628107893046362 ], [ -77.737982419183879, 39.62973789306384 ], [ -77.738332418988222, 39.630147892647798 ], [ -77.738583419058372, 39.631047893271074 ], [ -77.738419419925179, 39.632112893804916 ], [ -77.73638741907439, 39.63514589443286 ], [ -77.735892418606767, 39.637077894842655 ], [ -77.736882419542027, 39.636587894652827 ], [ -77.741562421186742, 39.635087894236513 ], [ -77.745522422232895, 39.634197893879978 ], [ -77.758692425882344, 39.630277892784761 ], [ -77.760902427008332, 39.629097892113585 ], [ -77.762192427519281, 39.627977892291376 ], [ -77.763482428030201, 39.626517892051311 ] ], [ [ -77.722022416246887, 39.65060789740712 ], [ -77.721472415527671, 39.65138789762176 ], [ -77.720202415108233, 39.652547898335357 ], [ -77.719142414751076, 39.65304789850682 ], [ -77.717782414818259, 39.653237898232319 ], [ -77.716502414353073, 39.653057898832976 ], [ -77.714312413318538, 39.652357898096611 ], [ -77.707820411829417, 39.649752897968533 ], [ -77.707102411779005, 39.649647898097243 ], [ -77.705612410353211, 39.649837898867403 ], [ -77.700472409299294, 39.651567898602856 ], [ -77.69940240889639, 39.651657898571855 ], [ -77.692912406158754, 39.651287898795459 ], [ -77.688802405324779, 39.651497899621866 ], [ -77.68866240558269, 39.652297899660091 ], [ -77.689122405890217, 39.65536790014535 ], [ -77.689072405661506, 39.656517899950913 ], [ -77.688632406343771, 39.657827900563419 ], [ -77.689322405906751, 39.658647901071745 ], [ -77.699802409827768, 39.661307901147822 ], [ -77.704802411139624, 39.662377900942872 ], [ -77.707822412377539, 39.663937901483528 ], [ -77.712037413691831, 39.66573490178439 ], [ -77.719376416001126, 39.670144901322907 ], [ -77.719042415191964, 39.66655790085516 ], [ -77.720772416817269, 39.666907901082702 ], [ -77.7238014173777, 39.668120901414284 ], [ -77.725251417722205, 39.668466901124205 ], [ -77.725131418071626, 39.668563901049701 ], [ -77.725355418377603, 39.668660901530465 ], [ -77.725548417823106, 39.668553901584104 ], [ -77.72712241891449, 39.668913901487805 ], [ -77.727441418756726, 39.669196901410892 ], [ -77.726882417816654, 39.66961790133346 ], [ -77.726302418756845, 39.670776901873992 ], [ -77.72666341933018, 39.67132190185319 ], [ -77.727622418506698, 39.671314901607964 ], [ -77.729927419168945, 39.669689901738394 ], [ -77.733830420313708, 39.670467901270058 ], [ -77.734203420582602, 39.669499900910949 ], [ -77.734073420886261, 39.669326900747585 ], [ -77.734169421145708, 39.669086901302386 ], [ -77.723162416071702, 39.654087899092104 ], [ -77.722232416309183, 39.652427898281758 ], [ -77.72194241588096, 39.651207897555267 ], [ -77.722022416246887, 39.65060789740712 ] ], [ [ -77.714972412744302, 39.639497896361021 ], [ -77.712152412421233, 39.639007896021049 ], [ -77.705052409588248, 39.635207895328506 ], [ -77.703022409285609, 39.633617894923972 ], [ -77.702212408275415, 39.632677895282519 ], [ -77.701331408916701, 39.631238894368032 ], [ -77.698785407331698, 39.632723894826228 ], [ -77.695815406322481, 39.63204989526438 ], [ -77.693819406355047, 39.631861894864059 ], [ -77.693501405439406, 39.632076895140116 ], [ -77.693396405857428, 39.633353895725783 ], [ -77.693243405696563, 39.633528895380216 ], [ -77.691079404601282, 39.634179896130185 ], [ -77.690805404964905, 39.634480895514102 ], [ -77.690127405097471, 39.63651889675868 ], [ -77.690105404457867, 39.636976896431598 ], [ -77.690616404819025, 39.637991896257653 ], [ -77.690522405107686, 39.638501896900067 ], [ -77.690023404442101, 39.63870389742236 ], [ -77.68932640430809, 39.638656896702841 ], [ -77.6873714034502, 39.63787189653663 ], [ -77.686896403972369, 39.637869896585642 ], [ -77.685973403882556, 39.638651896536089 ], [ -77.687664404251478, 39.640528896924771 ], [ -77.687652404555905, 39.640771897461775 ], [ -77.687398404112699, 39.640979897163426 ], [ -77.684165403337772, 39.64207689770479 ], [ -77.683582403904907, 39.642590897598168 ], [ -77.690662405748085, 39.642317897130582 ], [ -77.705212410320144, 39.642107896782484 ], [ -77.713872413102493, 39.643137896237235 ], [ -77.716292413392466, 39.640097896072746 ], [ -77.714972412744302, 39.639497896361021 ] ] ], [ [ [ -77.63138336617493, 39.307773832774743 ], [ -77.629851365814645, 39.312691834025905 ], [ -77.628546366133421, 39.313923834682591 ], [ -77.62825936607824, 39.314435833782632 ], [ -77.627944365535654, 39.314436833900736 ], [ -77.62829336641343, 39.315680834921039 ], [ -77.62827536597176, 39.316191834275379 ], [ -77.627934365489921, 39.319228835375242 ], [ -77.627469366057824, 39.321605835732839 ], [ -77.627595366454528, 39.323436836182921 ], [ -77.627367365950562, 39.324449836211862 ], [ -77.626676366562677, 39.32544783675332 ], [ -77.625055365615623, 39.326794837530663 ], [ -77.623587364829461, 39.325813836693108 ], [ -77.622564365180537, 39.325349837063371 ], [ -77.617286363136046, 39.323744836420047 ], [ -77.615699362524168, 39.322251836580499 ], [ -77.614784361931967, 39.319633836219388 ], [ -77.614483361633091, 39.319176835556888 ], [ -77.613595361703375, 39.318437835457075 ], [ -77.611699361295024, 39.317453836021386 ], [ -77.607200359400323, 39.320006836274736 ], [ -77.606029359613373, 39.318569835726883 ], [ -77.604785358234892, 39.318211835922554 ], [ -77.604956358837413, 39.317778836001956 ], [ -77.60236735759473, 39.315559835883413 ], [ -77.597126356258457, 39.315163835358447 ], [ -77.596850356073929, 39.31496683540847 ], [ -77.596856355921702, 39.314154835474824 ], [ -77.594683354605621, 39.31379883557269 ], [ -77.5942223553715, 39.313584835126811 ], [ -77.593208355045093, 39.313584835126811 ], [ -77.59234835470447, 39.313132835249192 ], [ -77.591703354448995, 39.31332383538917 ], [ -77.590843354108372, 39.313251835434023 ], [ -77.59047435403744, 39.312776835012158 ], [ -77.589616353346642, 39.312549835116023 ], [ -77.589603353826149, 39.312254834790544 ], [ -77.590305353983041, 39.31118283474202 ], [ -77.589313353397927, 39.31087483479785 ], [ -77.589025352619544, 39.310535834370739 ], [ -77.589577352988584, 39.30959383523961 ], [ -77.589616353346642, 39.308891835060798 ], [ -77.589988353790645, 39.30798083422895 ], [ -77.589915353995707, 39.307501834691237 ], [ -77.589394353588801, 39.307417834466342 ], [ -77.58882335295317, 39.307631834310925 ], [ -77.588469352950838, 39.308002833988155 ], [ -77.588021353237181, 39.309029835052037 ], [ -77.586827352087397, 39.309359834803999 ], [ -77.58666535170569, 39.309248834403974 ], [ -77.586556352824061, 39.308557835073728 ], [ -77.585996352059098, 39.308369834354885 ], [ -77.585527352429054, 39.307414833811002 ], [ -77.582990351064879, 39.303523834121393 ], [ -77.588779352572232, 39.301598833374577 ], [ -77.592622353442536, 39.301208833539377 ], [ -77.593979353900622, 39.301279833066943 ], [ -77.595732355092139, 39.301646832541095 ], [ -77.597244355360914, 39.301651832655132 ], [ -77.599194356195937, 39.301892833140009 ], [ -77.603575357191573, 39.30275883298124 ], [ -77.606268358191357, 39.303767832448294 ], [ -77.606960358302487, 39.303689832847716 ], [ -77.607327358723609, 39.303426833188482 ], [ -77.607384358624998, 39.303184832840465 ], [ -77.607949358514546, 39.303140833066422 ], [ -77.607942357943514, 39.302899832707723 ], [ -77.608359358593347, 39.303014832486255 ], [ -77.608733358687161, 39.302453832975878 ], [ -77.610669360176786, 39.302601832547339 ], [ -77.610061359731247, 39.302749833196124 ], [ -77.610033359243843, 39.302870832141309 ], [ -77.611298359640401, 39.303413833081905 ], [ -77.612259360263366, 39.303325832403893 ], [ -77.612817359581882, 39.302880832889322 ], [ -77.61369336071435, 39.302704832862901 ], [ -77.614908360882225, 39.302742832590106 ], [ -77.61591236116287, 39.302555832526188 ], [ -77.617954362059393, 39.303130832355627 ], [ -77.619651362276088, 39.303859832952654 ], [ -77.621641363294088, 39.304390832117925 ], [ -77.622527363573994, 39.304840832345064 ], [ -77.624823364015398, 39.305145833070561 ], [ -77.626618365039704, 39.305810832710627 ], [ -77.628271364875488, 39.306096832348899 ], [ -77.630771366429727, 39.30764983262452 ], [ -77.63138336617493, 39.307773832774743 ] ] ], [ [ [ -77.42094930711599, 39.412569861458266 ], [ -77.414703304775841, 39.41399286152572 ], [ -77.413903304709677, 39.412875862138456 ], [ -77.412870304116694, 39.412408862210093 ], [ -77.410574303675276, 39.412828861701669 ], [ -77.40617730188778, 39.412663861955288 ], [ -77.405375302171819, 39.412895862698662 ], [ -77.40349830203003, 39.413007862398288 ], [ -77.403697302221673, 39.414792862476325 ], [ -77.404278302004712, 39.415515862879793 ], [ -77.400550300762148, 39.417346862755949 ], [ -77.397686300058155, 39.418318863479321 ], [ -77.3965203002941, 39.41893286371117 ], [ -77.39516829896057, 39.420034864672886 ], [ -77.394120299197297, 39.421674864009177 ], [ -77.39324429896314, 39.42228986448125 ], [ -77.391858299091055, 39.422832864906134 ], [ -77.390143298432676, 39.424117864955299 ], [ -77.385082296123173, 39.426916866320568 ], [ -77.383138296034247, 39.427813866591208 ], [ -77.382013296278075, 39.427897865753778 ], [ -77.381682295841969, 39.428068866883329 ], [ -77.379940295419416, 39.432471867188227 ], [ -77.379041294720722, 39.433470867421029 ], [ -77.378542294953434, 39.432886866776748 ], [ -77.378351294259431, 39.431810867455901 ], [ -77.379018295154495, 39.430086866671083 ], [ -77.37940329422068, 39.426891866137566 ], [ -77.379015294781468, 39.425639865847323 ], [ -77.378491294001506, 39.424887865761264 ], [ -77.377784293821747, 39.424414865520646 ], [ -77.37727429418382, 39.424337865855392 ], [ -77.375801293374778, 39.424871865567894 ], [ -77.371759292312859, 39.425937866081703 ], [ -77.371197291898071, 39.427239866018581 ], [ -77.370204291488051, 39.428256866890315 ], [ -77.368905291654599, 39.428981866843699 ], [ -77.367603290549781, 39.429195867085888 ], [ -77.366377290511295, 39.428476867213952 ], [ -77.365485290383603, 39.427379866645012 ], [ -77.364311290223625, 39.426406866780354 ], [ -77.363117289073841, 39.424914865818941 ], [ -77.36279928995485, 39.424305865906398 ], [ -77.362217289448566, 39.42150686584781 ], [ -77.362202288481626, 39.420852866075521 ], [ -77.362654289291569, 39.419244864952994 ], [ -77.362575288750548, 39.417706864835488 ], [ -77.362412289442233, 39.417361865337547 ], [ -77.362758289048642, 39.415939863994915 ], [ -77.362714288667703, 39.414379863550003 ], [ -77.363066289020225, 39.41211786319046 ], [ -77.363321288390026, 39.411771863681857 ], [ -77.363823288530369, 39.411557863379102 ], [ -77.36491128847662, 39.40889486329403 ], [ -77.365661289212383, 39.408059863111085 ], [ -77.365657289014436, 39.407583862681811 ], [ -77.366141288713081, 39.406834862000977 ], [ -77.365657289014436, 39.403502861339163 ], [ -77.3656202892045, 39.401421861172523 ], [ -77.365336289522375, 39.400823861685048 ], [ -77.365421288114561, 39.400219861643926 ], [ -77.365806288977339, 39.399322860998183 ], [ -77.366524289027751, 39.398558860767643 ], [ -77.366960289045835, 39.398717860848222 ], [ -77.367273289040284, 39.398401860935017 ], [ -77.372251290610805, 39.400614860388167 ], [ -77.377919292642659, 39.402474860996236 ], [ -77.380088293760778, 39.403058861040421 ], [ -77.38225429450587, 39.403046861649763 ], [ -77.383212294755765, 39.403437861500201 ], [ -77.383904294866895, 39.404247861521377 ], [ -77.386319296032326, 39.404553861240601 ], [ -77.389081296629058, 39.404564861543456 ], [ -77.391793296997108, 39.404266860864794 ], [ -77.396926299276643, 39.403020860302071 ], [ -77.398687299965758, 39.40233786037755 ], [ -77.399587299591047, 39.402321860561351 ], [ -77.409349302563342, 39.399861859387585 ], [ -77.410335302402345, 39.402425859301054 ], [ -77.412022304369955, 39.40590686049029 ], [ -77.411789303843136, 39.407763861050597 ], [ -77.413730304457317, 39.407928860593145 ], [ -77.415636304911402, 39.40857986106213 ], [ -77.421295306722413, 39.410583861130533 ], [ -77.420901306537104, 39.411300860736745 ], [ -77.422084307816235, 39.411373861834775 ], [ -77.42094930711599, 39.412569861458266 ] ] ], [ [ [ -77.4587193199865, 39.429773863456525 ], [ -77.45308231791681, 39.429433864008864 ], [ -77.449983317036171, 39.430362864448625 ], [ -77.448714316441638, 39.430400864162593 ], [ -77.44827831642354, 39.428665863909522 ], [ -77.449100316231025, 39.427745863395174 ], [ -77.449308316643467, 39.427191863578145 ], [ -77.448860316929839, 39.42597486344188 ], [ -77.447914315477178, 39.424880862814767 ], [ -77.44782231631396, 39.424223862977541 ], [ -77.450874317338929, 39.41850386197887 ], [ -77.450914316623582, 39.418204861165933 ], [ -77.459281318604653, 39.419107861194369 ], [ -77.461279320018562, 39.419467861813054 ], [ -77.463722320773087, 39.420509861305526 ], [ -77.47193932296635, 39.424774861628215 ], [ -77.474390325015094, 39.425507862444199 ], [ -77.478924326171608, 39.426041861518577 ], [ -77.478832326110094, 39.426442862600858 ], [ -77.478623325872718, 39.426577862548179 ], [ -77.476201325034623, 39.426847862352076 ], [ -77.476251325263334, 39.427198862129096 ], [ -77.475809325397449, 39.428166863340635 ], [ -77.474339324063152, 39.429285863061637 ], [ -77.466345322350975, 39.431282863715573 ], [ -77.465833322164897, 39.431592864133741 ], [ -77.463870321809395, 39.433420864116869 ], [ -77.459510320730146, 39.430010863410658 ], [ -77.4587193199865, 39.429773863456525 ] ] ], [ [ [ -77.247669201695643, 38.546745693112726 ], [ -77.24674120158295, 38.548069693348054 ], [ -77.240675200066164, 38.554274694865846 ], [ -77.231814197442347, 38.562440696264787 ], [ -77.222084194257107, 38.562396696723823 ], [ -77.186647185231195, 38.602559706357518 ], [ -77.184588185514542, 38.604245706280565 ], [ -77.182307184243427, 38.605651706723421 ], [ -77.177044183165862, 38.607812707227019 ], [ -77.172992182058195, 38.608887707747911 ], [ -77.169281180534057, 38.609609707946937 ], [ -77.165695179581689, 38.609825708453478 ], [ -77.161092178828198, 38.609622708905754 ], [ -77.160884178415742, 38.609732708393096 ], [ -77.148152173535905, 38.609612708816385 ], [ -77.140942171996386, 38.613565709369034 ], [ -77.134346169851838, 38.615602710662102 ], [ -77.12928316879082, 38.620155712185195 ], [ -77.123914167408032, 38.623988712787522 ], [ -77.116705165693418, 38.627702713989905 ], [ -77.114864164638334, 38.630458713946993 ], [ -77.113943165096657, 38.636807716194035 ], [ -77.114404166127443, 38.645553717163736 ], [ -77.116705166591728, 38.649267718789083 ], [ -77.118545167821878, 38.657893719739079 ], [ -77.120233168716084, 38.669155722411432 ], [ -77.117932168251784, 38.674905723515693 ], [ -77.112870167913968, 38.677181723924186 ], [ -77.109035165642965, 38.683891725520127 ], [ -77.101518164855065, 38.68892272631507 ], [ -77.090933160453758, 38.691798727728028 ], [ -77.082956159358332, 38.693235728373971 ], [ -77.078465157859497, 38.693781728367483 ], [ -77.086393160347768, 38.706234731591621 ], [ -77.084853159591574, 38.706808730774291 ], [ -77.084142160112194, 38.706841730615345 ], [ -77.083246159786583, 38.707124731579349 ], [ -77.080006158440611, 38.708954731826012 ], [ -77.080218159051043, 38.709994731906967 ], [ -77.080832158446043, 38.710390731675908 ], [ -77.080802159207124, 38.711132731939898 ], [ -77.079870158896483, 38.712087732139224 ], [ -77.079805158599171, 38.712702732560416 ], [ -77.07923415796354, 38.713059732908029 ], [ -77.078200158443963, 38.713416732173677 ], [ -77.077476158545807, 38.713470733350512 ], [ -77.077270157783147, 38.71339973224913 ], [ -77.077376158088342, 38.713328733180006 ], [ -77.077173157698752, 38.71312073187805 ], [ -77.075457157215482, 38.712796732432203 ], [ -77.07513415807361, 38.712610733073291 ], [ -77.074306157520027, 38.712909732725862 ], [ -77.07414315641509, 38.712795732881624 ], [ -77.074115156825997, 38.7122157325432 ], [ -77.074257157116236, 38.711992732474286 ], [ -77.073692157226702, 38.711569732227112 ], [ -77.073159157124238, 38.710818732584833 ], [ -77.072331155672359, 38.710305732620228 ], [ -77.07143515624503, 38.709988732265366 ], [ -77.069082155003883, 38.710089732124132 ], [ -77.061794153646545, 38.709817732803806 ], [ -77.059271152526094, 38.709955733175903 ], [ -77.059172151893577, 38.710070732931989 ], [ -77.057796152067226, 38.7099057326147 ], [ -77.056510151754253, 38.710223732924135 ], [ -77.053547151316067, 38.7098097325607 ], [ -77.052899150687551, 38.710019732160816 ], [ -77.051898149881623, 38.711094732702946 ], [ -77.048317148952151, 38.712814733452419 ], [ -77.046973148912841, 38.71399973328478 ], [ -77.046198148062714, 38.71443873402611 ], [ -77.04544514785222, 38.715773733665635 ], [ -77.043346147952633, 38.71844773452883 ], [ -77.043252147342969, 38.719036734840245 ], [ -77.043572147908421, 38.719015734893581 ], [ -77.043724147346069, 38.719197735161082 ], [ -77.04344214821208, 38.719101734969939 ], [ -77.043189148492104, 38.719328735228551 ], [ -77.043180147372937, 38.719786735599428 ], [ -77.042680147780743, 38.721065735699987 ], [ -77.042153147526051, 38.724262735979408 ], [ -77.041471147460655, 38.725854737049758 ], [ -77.041672147302137, 38.726906737176222 ], [ -77.041767148634989, 38.732465737942043 ], [ -77.041608148626324, 38.7336697384209 ], [ -77.041842148978063, 38.736420739066766 ], [ -77.041592148732818, 38.736824738887201 ], [ -77.042532148541071, 38.738080739065495 ], [ -77.043301148645085, 38.738785738386213 ], [ -77.043480149643543, 38.739248739569724 ], [ -77.042726148709818, 38.740169739195544 ], [ -77.042270148600252, 38.741162740324924 ], [ -77.041562149493885, 38.759794743214748 ], [ -77.027906144699344, 38.759600744048505 ], [ -77.028049145712785, 38.760425744535674 ], [ -77.027426145198632, 38.761394743921471 ], [ -77.027320144893437, 38.762370744563562 ], [ -77.027385145190749, 38.763124744531787 ], [ -77.028258145051851, 38.764704744522639 ], [ -77.027714145078718, 38.764203744805613 ], [ -77.024925144717798, 38.764898744522441 ], [ -77.02523014521465, 38.767882745057783 ], [ -77.02266414443649, 38.769919746380651 ], [ -77.018927142973084, 38.770904745819607 ], [ -77.016293142422853, 38.771948746682028 ], [ -77.015074142057031, 38.774163746657429 ], [ -77.010828140780603, 38.778353747533252 ], [ -77.010336140686007, 38.778420748368838 ], [ -77.0060141392416, 38.777313748169682 ], [ -77.006490140340972, 38.779562748091614 ], [ -77.00262513883105, 38.780001749254126 ], [ -77.001734137629967, 38.779477748706022 ], [ -76.998322136754894, 38.779323749256228 ], [ -76.997859136972622, 38.779575749010348 ], [ -76.99777513640872, 38.780255749427958 ], [ -76.994852136153497, 38.781339748966033 ], [ -76.992740135835106, 38.78191574971936 ], [ -76.992359135170275, 38.782413749764281 ], [ -76.990109135657931, 38.787338750969504 ], [ -76.989495135364592, 38.789436750820045 ], [ -76.98649713476631, 38.792358751581546 ], [ -76.984411134387159, 38.795446752613969 ], [ -76.983885133957401, 38.796635752749303 ], [ -76.982837133295789, 38.798025753288591 ], [ -76.973168131108224, 38.805690755384823 ], [ -76.973474131429981, 38.805983755254971 ], [ -76.972451130882718, 38.806666755408322 ], [ -76.970465130062706, 38.808784755998367 ], [ -76.978985133102967, 38.807466755692673 ], [ -76.990470136231266, 38.806373754846874 ], [ -76.993850137319299, 38.805813754280045 ], [ -76.996178137547759, 38.804876753894625 ], [ -77.008103141790428, 38.798623752349357 ], [ -77.012382142678803, 38.796591752026664 ], [ -77.014972143746419, 38.795521751836084 ], [ -77.020080145013296, 38.794163751066591 ], [ -77.022776145487796, 38.793579751277427 ], [ -77.025579146990736, 38.793205750987589 ], [ -77.037574150655274, 38.792775750486939 ], [ -76.999280139699749, 38.822838757153157 ], [ -76.909395115714332, 38.892859775122034 ], [ -76.934313124952709, 38.912368778055537 ], [ -76.937060126379151, 38.914827778413077 ], [ -76.941925127073461, 38.918591778883155 ], [ -76.940233126879633, 38.919939779221032 ], [ -76.938509126898737, 38.922761780380235 ], [ -76.939552127537468, 38.932581782385178 ], [ -76.939442127932608, 38.933276781865651 ], [ -76.940618127742411, 38.93643378272634 ], [ -76.941649128685583, 38.937121782891822 ], [ -76.942149129176087, 38.937667782745258 ], [ -76.943983129660154, 38.938253782847944 ], [ -76.943241129320299, 38.938661783241102 ], [ -76.944303129327281, 38.939460783441049 ], [ -76.944717129604072, 38.940256783455297 ], [ -76.944803129817814, 38.941074784384291 ], [ -76.944547129724782, 38.94251978345752 ], [ -76.943846130291107, 38.943697784103144 ], [ -76.940141128614755, 38.945816784739726 ], [ -76.933750126509651, 38.943253784478465 ], [ -76.931817126291392, 38.94493278535451 ], [ -76.927647124284604, 38.949993785763361 ], [ -76.924624123571974, 38.952166786750119 ], [ -76.923911124442753, 38.953088786266385 ], [ -76.923582124554784, 38.953962787214287 ], [ -76.918999122994464, 38.953771786467975 ], [ -76.916163120981238, 38.953255787638547 ], [ -76.916565121562456, 38.952310786349578 ], [ -76.916267121636636, 38.952008787008197 ], [ -76.916785121670486, 38.951188787085137 ], [ -76.915260121881232, 38.95033478672277 ], [ -76.916165121529389, 38.948954785698348 ], [ -76.91821412209859, 38.947588785779331 ], [ -76.918619122154539, 38.947477785938233 ], [ -76.918429122183753, 38.946762785742138 ], [ -76.916305121271463, 38.946692785462368 ], [ -76.917072121725667, 38.944653785469015 ], [ -76.917124121604203, 38.9429197852131 ], [ -76.917567121294979, 38.940742785032306 ], [ -76.918212121550454, 38.939330784549085 ], [ -76.915845120963922, 38.939393784638511 ], [ -76.915835120918175, 38.939495783666359 ], [ -76.912583119876686, 38.93881878420887 ], [ -76.909525119003916, 38.938892784077204 ], [ -76.908226118272154, 38.939115784488024 ], [ -76.906769118254971, 38.93963878468692 ], [ -76.904710117640008, 38.940960784588469 ], [ -76.901391116651354, 38.943880786311666 ], [ -76.8998331163518, 38.944802786015273 ], [ -76.892031114260263, 38.94705278656398 ], [ -76.892582113906073, 38.947408786818066 ], [ -76.898696116001744, 38.948617786832024 ], [ -76.900939116739721, 38.949277786764931 ], [ -76.903113116982411, 38.950187786756153 ], [ -76.904204118200028, 38.951282786911982 ], [ -76.905108118023264, 38.951863787103079 ], [ -76.907800119198114, 38.952810787422202 ], [ -76.909424119619899, 38.953116787632425 ], [ -76.908461119347123, 38.954506788000259 ], [ -76.906936118659544, 38.956065787958813 ], [ -76.90604011833392, 38.957456788078545 ], [ -76.905530118695964, 38.959261789079648 ], [ -76.905547119312715, 38.961219789413093 ], [ -76.910666120450244, 38.961071788712559 ], [ -76.913096121684291, 38.960408788830939 ], [ -76.915840121839381, 38.960127789240609 ], [ -76.917753122864468, 38.96019078831101 ], [ -76.919854123312206, 38.960524788622664 ], [ -76.919434123187642, 38.962308789488432 ], [ -76.918944123641182, 38.963523788843609 ], [ -76.918786123457451, 38.965759789560899 ], [ -76.918541123235045, 38.966545789267983 ], [ -76.913459121907437, 38.974905792242822 ], [ -76.914065122703178, 38.97512979115352 ], [ -76.913146121913016, 38.977913792113966 ], [ -76.913048122003715, 38.979985792339477 ], [ -76.910624121515781, 38.982637793346598 ], [ -76.910221121109657, 38.983263793130753 ], [ -76.909127121315606, 38.986985793697428 ], [ -76.90866812173131, 38.987951795007888 ], [ -76.906725120568979, 38.990233795403228 ], [ -76.904055120033746, 38.992799795240245 ], [ -76.902202119283103, 38.994960795667701 ], [ -76.901700119142788, 38.994873796424528 ], [ -76.901526119963819, 38.995152796844991 ], [ -76.902044119099372, 38.995248796540096 ], [ -76.901805119623077, 38.995838795733846 ], [ -76.902199119808387, 38.996226796048809 ], [ -76.912077123131638, 38.997889796204362 ], [ -76.911563122397425, 38.999987796963609 ], [ -76.910243122647572, 39.001469797867074 ], [ -76.909208122404792, 39.00123879648001 ], [ -76.90332811976252, 39.000806797791292 ], [ -76.903282120630081, 39.001230797536621 ], [ -76.903572120159993, 39.002140797552485 ], [ -76.903449120136329, 39.00308679832618 ], [ -76.902965120437671, 39.004052797674873 ], [ -76.902110120119914, 39.004863798288788 ], [ -76.902671120709797, 39.005248798371973 ], [ -76.901309120228845, 39.007299799013467 ], [ -76.902501120830479, 39.007661798473549 ], [ -76.904629121940729, 39.009106799284481 ], [ -76.904099121312996, 39.009511798519505 ], [ -76.903283121353297, 39.009820798889166 ], [ -76.901696119843137, 39.00989479929239 ], [ -76.903530121225501, 39.011400798940116 ], [ -76.908747123170642, 39.015045799741962 ], [ -76.907744122714874, 39.017635801182657 ], [ -76.907072122695254, 39.023094801911604 ], [ -76.901407121036456, 39.023058802427663 ], [ -76.901142121620893, 39.026239802480021 ], [ -76.901335121964749, 39.028945803552844 ], [ -76.900994121482881, 39.02962380349517 ], [ -76.899006121013045, 39.032341804227713 ], [ -76.898600121132176, 39.033480804024336 ], [ -76.89834512086405, 39.038158804737151 ], [ -76.898697121216557, 39.040836805621865 ], [ -76.895377120402998, 39.043072806095289 ], [ -76.895727120207354, 39.043083806681544 ], [ -76.894273120563213, 39.04485580664317 ], [ -76.894290120281653, 39.045339806740991 ], [ -76.893077119763618, 39.046012807582628 ], [ -76.890728119618728, 39.048762808001626 ], [ -76.895058121459073, 39.050592808190508 ], [ -76.896303121764149, 39.050222807710746 ], [ -76.897449121436736, 39.0506948075219 ], [ -76.897219121282973, 39.050919807577948 ], [ -76.900135122763814, 39.05430080884004 ], [ -76.903261123408626, 39.056274808031873 ], [ -76.904619123691617, 39.057820808447964 ], [ -76.908135125222074, 39.05614080816953 ], [ -76.912500126324204, 39.055758808530179 ], [ -76.914151126510149, 39.055400807598602 ], [ -76.919697128343259, 39.053058807424861 ], [ -76.92335612909055, 39.052671806746375 ], [ -76.926008130082437, 39.051590806124224 ], [ -76.929698131690174, 39.051082806860776 ], [ -76.93088513137063, 39.050741806275113 ], [ -76.932315132521964, 39.047500805848067 ], [ -76.933517132271021, 39.045434804829902 ], [ -76.939136133000744, 39.037165803438967 ], [ -76.941200133638617, 39.035108802915467 ], [ -76.943525134392303, 39.033427802543677 ], [ -76.943314134505115, 39.033031802295874 ], [ -76.945704135556184, 39.031647801671014 ], [ -76.947701136246863, 39.029671800904069 ], [ -76.948675136390307, 39.027689801314082 ], [ -76.950208136575483, 39.020509799328401 ], [ -76.951017135964165, 39.018247799169671 ], [ -76.952013136747226, 39.01652579891995 ], [ -76.953419136710792, 39.010891797346261 ], [ -76.954022137133464, 39.011211797234466 ], [ -76.958368137969003, 39.004416795596221 ], [ -76.957199136933582, 39.004115796066365 ], [ -76.957537137940704, 39.00310879658641 ], [ -76.956512136845333, 39.002952796019045 ], [ -76.955420136701107, 39.005244796334871 ], [ -76.952715136005779, 39.005741796938565 ], [ -76.952392136863921, 39.006182797008449 ], [ -76.9501041359201, 39.006663796458938 ], [ -76.949486135428813, 39.006096796528382 ], [ -76.94999713489166, 39.005635796320398 ], [ -76.951824135703021, 39.00492279669502 ], [ -76.953257136329086, 39.002801795558348 ], [ -76.95210813538516, 39.002200795815057 ], [ -76.944746133509639, 39.000905796589315 ], [ -76.943559132930872, 39.002000796056478 ], [ -76.942551132452266, 39.004757797053088 ], [ -76.942141132373436, 39.004766797335407 ], [ -76.941881132980754, 39.005534796499049 ], [ -76.936927131699647, 39.004570797133248 ], [ -76.937612130341449, 39.001372796448742 ], [ -76.941281132032813, 39.000974795965831 ], [ -76.941092131886919, 39.000447795875452 ], [ -76.940730132386989, 39.000261796138354 ], [ -76.935637130290417, 38.999387795375796 ], [ -76.932624129623505, 38.998676795770095 ], [ -76.932804129548558, 38.997009795549978 ], [ -76.933210129429412, 38.997100796061531 ], [ -76.932847129206252, 38.996490795428358 ], [ -76.933009128689662, 38.99555279541368 ], [ -76.933525129073686, 38.995157795043241 ], [ -76.934204129664352, 38.995114794747877 ], [ -76.934398129833099, 38.993748795325907 ], [ -76.93562912989448, 38.992593794452986 ], [ -76.935648130161056, 38.990932794497482 ], [ -76.935282129564882, 38.990217794329276 ], [ -76.934654129027834, 38.989614793416685 ], [ -76.937150130384111, 38.985557793509003 ], [ -76.933832129220349, 38.985157792915444 ], [ -76.932015127556426, 38.98367379266886 ], [ -76.93092412723712, 38.983194793244117 ], [ -76.930549128216711, 38.983792792587543 ], [ -76.92895312738402, 38.984243793327224 ], [ -76.927776126850986, 38.984373792932708 ], [ -76.92615012677939, 38.984272792787266 ], [ -76.928693127093027, 38.978156791657668 ], [ -76.928867127170292, 38.978823792375721 ], [ -76.929090126753053, 38.978206791213196 ], [ -76.932682128451503, 38.978883792250571 ], [ -76.936020128808437, 38.978500791209683 ], [ -76.937977130214435, 38.978455791937769 ], [ -76.937966129445499, 38.97769679171595 ], [ -76.938110130283832, 38.977680791299861 ], [ -76.939206130626019, 38.978175791325363 ], [ -76.939858130554171, 38.978152790881666 ], [ -76.941532130306342, 38.978917791156135 ], [ -76.941639131334767, 38.979425791632899 ], [ -76.942844131456908, 38.980007791496206 ], [ -76.944291132326669, 38.981037791722265 ], [ -76.94658213274522, 38.981549791539287 ], [ -76.946877132297999, 38.982182792302105 ], [ -76.947791133065309, 38.982510792521992 ], [ -76.948875133711894, 38.984832792863777 ], [ -76.951470134802392, 38.984736793005645 ], [ -76.95571413553067, 38.985657791907734 ], [ -76.956856136801918, 38.988363792980522 ], [ -76.956888136588972, 38.989056793195921 ], [ -76.95658113644231, 38.990636793375387 ], [ -76.956796136527444, 38.991512793663638 ], [ -76.957329136629923, 38.992177793888843 ], [ -76.960587137519241, 38.994537793745074 ], [ -76.961254138414304, 38.995328793393874 ], [ -76.96172913879046, 38.996370794055359 ], [ -76.962325138642129, 38.998703794745616 ], [ -76.963638139617601, 39.000511795086418 ], [ -76.965353140275965, 39.002432795133899 ], [ -76.96919614114627, 39.005305795789276 ], [ -76.970584142464801, 39.006606795947455 ], [ -76.974009142860353, 39.008971796231968 ], [ -76.975758142955598, 39.009626796483531 ], [ -76.977280144168446, 39.010954796627281 ], [ -76.971894143067217, 39.018361798134187 ], [ -76.976778144028103, 39.01906679796982 ], [ -76.976751144263929, 39.020292798317762 ], [ -76.97700814418188, 39.021218799119552 ], [ -76.977519144543038, 39.022203798304886 ], [ -76.983018146520479, 39.02820580069897 ], [ -76.984110147563015, 39.030875800786596 ], [ -76.984847146981679, 39.03209180055471 ], [ -76.988947149566556, 39.036082801557299 ], [ -76.99141415061051, 39.041233802424216 ], [ -76.991968150629376, 39.043322802315117 ], [ -76.979409146900238, 39.051075804870614 ], [ -76.979654148020927, 39.051852804579774 ], [ -76.979097146730695, 39.053065805032766 ], [ -76.978891147764685, 39.053382805502032 ], [ -76.978441147502892, 39.053454805648009 ], [ -76.978189147607807, 39.05405380506285 ], [ -76.977892146608596, 39.054210805538773 ], [ -76.978044146944541, 39.054881805603138 ], [ -76.978029146875926, 39.055281805365183 ], [ -76.977830146684298, 39.055442805794904 ], [ -76.977792147049485, 39.056182805925651 ], [ -76.978006147309699, 39.056659806492135 ], [ -76.977861147544743, 39.057898806490947 ], [ -76.978288147342013, 39.059184806482087 ], [ -76.978685147002054, 39.059344806813691 ], [ -76.979150147332462, 39.060004806877629 ], [ -76.979608147990177, 39.06006180618791 ], [ -76.979822148250435, 39.060408806527462 ], [ -76.98078314797506, 39.060946806719258 ], [ -76.981126148106739, 39.061332807147068 ], [ -76.980669148172254, 39.061847807534193 ], [ -76.980173147879711, 39.062129806663648 ], [ -76.979997148152606, 39.06278180754552 ], [ -76.979532147822198, 39.063086807169221 ], [ -76.978494147206348, 39.064574807692999 ], [ -76.976472147299617, 39.065436808182305 ], [ -76.976373147565425, 39.065802808454436 ], [ -76.976778146723063, 39.067210808387543 ], [ -76.977258147122086, 39.067756808838951 ], [ -76.976976147089772, 39.068415808934461 ], [ -76.977357146856292, 39.068671809016145 ], [ -76.977144147319279, 39.069011808669927 ], [ -76.975061146414873, 39.069991808518225 ], [ -76.975046147244569, 39.070365809073145 ], [ -76.975473147041839, 39.070887809144772 ], [ -76.975450146577288, 39.071357809414671 ], [ -76.975908147235003, 39.071978808824873 ], [ -76.975084146879396, 39.072512809786666 ], [ -76.974817146915711, 39.073924809309574 ], [ -76.975038146848647, 39.074118809580142 ], [ -76.97529814713964, 39.074084809707898 ], [ -76.974886147410984, 39.074706809579475 ], [ -76.974702147287971, 39.075518809991848 ], [ -76.975168147443298, 39.076018810331469 ], [ -76.975684146929026, 39.076298810675652 ], [ -76.976157147655357, 39.0773278103634 ], [ -76.97645014755831, 39.077529809720652 ], [ -76.976801148085912, 39.07821580990457 ], [ -76.977220147487259, 39.078414810216408 ], [ -76.978151148871291, 39.079272810495631 ], [ -76.97770814828219, 39.080340810256644 ], [ -76.977464147884731, 39.08053581028738 ], [ -76.97770814828219, 39.0807798107789 ], [ -76.977686148540897, 39.081107811173148 ], [ -76.977090147790918, 39.081275810971576 ], [ -76.977113148255441, 39.081927811414303 ], [ -76.976877148253891, 39.08270981154827 ], [ -76.976221148127777, 39.08311781136036 ], [ -76.975717148337608, 39.083014811522759 ], [ -76.974229147459965, 39.08329781177828 ], [ -76.973642146930814, 39.083041811758733 ], [ -76.972833146643822, 39.08315581147906 ], [ -76.972256147058729, 39.084238811139272 ], [ -76.970308146771856, 39.084754811648303 ], [ -76.968607145458876, 39.086310811919226 ], [ -76.96737814504732, 39.086333812053432 ], [ -76.967020144847041, 39.086482812104506 ], [ -76.966707145750902, 39.087153812907992 ], [ -76.965746145127923, 39.087401812299149 ], [ -76.965875144999359, 39.087664812986482 ], [ -76.965662144564021, 39.08772581312509 ], [ -76.965524144471772, 39.088134813069104 ], [ -76.964876144741567, 39.088126812803139 ], [ -76.964433144152466, 39.088336812860341 ], [ -76.963388144762234, 39.087840812808629 ], [ -76.960985143292376, 39.087272813008646 ], [ -76.954514141719642, 39.086297812719252 ], [ -76.951128139885526, 39.084273813005261 ], [ -76.949186139446411, 39.083520811980726 ], [ -76.948249139112889, 39.082975812093387 ], [ -76.946503139390728, 39.081271812541708 ], [ -76.945131137965689, 39.079478811184316 ], [ -76.938417135820401, 39.083109812617252 ], [ -76.939298136975722, 39.084176813648419 ], [ -76.940571136869906, 39.084576812674797 ], [ -76.940667137129381, 39.084417812969043 ], [ -76.942511137659167, 39.084907812561454 ], [ -76.944886137743296, 39.085777812771852 ], [ -76.945161138102932, 39.08608181353911 ], [ -76.945587138973593, 39.086111812961228 ], [ -76.937858136676979, 39.095554815421771 ], [ -76.932046134705089, 39.093215815239667 ], [ -76.930101134791258, 39.09093081419018 ], [ -76.930070133930784, 39.090380813852107 ], [ -76.931220133801332, 39.086903814286813 ], [ -76.93111613404426, 39.084437813289462 ], [ -76.930635133820317, 39.082671813281202 ], [ -76.930498133552959, 39.081271813239034 ], [ -76.9298111325664, 39.078746811810717 ], [ -76.929155132440272, 39.077071811693585 ], [ -76.928848133191934, 39.076764811788827 ], [ -76.927758132697534, 39.076421811753313 ], [ -76.92101913043787, 39.075513811895306 ], [ -76.919340129764521, 39.080660812973811 ], [ -76.917640130073067, 39.080060813400351 ], [ -76.916844129306554, 39.079989812469336 ], [ -76.912276127814863, 39.080062813347006 ], [ -76.909607126206211, 39.079898813351974 ], [ -76.908682126466587, 39.080030812799606 ], [ -76.903104124846408, 39.081929814097286 ], [ -76.901975124892274, 39.082550813910153 ], [ -76.901130124620281, 39.083346813784352 ], [ -76.901485124447518, 39.08492681423315 ], [ -76.900735124610051, 39.086311814593053 ], [ -76.900414124219694, 39.086447814820971 ], [ -76.895443123220161, 39.084766814015161 ], [ -76.892176121211733, 39.08340381446709 ], [ -76.890915121013109, 39.082303814838077 ], [ -76.88959512126327, 39.080524814140631 ], [ -76.886303119140479, 39.077585813700168 ], [ -76.885711119486785, 39.076195813435312 ], [ -76.885711119486785, 39.074976812584566 ], [ -76.88719111996852, 39.072262811586832 ], [ -76.887837120048871, 39.070197811892321 ], [ -76.889029119752209, 39.067703811453249 ], [ -76.886035118453563, 39.067798810844707 ], [ -76.884896118453682, 39.067631811887978 ], [ -76.882951117641539, 39.066890811629804 ], [ -76.882007117635339, 39.066316810937998 ], [ -76.880939117780571, 39.065363811005355 ], [ -76.883317118237741, 39.063760810685793 ], [ -76.885036118195771, 39.062115810453477 ], [ -76.88408511761854, 39.061721810349127 ], [ -76.882138117156572, 39.060418810439778 ], [ -76.880331117335032, 39.059478809663631 ], [ -76.879075116260964, 39.059034809896332 ], [ -76.876613115239877, 39.058488810341878 ], [ -76.873333114609281, 39.057100809834978 ], [ -76.870760113260104, 39.056357809328716 ], [ -76.869853113063812, 39.056260809963433 ], [ -76.866862112138222, 39.056479809973666 ], [ -76.863745110815927, 39.055792809557005 ], [ -76.862325110608651, 39.055632809547227 ], [ -76.854600108509985, 39.055807810127888 ], [ -76.851729107234988, 39.054885810411328 ], [ -76.850935107016625, 39.056030810705799 ], [ -76.849994106485127, 39.056846810248487 ], [ -76.848843106789673, 39.058279810314801 ], [ -76.849744107138193, 39.058886810748469 ], [ -76.849872107184709, 39.060303811398875 ], [ -76.849587106779381, 39.060855810946116 ], [ -76.847967106555544, 39.062483811648882 ], [ -76.847770106013726, 39.062975811940966 ], [ -76.847628106621841, 39.064322812369745 ], [ -76.847758107216492, 39.065141812887674 ], [ -76.847161106641593, 39.066156813155139 ], [ -76.847082106998883, 39.066666812408542 ], [ -76.847649107436553, 39.067753813277932 ], [ -76.849032107833878, 39.067006812653496 ], [ -76.852146107884806, 39.066541812829819 ], [ -76.855494109185813, 39.065483811770847 ], [ -76.858297110688738, 39.063870812149425 ], [ -76.860731111222421, 39.063390810845569 ], [ -76.864353111261465, 39.060786810715612 ], [ -76.865100112522526, 39.061094810616773 ], [ -76.867396112963931, 39.06937281279685 ], [ -76.87669511615394, 39.068182811883496 ], [ -76.86559511299015, 39.075546813831252 ], [ -76.862238111468344, 39.074257813256487 ], [ -76.859078110488326, 39.073300813565382 ], [ -76.856410109602919, 39.073510813124649 ], [ -76.847864107521701, 39.073670813764181 ], [ -76.84674110651703, 39.072296813731768 ], [ -76.843157106112798, 39.070091813772571 ], [ -76.842195104766631, 39.069287813297308 ], [ -76.840640104840148, 39.067417813056586 ], [ -76.839740104316547, 39.065357812705443 ], [ -76.839451103713245, 39.063413812174026 ], [ -76.839376104268467, 39.060188812170658 ], [ -76.83864910309893, 39.058718811358737 ], [ -76.836766103109369, 39.061977812387873 ], [ -76.833953102459006, 39.066076813430271 ], [ -76.831534101993952, 39.069169813674733 ], [ -76.831426101140593, 39.069041813955678 ], [ -76.829716101403406, 39.071190813996772 ], [ -76.8256621006459, 39.075655815023239 ], [ -76.821896099768495, 39.079122816149095 ], [ -76.815282097182319, 39.083975817201967 ], [ -76.810185096684421, 39.088141818356135 ], [ -76.80742609556242, 39.084745817367576 ], [ -76.805975094494684, 39.083998818097534 ], [ -76.803816093422299, 39.08369981772433 ], [ -76.803096093722061, 39.083417816915301 ], [ -76.799897092384015, 39.081218816937316 ], [ -76.795996090889091, 39.079658816703109 ], [ -76.79406609104386, 39.080621817821694 ], [ -76.79170708995494, 39.082292817572288 ], [ -76.791357090150569, 39.082407817745711 ], [ -76.789727089881026, 39.082141817848154 ], [ -76.785534088308026, 39.083152817966401 ], [ -76.784616088241094, 39.083686818740475 ], [ -76.783209087554283, 39.08571081856217 ], [ -76.782763087490466, 39.086024819203978 ], [ -76.781252087046582, 39.086589818952447 ], [ -76.77822308648615, 39.085669818743803 ], [ -76.776004085139306, 39.084489819116342 ], [ -76.77209508414677, 39.084870818869923 ], [ -76.77228408429265, 39.087104819124619 ], [ -76.77223508478717, 39.087464819374574 ], [ -76.771259084095604, 39.089247820135974 ], [ -76.771335084263569, 39.091358819890296 ], [ -76.764969082272827, 39.093141821213422 ], [ -76.764988082539389, 39.093969820607207 ], [ -76.764406082033119, 39.094687821466508 ], [ -76.766479082891792, 39.095849821619638 ], [ -76.767708083303347, 39.097136821428862 ], [ -76.774656085800402, 39.108218823960961 ], [ -76.775634086141778, 39.11022882451131 ], [ -76.775422086429671, 39.110462824439367 ], [ -76.777739087685788, 39.1142588248645 ], [ -76.771975086292812, 39.118216825933757 ], [ -76.768931085663752, 39.120606826682042 ], [ -76.764292084026934, 39.125401827872828 ], [ -76.761717083926257, 39.12882682819216 ], [ -76.759661082786025, 39.131986829132956 ], [ -76.757612082216824, 39.135517830035774 ], [ -76.755447082194962, 39.140062830975076 ], [ -76.750622080785305, 39.137204830194705 ], [ -76.744629078165133, 39.134181829306414 ], [ -76.739045076697209, 39.131080828966354 ], [ -76.736714075197384, 39.129187828610775 ], [ -76.735750075099673, 39.128170829401157 ], [ -76.732225074246685, 39.128650828946313 ], [ -76.73206607423802, 39.129552829839753 ], [ -76.731357074408464, 39.130595829491305 ], [ -76.730023073516605, 39.131509829847474 ], [ -76.729765073773734, 39.133019830477579 ], [ -76.728346073391393, 39.133980830481761 ], [ -76.727011073572911, 39.136055830866304 ], [ -76.726963072994025, 39.139325832257242 ], [ -76.726817073404163, 39.139857831535267 ], [ -76.726085073110056, 39.141027831620228 ], [ -76.725341072222079, 39.14070983217794 ], [ -76.722362071890359, 39.138442831612423 ], [ -76.717874069866284, 39.136790832031728 ], [ -76.714666069205705, 39.135402831480164 ], [ -76.713477068977085, 39.135072831643406 ], [ -76.712329067858079, 39.135111831521037 ], [ -76.708656067765403, 39.136014831061701 ], [ -76.702857065314006, 39.135953832293886 ], [ -76.702336065805397, 39.135802831827043 ], [ -76.70193806452383, 39.136217832189047 ], [ -76.700155064991705, 39.136993831618597 ], [ -76.69749306395407, 39.137315832645932 ], [ -76.697389064197012, 39.134489832077513 ], [ -76.69600006305356, 39.128058829965788 ], [ -76.695723063044127, 39.126305829985242 ], [ -76.695701062404495, 39.124617830017122 ], [ -76.69590206314426, 39.122974829325159 ], [ -76.699707063481412, 39.107682825750622 ], [ -76.700263063150118, 39.10797382610923 ], [ -76.701320063134219, 39.108127825714661 ], [ -76.701849063937047, 39.109247826410297 ], [ -76.70343506472399, 39.109741826647053 ], [ -76.70352706478549, 39.110395826496386 ], [ -76.703351064160088, 39.111114826199326 ], [ -76.70498006460474, 39.112141827059467 ], [ -76.705544064669354, 39.112723827392479 ], [ -76.706037065487166, 39.11357982741454 ], [ -76.708781065642242, 39.11696282762577 ], [ -76.709268065713957, 39.117983828189217 ], [ -76.709515066484471, 39.118999828002806 ], [ -76.710668067626372, 39.120654828453667 ], [ -76.713800068118971, 39.119743828336297 ], [ -76.714822068841301, 39.119162828253373 ], [ -76.716658068076882, 39.117663827557273 ], [ -76.714737068452493, 39.115791826906325 ], [ -76.713665067501452, 39.115133826955002 ], [ -76.713565067942341, 39.114909827571694 ], [ -76.714747067599916, 39.114429827092678 ], [ -76.719600069496991, 39.110929826611176 ], [ -76.720209068869124, 39.110864826094236 ], [ -76.721811069549574, 39.110269826082941 ], [ -76.723081069969027, 39.10959582561118 ], [ -76.72421207047131, 39.109694825358339 ], [ -76.720796068499951, 39.101264823780035 ], [ -76.720607069252381, 39.100209823758519 ], [ -76.720530068361185, 39.09618982347434 ], [ -76.720007068304454, 39.094806822101901 ], [ -76.719004067848687, 39.093646822449877 ], [ -76.717330067198205, 39.092342822316937 ], [ -76.716266067541397, 39.091829822354683 ], [ -76.714204066553393, 39.091332822651346 ], [ -76.713332065618886, 39.090486821933098 ], [ -76.713575066191439, 39.08862482170349 ], [ -76.713447066144937, 39.088415821661414 ], [ -76.709999065284833, 39.087460821295466 ], [ -76.708874064630351, 39.087360821133494 ], [ -76.7093920646642, 39.086716821128675 ], [ -76.710392064746898, 39.081516820202921 ], [ -76.716374066598107, 39.07659081994295 ], [ -76.719688066665583, 39.074248819032341 ], [ -76.727448068924332, 39.068230817271704 ], [ -76.728268069081992, 39.067034817080817 ], [ -76.729182068950976, 39.066046816648665 ], [ -76.72928807015451, 39.065551816996326 ], [ -76.729073070069347, 39.065421816631854 ], [ -76.736181070603308, 39.055011814215057 ], [ -76.737290071364285, 39.052097813223504 ], [ -76.73825207091383, 39.048126812846974 ], [ -76.738772072394141, 39.046837812461852 ], [ -76.739477071127439, 39.045737812884667 ], [ -76.740527072337201, 39.044505812166364 ], [ -76.746891073779807, 39.039070810045985 ], [ -76.751260074181573, 39.034721809255082 ], [ -76.74954707407133, 39.034423810083418 ], [ -76.747734073503665, 39.033654809316822 ], [ -76.747651073662993, 39.03342580964928 ], [ -76.748882073724374, 39.032039809153055 ], [ -76.75000707348056, 39.031369808383864 ], [ -76.750235074882809, 39.031067809155765 ], [ -76.75025707462413, 39.030804808303103 ], [ -76.749950073579143, 39.030549808380584 ], [ -76.74992307471328, 39.03001080832459 ], [ -76.748058073368767, 39.028927809141031 ], [ -76.747023073125959, 39.028900808442955 ], [ -76.746303072527425, 39.028590808398548 ], [ -76.745542071921008, 39.02768680824051 ], [ -76.74477307271529, 39.026180807898861 ], [ -76.744046071545753, 39.025602807602368 ], [ -76.743748071619919, 39.025143808331038 ], [ -76.743626072319501, 39.024292807354257 ], [ -76.743132071676769, 39.023706807082846 ], [ -76.742786071172048, 39.02047780738075 ], [ -76.74359907165703, 39.018873806412664 ], [ -76.744470070969967, 39.017855805931688 ], [ -76.74463307207489, 39.017392805962956 ], [ -76.744519071373759, 39.017127806243266 ], [ -76.743063070283156, 39.016605805915852 ], [ -76.742792071019821, 39.015707805773374 ], [ -76.741477070394538, 39.014802806091637 ], [ -76.740855070603601, 39.014608806184064 ], [ -76.740787069933234, 39.013495806006723 ], [ -76.740284069967998, 39.012788805312944 ], [ -76.739853069972767, 39.012620805878001 ], [ -76.738113069200026, 39.012549804833498 ], [ -76.737691069425637, 39.01240380578453 ], [ -76.736455068443064, 39.011226805177202 ], [ -76.73644106909768, 39.010863805558628 ], [ -76.736902068331815, 39.011289805555862 ], [ -76.737179068341248, 39.011251805145832 ], [ -76.738691069508349, 39.010460805513041 ], [ -76.739471069483031, 39.010210804727322 ], [ -76.739904069128087, 39.010332804791176 ], [ -76.740376070029498, 39.009911805260153 ], [ -76.742269070064765, 39.009288805370275 ], [ -76.74342107048345, 39.009377804892779 ], [ -76.747438071431034, 39.008106803806037 ], [ -76.748229072174681, 39.008008804211684 ], [ -76.748940072552372, 39.008140804730466 ], [ -76.751060072368404, 39.007005804147518 ], [ -76.752332073335978, 39.006983804306842 ], [ -76.753118074056744, 39.007477804347914 ], [ -76.753547074402164, 39.0075218037151 ], [ -76.755069074716658, 39.007161804153988 ], [ -76.756205075241823, 39.006638803943332 ], [ -76.758267075331503, 39.00648480341804 ], [ -76.760330076144427, 39.005905803034793 ], [ -76.760926076894407, 39.005434803148177 ], [ -76.761158076697996, 39.00489580358304 ], [ -76.761043076171958, 39.003789803129848 ], [ -76.76125307623424, 39.003432803109561 ], [ -76.76092607599611, 39.001612802270479 ], [ -76.761938076672664, 39.00014380267249 ], [ -76.762559076638681, 38.999584801974514 ], [ -76.766622076718704, 38.997502801263195 ], [ -76.767156077544399, 38.997336802021429 ], [ -76.767559077052226, 38.997392801876451 ], [ -76.767606077806192, 38.997052800977201 ], [ -76.770292078234959, 38.996762800952105 ], [ -76.772293079123585, 38.996216801199211 ], [ -76.772855079538388, 38.994731800527788 ], [ -76.774316079753561, 38.992659799698508 ], [ -76.774566079998792, 38.993252800346248 ], [ -76.775138080459328, 38.993099800513498 ], [ -76.777607080254811, 38.99220680057153 ], [ -76.779928080810564, 38.991131799870416 ], [ -76.782065082141642, 38.990694799613415 ], [ -76.784880082441845, 38.990877799843339 ], [ -76.787913084098548, 38.99029979866043 ], [ -76.788636084171813, 38.990293799572875 ], [ -76.789573084505335, 38.990615799459526 ], [ -76.790202083968964, 38.991239799545312 ], [ -76.790389084465033, 38.991759798905285 ], [ -76.790508085189032, 38.993908799316159 ], [ -76.790955085077769, 38.994509799675114 ], [ -76.79169808524253, 38.99491880062066 ], [ -76.792746085904142, 38.995036799308693 ], [ -76.797579086811382, 38.994698799926162 ], [ -76.798735087428014, 38.994537800028617 ], [ -76.800053087528056, 38.99409479969497 ], [ -76.797025085894205, 38.988353798416966 ], [ -76.795520086196433, 38.986678798128182 ], [ -76.794135085250929, 38.984401797994465 ], [ -76.792491084737676, 38.982837797553692 ], [ -76.791695084869474, 38.981792797459008 ], [ -76.791318084402619, 38.980918796949197 ], [ -76.790556083971296, 38.978010797055283 ], [ -76.790071083549392, 38.976960796068809 ], [ -76.789332083582579, 38.976093796312547 ], [ -76.787970083101641, 38.974954796124379 ], [ -76.787030082395091, 38.973129795755547 ], [ -76.785270081530854, 38.971666795767369 ], [ -76.788851083358665, 38.968679794985974 ], [ -76.791823083119368, 38.966517794605259 ], [ -76.794498084575793, 38.963382793853818 ], [ -76.795051084769753, 38.962936792735199 ], [ -76.794931084220835, 38.962796794019546 ], [ -76.795565083707345, 38.962263793199668 ], [ -76.799534085872651, 38.960169792352509 ], [ -76.805523087396537, 38.957498791376722 ], [ -76.806878087306487, 38.957034791512541 ], [ -76.808804087852039, 38.956718791726651 ], [ -76.813096089159245, 38.95703279157577 ], [ -76.823215092506928, 38.955953791280216 ], [ -76.827655093952117, 38.956104791089295 ], [ -76.828393094093997, 38.955954790215991 ], [ -76.82918809413728, 38.955672790788299 ], [ -76.832166094644123, 38.953767790601752 ], [ -76.840456097530605, 38.949278789287909 ], [ -76.839295097789417, 38.9481507889721 ], [ -76.839077097331199, 38.947115788874335 ], [ -76.832968095258408, 38.947329789373029 ], [ -76.812468089520522, 38.946669790166048 ], [ -76.809161087329116, 38.946252789706485 ], [ -76.796016082895733, 38.943921790166335 ], [ -76.792403082179206, 38.943706790052794 ], [ -76.76362307360057, 38.945961791425859 ], [ -76.761569073008474, 38.946313791091278 ], [ -76.75859307215147, 38.947181791101563 ], [ -76.750824070570204, 38.950650791920545 ], [ -76.750629069678226, 38.945440792019845 ], [ -76.748457068187051, 38.936311790153667 ], [ -76.743018065585744, 38.925269787324822 ], [ -76.742456066069266, 38.92527278752577 ], [ -76.738339064664274, 38.926200787700175 ], [ -76.732919063227854, 38.925745788275989 ], [ -76.733072063388732, 38.926752788046407 ], [ -76.734434062971374, 38.929072788600251 ], [ -76.734555063345198, 38.929833789128892 ], [ -76.734411063405176, 38.930489788550169 ], [ -76.73181906268772, 38.934432790001516 ], [ -76.730517062481226, 38.9380847910776 ], [ -76.727461062156621, 38.940687791227433 ], [ -76.726576061701621, 38.940080790464407 ], [ -76.726130061637804, 38.939534791023988 ], [ -76.725917061202452, 38.938889791439507 ], [ -76.725915061552641, 38.937752791001685 ], [ -76.725618061451726, 38.937045790457013 ], [ -76.72301605979024, 38.934939790213221 ], [ -76.722045059121541, 38.934581789666623 ], [ -76.720979059814908, 38.934538790320659 ], [ -76.719198059034298, 38.93519279039382 ], [ -76.717905059048633, 38.935312790630668 ], [ -76.718127058806488, 38.939805791894997 ], [ -76.718154059468972, 38.946219793058603 ], [ -76.718082058600629, 38.947992793551919 ], [ -76.717419058801809, 38.953361794048789 ], [ -76.717471059578671, 38.955173794882633 ], [ -76.714887058358855, 38.955396794378906 ], [ -76.693914052792948, 38.955852796007228 ], [ -76.693843051749539, 38.954514795017765 ], [ -76.693243051699909, 38.952386794558606 ], [ -76.693281051334736, 38.951439794861692 ], [ -76.69406505150738, 38.949664794511847 ], [ -76.69527605237559, 38.948561794506602 ], [ -76.695435052384241, 38.948224793771914 ], [ -76.69348205117619, 38.944232793515106 ], [ -76.692943051225953, 38.943839793612064 ], [ -76.691176050689023, 38.941582792143677 ], [ -76.69102405035305, 38.940848792688563 ], [ -76.69109005047531, 38.939874792126631 ], [ -76.692416050971246, 38.937595791866173 ], [ -76.692164050177851, 38.936283791233045 ], [ -76.691158050247353, 38.93486579180987 ], [ -76.689943049181181, 38.933956791440785 ], [ -76.688600048966805, 38.933475791326444 ], [ -76.68603304836374, 38.933069791057591 ], [ -76.683695048089518, 38.931967790691417 ], [ -76.681800047506101, 38.931931790970239 ], [ -76.681612047185126, 38.931829791544502 ], [ -76.681427047237193, 38.931272790962396 ], [ -76.681378046833373, 38.929357790450609 ], [ -76.682834047025665, 38.926523790395315 ], [ -76.683127046928632, 38.926303789682109 ], [ -76.685630047957616, 38.925568789960224 ], [ -76.687757048344622, 38.925193789878215 ], [ -76.689301048400452, 38.925195790014371 ], [ -76.690329049868879, 38.924883789758198 ], [ -76.690722049330958, 38.92447578977189 ], [ -76.690594049284428, 38.923463789366409 ], [ -76.68922904843042, 38.921567789277468 ], [ -76.687185047884086, 38.919471788032531 ], [ -76.686510047491382, 38.918170788070526 ], [ -76.686206047717803, 38.917965787770115 ], [ -76.685353047948169, 38.917826788470556 ], [ -76.684704047494733, 38.918744788696458 ], [ -76.684381047454565, 38.918958788849679 ], [ -76.684004046987695, 38.91910378825353 ], [ -76.68319904689865, 38.919092788656187 ], [ -76.682357046101387, 38.918632788274074 ], [ -76.680589045739552, 38.916701788122822 ], [ -76.679373044848489, 38.916520788150869 ], [ -76.679013044998371, 38.916088788483577 ], [ -76.678891044799613, 38.915380787768989 ], [ -76.678058045121489, 38.914201786948119 ], [ -76.677943045493777, 38.913714787103167 ], [ -76.678049044900675, 38.912283787607471 ], [ -76.67861704516325, 38.911759787453867 ], [ -76.678520045078855, 38.910546787054869 ], [ -76.676818043940969, 38.909319787006794 ], [ -76.674718043318137, 38.908961786484625 ], [ -76.672583043433534, 38.907123786052836 ], [ -76.671611042041576, 38.906955786154363 ], [ -76.670608042484133, 38.907383786310277 ], [ -76.670335041774351, 38.907278786280621 ], [ -76.669971041726285, 38.906527786214149 ], [ -76.669517042164827, 38.904433785384946 ], [ -76.669768041336681, 38.903173786036184 ], [ -76.670754041175684, 38.901917784786278 ], [ -76.671375041141701, 38.901542785555066 ], [ -76.671378041514757, 38.901077784736508 ], [ -76.671078041939097, 38.900684785513086 ], [ -76.671582041729266, 38.900443785423896 ], [ -76.671507042284517, 38.899426784813762 ], [ -76.673026042225985, 38.898804784429906 ], [ -76.674287042424595, 38.897452784242148 ], [ -76.675109043130377, 38.897137785068821 ], [ -76.675878043234405, 38.896551784422833 ], [ -76.676261043549061, 38.895956783709941 ], [ -76.676155042345528, 38.892897783127601 ], [ -76.67630304338185, 38.891917783123986 ], [ -76.674979042535725, 38.890241782769067 ], [ -76.673220042394732, 38.888504782720396 ], [ -76.672154042189788, 38.888045782586815 ], [ -76.671788040695262, 38.887575782697738 ], [ -76.672147041618771, 38.886634782069535 ], [ -76.672569041393174, 38.886328782412754 ], [ -76.673670041758228, 38.88582378223785 ], [ -76.675239041928421, 38.885672781727926 ], [ -76.675506042790431, 38.885436782084952 ], [ -76.675357041929175, 38.884574782084755 ], [ -76.675900042077402, 38.883677781642959 ], [ -76.675946042108151, 38.882971781386871 ], [ -76.675825041734313, 38.88261378088221 ], [ -76.675379041670496, 38.882291781817422 ], [ -76.675412041282442, 38.881741781086596 ], [ -76.676147042847916, 38.880018780274064 ], [ -76.676338041745311, 38.876955779875793 ], [ -76.676781042334426, 38.875494779472511 ], [ -76.678262042641066, 38.873516779904314 ], [ -76.679936042393237, 38.872881779250584 ], [ -76.680658042641596, 38.872286778897418 ], [ -76.680818043373478, 38.871759779061016 ], [ -76.680656043890082, 38.870578778213499 ], [ -76.681852042893055, 38.869092778434855 ], [ -76.682220043139097, 38.868445778206492 ], [ -76.68252504363592, 38.867347778151476 ], [ -76.683164044043608, 38.866728777922383 ], [ -76.688411045227653, 38.864353777452997 ], [ -76.691529045476557, 38.859807776256545 ], [ -76.691871045783316, 38.859219776283446 ], [ -76.69221404591498, 38.857648774942717 ], [ -76.692126045153117, 38.857138775686771 ], [ -76.691035044833825, 38.855515775248904 ], [ -76.691053045275495, 38.854702774939142 ], [ -76.6923550463803, 38.85150677420522 ], [ -76.693649045292545, 38.849723774373167 ], [ -76.696551047428017, 38.847171773374441 ], [ -76.697505047479979, 38.844793773080788 ], [ -76.68817304377967, 38.845506773272511 ], [ -76.688190043498082, 38.843723772781118 ], [ -76.688054043953969, 38.842965772322053 ], [ -76.686816043321585, 38.84088577250489 ], [ -76.686778043686729, 38.838889771473909 ], [ -76.686950043215859, 38.837277771361805 ], [ -76.682177041684753, 38.836584772410141 ], [ -76.681375041968764, 38.836132771621692 ], [ -76.680680040586282, 38.835598771619935 ], [ -76.679367040509121, 38.833897771064109 ], [ -76.678139040820781, 38.832760771290346 ], [ -76.676805039928908, 38.830733771251673 ], [ -76.674528038855755, 38.828521770502149 ], [ -76.670947037027958, 38.827233770160269 ], [ -76.66440003528723, 38.822057768735036 ], [ -76.662553034384374, 38.821009769017614 ], [ -76.662004034388389, 38.820531769223052 ], [ -76.658452032872916, 38.820840769745423 ], [ -76.653632031486111, 38.820675769232416 ], [ -76.648422030111988, 38.820848769446684 ], [ -76.637721026258035, 38.816356769170234 ], [ -76.63507402618734, 38.81578776890931 ], [ -76.631179024540174, 38.815569769285233 ], [ -76.630196024175916, 38.815997769020711 ], [ -76.628089023880392, 38.817777769960742 ], [ -76.627000023210911, 38.820355770604856 ], [ -76.625917022389203, 38.822274770777284 ], [ -76.62345002224356, 38.825306771469663 ], [ -76.621584022870763, 38.827039771802731 ], [ -76.620089021422089, 38.828078772719749 ], [ -76.613256020349439, 38.830733773351042 ], [ -76.610243018784203, 38.833149774047818 ], [ -76.609444018542959, 38.834157774094564 ], [ -76.607977018480014, 38.836810774176925 ], [ -76.606806017794767, 38.841268775130068 ], [ -76.606541018379204, 38.844368775852615 ], [ -76.607151019372893, 38.849749776492374 ], [ -76.607057019661582, 38.85394477742949 ], [ -76.607404019092897, 38.855311777701829 ], [ -76.608369019015484, 38.856779778333681 ], [ -76.609886021103776, 38.857940778252349 ], [ -76.617218022842053, 38.860741779049548 ], [ -76.618760023248058, 38.861734779493517 ], [ -76.619674024015367, 38.862953779222494 ], [ -76.619994023682494, 38.86408377895058 ], [ -76.619910023118592, 38.865300779949585 ], [ -76.619301023746445, 38.866527780253705 ], [ -76.618346023869577, 38.867499780015116 ], [ -76.613730021798986, 38.870789781167275 ], [ -76.610299020657337, 38.874874782271966 ], [ -76.609212021434331, 38.87561478205081 ], [ -76.606324020440866, 38.877120782773957 ], [ -76.605059020044294, 38.878190782755709 ], [ -76.602785019344182, 38.881337784100715 ], [ -76.599697018334211, 38.887310784513609 ], [ -76.596835018178353, 38.892042786513009 ], [ -76.581208014429023, 38.908786789540017 ], [ -76.580558013252386, 38.909778790150511 ], [ -76.57965201377931, 38.911929790472854 ], [ -76.578875014177697, 38.913106791513655 ], [ -76.574882012621231, 38.917192791958385 ], [ -76.569238011777145, 38.924121793350295 ], [ -76.568734011088679, 38.925050793275837 ], [ -76.568496011437304, 38.926809794146081 ], [ -76.56319200945353, 38.92634679471945 ], [ -76.561946009323549, 38.925985793957508 ], [ -76.560449009123374, 38.925303793788373 ], [ -76.556526007887129, 38.921705793711808 ], [ -76.552878006112181, 38.918068792621611 ], [ -76.551351005774791, 38.918903792830314 ], [ -76.550817004949096, 38.92000179289947 ], [ -76.550015005233092, 38.920770793933457 ], [ -76.549354004185801, 38.921028792870416 ], [ -76.548757004509213, 38.921056793619627 ], [ -76.547240004217556, 38.921827793235337 ], [ -76.546657004784677, 38.922916794680567 ], [ -76.54589700400318, 38.923740794173888 ], [ -76.545586004556881, 38.924437794477228 ], [ -76.54635300411276, 38.925399794520196 ], [ -76.546730004579629, 38.926293794048952 ], [ -76.54632700417352, 38.927076794559262 ], [ -76.547470004371334, 38.927413795179937 ], [ -76.549707005261524, 38.928695795123502 ], [ -76.55182000630316, 38.929033795054963 ], [ -76.551758006378876, 38.929576794963602 ], [ -76.552735005997036, 38.930418795270498 ], [ -76.553289006914227, 38.931925796022938 ], [ -76.5564040076884, 38.930410794615796 ], [ -76.55645000771915, 38.930956795124708 ], [ -76.561066009789741, 38.933868795567236 ], [ -76.561168009897003, 38.934080795636653 ], [ -76.558542008844398, 38.936818796497157 ], [ -76.558592009073095, 38.936958796921004 ], [ -76.551449006582388, 38.936588797197189 ], [ -76.550792006631369, 38.936670796547048 ], [ -76.549211005867292, 38.938055796463914 ], [ -76.548381005663899, 38.938383796990266 ], [ -76.545828004406204, 38.940961797709598 ], [ -76.541040003704794, 38.945190798417485 ], [ -76.54427500502787, 38.947301798994928 ], [ -76.555062009095579, 38.951405799532658 ], [ -76.552667008021615, 38.954863800065247 ], [ -76.551240008141647, 38.957317801201839 ], [ -76.548355007521252, 38.95984880166511 ], [ -76.547325006403014, 38.961156801735207 ], [ -76.545874006233603, 38.96486780187179 ], [ -76.541916005735558, 38.973593804747971 ], [ -76.540749005248273, 38.975889804973953 ], [ -76.538878004954299, 38.978723805972322 ], [ -76.535349003903363, 38.977230806050009 ], [ -76.530544002585188, 38.977427805189997 ], [ -76.529223002112104, 38.977093806356947 ], [ -76.524838000918493, 38.973166805375705 ], [ -76.525002000051728, 38.972599805229855 ], [ -76.523455999447748, 38.972055805071363 ], [ -76.521837998873764, 38.970737804542438 ], [ -76.516913997729901, 38.967430804222708 ], [ -76.512772996035451, 38.963869804037095 ], [ -76.512834995959736, 38.958118802706011 ], [ -76.513182995215971, 38.955576801696019 ], [ -76.513553995835039, 38.954194802124071 ], [ -76.514126996120496, 38.953630801412729 ], [ -76.516003996262256, 38.953061801330421 ], [ -76.515820995964177, 38.952627801280727 ], [ -76.516211996674713, 38.949540800103357 ], [ -76.516225996020111, 38.948264800261683 ], [ -76.515653996457885, 38.948141800354236 ], [ -76.517635996181639, 38.947550799372905 ], [ -76.518612996698124, 38.946760800187072 ], [ -76.520865997481835, 38.945405798921165 ], [ -76.522383997598396, 38.940919797886359 ], [ -76.521183997499151, 38.938519798297342 ], [ -76.52518399782997, 38.934619797695902 ], [ -76.518383996369266, 38.92922079602041 ], [ -76.497894988705397, 38.915780794415156 ], [ -76.498388988449804, 38.911172793282091 ], [ -76.497372988473586, 38.910990792920764 ], [ -76.505382990079283, 38.907320792043194 ], [ -76.507489990374822, 38.901804790968256 ], [ -76.507231990631965, 38.901460791042737 ], [ -76.509671991013434, 38.901183790848499 ], [ -76.512608992410662, 38.900398790419217 ], [ -76.51486699321724, 38.900156791035748 ], [ -76.515461993244003, 38.901125791019346 ], [ -76.516220993302298, 38.900849790628477 ], [ -76.517079992919676, 38.901065790326513 ], [ -76.517478994026163, 38.900571790432011 ], [ -76.516951993771471, 38.897674790017909 ], [ -76.518383994572631, 38.896141789788523 ], [ -76.520469994951767, 38.895238789135384 ], [ -76.525082995751006, 38.895353789484957 ], [ -76.526431996711466, 38.895145789628515 ], [ -76.526782996340756, 38.895222789679963 ], [ -76.527197996442467, 38.894986788903879 ], [ -76.527434996268909, 38.894622788622215 ], [ -76.52838599684614, 38.894465789127288 ], [ -76.527194996967722, 38.891781788270691 ], [ -76.526254996261187, 38.891168788782757 ], [ -76.524517994963162, 38.89068078839216 ], [ -76.523895995172239, 38.890162788080453 ], [ -76.524641995710041, 38.888637787692076 ], [ -76.524899994554602, 38.886905787120426 ], [ -76.523909994517609, 38.884910786696778 ], [ -76.521884994237851, 38.884355786939132 ], [ -76.520601994297934, 38.882387786881594 ], [ -76.51992899265673, 38.88037978616196 ], [ -76.520973993843597, 38.87765778520545 ], [ -76.520631992638528, 38.875122785018256 ], [ -76.517834992779996, 38.873716784293535 ], [ -76.516209991634994, 38.872134785171532 ], [ -76.514919991124074, 38.86649478359918 ], [ -76.510481990227021, 38.867421784004563 ], [ -76.506582988381908, 38.862822783326656 ], [ -76.523482992923718, 38.855722780947254 ], [ -76.529882995249665, 38.852222780363377 ], [ -76.532882995497786, 38.847923779454192 ], [ -76.535582996170263, 38.841723777814636 ], [ -76.539281997100517, 38.839722777837672 ], [ -76.542290998467791, 38.836499776656183 ], [ -76.544633997866541, 38.833105775583867 ], [ -76.551003000230338, 38.833355775591421 ], [ -76.552529001641133, 38.835211775821158 ], [ -76.553414001197808, 38.834974775944723 ], [ -76.554189002047949, 38.834388775608033 ], [ -76.554734001845972, 38.834354775989709 ], [ -76.555045002190596, 38.834521775482003 ], [ -76.555243001659008, 38.834868776019164 ], [ -76.55548500150833, 38.835790775486252 ], [ -76.557086002363874, 38.836284775829718 ], [ -76.557697003182469, 38.836652775797539 ], [ -76.558076002400838, 38.837141776212249 ], [ -76.55814700344429, 38.83754277555456 ], [ -76.558891002535631, 38.838360776223219 ], [ -76.559860003554505, 38.83862977663415 ], [ -76.561187003875361, 38.838580776517958 ], [ -76.561834004678971, 38.838755776378072 ], [ -76.562732003756096, 38.839354776252122 ], [ -76.563596004294695, 38.840343777072356 ], [ -76.564397005084075, 38.84047477658946 ], [ -76.565134005401063, 38.840342776508983 ], [ -76.567634006056963, 38.838590776101725 ], [ -76.568294005482741, 38.838321775543442 ], [ -76.569523005894297, 38.838107775918097 ], [ -76.570928006931268, 38.838370775837923 ], [ -76.571953008026654, 38.838178776133212 ], [ -76.573575007001978, 38.837184775771753 ], [ -76.575147008443537, 38.83485577469051 ], [ -76.577373008564749, 38.834168774250259 ], [ -76.579114009162396, 38.832751774356645 ], [ -76.581172009952439, 38.83222377404654 ], [ -76.581684010138503, 38.831569774371239 ], [ -76.583583010021584, 38.831192774083675 ], [ -76.586942011193216, 38.831081774154988 ], [ -76.587073011612787, 38.829498774013466 ], [ -76.586751011397496, 38.828680773662498 ], [ -76.585386010543502, 38.826971772527457 ], [ -76.584417010422939, 38.826861773068309 ], [ -76.583052009568931, 38.82546477333981 ], [ -76.582729009528748, 38.824443772935432 ], [ -76.582066009729928, 38.823293772684096 ], [ -76.580796009310475, 38.821727771566984 ], [ -76.580148008681974, 38.820228771737298 ], [ -76.578377007947097, 38.817972771335214 ], [ -76.578158007663987, 38.817469771730657 ], [ -76.578106007785436, 38.814931771341826 ], [ -76.577710007052019, 38.813333771049699 ], [ -76.576944007321032, 38.812062770593023 ], [ -76.576482006465355, 38.809715769723184 ], [ -76.575532006611368, 38.80736676997379 ], [ -76.575764006414957, 38.805326769003599 ], [ -76.575508006321925, 38.803181768612802 ], [ -76.575752006719398, 38.801016768137544 ], [ -76.575464006839297, 38.79929076770437 ], [ -76.574888006180814, 38.797638768203832 ], [ -76.574154005338585, 38.796408767903486 ], [ -76.573376005912024, 38.793947766817801 ], [ -76.572256004382083, 38.792982766435735 ], [ -76.575331004973293, 38.792410766914664 ], [ -76.597255012014713, 38.785515764027032 ], [ -76.60121401323596, 38.784844764238414 ], [ -76.606919015077736, 38.784432764198762 ], [ -76.609264015922946, 38.78410576415196 ], [ -76.610748015704331, 38.783798763158522 ], [ -76.620236019040249, 38.780935762268882 ], [ -76.619993018467696, 38.780094762096809 ], [ -76.62039901834855, 38.778155762266451 ], [ -76.619808019418073, 38.77679376100896 ], [ -76.619955018832854, 38.776101761813045 ], [ -76.620424018462913, 38.775315761385173 ], [ -76.620339018074091, 38.774052760804871 ], [ -76.62071701836588, 38.773223761275666 ], [ -76.62022501827127, 38.772311760528638 ], [ -76.621466019276738, 38.770575759795932 ], [ -76.621976018914665, 38.768125759827107 ], [ -76.624135019987051, 38.766564759530539 ], [ -76.625397020010567, 38.766627759440674 ], [ -76.626428020055428, 38.767095759633008 ], [ -76.628343020730327, 38.767002759955901 ], [ -76.630974021805827, 38.76724575951193 ], [ -76.633156022444439, 38.767065758778905 ], [ -76.634840023140654, 38.766687759403432 ], [ -76.635218023432429, 38.767044758943946 ], [ -76.635309022770699, 38.767544759539128 ], [ -76.635533023076704, 38.767763759881447 ], [ -76.638347023551987, 38.767748759246196 ], [ -76.639938025260108, 38.768803759113688 ], [ -76.641439025658229, 38.769194759194221 ], [ -76.643074025950668, 38.769282759411325 ], [ -76.645095026032465, 38.768882759014289 ], [ -76.646729026499997, 38.768954759069146 ], [ -76.647880027093734, 38.768625758449545 ], [ -76.649003028098406, 38.767961758585606 ], [ -76.65046902743812, 38.767730758759896 ], [ -76.651290027420686, 38.767385758600753 ], [ -76.652034028308663, 38.76666575855905 ], [ -76.653045028262028, 38.76512275828626 ], [ -76.654343029168885, 38.764530757656928 ], [ -76.655353029297331, 38.764458758040426 ], [ -76.656223028785405, 38.764843757479987 ], [ -76.658882030348281, 38.764772757703177 ], [ -76.66040903068567, 38.764090757698639 ], [ -76.661406031293652, 38.763119758004351 ], [ -76.662614031788806, 38.762725757493513 ], [ -76.66302103149458, 38.762143757800501 ], [ -76.663485031101771, 38.76183575656696 ], [ -76.664341031244419, 38.761842757023651 ], [ -76.666094032435964, 38.76223975758576 ], [ -76.666642032607029, 38.762058757269919 ], [ -76.667519032666092, 38.761411756942437 ], [ -76.6677020329642, 38.761109757005194 ], [ -76.667430032977634, 38.760465756632541 ], [ -76.666833032402735, 38.76049875691146 ], [ -76.666700032333367, 38.759921756627726 ], [ -76.667606032704725, 38.759191756698058 ], [ -76.668602033487787, 38.759192756300067 ], [ -76.66959303334967, 38.758754755566066 ], [ -76.669803033411952, 38.758364756027873 ], [ -76.669236032974283, 38.75744075614891 ], [ -76.669208033385189, 38.757133756664217 ], [ -76.669405033927021, 38.756853755809367 ], [ -76.669854032567244, 38.75664975577579 ], [ -76.670906034325128, 38.756854756144648 ], [ -76.671461033270603, 38.756744756310376 ], [ -76.672036034104181, 38.756141755232342 ], [ -76.67206503351818, 38.755724755759069 ], [ -76.673272034188429, 38.755411755867478 ], [ -76.674467035163119, 38.756134755617431 ], [ -76.675371034986355, 38.756045754949618 ], [ -76.675654034843575, 38.755586755512731 ], [ -76.676866035536719, 38.755813755426125 ], [ -76.678978036753421, 38.75552175495406 ], [ -76.680011036448093, 38.756104755058395 ], [ -76.68071003713024, 38.757518755695813 ], [ -76.680946037131775, 38.757641755751003 ], [ -76.681605036732648, 38.757407755856917 ], [ -76.682943036924144, 38.755730755763722 ], [ -76.68332603813711, 38.755712755047732 ], [ -76.684452037718188, 38.756172755420117 ], [ -76.68521703852258, 38.756094755102765 ], [ -76.685251037959432, 38.75526875462986 ], [ -76.685630038076155, 38.753736755169093 ], [ -76.685550038608511, 38.753045754080169 ], [ -76.684259037374346, 38.751621753918208 ], [ -76.684233037435092, 38.751309753961692 ], [ -76.684347037237899, 38.750922754229386 ], [ -76.684968037203916, 38.75012275412 ], [ -76.686157037432508, 38.749249754164346 ], [ -76.686205038011408, 38.748617753069716 ], [ -76.686360037822112, 38.748482753752469 ], [ -76.685754037924696, 38.748013753637039 ], [ -76.684868037644804, 38.746934753797753 ], [ -76.68458803726233, 38.745865753054098 ], [ -76.68484103698232, 38.743764752879372 ], [ -76.684020036999755, 38.738355751023434 ], [ -76.684846037005173, 38.736756750927078 ], [ -76.687011037925359, 38.735904750708642 ], [ -76.693843039173103, 38.73591875040124 ], [ -76.69499803996483, 38.73508275043352 ], [ -76.69570804051763, 38.73318275023734 ], [ -76.695557039108252, 38.731551749614319 ], [ -76.693702039606123, 38.727077749016587 ], [ -76.693591038379736, 38.72476874802198 ], [ -76.699147039360255, 38.715688746617857 ], [ -76.701210041071477, 38.712762745602063 ], [ -76.701962040558755, 38.710871745259354 ], [ -76.701788040481489, 38.710094745487474 ], [ -76.700928040140866, 38.709176745275371 ], [ -76.69774503869634, 38.707037744099566 ], [ -76.695990037854983, 38.704992744444091 ], [ -76.694948037939497, 38.702475743548973 ], [ -76.694985037749404, 38.700314743556 ], [ -76.696010037946465, 38.697790743037196 ], [ -76.697934038842206, 38.694789741622301 ], [ -76.698527038320833, 38.692250742079459 ], [ -76.698431038061358, 38.690450741466087 ], [ -76.697433037628471, 38.687804741049064 ], [ -76.69549203701429, 38.685788740494942 ], [ -76.693327036992443, 38.684463740047057 ], [ -76.687149034424337, 38.681378740058911 ], [ -76.686984034567899, 38.680641739627148 ], [ -76.687426033535459, 38.678753739219466 ], [ -76.690463035390152, 38.673690737826824 ], [ -76.692958036023199, 38.672360737937325 ], [ -76.699263037016266, 38.671116736759593 ], [ -76.700669037878157, 38.67013873736812 ], [ -76.701005037438819, 38.66836973642701 ], [ -76.700383037647882, 38.667029736782652 ], [ -76.699263037016266, 38.665776735794296 ], [ -76.697175036987304, 38.664670736013484 ], [ -76.694238035590061, 38.663848735846003 ], [ -76.690953034936584, 38.664036735520241 ], [ -76.687372033108787, 38.663800736491858 ], [ -76.68492503305464, 38.663034736628411 ], [ -76.683868032172199, 38.662178736275052 ], [ -76.683331031871788, 38.66118573627918 ], [ -76.683188031756643, 38.658820735468552 ], [ -76.685129032370824, 38.654778734611071 ], [ -76.686832032435305, 38.65304073377289 ], [ -76.68913103324978, 38.651255733927258 ], [ -76.690547033259094, 38.64983473352455 ], [ -76.691632033730627, 38.648513732347347 ], [ -76.692126033475034, 38.646610732797214 ], [ -76.692083033817326, 38.644052731919786 ], [ -76.692855033396086, 38.636444730207955 ], [ -76.692023033542867, 38.634939729861216 ], [ -76.690183032312703, 38.633045730200621 ], [ -76.686593031162388, 38.630486729354885 ], [ -76.685533030805232, 38.632227729123002 ], [ -76.685205030742182, 38.633397730351788 ], [ -76.683699031219476, 38.633786730541729 ], [ -76.683313030531792, 38.633037729794324 ], [ -76.683030030674573, 38.632982730397877 ], [ -76.68261203019982, 38.633222729751068 ], [ -76.683306030859114, 38.633810730103733 ], [ -76.683314030356712, 38.634071730522713 ], [ -76.682684031068177, 38.634546730546006 ], [ -76.681835029699897, 38.634071730522713 ], [ -76.681708030376583, 38.634371730645078 ], [ -76.682000030454645, 38.63529773082778 ], [ -76.681950030225934, 38.635858730257446 ], [ -76.682560030321298, 38.636278730693945 ], [ -76.681861030537462, 38.636892730993317 ], [ -76.68218603022747, 38.637163730474192 ], [ -76.682219029839459, 38.637414731593545 ], [ -76.681747030734655, 38.637644731154225 ], [ -76.681274030008311, 38.638165731298109 ], [ -76.680944030295436, 38.638252731637266 ], [ -76.680298030215056, 38.638069731115799 ], [ -76.67968402902342, 38.638387731446436 ], [ -76.679554029327093, 38.637988731322459 ], [ -76.679372028853905, 38.637963731159836 ], [ -76.679042029141016, 38.638626731061976 ], [ -76.678605029297998, 38.638802730982668 ], [ -76.678273029036987, 38.638570731155959 ], [ -76.678099028959707, 38.638092731456254 ], [ -76.677924029057536, 38.638008731305902 ], [ -76.677859028760196, 38.638431730736734 ], [ -76.677696028553569, 38.638529730908893 ], [ -76.677391028955057, 38.638523731589608 ], [ -76.676947028541022, 38.638158731354906 ], [ -76.676000028161795, 38.638386731557951 ], [ -76.675700028586135, 38.638208731535364 ], [ -76.675917028321095, 38.637461731185475 ], [ -76.675908028100267, 38.637294731316203 ], [ -76.675739028944193, 38.637254731646919 ], [ -76.675516028463107, 38.637804731633651 ], [ -76.675170027958387, 38.638045731576376 ], [ -76.673161027572149, 38.637862731929737 ], [ -76.672614027225961, 38.638062731163281 ], [ -76.672468026737789, 38.638337731390855 ], [ -76.673112027168344, 38.638939731622564 ], [ -76.673157027374202, 38.639387731548581 ], [ -76.6727850269302, 38.639701731462658 ], [ -76.672370026828503, 38.640409732169552 ], [ -76.671887026954735, 38.640472732461468 ], [ -76.671733026968951, 38.639694732371176 ], [ -76.670959026842056, 38.639332731410867 ], [ -76.670601026641776, 38.6393217320799 ], [ -76.670424026191441, 38.639503731636871 ], [ -76.670649027220662, 38.639774732472389 ], [ -76.670302026891022, 38.640236732274857 ], [ -76.670164026798759, 38.640742732584002 ], [ -76.669768026963652, 38.640825732482227 ], [ -76.669594026886372, 38.640529732143229 ], [ -76.669355026511781, 38.640455732744549 ], [ -76.668661026750812, 38.640517731733937 ], [ -76.668670026073329, 38.641319731866119 ], [ -76.668106026008729, 38.64101273239104 ], [ -76.667687026607382, 38.641296731859633 ], [ -76.667129025492216, 38.641191732315725 ], [ -76.6662470254103, 38.64152373276017 ], [ -76.665941025088557, 38.641795732815012 ], [ -76.665400025488495, 38.643347732280333 ], [ -76.664540025147843, 38.645119732560488 ], [ -76.663322024606941, 38.647045734096821 ], [ -76.662067025154428, 38.648424733742353 ], [ -76.661132024470746, 38.64933373365286 ], [ -76.658929023915746, 38.650789734743547 ], [ -76.655621022797718, 38.652179734753211 ], [ -76.654557022242599, 38.652355735062635 ], [ -76.653396021603115, 38.651737735138902 ], [ -76.652125022257053, 38.651724735500984 ], [ -76.65202002177675, 38.651620734805135 ], [ -76.65208402224917, 38.650695734068101 ], [ -76.651834022003925, 38.650534735289149 ], [ -76.651411021506306, 38.650714734998239 ], [ -76.650422021294247, 38.651941735137832 ], [ -76.649966021184667, 38.652012735506723 ], [ -76.649556020207541, 38.650905735317487 ], [ -76.648884021086204, 38.650686735213498 ], [ -76.648531020908791, 38.65077873506641 ], [ -76.646439019783557, 38.652770735088907 ], [ -76.646206020155049, 38.653286735600844 ], [ -76.64540801973871, 38.654180735626639 ], [ -76.645680019725276, 38.655277736384257 ], [ -76.645446020271862, 38.656728736359881 ], [ -76.644617019893374, 38.657801736739877 ], [ -76.644536019702514, 38.658639736879927 ], [ -76.643872020078803, 38.65869973635813 ], [ -76.643757019552766, 38.659296736600197 ], [ -76.643034019479487, 38.65946973747581 ], [ -76.642315019604169, 38.660491737167654 ], [ -76.640914018765159, 38.661429737655872 ], [ -76.639767018369355, 38.661441736667214 ], [ -76.63955001773607, 38.66158473700618 ], [ -76.63906101801453, 38.661454737347505 ], [ -76.638455018117114, 38.661741737250601 ], [ -76.637428017371917, 38.661630738015951 ], [ -76.637428017371917, 38.66231073793751 ], [ -76.636166017348387, 38.662778737726271 ], [ -76.635202017250705, 38.663967738417035 ], [ -76.630182015847367, 38.66610773854751 ], [ -76.628124015057324, 38.666793739201751 ], [ -76.62775101478843, 38.666723738949422 ], [ -76.627229014556605, 38.667129738899234 ], [ -76.625992014647423, 38.667235738493311 ], [ -76.625422014735065, 38.667505739463401 ], [ -76.623308012970185, 38.666907738724753 ], [ -76.621545013529555, 38.667598739639736 ], [ -76.620085013139317, 38.667674739422601 ], [ -76.618556012253762, 38.668169739024897 ], [ -76.61755801182089, 38.668657738942855 ], [ -76.617100012061485, 38.669106739078252 ], [ -76.609206009010109, 38.663173739123224 ], [ -76.608138008257015, 38.662062739225753 ], [ -76.607072008052072, 38.660377738653608 ], [ -76.606829007479519, 38.660998738513698 ], [ -76.597503005423647, 38.672051740786316 ], [ -76.596884005107427, 38.673044740886617 ], [ -76.596228005879624, 38.67471874194289 ], [ -76.59579100513831, 38.677632742214584 ], [ -76.596193006617824, 38.68035874256659 ], [ -76.596969006394559, 38.682273742799929 ], [ -76.597957006781698, 38.683896743525004 ], [ -76.6055860095192, 38.694826745516025 ], [ -76.60640600967686, 38.696495745789235 ], [ -76.607080010244644, 38.698934746484113 ], [ -76.608098010769012, 38.706396747770178 ], [ -76.608124011606591, 38.709773748629679 ], [ -76.607979010943311, 38.711528748536836 ], [ -76.606962011142173, 38.716019749820674 ], [ -76.60597601130317, 38.71847575056578 ], [ -76.604571011164523, 38.721129751370967 ], [ -76.53558598845845, 38.721487753212472 ], [ -76.52846798608212, 38.712750751689484 ], [ -76.522777984308973, 38.712638752099146 ], [ -76.523830984095127, 38.691353748036825 ], [ -76.523436983011507, 38.679994745101006 ], [ -76.520637980808203, 38.654577739574208 ], [ -76.51842397948424, 38.647915738595486 ], [ -76.517358979104216, 38.641656737948693 ], [ -76.511916977028164, 38.631449735677506 ], [ -76.511523975769478, 38.625678734365607 ], [ -76.510145975394977, 38.62285873417607 ], [ -76.507063974232793, 38.615119732939306 ], [ -76.507457974418088, 38.607905731537294 ], [ -76.51008097419934, 38.597019728586915 ], [ -76.510998974266286, 38.590885727300794 ], [ -76.511326972532729, 38.569869723092232 ], [ -76.509949971983147, 38.557146720344136 ], [ -76.512769971407891, 38.540817716966927 ], [ -76.51367897215232, 38.53668971574286 ], [ -76.510932971449094, 38.531308715092806 ], [ -76.505424968352514, 38.515503711949222 ], [ -76.499675966129814, 38.500128708730365 ], [ -76.492570962375638, 38.490124707353644 ], [ -76.483913959068005, 38.479041705565024 ], [ -76.477355956558341, 38.473466704447318 ], [ -76.469551954816936, 38.469398703651919 ], [ -76.464699952744795, 38.464482702793106 ], [ -76.451255947662332, 38.453202701346925 ], [ -76.450997947919475, 38.450520700714819 ], [ -76.448828946801356, 38.446204699357956 ], [ -76.443459944520242, 38.442137699471566 ], [ -76.430985940281602, 38.434545697906231 ], [ -76.431040939634883, 38.431508697650195 ], [ -76.424694938633934, 38.424837695938827 ], [ -76.419217936397786, 38.421529695954732 ], [ -76.411625933470191, 38.41491369477594 ], [ -76.408479931835572, 38.408459693743694 ], [ -76.40365393060101, 38.403632692009666 ], [ -76.398663927538294, 38.396908691615785 ], [ -76.391505925877283, 38.392461690785872 ], [ -76.377025920727121, 38.388881690573982 ], [ -76.376211920417262, 38.384597689498626 ], [ -76.379031920740317, 38.381614688913402 ], [ -76.383749922019845, 38.378198688505464 ], [ -76.385810923182945, 38.375432686852932 ], [ -76.385376922814672, 38.370714685940769 ], [ -76.381743921108338, 38.362308684191134 ], [ -76.389661922652536, 38.350780681780982 ], [ -76.397090924475194, 38.342242680097385 ], [ -76.403056925534557, 38.334161678969338 ], [ -76.413261928197642, 38.315363674510195 ], [ -76.406618927095764, 38.3174626747753 ], [ -76.402786925197802, 38.318904674885616 ], [ -76.374010915918817, 38.306906673431143 ], [ -76.364510911989029, 38.299444672542727 ], [ -76.364510911989029, 38.296460671918503 ], [ -76.379711915765981, 38.284024668936482 ], [ -76.38826191804516, 38.271339665928991 ], [ -76.389528918091571, 38.263381664095725 ], [ -76.387628916586962, 38.253929662139669 ], [ -76.38097791329254, 38.232788658448875 ], [ -76.377949912557014, 38.226366657093394 ], [ -76.378480912111343, 38.226306656351262 ], [ -76.361631905826513, 38.204807653117356 ], [ -76.337288897421701, 38.17471364786369 ], [ -76.321481891052372, 38.157800644287029 ], [ -76.312629886852761, 38.140887641046255 ], [ -76.312629886852761, 38.136410640297214 ], [ -76.32559189008974, 38.120741636526034 ], [ -76.325418889837366, 38.112984635330676 ], [ -76.321633887795073, 38.105727633794601 ], [ -76.321821888116034, 38.089903630681796 ], [ -76.319943886352746, 38.074079626841318 ], [ -76.312805882986595, 38.052340623262168 ], [ -76.308861880037327, 38.039474620922931 ], [ -76.316937882663609, 38.028678618060809 ], [ -76.325578885179354, 38.028678617353201 ], [ -76.329146886588362, 38.032671618016501 ], [ -76.330461888111955, 38.041988620664277 ], [ -76.337411889360524, 38.046276621209444 ], [ -76.345112892068045, 38.046720621037949 ], [ -76.35665689654418, 38.046439619752867 ], [ -76.367465899454857, 38.053522620886433 ], [ -76.374602902996102, 38.068902624603815 ], [ -76.381364905720289, 38.081178626646867 ], [ -76.390308909083103, 38.087471627376985 ], [ -76.39603291029313, 38.090568628219884 ], [ -76.396220911512401, 38.094561628876775 ], [ -76.395938910581805, 38.098702629665951 ], [ -76.400448912347173, 38.100624630059116 ], [ -76.405240914144869, 38.101881629843341 ], [ -76.412758916554296, 38.101068629512326 ], [ -76.421496919154464, 38.101733629380128 ], [ -76.425255920359163, 38.103656629455109 ], [ -76.426382920663485, 38.10639263013541 ], [ -76.430329923087484, 38.110680630699143 ], [ -76.438504925447944, 38.112233631624193 ], [ -76.445645927390515, 38.112455630692871 ], [ -76.451658929203859, 38.111716630827459 ], [ -76.455793930152197, 38.109793630152772 ], [ -76.471589934854251, 38.097949626959803 ], [ -76.476428936507617, 38.099517627215839 ], [ -76.482905938826448, 38.107076628256095 ], [ -76.487673940334687, 38.117378630774198 ], [ -76.495573943233879, 38.125329632075108 ], [ -76.499701944509511, 38.130480632720662 ], [ -76.501417945891134, 38.131516633186791 ], [ -76.502984946411487, 38.133308633289545 ], [ -76.51095894893048, 38.135995633469278 ], [ -76.51565794994346, 38.136555633315801 ], [ -76.521922952550185, 38.13319663320312 ], [ -76.526052953475656, 38.129836631952138 ], [ -76.531890955386814, 38.131068632116012 ], [ -76.536874956805136, 38.135435632858368 ], [ -76.547126961120526, 38.152233636304842 ], [ -76.553107964045125, 38.164775637681004 ], [ -76.554469964526078, 38.175190639694875 ], [ -76.559527967360879, 38.184653642127124 ], [ -76.565725969122155, 38.190364642783621 ], [ -76.596637979907314, 38.2102966460264 ], [ -76.62376398882526, 38.218976646915024 ], [ -76.634343991407079, 38.220823646769979 ], [ -76.648645996281999, 38.220208646415053 ], [ -76.660401000645351, 38.224825646856381 ], [ -76.673136004101593, 38.228981647470796 ], [ -76.681756007599304, 38.228827646957029 ], [ -76.691160010371306, 38.230212646987141 ], [ -76.702523013300862, 38.230981646549935 ], [ -76.712907016962419, 38.228981646059474 ], [ -76.720351019752002, 38.229134645614664 ], [ -76.728552022051744, 38.230563645608591 ], [ -76.732900023435406, 38.223701644628562 ], [ -76.735265023473801, 38.21855064345548 ], [ -76.736545023938987, 38.216434642395001 ], [ -76.738735024075197, 38.213776641855077 ], [ -76.74446102583336, 38.201966639135811 ], [ -76.749146027500942, 38.206587639590772 ], [ -76.754049029626714, 38.218823642226923 ], [ -76.762960032479228, 38.220823642535493 ], [ -76.768446034037879, 38.220592641848121 ], [ -76.771972034715787, 38.220669641688254 ], [ -76.783337038193466, 38.224132642606435 ], [ -76.797542043882331, 38.231674643411665 ], [ -76.803812045613626, 38.237138645059794 ], [ -76.812835049517446, 38.24713464635829 ], [ -76.831935055139539, 38.244433645297001 ], [ -76.831587054985008, 38.245088645023536 ], [ -76.846569060275499, 38.250605645599769 ], [ -76.867045067520564, 38.266499648363137 ], [ -76.873121069083084, 38.270208648815675 ], [ -76.88977207500119, 38.273917649568311 ], [ -76.903274078911636, 38.28151064996306 ], [ -76.913850083092157, 38.286102650670827 ], [ -76.921725084978632, 38.286632650829375 ], [ -76.926901086915876, 38.287162650643495 ], [ -76.929376088355767, 38.289987651144742 ], [ -76.930276088879381, 38.29546265218908 ], [ -76.928476088730491, 38.311532655846769 ], [ -76.935677091845832, 38.321246657416438 ], [ -76.945577094910391, 38.326720658046327 ], [ -76.962229100653417, 38.331842658841673 ], [ -76.968304103289341, 38.336963659250053 ], [ -76.977080105524337, 38.338023659406979 ], [ -76.982256106563284, 38.338023659406979 ], [ -76.983156107985195, 38.346323661147729 ], [ -76.981581107967216, 38.350031661843204 ], [ -76.983831108377885, 38.356742663074186 ], [ -76.99080611153741, 38.367868664656797 ], [ -76.989681110882927, 38.371930665758697 ], [ -76.989240110841948, 38.372852666343704 ], [ -76.989736112032816, 38.378309667240288 ], [ -76.993518113702066, 38.389181669156322 ], [ -76.994989113962959, 38.395441669998675 ], [ -76.998351115507646, 38.401700671290556 ], [ -77.004234117624634, 38.409772672646397 ], [ -77.007176119044743, 38.41899667550075 ], [ -77.016841123729321, 38.435798677756331 ], [ -77.020623125398572, 38.440246679178664 ], [ -77.033651128757782, 38.441399679144745 ], [ -77.042266131334316, 38.438269677762563 ], [ -77.054242134732249, 38.431515676211561 ], [ -77.070212139511568, 38.419655672788664 ], [ -77.079037141252059, 38.413396671528197 ], [ -77.084710143306765, 38.405324669482702 ], [ -77.09332514588327, 38.402030668079817 ], [ -77.10824314980303, 38.40219466801436 ], [ -77.122321154371974, 38.40203066667182 ], [ -77.126524155092397, 38.393958665260854 ], [ -77.141022158887594, 38.382592662674725 ], [ -77.15089816256102, 38.379462662223091 ], [ -77.161404164624699, 38.373038659791547 ], [ -77.169178167127157, 38.369579659806625 ], [ -77.169169166906315, 38.369137658814196 ], [ -77.182814170931906, 38.362374656931713 ], [ -77.203978177191843, 38.356484655026797 ], [ -77.214004180653092, 38.356266654849598 ], [ -77.232105186017392, 38.366737655743236 ], [ -77.242687190045672, 38.37022865663792 ], [ -77.254940194351391, 38.378299657527613 ], [ -77.259674196422765, 38.383971659572062 ], [ -77.261623197432883, 38.395533661582114 ], [ -77.269699200957433, 38.411022663479706 ], [ -77.271092201400535, 38.414731664760829 ], [ -77.269978200616691, 38.419312665507164 ], [ -77.26329419950693, 38.430219668327915 ], [ -77.263573200064513, 38.432401668654236 ], [ -77.270256202247666, 38.440036670485775 ], [ -77.270813203537898, 38.442654670503053 ], [ -77.270813203537898, 38.44701767137613 ], [ -77.26858520286855, 38.45072667171285 ], [ -77.276661206393115, 38.464033674285247 ], [ -77.276104206001193, 38.467742675560032 ], [ -77.273041205105571, 38.471232676261785 ], [ -77.276940206052373, 38.478213677262609 ], [ -77.280838208970891, 38.483449678800831 ], [ -77.269699206347326, 38.510936684340777 ], [ -77.263573205454406, 38.524897687549085 ], [ -77.258437203700126, 38.531239689371965 ], [ -77.253085202934116, 38.534966690514473 ], [ -77.249304201988068, 38.538803691047868 ], [ -77.247669201695643, 38.546745693112726 ] ], [ [ -76.979346147151048, 39.051125804520268 ], [ -76.979028147133732, 39.050570805169251 ], [ -76.977701146812876, 39.050002804639888 ], [ -76.976900146023482, 39.049361804656833 ], [ -76.976213145935219, 39.0492968045981 ], [ -76.975580146273614, 39.047934804088626 ], [ -76.974298145260306, 39.047480804128746 ], [ -76.973291145504902, 39.047366803987821 ], [ -76.973398144736706, 39.046214803769637 ], [ -76.972566144883501, 39.044581803730978 ], [ -76.972337144554643, 39.042781803093604 ], [ -76.971757144596495, 39.042483803028368 ], [ -76.970811144042159, 39.04240780292767 ], [ -76.969453143759168, 39.041976802967177 ], [ -76.96919414329308, 39.042048803577366 ], [ -76.96824814273873, 39.043155803372763 ], [ -76.967813143443848, 39.043231803366524 ], [ -76.967691143245119, 39.042243803349692 ], [ -76.968149143004524, 39.041636803590734 ], [ -76.968134142935924, 39.041411802570224 ], [ -76.967187142556654, 39.040374803204124 ], [ -76.967592142612602, 39.03924180270986 ], [ -76.967737143275869, 39.038192803072945 ], [ -76.968233142670115, 39.038062802575446 ], [ -76.968439143432761, 39.037604802459462 ], [ -76.96728714301409, 39.037379802553559 ], [ -76.966631141989637, 39.037028802553642 ], [ -76.966646142956577, 39.036086802547032 ], [ -76.966379142094567, 39.035842802463563 ], [ -76.965692142006318, 39.035624801865076 ], [ -76.965303141843876, 39.034625801725973 ], [ -76.965028142382593, 39.034385801870528 ], [ -76.965303141843876, 39.033961801320132 ], [ -76.965227141675896, 39.033667802163755 ], [ -76.964998141347039, 39.033458801255343 ], [ -76.964212140626259, 39.033328801817539 ], [ -76.963808141293541, 39.03302780113318 ], [ -76.963146140421316, 39.032455802097687 ], [ -76.963007140504132, 39.031991800791758 ], [ -76.962652140676909, 39.031578801513938 ], [ -76.962099140482948, 39.031215801003995 ], [ -76.960077139677921, 39.033847801692758 ], [ -76.957527139691592, 39.037675802764802 ], [ -76.95558213887945, 39.039945803785912 ], [ -76.954195138284135, 39.039209803192023 ], [ -76.95323613820932, 39.03901180384711 ], [ -76.952551137770882, 39.039042803597944 ], [ -76.952357137602121, 39.039340803524887 ], [ -76.948343137027592, 39.040039803703955 ], [ -76.948120137444846, 39.03995280339069 ], [ -76.948092136957428, 39.040137803559681 ], [ -76.947700136421986, 39.039749804103771 ], [ -76.946859136347925, 39.041188803974329 ], [ -76.945465136079903, 39.042463804772403 ], [ -76.937688134102714, 39.047125805109879 ], [ -76.938411133277668, 39.048004805445515 ], [ -76.938536133849439, 39.048672805316578 ], [ -76.936745133921406, 39.051216806554372 ], [ -76.939440134571015, 39.052082806283622 ], [ -76.940580135294098, 39.052705806469184 ], [ -76.94154713576485, 39.052210806755774 ], [ -76.943888136412127, 39.051497805908845 ], [ -76.944266135805563, 39.051517805792969 ], [ -76.946313136724953, 39.05242280630803 ], [ -76.935885134479108, 39.066620809771543 ], [ -76.936035134266916, 39.066836809945833 ], [ -76.936770134934079, 39.067028809855898 ], [ -76.937321134579889, 39.066893809319801 ], [ -76.937791134933178, 39.067061809482688 ], [ -76.937944135094071, 39.066928809328552 ], [ -76.938142134562469, 39.067096809408177 ], [ -76.938089134858998, 39.06733680972502 ], [ -76.938852135115255, 39.067595809985434 ], [ -76.938722135418914, 39.067881809753267 ], [ -76.939256135346298, 39.068515810144874 ], [ -76.939119135078954, 39.068881809795712 ], [ -76.939539136101814, 39.069209809703437 ], [ -76.939462136108929, 39.069373810131886 ], [ -76.939699135037074, 39.069571809452377 ], [ -76.939516135637291, 39.069747809777006 ], [ -76.940157135694818, 39.070128810331433 ], [ -76.94012613663098, 39.070311810745231 ], [ -76.940622136025212, 39.070681810574364 ], [ -76.940843136856486, 39.070609809862411 ], [ -76.941095136751557, 39.070762810067059 ], [ -76.941049135822482, 39.07104881025294 ], [ -76.941286136547262, 39.071128810619349 ], [ -76.941637136176539, 39.07166281034123 ], [ -76.94179713690842, 39.071593810212697 ], [ -76.941766136047974, 39.071906810830903 ], [ -76.941980136308203, 39.072009810146973 ], [ -76.941789136512497, 39.072364810300947 ], [ -76.942323137338207, 39.072902810733417 ], [ -76.942483137171777, 39.073546811312589 ], [ -76.942361136973034, 39.073767810130903 ], [ -76.943132136726888, 39.074420810967432 ], [ -76.945228138050069, 39.074894810908106 ], [ -76.947475138986007, 39.075672811444733 ], [ -76.952320139588835, 39.078087811250612 ], [ -76.961364141612435, 39.064518808732558 ], [ -76.964391142523041, 39.06057680747616 ], [ -76.965915143385701, 39.05937380687422 ], [ -76.979346147151048, 39.051125804520268 ] ], [ [ -76.747704061688339, 38.821742766445027 ], [ -76.749616061091885, 38.821944766216369 ], [ -76.750668062849769, 38.82284476620903 ], [ -76.751233062739274, 38.824253766634655 ], [ -76.752544063166596, 38.82486276689756 ], [ -76.753094062987515, 38.82547676721321 ], [ -76.753974063419619, 38.825751767043137 ], [ -76.756474064973858, 38.828732767378881 ], [ -76.757742064845175, 38.828939767733424 ], [ -76.759333064756675, 38.828819767560617 ], [ -76.759446064734576, 38.829943767877616 ], [ -76.759810065680966, 38.830284768310101 ], [ -76.759967066039792, 38.830746767734915 ], [ -76.759889066221987, 38.831512768092871 ], [ -76.760354065654084, 38.832487768393229 ], [ -76.762533066817952, 38.832967768329006 ], [ -76.7638230673289, 38.83361476874763 ], [ -76.766155067755321, 38.833330767442966 ], [ -76.766763068200873, 38.83348276853841 ], [ -76.767007068598346, 38.833887768021846 ], [ -76.766365068715928, 38.835100768864677 ], [ -76.765708067866584, 38.835785768150537 ], [ -76.766115067572343, 38.836692768910282 ], [ -76.766648067674822, 38.837028768946858 ], [ -76.767094067738654, 38.838059769040868 ], [ -76.76739606876076, 38.83814076895095 ], [ -76.768461068242487, 38.837913768711054 ], [ -76.769437068934053, 38.838337769617198 ], [ -76.771463069937056, 38.838698768858045 ], [ -76.772062069263441, 38.838926768576677 ], [ -76.772072070207514, 38.83913276949265 ], [ -76.771719070030088, 38.839526769685477 ], [ -76.772151069850224, 38.83968376950785 ], [ -76.77319207083913, 38.839516768833796 ], [ -76.773635070529906, 38.839653769114001 ], [ -76.775243071058156, 38.839628768776073 ], [ -76.773846070417108, 38.838427768926721 ], [ -76.773196070138781, 38.837359768568881 ], [ -76.771850069551334, 38.833763767968648 ], [ -76.771102069363721, 38.831331767975527 ], [ -76.77048506869734, 38.828255766978174 ], [ -76.769773068494729, 38.826570766814903 ], [ -76.766542067369599, 38.821760765893579 ], [ -76.763662065873788, 38.819229764872134 ], [ -76.762483065690944, 38.819605765365154 ], [ -76.760857065619334, 38.81947476523257 ], [ -76.759369064741691, 38.82019176561537 ], [ -76.758906064959405, 38.820125766394305 ], [ -76.757532064782879, 38.820601765832592 ], [ -76.756069064019584, 38.820867765759054 ], [ -76.754536062936097, 38.821830766194125 ], [ -76.753526062807637, 38.821499766445832 ], [ -76.753272063262742, 38.821240765605772 ], [ -76.752956062895265, 38.821275766720149 ], [ -76.752894062970995, 38.82102976612201 ], [ -76.752416063120094, 38.821142765893434 ], [ -76.751867062225784, 38.820969765693548 ], [ -76.750648062758273, 38.821389766231142 ], [ -76.749927062334834, 38.821252766489671 ], [ -76.749820062204719, 38.821310766417533 ], [ -76.749939062030393, 38.8214777664165 ], [ -76.748909061810465, 38.821427766260925 ], [ -76.747704061688339, 38.821742766445027 ] ], [ [ -76.957594127960647, 38.834477761771851 ], [ -76.958040128024493, 38.835503762076961 ], [ -76.95861512795976, 38.835912761660033 ], [ -76.960205128944651, 38.836354761849989 ], [ -76.960766128636209, 38.836696762272588 ], [ -76.960270129241991, 38.837844762431459 ], [ -76.960272127993491, 38.838407762015095 ], [ -76.96114612947612, 38.83959376199094 ], [ -76.962760129852157, 38.841323763399323 ], [ -76.96593913109875, 38.842957763211672 ], [ -76.967044130763412, 38.841619762444367 ], [ -76.96694713067906, 38.841078762660246 ], [ -76.965755130077412, 38.840144762634928 ], [ -76.966420130424353, 38.839599762635586 ], [ -76.964905130680833, 38.838098762167377 ], [ -76.964256130227412, 38.837778762081655 ], [ -76.963407129757456, 38.837612762436862 ], [ -76.963836130102834, 38.837134761457072 ], [ -76.966260129692458, 38.836445762186337 ], [ -76.966279129959048, 38.836304761646403 ], [ -76.965397130775429, 38.835377761473474 ], [ -76.96705413080916, 38.834807761421132 ], [ -76.96573312943778, 38.833448760789885 ], [ -76.965218129776986, 38.833554761430783 ], [ -76.964865129599559, 38.83293876087312 ], [ -76.967644129914717, 38.83196576041523 ], [ -76.968357130840573, 38.831563760453477 ], [ -76.969131130967483, 38.830926760946362 ], [ -76.96992113188621, 38.82971076030968 ], [ -76.967961130107128, 38.829062760072709 ], [ -76.967585130363489, 38.828551759492925 ], [ -76.967555130226302, 38.827938759841466 ], [ -76.966768129680588, 38.827441759522451 ], [ -76.966134130194106, 38.826592759671996 ], [ -76.965080129684708, 38.826550759369539 ], [ -76.964397129794406, 38.826294759589885 ], [ -76.963654128731335, 38.826371759352476 ], [ -76.963175129055529, 38.826222760054641 ], [ -76.9625521294397, 38.826412759701128 ], [ -76.962215129155808, 38.826836759839011 ], [ -76.9618901294658, 38.826936759516727 ], [ -76.961307128236299, 38.82695275964803 ], [ -76.960725127730015, 38.826757759770338 ], [ -76.959638127608684, 38.826868760143064 ], [ -76.959065127323228, 38.826594759785714 ], [ -76.958103127773683, 38.8267307603912 ], [ -76.957867127772118, 38.827095759918734 ], [ -76.957046126891242, 38.827153759985819 ], [ -76.95620312716737, 38.827750760849732 ], [ -76.955194126863844, 38.827968760274885 ], [ -76.953621126495705, 38.828058760799514 ], [ -76.950905125031383, 38.827924760707923 ], [ -76.951061125565317, 38.828496760655355 ], [ -76.954950126466358, 38.828515760525782 ], [ -76.955438126363006, 38.828656760400392 ], [ -76.958645128096975, 38.832174761122474 ], [ -76.959926128387082, 38.833144761627935 ], [ -76.957594127960647, 38.834477761771851 ] ], [ [ -76.946293111480657, 38.619159718162727 ], [ -76.945605111567488, 38.618032717324226 ], [ -76.945817112177906, 38.617597718220892 ], [ -76.945777111994929, 38.615523717485466 ], [ -76.947727111931613, 38.61260571700965 ], [ -76.94767211257836, 38.611892716291628 ], [ -76.947048112239287, 38.611105716699193 ], [ -76.947488111557021, 38.610851716720028 ], [ -76.949326112239035, 38.610940716350832 ], [ -76.950234112260247, 38.610654716111554 ], [ -76.950571112544154, 38.610813716883513 ], [ -76.952243112646499, 38.609741716601221 ], [ -76.95356811331753, 38.610796715749458 ], [ -76.954984114225141, 38.609036715775979 ], [ -76.955820114276307, 38.608609715794827 ], [ -76.95600511422424, 38.607297715196751 ], [ -76.946946111233729, 38.603674715544948 ], [ -76.941364109415602, 38.600243715045046 ], [ -76.939184108426815, 38.598015714053012 ], [ -76.937920107855149, 38.59710971354199 ], [ -76.937283107995611, 38.599639714831959 ], [ -76.936472108058794, 38.601042715127377 ], [ -76.919100103513884, 38.618295718664875 ], [ -76.920387103651734, 38.619119719604996 ], [ -76.922609104473324, 38.619933719446557 ], [ -76.925315104993572, 38.619924718834909 ], [ -76.927349106392512, 38.620781718826969 ], [ -76.928305106992582, 38.620987719476894 ], [ -76.930857107527032, 38.620436718770918 ], [ -76.933490108252343, 38.62012771870949 ], [ -76.93422410819629, 38.619695718722376 ], [ -76.934893108741178, 38.618682718344999 ], [ -76.936721108479134, 38.619025718098783 ], [ -76.939129109971859, 38.620189718435633 ], [ -76.940686110446478, 38.620495718517731 ], [ -76.944391111224519, 38.620176717988059 ], [ -76.946293111480657, 38.619159718162727 ] ], [ [ -76.98209811715931, 38.515045695113649 ], [ -76.984690116978427, 38.50470469382941 ], [ -76.982410116430529, 38.504973693267011 ], [ -76.981732116563109, 38.50484469274744 ], [ -76.981192115889627, 38.501463693068189 ], [ -76.981054115797377, 38.500846692489056 ], [ -76.980865116549808, 38.500651691884855 ], [ -76.977697115173882, 38.501170692866481 ], [ -76.976847114878979, 38.500964692291873 ], [ -76.97507411359598, 38.500140693241079 ], [ -76.97182911312548, 38.499326692474106 ], [ -76.965162110835863, 38.499425692450679 ], [ -76.963910110858066, 38.500008692677561 ], [ -76.961569110210803, 38.502168693731853 ], [ -76.959550109778817, 38.503148693860759 ], [ -76.957151109405231, 38.504594693785634 ], [ -76.956612108556669, 38.504734694323481 ], [ -76.952917107824376, 38.504558693964889 ], [ -76.94724510469625, 38.501417694106358 ], [ -76.943957104568057, 38.499407693359842 ], [ -76.943405104199002, 38.499972693376662 ], [ -76.942862104050775, 38.500104693303136 ], [ -76.942456104169921, 38.499132693098232 ], [ -76.941567103516988, 38.498212693271398 ], [ -76.938256102025932, 38.496512693870166 ], [ -76.932802100254335, 38.494328693579902 ], [ -76.92851509897001, 38.491364692502508 ], [ -76.926802098859781, 38.490810692762317 ], [ -76.925628097801479, 38.490663693023656 ], [ -76.925848098807833, 38.492435693199646 ], [ -76.925774098289665, 38.494477693142557 ], [ -76.92566409868482, 38.495786693395978 ], [ -76.925329098050739, 38.496181693906777 ], [ -76.925253097882774, 38.496746693916464 ], [ -76.92446809788521, 38.497691693995904 ], [ -76.923054097525736, 38.49854069456358 ], [ -76.921676098049559, 38.50012869466979 ], [ -76.920754096886341, 38.50219869528226 ], [ -76.918935096470904, 38.504542695444783 ], [ -76.91838209717524, 38.505480695653311 ], [ -76.918236096687082, 38.506579695767904 ], [ -76.918351096314794, 38.50667069588971 ], [ -76.91794409660902, 38.507791695735371 ], [ -76.916604096767699, 38.509507696283919 ], [ -76.914360096204803, 38.513374697481908 ], [ -76.915030095676315, 38.513878697705181 ], [ -76.916603096942794, 38.514359697994557 ], [ -76.920098098556863, 38.514359697994536 ], [ -76.921030097969179, 38.514794697623799 ], [ -76.924058098704705, 38.517609698311318 ], [ -76.9246690995233, 38.518753697870295 ], [ -76.925123099983054, 38.520707698620981 ], [ -76.927166100704483, 38.523837698846876 ], [ -76.927786100845609, 38.525687700189252 ], [ -76.927972101516744, 38.527525699322965 ], [ -76.928277101115285, 38.527959700184077 ], [ -76.92804110111372, 38.529793700332881 ], [ -76.927522101254951, 38.532005701385017 ], [ -76.927744101012806, 38.532568701490945 ], [ -76.927880100556919, 38.534069701571148 ], [ -76.926927101228202, 38.537127701660125 ], [ -76.927139100940309, 38.539300702469149 ], [ -76.927363101246286, 38.539536702310123 ], [ -76.926997101548395, 38.540062703016233 ], [ -76.92725310164144, 38.54021070295164 ], [ -76.927106101328349, 38.540509702855765 ], [ -76.927488101818085, 38.54051870218268 ], [ -76.927378101314901, 38.540702702617843 ], [ -76.927749101035673, 38.541038702289654 ], [ -76.927372101467128, 38.541419702797548 ], [ -76.927016101814985, 38.542441703512296 ], [ -76.927100101480562, 38.543520703223187 ], [ -76.950126108711956, 38.537716701587215 ], [ -76.952387108993264, 38.536586701344362 ], [ -76.954849110014351, 38.535007700748217 ], [ -76.956939109693138, 38.533525700209026 ], [ -76.959301110256803, 38.531614699793877 ], [ -76.959370110752076, 38.531419699593656 ], [ -76.961432111740081, 38.531769700026445 ], [ -76.968654113873512, 38.531837699270518 ], [ -76.970129114332366, 38.531432699248676 ], [ -76.974450115053543, 38.52931169916863 ], [ -76.975556116339789, 38.529133698441349 ], [ -76.975002115422598, 38.520132696219704 ], [ -76.97704411542081, 38.513973695090023 ], [ -76.98209811715931, 38.515045695113649 ] ], [ [ -76.865651108575079, 39.00729279966513 ], [ -76.871037110574591, 39.006958799339408 ], [ -76.87366811075178, 39.007259800035484 ], [ -76.872861111012895, 39.005009798940506 ], [ -76.874852111855802, 39.004145798904091 ], [ -76.875681112234275, 39.004595798756384 ], [ -76.881702113545231, 39.006038798726763 ], [ -76.885521115922714, 39.006055798640958 ], [ -76.888682115829312, 39.005484798794143 ], [ -76.889925116484577, 39.005403799128452 ], [ -76.891176117535778, 39.005704798064535 ], [ -76.892547117339234, 39.006334798948629 ], [ -76.895230118293256, 39.002669797642454 ], [ -76.892215116179912, 38.999170797270871 ], [ -76.889336115407289, 38.995277796378758 ], [ -76.88612411454875, 38.991450795751675 ], [ -76.877033110872873, 38.981774794540371 ], [ -76.876706111533039, 38.981878793960355 ], [ -76.873539109982019, 38.978255793508815 ], [ -76.871263109632082, 38.979464794472968 ], [ -76.866933107791752, 38.980231794519362 ], [ -76.866814107966064, 38.98038079428288 ], [ -76.866931108141927, 38.984319795209643 ], [ -76.8646421073732, 38.985218795721664 ], [ -76.864807108127991, 38.985770796003173 ], [ -76.862841107399433, 38.986052795722991 ], [ -76.86007710625455, 38.990910796640911 ], [ -76.86019810662836, 38.991501796920993 ], [ -76.865025108586167, 38.991822796372972 ], [ -76.867580109493673, 38.992849797021996 ], [ -76.868730109364208, 38.993156797245305 ], [ -76.872604110196647, 38.993700797269987 ], [ -76.874987111575024, 38.994279797000523 ], [ -76.87822011234995, 38.994283796865282 ], [ -76.880910112976679, 38.994910796773809 ], [ -76.873545110728116, 38.997162797401757 ], [ -76.871962110314229, 38.997775797752119 ], [ -76.869827109531286, 38.998878797396941 ], [ -76.867427108434484, 39.000547798369496 ], [ -76.865954108523752, 39.002024798905609 ], [ -76.86487610862325, 39.003499798604615 ], [ -76.86374510812098, 39.005670799459502 ], [ -76.863123108330029, 39.007231799829924 ], [ -76.865651108575079, 39.00729279966513 ] ], [ [ -76.890669108389417, 38.851580767863233 ], [ -76.895624108597104, 38.852705767281705 ], [ -76.900156111002119, 38.854935768536755 ], [ -76.900196111185082, 38.855276768139866 ], [ -76.902330112143119, 38.859382767999037 ], [ -76.90239011241755, 38.859773768498542 ], [ -76.902148111669902, 38.859883768850821 ], [ -76.901795111492504, 38.860659768918467 ], [ -76.902245111754297, 38.860785769518444 ], [ -76.902047111387589, 38.861111769179765 ], [ -76.902655111833127, 38.861083768572328 ], [ -76.903693112448963, 38.863984770149784 ], [ -76.903595112539676, 38.864172769943515 ], [ -76.90524311325089, 38.865145769942785 ], [ -76.907330113454961, 38.865418769940518 ], [ -76.909930114568297, 38.864607769978797 ], [ -76.912350115756581, 38.86494876936753 ], [ -76.914867116130949, 38.864242769099839 ], [ -76.91578311654807, 38.864991769607101 ], [ -76.9162851166884, 38.864572769190055 ], [ -76.916504116971524, 38.863754768431306 ], [ -76.915980117089873, 38.863728769333719 ], [ -76.916027116047232, 38.862598768859698 ], [ -76.915450116462139, 38.862194768675081 ], [ -76.914701115551281, 38.862163769123583 ], [ -76.914590116121531, 38.860570768632122 ], [ -76.914753116328129, 38.860441768207991 ], [ -76.917015117332681, 38.861598768837936 ], [ -76.918449116885341, 38.860381768126153 ], [ -76.918860116789091, 38.860250768191349 ], [ -76.910868114726725, 38.853482767003641 ], [ -76.907681113084237, 38.851333766647215 ], [ -76.906042112593852, 38.850481766495044 ], [ -76.892456108119504, 38.845533766229266 ], [ -76.874231102008309, 38.840972766228674 ], [ -76.874048102608526, 38.844570766694659 ], [ -76.877766102907046, 38.847447766808912 ], [ -76.882066105508457, 38.849568767488527 ], [ -76.886124106463924, 38.849850766794887 ], [ -76.890669108389417, 38.851580767863233 ] ], [ [ -76.890925103092556, 38.78362375357721 ], [ -76.89244810413031, 38.784056753824693 ], [ -76.894498104524445, 38.785396753645976 ], [ -76.896799105887027, 38.786628754048344 ], [ -76.897049105233975, 38.787208753728699 ], [ -76.897194105897256, 38.788690754295104 ], [ -76.897630106813651, 38.790617754990919 ], [ -76.899746107330017, 38.795795755520608 ], [ -76.901630108941106, 38.79895175625937 ], [ -76.901835108082196, 38.798339756401766 ], [ -76.902485108360537, 38.797656756240919 ], [ -76.902597108513532, 38.79658875549292 ], [ -76.903154108007143, 38.795708756302027 ], [ -76.903189109065565, 38.795290755855682 ], [ -76.903827108750008, 38.794611755804397 ], [ -76.904259108570145, 38.793035755235522 ], [ -76.904056108180555, 38.79243975447131 ], [ -76.904449108540945, 38.792174755350501 ], [ -76.90479610887057, 38.790720753990691 ], [ -76.905350108889436, 38.790216753946048 ], [ -76.907125109822275, 38.789522754315946 ], [ -76.90747410980174, 38.78901575455081 ], [ -76.908667110228293, 38.788407753671372 ], [ -76.910775110348723, 38.787927754473742 ], [ -76.911652111306111, 38.787398753817278 ], [ -76.91418411174908, 38.787058753116845 ], [ -76.915622111499687, 38.785913753218622 ], [ -76.91673811193337, 38.785978752699165 ], [ -76.917570112684885, 38.785676753124143 ], [ -76.918274112491574, 38.786038752490228 ], [ -76.918611112775494, 38.786006752747987 ], [ -76.922256114177372, 38.784495753229919 ], [ -76.922402113767234, 38.784388752442013 ], [ -76.922277114093788, 38.783840752257454 ], [ -76.922508114072457, 38.782498752652984 ], [ -76.92317711461736, 38.781729751771856 ], [ -76.923864113807312, 38.781261751650291 ], [ -76.923903113267059, 38.780627751826799 ], [ -76.923698114125955, 38.778977751216665 ], [ -76.912922109928914, 38.782522752766489 ], [ -76.912574110672693, 38.78192375239118 ], [ -76.911839110005531, 38.781189752113036 ], [ -76.910712109701208, 38.780621751814806 ], [ -76.91073910946541, 38.779690752239851 ], [ -76.910981110213044, 38.779033752600036 ], [ -76.905298108112589, 38.780041752473451 ], [ -76.904690108565376, 38.779926752611189 ], [ -76.904032106992787, 38.777502751469747 ], [ -76.901845106331322, 38.77788775194815 ], [ -76.900981106691063, 38.777769751987883 ], [ -76.899751106454573, 38.777941752707633 ], [ -76.899755106652549, 38.775883751419542 ], [ -76.900254106419837, 38.772837750917375 ], [ -76.905830107491852, 38.769501749515719 ], [ -76.909235109592544, 38.768448749809608 ], [ -76.911214108943241, 38.768647749584275 ], [ -76.91300410994468, 38.768560750155871 ], [ -76.914022110469062, 38.768225749465948 ], [ -76.915567111248123, 38.767422749423858 ], [ -76.918697111192571, 38.767050748891485 ], [ -76.917885111430849, 38.766412749412304 ], [ -76.917475111352005, 38.766707749340441 ], [ -76.914579110860956, 38.767194749824746 ], [ -76.913896110072358, 38.76501974892718 ], [ -76.914126110226121, 38.763121748692868 ], [ -76.91403010996666, 38.762689749078639 ], [ -76.914728109925562, 38.762500747855881 ], [ -76.914384110867317, 38.761609748057154 ], [ -76.906998107804029, 38.763719749138382 ], [ -76.898095105347451, 38.765259749681803 ], [ -76.895447104553526, 38.759322747869767 ], [ -76.895019104033025, 38.756606748229018 ], [ -76.894396102620547, 38.756566747978837 ], [ -76.892541103118418, 38.755632747918732 ], [ -76.889440102587955, 38.755108747693171 ], [ -76.887847101230008, 38.754087747906702 ], [ -76.885649100697876, 38.753435747655914 ], [ -76.883920099795802, 38.751781747654633 ], [ -76.883060099455179, 38.75127774704503 ], [ -76.879461098084022, 38.750457747322827 ], [ -76.878840098118005, 38.754976747724918 ], [ -76.87893509855256, 38.756511748211203 ], [ -76.879359098875099, 38.758181748752747 ], [ -76.884286101290328, 38.767160750350477 ], [ -76.885423101640384, 38.769855750625283 ], [ -76.886830101428856, 38.774126751625886 ], [ -76.887533102308964, 38.775751752062604 ], [ -76.888360103037627, 38.777102752345655 ], [ -76.889795103313503, 38.778941752405018 ], [ -76.889378103561981, 38.778674752773171 ], [ -76.889067103217357, 38.778711752448714 ], [ -76.888845102561191, 38.778966752340345 ], [ -76.888812102949245, 38.779339753079825 ], [ -76.89036610394912, 38.783617753817296 ], [ -76.890925103092556, 38.78362375357721 ] ], [ [ -76.923193121697409, 38.913740779095932 ], [ -76.920023120671672, 38.915532779139184 ], [ -76.915187118493023, 38.917116779569717 ], [ -76.915640119127886, 38.918256780720647 ], [ -76.914888119640608, 38.918857780712415 ], [ -76.914403119218704, 38.919828780828546 ], [ -76.912136119089624, 38.92061778010207 ], [ -76.912159118655836, 38.921864781425981 ], [ -76.911916118083283, 38.922081780892256 ], [ -76.911263118330197, 38.92193978162576 ], [ -76.910314117402805, 38.92296378120281 ], [ -76.910500118073969, 38.923575781464464 ], [ -76.910426117555801, 38.924161781990755 ], [ -76.909403117906876, 38.924296781836276 ], [ -76.908711116897422, 38.924677781521247 ], [ -76.90902311706698, 38.926915782796122 ], [ -76.908614117711352, 38.927448781783461 ], [ -76.909578117809048, 38.928024782882737 ], [ -76.910790118502177, 38.928247781827984 ], [ -76.911160118398044, 38.929131782378441 ], [ -76.911068119234841, 38.929735782509589 ], [ -76.911627119276588, 38.930886782733793 ], [ -76.911292118642521, 38.932000783490111 ], [ -76.912746120083284, 38.93288878322668 ], [ -76.914606119608294, 38.933675783406649 ], [ -76.914477120635183, 38.934342783660057 ], [ -76.917025120971687, 38.935245783017606 ], [ -76.919315121565319, 38.933666782471981 ], [ -76.923233122778697, 38.932052782720397 ], [ -76.925134123209915, 38.930858781671382 ], [ -76.926383122814642, 38.929637782044182 ], [ -76.929473124372748, 38.925496780509945 ], [ -76.92478712198195, 38.920362780778184 ], [ -76.924038121969417, 38.919302780166312 ], [ -76.923582121859852, 38.917920780107117 ], [ -76.923566121966317, 38.916790779618033 ], [ -76.924699122118426, 38.913237778594436 ], [ -76.923193121697409, 38.913740779095932 ] ], [ [ -76.853791101036478, 38.923977783319962 ], [ -76.850019098514636, 38.911210781000932 ], [ -76.849752098550951, 38.909650780771415 ], [ -76.849806098079327, 38.907811780390581 ], [ -76.850637098107612, 38.903770779448813 ], [ -76.850719098123378, 38.90246777891096 ], [ -76.850539097300029, 38.900680778965295 ], [ -76.847346096708051, 38.892171777133001 ], [ -76.844391095767449, 38.893010777135309 ], [ -76.839308093716639, 38.894758777336641 ], [ -76.835429092861318, 38.896452778902869 ], [ -76.831999092442885, 38.898332778634689 ], [ -76.83048709217411, 38.8988467791266 ], [ -76.827549090951948, 38.899218779408841 ], [ -76.82270908857538, 38.899098779643445 ], [ -76.822636088780428, 38.901301779988891 ], [ -76.822836089695286, 38.902303780742621 ], [ -76.823626089715717, 38.903208780397279 ], [ -76.826450091135058, 38.904797780816239 ], [ -76.82722709163501, 38.905617781009397 ], [ -76.828106091343884, 38.907727780606137 ], [ -76.827936091464565, 38.90821178146259 ], [ -76.828381091703491, 38.908438780984532 ], [ -76.830151092613463, 38.912838781622661 ], [ -76.830103092034562, 38.913416782277515 ], [ -76.832152092603764, 38.91663678287636 ], [ -76.828915091630861, 38.917224782362247 ], [ -76.825670091160376, 38.917082783160851 ], [ -76.824094090419166, 38.917188782847525 ], [ -76.817181088980547, 38.919265783650914 ], [ -76.817182088805467, 38.919443783862171 ], [ -76.817218088790483, 38.919726783569345 ], [ -76.817483088206018, 38.919991784496943 ], [ -76.819391090106564, 38.920592784470848 ], [ -76.81990408921925, 38.921104784294968 ], [ -76.820187089974766, 38.921793783707813 ], [ -76.819745089210571, 38.922978784091839 ], [ -76.820028089966115, 38.923243784754874 ], [ -76.820215089563845, 38.924126785379656 ], [ -76.820922089743618, 38.924894784963442 ], [ -76.821315090103994, 38.925740785178895 ], [ -76.823458091282845, 38.928666785489931 ], [ -76.82630909246636, 38.929351785502284 ], [ -76.827314092571953, 38.929240785062824 ], [ -76.827977092370759, 38.929347785464252 ], [ -76.828365092708268, 38.929621785449378 ], [ -76.828013092355775, 38.930138785096709 ], [ -76.828099092569488, 38.930892786154551 ], [ -76.82940109277601, 38.93091878513237 ], [ -76.830488093795651, 38.931432785867806 ], [ -76.830803093439911, 38.931903786127599 ], [ -76.832771093818266, 38.932174786113229 ], [ -76.841080096971339, 38.935913785891096 ], [ -76.84744809951026, 38.936606786445047 ], [ -76.848506099319266, 38.931196785272114 ], [ -76.849648099692189, 38.931336784914855 ], [ -76.849678099829433, 38.930699785461627 ], [ -76.849811099898815, 38.93061078485654 ], [ -76.852788100580725, 38.930795785180401 ], [ -76.854743101438601, 38.930654785177531 ], [ -76.853791101036478, 38.923977783319962 ] ], [ [ -76.835999099061908, 38.989968797267281 ], [ -76.837108098924574, 38.987861796578976 ], [ -76.839045099340794, 38.985807796921797 ], [ -76.837888098899242, 38.985265796119478 ], [ -76.83570809880878, 38.984643796292126 ], [ -76.835796097774008, 38.982847795689281 ], [ -76.835265098219679, 38.981135795154344 ], [ -76.834835098049368, 38.980797795727142 ], [ -76.833183097140179, 38.980056796036997 ], [ -76.832815096894166, 38.979671795060078 ], [ -76.832319097499919, 38.979916795543041 ], [ -76.831659096277534, 38.979292795501721 ], [ -76.816262092681967, 38.987306797570866 ], [ -76.819149092952173, 38.988931798035438 ], [ -76.820685093510406, 38.989545797625659 ], [ -76.828409096682478, 38.990971797980393 ], [ -76.831102096783923, 38.991079797899438 ], [ -76.835996098688867, 38.990920797825616 ], [ -76.835999099061908, 38.989968797267281 ] ], [ [ -76.486365952856829, 38.353524679386474 ], [ -76.48408695213385, 38.348077678456072 ], [ -76.483450952099233, 38.345317678052709 ], [ -76.483131951358658, 38.342453676855015 ], [ -76.483482951886288, 38.34010067639533 ], [ -76.484337951305719, 38.337217676151525 ], [ -76.489030953369195, 38.328881673969704 ], [ -76.489382952823377, 38.328012674459075 ], [ -76.489212952045747, 38.327382673812309 ], [ -76.488521952657862, 38.326759673981186 ], [ -76.487576951928418, 38.326264674487497 ], [ -76.478045948934778, 38.327067673901915 ], [ -76.47502894896823, 38.326523673906763 ], [ -76.471713947279227, 38.324874674477435 ], [ -76.469870946574332, 38.322907673684803 ], [ -76.468481945430867, 38.31993567309771 ], [ -76.465982945498169, 38.313709671275355 ], [ -76.464366943675714, 38.311267672116173 ], [ -76.461610942926754, 38.308547670764931 ], [ -76.458307941831606, 38.306648670459907 ], [ -76.453454940832856, 38.30506467079298 ], [ -76.447254938523457, 38.305181671022275 ], [ -76.44633393808347, 38.312679672117739 ], [ -76.446282938928164, 38.313947672525416 ], [ -76.446475939272005, 38.315395672957251 ], [ -76.446735938664673, 38.316261673893813 ], [ -76.44815894014333, 38.318216673261844 ], [ -76.451871940418968, 38.321733674472902 ], [ -76.452567940728059, 38.323331674269994 ], [ -76.452534941116099, 38.323847674754667 ], [ -76.451664940729742, 38.32570667470786 ], [ -76.449307941087255, 38.331776676605259 ], [ -76.448209940196961, 38.334085677380209 ], [ -76.445762939244474, 38.333724676846806 ], [ -76.443436939564151, 38.333900676757658 ], [ -76.441397938142373, 38.334579677124154 ], [ -76.436858936962992, 38.33555367747072 ], [ -76.435200936206002, 38.336108677943443 ], [ -76.433927935413507, 38.336909677795752 ], [ -76.432215935128198, 38.338715678084881 ], [ -76.430778935202483, 38.341068678436699 ], [ -76.430723935849215, 38.342347679368785 ], [ -76.430524935657573, 38.343039678584155 ], [ -76.43002893536503, 38.343482679459612 ], [ -76.427413934183079, 38.344144679481403 ], [ -76.426364933696547, 38.34508467986457 ], [ -76.426203934038071, 38.345835679971884 ], [ -76.426323933688678, 38.346256679693596 ], [ -76.427473934457524, 38.347131680602899 ], [ -76.42784093398032, 38.347664679908355 ], [ -76.428187935208257, 38.348631680514664 ], [ -76.428188935033177, 38.349353680578417 ], [ -76.427557935021426, 38.352388681333068 ], [ -76.427546934252447, 38.353564681920055 ], [ -76.427413935081375, 38.353972681844773 ], [ -76.426852934491507, 38.354446681273892 ], [ -76.427021934545905, 38.354820681198518 ], [ -76.427747934992212, 38.355558681413818 ], [ -76.428872934748398, 38.355992681970086 ], [ -76.432044936322285, 38.355973681318517 ], [ -76.43306693614629, 38.356165681852993 ], [ -76.434708937908056, 38.36458768275498 ], [ -76.435301938284979, 38.365897683830994 ], [ -76.438362939530762, 38.369634684629197 ], [ -76.442607940982285, 38.373442684972368 ], [ -76.444309941221874, 38.37446468499374 ], [ -76.438904939854083, 38.380701686178774 ], [ -76.437426939920471, 38.383168687522392 ], [ -76.436374939959236, 38.386409687561567 ], [ -76.436331939403217, 38.390153688832392 ], [ -76.437164939979667, 38.393313688903845 ], [ -76.438876940264976, 38.39636569004297 ], [ -76.440910941663901, 38.398620690329452 ], [ -76.444392942859196, 38.401373690297852 ], [ -76.445699943986867, 38.401065691011446 ], [ -76.446220943495447, 38.400574690532615 ], [ -76.44721994375324, 38.400347690880082 ], [ -76.447944943476344, 38.399624690092374 ], [ -76.448796944319369, 38.399353690358545 ], [ -76.449353943812966, 38.398920690462759 ], [ -76.449540944309035, 38.398543689810481 ], [ -76.449624943974612, 38.397266689863173 ], [ -76.451259944267051, 38.396176689767941 ], [ -76.451614944094274, 38.395641689111805 ], [ -76.451647944604559, 38.393725688445187 ], [ -76.451970944644742, 38.392579688398698 ], [ -76.452620944923083, 38.391987688255355 ], [ -76.454674945515166, 38.390901688086601 ], [ -76.454746945485198, 38.390208688150629 ], [ -76.454410945026211, 38.389841688208506 ], [ -76.454427945642962, 38.389640688427349 ], [ -76.455043944687802, 38.389307687686546 ], [ -76.455206945792739, 38.388493687869783 ], [ -76.456451945199504, 38.388022687751395 ], [ -76.45692694647397, 38.387309686951454 ], [ -76.457014945439212, 38.386367687236699 ], [ -76.457633946653729, 38.385415686944839 ], [ -76.45804594638237, 38.384266686467939 ], [ -76.457600945245133, 38.383693686996736 ], [ -76.457679945786168, 38.382547687111888 ], [ -76.457548946264907, 38.38213768642261 ], [ -76.457775945147318, 38.381771686303573 ], [ -76.457569946181295, 38.381685686703392 ], [ -76.457474945746753, 38.381218686393574 ], [ -76.458117946352388, 38.378845685540909 ], [ -76.458379945394881, 38.37877268571004 ], [ -76.458743946341286, 38.378199684971229 ], [ -76.45938394657388, 38.378034685550212 ], [ -76.459750946096676, 38.377244684922239 ], [ -76.460546945964879, 38.376845685224538 ], [ -76.460702946498799, 38.376607684925517 ], [ -76.466816948594484, 38.375499684979673 ], [ -76.468810949810432, 38.374224683821431 ], [ -76.469187948480666, 38.373377684343581 ], [ -76.471352949400824, 38.372920683821668 ], [ -76.472794950247732, 38.371626684340413 ], [ -76.4736229508013, 38.368722682958435 ], [ -76.476622951049407, 38.364609681669776 ], [ -76.478305951022449, 38.358195680487405 ], [ -76.486365952856829, 38.353524679386474 ] ], [ [ -76.520203960676994, 38.30346366785497 ], [ -76.521910961837776, 38.302688668469656 ], [ -76.522807961988306, 38.301945668006155 ], [ -76.525568962760147, 38.297645666585034 ], [ -76.524763961772791, 38.296970666622997 ], [ -76.524139961433718, 38.296145665975061 ], [ -76.523861962497705, 38.295452666275239 ], [ -76.52378496250482, 38.294027666370084 ], [ -76.523354961436183, 38.293290665243028 ], [ -76.524691961802773, 38.292107665259721 ], [ -76.526117961857821, 38.290330664551156 ], [ -76.526116962032916, 38.28995166557462 ], [ -76.525749962510119, 38.289066665094779 ], [ -76.524727961787789, 38.287865664998584 ], [ -76.52389496121134, 38.286343664477407 ], [ -76.523199961625465, 38.285462664558956 ], [ -76.522099961085331, 38.285191664700157 ], [ -76.521430960540428, 38.28484366434482 ], [ -76.520736959881162, 38.284319663758403 ], [ -76.519957959731386, 38.28339066381772 ], [ -76.518635959433411, 38.283489663711677 ], [ -76.518035959383795, 38.283112663343644 ], [ -76.517372958686664, 38.281429664134386 ], [ -76.516867958173279, 38.27890366311285 ], [ -76.515427957874522, 38.27771866282545 ], [ -76.515703958059021, 38.276924663273739 ], [ -76.514977957612714, 38.276191662600226 ], [ -76.514371957715312, 38.274853662147351 ], [ -76.513566957626281, 38.274682662804622 ], [ -76.513097957996237, 38.274373661832868 ], [ -76.512001956755739, 38.274272662884783 ], [ -76.51115495683392, 38.272939661776661 ], [ -76.508489955423229, 38.272477662154195 ], [ -76.506072955506312, 38.272648662457833 ], [ -76.503722953739896, 38.273140662508354 ], [ -76.503445954628774, 38.273339661930351 ], [ -76.50067795328593, 38.273984661900926 ], [ -76.49800295272783, 38.275375662660721 ], [ -76.496735952681433, 38.275823663029882 ], [ -76.495744951921239, 38.276118662967903 ], [ -76.495264951522216, 38.275963662886937 ], [ -76.49469395178491, 38.275999663149037 ], [ -76.484779949374953, 38.27917966430369 ], [ -76.484228948830804, 38.279600664040544 ], [ -76.483205948283583, 38.281533664143538 ], [ -76.482055947514723, 38.282505664429763 ], [ -76.480634947482528, 38.284919666080413 ], [ -76.477910947418934, 38.286717665468245 ], [ -76.480964948093742, 38.288510666368374 ], [ -76.482504947951611, 38.289105666036399 ], [ -76.491147951015535, 38.290736666309812 ], [ -76.492826951688897, 38.291249666028868 ], [ -76.512519958586225, 38.299729667303147 ], [ -76.517808960501384, 38.302912668254031 ], [ -76.519901961451524, 38.303781667627533 ], [ -76.520203960676994, 38.30346366785497 ] ], [ [ -76.47101094280589, 38.253216659035935 ], [ -76.461220939346163, 38.245609657963307 ], [ -76.456755937786596, 38.241765657795533 ], [ -76.455736937437308, 38.244580657797954 ], [ -76.454724937659051, 38.24669765888639 ], [ -76.453684937393376, 38.250084659299603 ], [ -76.453133936849241, 38.257530660437844 ], [ -76.452770937524392, 38.259835661221217 ], [ -76.453004937876116, 38.26107366096759 ], [ -76.453970937623637, 38.262548661881198 ], [ -76.454201938500631, 38.263462662295169 ], [ -76.45503493907708, 38.264794662286278 ], [ -76.475009945108397, 38.256797660122594 ], [ -76.47101094280589, 38.253216659035935 ] ] ], [ [ [ -76.987633143376272, 38.956343785910306 ], [ -76.987643144320344, 38.957994786065179 ], [ -76.98729814453884, 38.958603786312658 ], [ -76.978722140523757, 38.954176785204297 ], [ -76.972554139798049, 38.953189784779788 ], [ -76.967039137028763, 38.951327785283674 ], [ -76.967507136833902, 38.949760784625312 ], [ -76.968052138428575, 38.948969784487055 ], [ -76.968621137617731, 38.948620784648107 ], [ -76.971400138831228, 38.947921783560915 ], [ -76.970064137391262, 38.945572784161399 ], [ -76.971976138591401, 38.944749783765531 ], [ -76.973715138640912, 38.943236783455667 ], [ -76.987835143940956, 38.954272785274398 ], [ -76.987633143376272, 38.956343785910306 ] ] ], [ [ [ -76.980456142347023, 38.969996787580612 ], [ -76.980108142192478, 38.970754789190892 ], [ -76.980559142279191, 38.971209788242355 ], [ -76.979676142372355, 38.972170788482394 ], [ -76.977964142087032, 38.970374788572052 ], [ -76.977564142053936, 38.970161788649484 ], [ -76.97491714108493, 38.967006787781798 ], [ -76.970739139580559, 38.963296787463776 ], [ -76.96984313925492, 38.962277786832736 ], [ -76.966213137921628, 38.955653785782644 ], [ -76.963618136831187, 38.956130785713057 ], [ -76.962272136243726, 38.955899785857738 ], [ -76.964926136885438, 38.954389785686026 ], [ -76.965821137386172, 38.953573786134776 ], [ -76.966492137580886, 38.952510785385613 ], [ -76.967417137320524, 38.952561784563919 ], [ -76.969469138262795, 38.953344784971335 ], [ -76.972172139308299, 38.954846785061129 ], [ -76.973700139470608, 38.955388786063963 ], [ -76.974702140101456, 38.95652078565606 ], [ -76.974437139787582, 38.957090785527036 ], [ -76.974549139940578, 38.957281785710656 ], [ -76.974076140112572, 38.958282785736856 ], [ -76.974203140334183, 38.958642786649108 ], [ -76.975329139915246, 38.959320786381603 ], [ -76.976225140240885, 38.959569786447268 ], [ -76.976757140518458, 38.960508786422608 ], [ -76.977418140667453, 38.961182786123665 ], [ -76.979193141600277, 38.961918787175094 ], [ -76.980150142025281, 38.963059786524013 ], [ -76.980490142682214, 38.965334788062059 ], [ -76.980393142597833, 38.966075788140074 ], [ -76.980608142682996, 38.966735788229528 ], [ -76.980505142750829, 38.967782788058699 ], [ -76.980696142546549, 38.968829787778198 ], [ -76.980456142347023, 38.969996787580612 ] ] ], [ [ [ -76.985235146420877, 39.019628797958291 ], [ -76.981550145734317, 39.019768798065172 ], [ -76.976778144028103, 39.01906679796982 ], [ -76.980263144698114, 39.00720879556426 ], [ -76.983631146090588, 39.002274794416614 ], [ -76.986356146877398, 39.004417794546576 ], [ -76.98916714787795, 39.005664794694297 ], [ -76.989330147186251, 39.006285795846743 ], [ -76.989474148024613, 39.009297796001718 ], [ -76.988843147114537, 39.010616796503683 ], [ -76.98907514781645, 39.011123796781334 ], [ -76.989179147573523, 39.012271797167486 ], [ -76.989709148201243, 39.012897797287621 ], [ -76.992318148637111, 39.014616796634932 ], [ -76.993225149731728, 39.015722797406745 ], [ -76.994108149638564, 39.017547797555885 ], [ -76.98746814801143, 39.019234798143899 ], [ -76.985235146420877, 39.019628797958291 ] ] ], [ [ [ -77.068254175111576, 39.0528668016103 ], [ -77.067035174745754, 39.054429802140653 ], [ -77.065408173950928, 39.055289802379647 ], [ -77.065253174140224, 39.055585802887762 ], [ -77.065216174330303, 39.057051802158931 ], [ -77.066225174633857, 39.05734180327557 ], [ -77.065057174321637, 39.058532803770568 ], [ -77.064951174914739, 39.059069803338616 ], [ -77.063165173212951, 39.059081803099126 ], [ -77.061327173429262, 39.059504803992596 ], [ -77.059999173283472, 39.059539803479751 ], [ -77.054146171303714, 39.058033803302557 ], [ -77.052051169805438, 39.057672803965247 ], [ -77.052274170286523, 39.057279803776765 ], [ -77.056248171576371, 39.054892802955145 ], [ -77.057188171384624, 39.053471802532528 ], [ -77.058717171371839, 39.052649802280051 ], [ -77.060060172484526, 39.04949180180418 ], [ -77.061250172538038, 39.048285801533446 ], [ -77.062654173750104, 39.048037801406814 ], [ -77.064272173425778, 39.046988800514917 ], [ -77.064180173364264, 39.046645800897224 ], [ -77.064447173327977, 39.045550800641415 ], [ -77.065103173454091, 39.045041800024201 ], [ -77.067169174640057, 39.046411800617179 ], [ -77.069908175670562, 39.048983800698188 ], [ -77.07103617579979, 39.049563801033599 ], [ -77.068297174769285, 39.051671801711294 ], [ -77.068254175111576, 39.0528668016103 ] ] ], [ [ [ -77.076540180495044, 39.093806810193485 ], [ -77.072031178554596, 39.092818809502724 ], [ -77.070345178208512, 39.091941809656994 ], [ -77.071565178399254, 39.089862809510194 ], [ -77.07359917800153, 39.087171808524062 ], [ -77.074618179249129, 39.085530808263947 ], [ -77.075784179013212, 39.084528808643988 ], [ -77.077670180274097, 39.083750807439188 ], [ -77.079101180352026, 39.086671808431397 ], [ -77.079552180438725, 39.087934808936495 ], [ -77.079812180729718, 39.090028808316987 ], [ -77.079675181360699, 39.091686808745166 ], [ -77.079457180902494, 39.093175809810461 ], [ -77.077768181081709, 39.093676809590782 ], [ -77.076540180495044, 39.093806810193485 ] ] ], [ [ [ -77.062351175598025, 39.100912811227211 ], [ -77.056376173419523, 39.103475812809407 ], [ -77.057740175346936, 39.106847813184245 ], [ -77.058564174804232, 39.106480813617758 ], [ -77.06101417612976, 39.108344813403107 ], [ -77.064333177118414, 39.111903814405487 ], [ -77.06447817778168, 39.112410814112444 ], [ -77.060120176352257, 39.112324813979129 ], [ -77.057570174569292, 39.110036814606879 ], [ -77.053755174186406, 39.10721181346883 ], [ -77.054658174184738, 39.106364813363079 ], [ -77.054920174125556, 39.105682813521497 ], [ -77.054797173203582, 39.104886813392852 ], [ -77.054132173754937, 39.103656813192167 ], [ -77.051347171795371, 39.100646812101658 ], [ -77.050203171772623, 39.100016811967322 ], [ -77.048173171469969, 39.099471811968201 ], [ -77.047380171076497, 39.098967811719376 ], [ -77.047021171051298, 39.098380811469141 ], [ -77.046724170950384, 39.097361811494729 ], [ -77.046327171290343, 39.096766811834158 ], [ -77.044638169672936, 39.095581811554737 ], [ -77.044968169385811, 39.094879811829031 ], [ -77.045314170788856, 39.093140810967526 ], [ -77.044906170359852, 39.090604810311447 ], [ -77.056406173556752, 39.090384809674021 ], [ -77.059946174478341, 39.090773809625169 ], [ -77.063104174910208, 39.091361809568639 ], [ -77.064897176284703, 39.091376809552877 ], [ -77.064821176116723, 39.092475810129457 ], [ -77.06515717657571, 39.093222810261203 ], [ -77.062456176078328, 39.098407811400179 ], [ -77.062341176450587, 39.098758811654903 ], [ -77.062351175598025, 39.100912811227211 ] ] ], [ [ [ -77.018579164378096, 39.127280818481829 ], [ -77.014452162029045, 39.128844819442982 ], [ -77.006944160563677, 39.133422820410232 ], [ -77.000879158871811, 39.134909820826195 ], [ -76.99488915662468, 39.136032821172968 ], [ -76.988939155458837, 39.138659822093466 ], [ -76.983537153565777, 39.138636822308897 ], [ -76.981355152028868, 39.137667822225708 ], [ -76.98079115196424, 39.137603822540925 ], [ -76.977899152569492, 39.138259821951728 ], [ -76.97648815168472, 39.138873822849185 ], [ -76.97342115059115, 39.140754822911887 ], [ -76.972009150779797, 39.141963822983342 ], [ -76.968706148786339, 39.142321823580119 ], [ -76.966447149053167, 39.142989823737544 ], [ -76.965723148256657, 39.143603823791942 ], [ -76.96453214837824, 39.145091824216955 ], [ -76.96297514790362, 39.145847824456453 ], [ -76.959144145830564, 39.145137825134448 ], [ -76.956105145224399, 39.144807824944671 ], [ -76.955541145159771, 39.144872824101597 ], [ -76.952479144089082, 39.146275824811227 ], [ -76.952117144589138, 39.146297825156303 ], [ -76.951696143741344, 39.14621482448343 ], [ -76.950750144085305, 39.145329825064913 ], [ -76.950012143943425, 39.144362824656383 ], [ -76.94994614382118, 39.143970824371713 ], [ -76.950147143662633, 39.143513824339102 ], [ -76.952615143633196, 39.142992824463462 ], [ -76.952883144320111, 39.142770824049585 ], [ -76.952481143738893, 39.14155682352056 ], [ -76.952431144408493, 39.140436824326557 ], [ -76.95306914409295, 39.138977823131356 ], [ -76.955467144641631, 39.138099823627662 ], [ -76.958074145427659, 39.135458822941807 ], [ -76.958735145576654, 39.134322822398744 ], [ -76.958519144768275, 39.134030822252377 ], [ -76.948581142068861, 39.129604821901658 ], [ -76.946751141782784, 39.129414822230089 ], [ -76.945988141526527, 39.129590821657246 ], [ -76.945225141270285, 39.130224821372373 ], [ -76.943694140734934, 39.132112822764469 ], [ -76.942755140751586, 39.132498822623361 ], [ -76.941936140418846, 39.132665822691841 ], [ -76.939498139687217, 39.132492822367318 ], [ -76.9382801391463, 39.132786823161673 ], [ -76.935689138253792, 39.134273823768822 ], [ -76.934981138249114, 39.134856823729606 ], [ -76.934380137476282, 39.135873823937757 ], [ -76.933417138101817, 39.136611823820353 ], [ -76.929104136878223, 39.138399824454567 ], [ -76.927758136290805, 39.138080823745931 ], [ -76.927157136416255, 39.136509823963031 ], [ -76.926440135292466, 39.135313823519901 ], [ -76.924756135494547, 39.134305823389887 ], [ -76.918983132982405, 39.132138823081398 ], [ -76.925192133715996, 39.123758821772526 ], [ -76.926419134477754, 39.122434821110971 ], [ -76.926742135416248, 39.122406820556705 ], [ -76.928087135280464, 39.121335820619883 ], [ -76.930249135827566, 39.120038821122478 ], [ -76.931742135829793, 39.11861182012548 ], [ -76.932753136681455, 39.116507819883168 ], [ -76.932982136112003, 39.114911819560149 ], [ -76.932743135737397, 39.113141818675523 ], [ -76.931994136623175, 39.111414818602761 ], [ -76.932055135824228, 39.111257818525253 ], [ -76.933481135879305, 39.110820817892872 ], [ -76.936395136811981, 39.108527817849208 ], [ -76.939285138353569, 39.107152817514418 ], [ -76.941379138230303, 39.106499817144702 ], [ -76.943198138645755, 39.106875817830613 ], [ -76.949182141045085, 39.110766817770205 ], [ -76.950815141687698, 39.111285817237224 ], [ -76.953172143126793, 39.111720818028402 ], [ -76.956552143316515, 39.112815817819531 ], [ -76.960997144784571, 39.115606818686743 ], [ -76.962151145751378, 39.116091818218258 ], [ -76.962462145197691, 39.115336818571741 ], [ -76.963289145028043, 39.105113816302968 ], [ -76.963602145920788, 39.103686815594749 ], [ -76.963182144897914, 39.101268815499566 ], [ -76.964593145782658, 39.099479815130024 ], [ -76.965021145404833, 39.097991814438707 ], [ -76.969232146521165, 39.095225814122493 ], [ -76.973138148038984, 39.098788814050486 ], [ -76.973817148629635, 39.099147814910779 ], [ -76.981943150586275, 39.102122814511127 ], [ -76.993890155468563, 39.106780815290122 ], [ -76.998007156873555, 39.108685815908359 ], [ -77.001544157422117, 39.106170815334835 ], [ -77.002718157582095, 39.106814815436287 ], [ -77.004411158499153, 39.108210815517715 ], [ -77.00687615899497, 39.109675815722454 ], [ -77.011186160743819, 39.111327815632919 ], [ -77.013132161380881, 39.113196815784917 ], [ -77.019495163896906, 39.117266816614055 ], [ -77.022096163936851, 39.119735817021159 ], [ -77.025064165296229, 39.121524816913386 ], [ -77.026806166617092, 39.12387381773889 ], [ -77.027571167421485, 39.125344818630481 ], [ -77.023660164982502, 39.126597818259675 ], [ -77.018579164378096, 39.127280818481829 ] ] ], [ [ [ -77.193126219539195, 39.143201815962648 ], [ -77.192506219398098, 39.145449816569482 ], [ -77.193124218991073, 39.148307817029341 ], [ -77.192626219947016, 39.150865817710375 ], [ -77.187585217728966, 39.149527817666623 ], [ -77.186914218432548, 39.149104816730954 ], [ -77.185621217548572, 39.147650816791071 ], [ -77.184348216756092, 39.145323816148682 ], [ -77.182892216563801, 39.143546816046864 ], [ -77.182667216432904, 39.142858815836469 ], [ -77.18270321641792, 39.14197481581828 ], [ -77.183554216537701, 39.139953815077533 ], [ -77.181062215379384, 39.138850815470228 ], [ -77.179124214239934, 39.137629815256282 ], [ -77.180734215316321, 39.136996815180844 ], [ -77.188842217729629, 39.132224813662567 ], [ -77.193114218945325, 39.137045814703008 ], [ -77.194132219469694, 39.13798181511126 ], [ -77.193126219539195, 39.143201815962648 ] ] ], [ [ [ -77.334558263360165, 39.133113808176596 ], [ -77.334215263228486, 39.133426808217912 ], [ -77.334535262895628, 39.134250808615569 ], [ -77.333849262632285, 39.134761809442153 ], [ -77.333437262005319, 39.134753808893208 ], [ -77.333574262272677, 39.134978809177284 ], [ -77.333284262742751, 39.135115809478087 ], [ -77.333231263039309, 39.135306809681445 ], [ -77.332811262914731, 39.135272808650726 ], [ -77.332300262553574, 39.135642808409749 ], [ -77.331529261901409, 39.135451809117775 ], [ -77.330850262209083, 39.135596809649066 ], [ -77.330644262344748, 39.135466809474927 ], [ -77.329736261425239, 39.135844809337115 ], [ -77.329187261429226, 39.135707809061131 ], [ -77.329156261467091, 39.135924809364795 ], [ -77.328500261340977, 39.136275809509598 ], [ -77.328493261668271, 39.136550809543941 ], [ -77.327913261710151, 39.136802809514109 ], [ -77.327661261815066, 39.137366809364394 ], [ -77.326715261260716, 39.138293810391936 ], [ -77.326448261297031, 39.138751810008628 ], [ -77.326509261396396, 39.139048809950594 ], [ -77.325128259750556, 39.139907810772414 ], [ -77.324831260547953, 39.140506810558705 ], [ -77.324365260392625, 39.140525810482494 ], [ -77.324289261122956, 39.140689810894955 ], [ -77.323625260600906, 39.141017810573757 ], [ -77.323473259366651, 39.140918810946424 ], [ -77.323076260604921, 39.141257810865973 ], [ -77.321848260018257, 39.141589811268375 ], [ -77.319421259157281, 39.143004811341392 ], [ -77.318956258826873, 39.143084811593994 ], [ -77.319009258530315, 39.143294810953762 ], [ -77.318361257901799, 39.144095811428528 ], [ -77.318384258366336, 39.144381810998972 ], [ -77.318094258836425, 39.144786812042128 ], [ -77.317567258581732, 39.145140811138297 ], [ -77.316446258125211, 39.145484811730782 ], [ -77.314630258082801, 39.146880811940086 ], [ -77.314386257685342, 39.14697581196274 ], [ -77.313531257367586, 39.146785811789279 ], [ -77.310686256031858, 39.145659812357117 ], [ -77.308321255095137, 39.145990812467552 ], [ -77.301690253688832, 39.150045813331971 ], [ -77.299749253074651, 39.150994813471115 ], [ -77.297684252611916, 39.151690814287157 ], [ -77.295725251556064, 39.1526188137235 ], [ -77.295046251863724, 39.153066814356059 ], [ -77.288507250518919, 39.161387815939044 ], [ -77.28756924946218, 39.162131816311074 ], [ -77.285246250154913, 39.163086816174747 ], [ -77.284656249252706, 39.163597816628531 ], [ -77.277474246403955, 39.159923816003953 ], [ -77.275481245911223, 39.159073815783053 ], [ -77.276236246669868, 39.156779816132612 ], [ -77.278300247307698, 39.153426814862499 ], [ -77.278488246730348, 39.152458814597715 ], [ -77.278312246104946, 39.151263813779906 ], [ -77.274034244143138, 39.14488381369555 ], [ -77.269645243649904, 39.140107813064908 ], [ -77.270044242959756, 39.139579812889515 ], [ -77.270731243946329, 39.139380812409513 ], [ -77.271295244010929, 39.138934812119778 ], [ -77.271936244068456, 39.138266811806339 ], [ -77.272272243629118, 39.137530812258269 ], [ -77.271074243179683, 39.136836811199544 ], [ -77.270029242891141, 39.137599811976671 ], [ -77.26787024271708, 39.137465811896249 ], [ -77.267564242395324, 39.137267811570709 ], [ -77.267358242531003, 39.135501811689331 ], [ -77.267648242060901, 39.135043811138409 ], [ -77.267862242321172, 39.13418181118972 ], [ -77.267435242523888, 39.13377381072933 ], [ -77.267244242728168, 39.133273810862669 ], [ -77.268365242286393, 39.132785810696674 ], [ -77.269624242835192, 39.133033810529682 ], [ -77.270021242495204, 39.132777810620098 ], [ -77.269991243256314, 39.132884810611166 ], [ -77.270509243290164, 39.133067811247948 ], [ -77.271364242709595, 39.132644810346036 ], [ -77.272180243567618, 39.132544810168341 ], [ -77.272798244058876, 39.132644810346036 ], [ -77.273386244412947, 39.132949811021234 ], [ -77.274561243499519, 39.132857810648268 ], [ -77.275293244691952, 39.13222081045685 ], [ -77.275728244885116, 39.132132810251996 ], [ -77.276674244541155, 39.13253381098329 ], [ -77.276758245105071, 39.133536810442131 ], [ -77.279924245932833, 39.134040810847068 ], [ -77.280336245661488, 39.133960810769253 ], [ -77.280412245829467, 39.133742810775281 ], [ -77.279909245864232, 39.132884810611152 ], [ -77.280374246194626, 39.132354810066673 ], [ -77.280717246326319, 39.131354809627609 ], [ -77.280634246485619, 39.130709809465834 ], [ -77.280763245458758, 39.130000810041359 ], [ -77.280389246263255, 39.12936780967437 ], [ -77.28034424605741, 39.128901809824974 ], [ -77.279886245399695, 39.128505809234383 ], [ -77.280145245865768, 39.127860810157486 ], [ -77.279992245704889, 39.127863809437571 ], [ -77.279680245535374, 39.127230809375959 ], [ -77.279802245734103, 39.126815809012442 ], [ -77.280908246122024, 39.126059809283127 ], [ -77.281908246204722, 39.125987809350256 ], [ -77.282487246337936, 39.125693809441465 ], [ -77.283243246023176, 39.125880808636602 ], [ -77.284364247378022, 39.125491808664925 ], [ -77.286020247586848, 39.124514808565785 ], [ -77.287218247137957, 39.124987809100503 ], [ -77.288171248263325, 39.124720808807496 ], [ -77.288751248221459, 39.124846808468945 ], [ -77.289545248439822, 39.125590809076463 ], [ -77.28947624884286, 39.12586980910767 ], [ -77.290048248405085, 39.126216809133034 ], [ -77.290521249131416, 39.127726808965377 ], [ -77.290269249236331, 39.128070809630316 ], [ -77.290697248858507, 39.128276809228211 ], [ -77.291940249513772, 39.128245809641811 ], [ -77.29289424956572, 39.128539809351317 ], [ -77.293954249922905, 39.128550809160224 ], [ -77.296197250660853, 39.126921808996883 ], [ -77.296854250611887, 39.126082808994489 ], [ -77.297510251636311, 39.125823808144503 ], [ -77.298318251200087, 39.126101808629237 ], [ -77.298906251554158, 39.125834808377562 ], [ -77.299051252217424, 39.125380808481488 ], [ -77.299715251841164, 39.125155808194535 ], [ -77.300287251403375, 39.125293808121256 ], [ -77.301065251728218, 39.126044809012804 ], [ -77.301569252416684, 39.126094808507624 ], [ -77.302324253175328, 39.126494808763539 ], [ -77.303629252856567, 39.127406808685905 ], [ -77.303972252988245, 39.127822808347602 ], [ -77.304819253808375, 39.127211808652042 ], [ -77.306169253695458, 39.126693808030723 ], [ -77.305887253663144, 39.126048807691411 ], [ -77.305971254227046, 39.125651808458329 ], [ -77.307130253420112, 39.125151807374522 ], [ -77.307870254110128, 39.125453808364412 ], [ -77.308572254266991, 39.125449807561345 ], [ -77.309724254685662, 39.125712808484266 ], [ -77.309999255045284, 39.126269807853753 ], [ -77.310495255337827, 39.126487807984141 ], [ -77.313722256264981, 39.127051808221019 ], [ -77.314310256619038, 39.127234808684129 ], [ -77.314752257383233, 39.127600808183921 ], [ -77.315981257794789, 39.127959807936215 ], [ -77.317018256789112, 39.12803980786267 ], [ -77.318018257770134, 39.127887807854982 ], [ -77.318605257400961, 39.1276278073748 ], [ -77.32011625784483, 39.128184808325329 ], [ -77.321580258433031, 39.127723808285708 ], [ -77.322130258253949, 39.127833808268456 ], [ -77.322534258484978, 39.127726807571634 ], [ -77.32365625966473, 39.128394808225835 ], [ -77.32470125905499, 39.128222807849355 ], [ -77.327173261020107, 39.128924807911467 ], [ -77.328210260912755, 39.131018808556213 ], [ -77.32800426104842, 39.131652808655744 ], [ -77.32828726090564, 39.131938807907417 ], [ -77.329774261060081, 39.132254808083552 ], [ -77.33183426239826, 39.132155807980247 ], [ -77.332529261984121, 39.132262808916352 ], [ -77.332971261849991, 39.132052808703413 ], [ -77.332742262419458, 39.131629807975912 ], [ -77.333086262376028, 39.131388808369223 ], [ -77.333841263134659, 39.131614808195089 ], [ -77.334184262368026, 39.131480808570835 ], [ -77.33509126346263, 39.131713808362122 ], [ -77.335039262685797, 39.132300808330513 ], [ -77.334772262722083, 39.132548808477956 ], [ -77.334558263360165, 39.133113808176596 ] ] ], [ [ [ -77.271501249265157, 39.238971832211462 ], [ -77.270761249473438, 39.238585832190417 ], [ -77.270441249806296, 39.238158832034294 ], [ -77.268983248167572, 39.238021832057605 ], [ -77.268465249032033, 39.23774683217551 ], [ -77.26806024897607, 39.237861832472383 ], [ -77.267480249017922, 39.237433832258041 ], [ -77.267053247424059, 39.236659832279038 ], [ -77.266733247756903, 39.236438831687892 ], [ -77.266550247458795, 39.235938832406241 ], [ -77.265665247902135, 39.235244831720145 ], [ -77.265237248279959, 39.234523831222397 ], [ -77.264581247255535, 39.234427831321014 ], [ -77.264307246720819, 39.233840831197881 ], [ -77.263811247326601, 39.233863831161194 ], [ -77.263414246768249, 39.233546831093456 ], [ -77.263010246537206, 39.232901831341131 ], [ -77.262659246907916, 39.232730830995017 ], [ -77.262506246747051, 39.231780831225556 ], [ -77.261781246125651, 39.231234831218856 ], [ -77.26171324635358, 39.231009830568794 ], [ -77.261247246198266, 39.23090283092192 ], [ -77.260965246165938, 39.230510830796057 ], [ -77.260980246234553, 39.230155830773612 ], [ -77.259965245184929, 39.229060830613633 ], [ -77.260080245710967, 39.22887383078217 ], [ -77.259996245147065, 39.228404830482788 ], [ -77.259477245288295, 39.228095830480832 ], [ -77.25892824529231, 39.227416831090693 ], [ -77.258813244766259, 39.227034830027229 ], [ -77.258409245433526, 39.226996830288677 ], [ -77.258164244312823, 39.226316830023606 ], [ -77.258333245265547, 39.225856830652162 ], [ -77.258585245160617, 39.225684829846571 ], [ -77.258615244399536, 39.225142829737948 ], [ -77.258485244703195, 39.225001829385704 ], [ -77.258623244795473, 39.224887829589775 ], [ -77.25836324450448, 39.224490829911254 ], [ -77.258813244766259, 39.223864830112348 ], [ -77.259241245286745, 39.223697829407158 ], [ -77.259584244520099, 39.223204830012378 ], [ -77.259378244655778, 39.223079829742566 ], [ -77.259630244550848, 39.222731829266564 ], [ -77.259309245058802, 39.222487829143752 ], [ -77.259531244816657, 39.222129829464841 ], [ -77.259607244984636, 39.221522829106711 ], [ -77.259935244149389, 39.220939829152421 ], [ -77.260789245540536, 39.220679828720634 ], [ -77.260950245199012, 39.220404829076358 ], [ -77.261926244992267, 39.220347828600289 ], [ -77.261842246225001, 39.220080828940681 ], [ -77.262491245780112, 39.21950082839161 ], [ -77.262170245389754, 39.219283829080638 ], [ -77.262621246374778, 39.21924582932153 ], [ -77.26286524587394, 39.219001828216975 ], [ -77.263444246007154, 39.219287828028499 ], [ -77.263727245864374, 39.219176828259464 ], [ -77.263780245567816, 39.218913828682986 ], [ -77.263628246130168, 39.218737828588125 ], [ -77.264085246064667, 39.218165828190486 ], [ -77.264497246691633, 39.218341828327375 ], [ -77.264650246852497, 39.218024828438693 ], [ -77.265115246284594, 39.218234828158359 ], [ -77.265474246309793, 39.217768828076672 ], [ -77.265352247009361, 39.217452827799697 ], [ -77.26551224594462, 39.217158828638972 ], [ -77.266130247334232, 39.217112828194985 ], [ -77.266267246703265, 39.216792827963587 ], [ -77.266611246659849, 39.216727828456143 ], [ -77.266550246560485, 39.216491827950286 ], [ -77.267122247021021, 39.216204827059506 ], [ -77.267114246625084, 39.216044827840854 ], [ -77.266794246957957, 39.21594582801557 ], [ -77.267038246457119, 39.215586827548492 ], [ -77.267488246718898, 39.215670827923049 ], [ -77.26822024791133, 39.215308827017154 ], [ -77.268610247898664, 39.215648827702097 ], [ -77.26903724769592, 39.215468827217066 ], [ -77.26977724838595, 39.215545827461703 ], [ -77.270738247212279, 39.214682826768048 ], [ -77.270830248172089, 39.214034827171126 ], [ -77.271249247573451, 39.21352782718013 ], [ -77.271074247671251, 39.213237827580798 ], [ -77.271349248030873, 39.212645826811979 ], [ -77.271158248235153, 39.212428826498183 ], [ -77.27050224810904, 39.212382826435352 ], [ -77.26967024735751, 39.210936827043241 ], [ -77.269395246997902, 39.210936827043241 ], [ -77.26938824732521, 39.210711826752586 ], [ -77.269395246997902, 39.21021582670236 ], [ -77.269914247754983, 39.21008282593889 ], [ -77.270021246986801, 39.20950282632208 ], [ -77.270181247718682, 39.209494826615476 ], [ -77.270294247696583, 39.209733826244204 ], [ -77.270448247682367, 39.209567826253419 ], [ -77.270418247545138, 39.208880826056749 ], [ -77.270738247212279, 39.208186826487584 ], [ -77.27050224810904, 39.207934826742154 ], [ -77.270792247638965, 39.207717826488143 ], [ -77.270639248376412, 39.207496825944538 ], [ -77.270738247212279, 39.207377825685008 ], [ -77.271715247728778, 39.206973826095741 ], [ -77.272783248481858, 39.206973826095741 ], [ -77.27469824825846, 39.205844825932083 ], [ -77.275346248886962, 39.206118825949005 ], [ -77.27674324952801, 39.205596825168023 ], [ -77.277391249258201, 39.2060198253549 ], [ -77.27771925021959, 39.205958825327137 ], [ -77.277940249254215, 39.205680824963558 ], [ -77.277788249816581, 39.20555082550262 ], [ -77.277849249915931, 39.205409825477943 ], [ -77.278177249978995, 39.205142825396365 ], [ -77.277521249852882, 39.20478782516026 ], [ -77.277399249654138, 39.204551824898672 ], [ -77.27748325021804, 39.203399824592744 ], [ -77.27823825007836, 39.202552823901165 ], [ -77.278673250271567, 39.202338824008734 ], [ -77.27887124973995, 39.201983824915956 ], [ -77.279764250590844, 39.201663824657068 ], [ -77.280374249787897, 39.200740823882477 ], [ -77.280649250147505, 39.200644823721035 ], [ -77.280351250221685, 39.200457824074242 ], [ -77.280321250084441, 39.200232823627168 ], [ -77.281137250044139, 39.199740824120859 ], [ -77.281793251068578, 39.200087824024678 ], [ -77.28233525049356, 39.199858824426897 ], [ -77.282892250885482, 39.199923823537468 ], [ -77.282823251288505, 39.201449824144724 ], [ -77.283182250415393, 39.202201823722383 ], [ -77.284822251629009, 39.201594824416723 ], [ -77.28498225146258, 39.200873824237355 ], [ -77.284845251195222, 39.200534824070971 ], [ -77.285089251592694, 39.20036282388056 ], [ -77.284746251461016, 39.198901824082469 ], [ -77.28598925121797, 39.198180823414305 ], [ -77.286188251409612, 39.197215822776819 ], [ -77.28744025228572, 39.19687782276737 ], [ -77.287695252553831, 39.196672823174438 ], [ -77.287544252042792, 39.19546382266337 ], [ -77.286546251609892, 39.194804822673973 ], [ -77.28687225202313, 39.193888822633134 ], [ -77.286905251635091, 39.192869822407545 ], [ -77.287332252330685, 39.19208082174071 ], [ -77.287266252208425, 39.191393822479782 ], [ -77.286839251512859, 39.191266821703508 ], [ -77.285820251163571, 39.190426821627909 ], [ -77.285065251303251, 39.190248821550988 ], [ -77.284703250905011, 39.190706822072492 ], [ -77.28460525099571, 39.191113821987521 ], [ -77.284395250933429, 39.191268821975171 ], [ -77.284171251525748, 39.191125821554095 ], [ -77.284191250718933, 39.190513822248569 ], [ -77.284606250820644, 39.189840821691931 ], [ -77.285773251307916, 39.188845821165245 ], [ -77.285358251206205, 39.188615821306136 ], [ -77.283571249679511, 39.188823820896467 ], [ -77.283546250463488, 39.188708821024974 ], [ -77.28369324987824, 39.188010821261436 ], [ -77.284705250554822, 39.188107821111601 ], [ -77.285052249986137, 39.186743820965361 ], [ -77.28553625148146, 39.186335820950411 ], [ -77.286532251366197, 39.1858828205091 ], [ -77.287727251442561, 39.18492982080069 ], [ -77.28912925120818, 39.184465820924878 ], [ -77.289821252217607, 39.184604820745285 ], [ -77.291955253175644, 39.183928819632406 ], [ -77.29254225280647, 39.185860820705365 ], [ -77.29300125328912, 39.186377821235368 ], [ -77.29422925387577, 39.186984821109043 ], [ -77.294374253640726, 39.187325820891417 ], [ -77.29500025362961, 39.187705821082638 ], [ -77.295305254126461, 39.188404820918734 ], [ -77.298351255303643, 39.189486820529858 ], [ -77.299062255681335, 39.189507820778417 ], [ -77.301905255570617, 39.188727820465779 ], [ -77.302407256609271, 39.188344820742401 ], [ -77.302473255833192, 39.187841821252839 ], [ -77.302315255649475, 39.187550820895495 ], [ -77.301733256041473, 39.187537820181426 ], [ -77.301548256093554, 39.18727382063954 ], [ -77.301508255910576, 39.186691820979121 ], [ -77.301111255352254, 39.186334820396254 ], [ -77.300159255848413, 39.185977820088901 ], [ -77.301521255431055, 39.184549820223069 ], [ -77.300926256302631, 39.184311820442133 ], [ -77.297090254206708, 39.184283820128222 ], [ -77.296717253937814, 39.184199820512127 ], [ -77.296308253683918, 39.183730820520772 ], [ -77.296892253839985, 39.181804819624205 ], [ -77.297708254697994, 39.180522819069211 ], [ -77.298112254929038, 39.180213819345745 ], [ -77.298601254650578, 39.180274819443859 ], [ -77.299120254509347, 39.179339819537383 ], [ -77.300142255231663, 39.178790819196699 ], [ -77.300447254830203, 39.177401818292857 ], [ -77.299173254212789, 39.17616981836786 ], [ -77.299265255172614, 39.175750818864671 ], [ -77.299707255038498, 39.175395818453566 ], [ -77.299905254506882, 39.174979817878295 ], [ -77.300424254365666, 39.175906818615772 ], [ -77.301645256177935, 39.179320818951552 ], [ -77.301958256172384, 39.179747819075992 ], [ -77.303293255990837, 39.180510819781318 ], [ -77.307939258198672, 39.182433819486185 ], [ -77.310800258529611, 39.183310819524984 ], [ -77.312944259533396, 39.183657819100389 ], [ -77.312554258647722, 39.18449082012134 ], [ -77.314264260181545, 39.184806819002567 ], [ -77.319879262509943, 39.188655819882655 ], [ -77.323236263133424, 39.192275820288913 ], [ -77.326402263961214, 39.195151821198124 ], [ -77.325937264529131, 39.195975821476623 ], [ -77.3260282638674, 39.198088821302065 ], [ -77.327058264985652, 39.201945822755647 ], [ -77.326936264786923, 39.203105822978628 ], [ -77.326356264828775, 39.205283823172607 ], [ -77.326433265719999, 39.206229823390593 ], [ -77.328035265502152, 39.208583823702554 ], [ -77.328981266056488, 39.214236825042605 ], [ -77.330316266773266, 39.217509826450495 ], [ -77.331873268146211, 39.21948582577005 ], [ -77.331796268153312, 39.221289826794383 ], [ -77.333864268989103, 39.224875827439512 ], [ -77.33397826879191, 39.225367827625668 ], [ -77.332903268366138, 39.22627982779391 ], [ -77.331430267557096, 39.228904827782046 ], [ -77.329919268011537, 39.230025828610835 ], [ -77.327463266838237, 39.235667829331888 ], [ -77.326540266748438, 39.236487829423325 ], [ -77.324014266153256, 39.237265829223382 ], [ -77.322214266004352, 39.238627830457112 ], [ -77.321695266145611, 39.239447830740744 ], [ -77.321718264813498, 39.240825830590531 ], [ -77.322191265539828, 39.242850831207036 ], [ -77.326315267515838, 39.242316830243738 ], [ -77.326501267288677, 39.245204830840912 ], [ -77.326898267847028, 39.246245831772335 ], [ -77.326814267283126, 39.247351831591658 ], [ -77.325998267323428, 39.248793832116554 ], [ -77.325113266868456, 39.24971383250525 ], [ -77.324960266707592, 39.250586832247549 ], [ -77.324426266780208, 39.251475833229598 ], [ -77.323190266695946, 39.252597832678902 ], [ -77.322580266600582, 39.253383833544078 ], [ -77.322221266575369, 39.254229833534886 ], [ -77.319192266014952, 39.256221833173782 ], [ -77.319192266014952, 39.256343833466936 ], [ -77.319833266072465, 39.257190834153207 ], [ -77.322435266835626, 39.259639834578614 ], [ -77.324335267441924, 39.26097883525965 ], [ -77.325388268126389, 39.26127983434202 ], [ -77.327409269106511, 39.263488834970644 ], [ -77.326921269209876, 39.264952835467653 ], [ -77.326898268745339, 39.265475835902421 ], [ -77.326089268458347, 39.266776835933953 ], [ -77.324731268175356, 39.268035836747963 ], [ -77.320688267288517, 39.27094283743466 ], [ -77.320566267089774, 39.272044837017638 ], [ -77.31965826706859, 39.273066837685462 ], [ -77.319528267372235, 39.273482837312663 ], [ -77.319711266772018, 39.27377683691374 ], [ -77.32178626817884, 39.275374837722062 ], [ -77.323419267923114, 39.275695837788412 ], [ -77.326074269288043, 39.27650783744334 ], [ -77.32649426851431, 39.276843837976706 ], [ -77.326616268713039, 39.277357838410573 ], [ -77.330663270696149, 39.277469837872125 ], [ -77.334244271625622, 39.276988838265829 ], [ -77.313900265523372, 39.286444840548299 ], [ -77.31165526513557, 39.287349840524968 ], [ -77.309464265174455, 39.2885728413941 ], [ -77.303580262334222, 39.291127842228995 ], [ -77.301342261619126, 39.291847842191004 ], [ -77.299769262149297, 39.292564841800463 ], [ -77.285964258290136, 39.299220843946372 ], [ -77.284465257541839, 39.30012184365787 ], [ -77.273500254097229, 39.305445845136099 ], [ -77.267415252313867, 39.308303846523586 ], [ -77.261180250742683, 39.310849846554149 ], [ -77.24707224693482, 39.317435849264207 ], [ -77.236407243964194, 39.322586849728047 ], [ -77.233620243253085, 39.323784850403051 ], [ -77.226877241693785, 39.327296851490672 ], [ -77.214908237070205, 39.332586853203438 ], [ -77.200016233089698, 39.339473854799834 ], [ -77.191614230948545, 39.343066855832042 ], [ -77.187723229499341, 39.345012855904685 ], [ -77.175293226539935, 39.350618858142738 ], [ -77.171363224732673, 39.352623858184955 ], [ -77.168803223802328, 39.35350985889108 ], [ -77.180227227729517, 39.346558856761199 ], [ -77.182496227508466, 39.345748856836281 ], [ -77.183362228595172, 39.34568785677142 ], [ -77.183812228856951, 39.345466856830811 ], [ -77.187115229053788, 39.34060285622656 ], [ -77.1868062292573, 39.338210855264634 ], [ -77.185731227933218, 39.336734855143732 ], [ -77.184587227910455, 39.336149854780444 ], [ -77.184630228466474, 39.335304854491554 ], [ -77.183776227973638, 39.334244854805014 ], [ -77.183555228040717, 39.333485855104314 ], [ -77.182625227379887, 39.332221853833154 ], [ -77.182025226431946, 39.330357853529442 ], [ -77.181491227402887, 39.329301853511126 ], [ -77.180198226518897, 39.328247853369142 ], [ -77.17855522583055, 39.32547085321773 ], [ -77.175526225270104, 39.322585851811262 ], [ -77.174767224313527, 39.32225485188804 ], [ -77.174394224044619, 39.321640852254056 ], [ -77.173982224315964, 39.321434851617589 ], [ -77.173965224597524, 39.32107185246057 ], [ -77.173708223781276, 39.320731852764879 ], [ -77.173278223610964, 39.320488852462383 ], [ -77.172858224384711, 39.319482852375614 ], [ -77.172247223566117, 39.316294851424345 ], [ -77.171717222938383, 39.315571851006851 ], [ -77.171925222452515, 39.31528885148974 ], [ -77.171596222564546, 39.315196850719936 ], [ -77.171735222481715, 39.3149838504903 ], [ -77.170349222609644, 39.313116850435136 ], [ -77.170060222006327, 39.313197851057012 ], [ -77.169509222360503, 39.312683850256811 ], [ -77.168865221929948, 39.312398850579221 ], [ -77.166779220652487, 39.312143850798236 ], [ -77.166117220678586, 39.311509850272614 ], [ -77.165787220965711, 39.310918850561009 ], [ -77.165659220919196, 39.309700850335645 ], [ -77.164883220244164, 39.308893850746884 ], [ -77.164998220770201, 39.308231850438858 ], [ -77.164592219991022, 39.307451850225291 ], [ -77.164191220133006, 39.307390850111197 ], [ -77.163020219447773, 39.307906849900412 ], [ -77.162335219907646, 39.307929849894023 ], [ -77.160941219639639, 39.306727849953766 ], [ -77.159776217903868, 39.304903849092632 ], [ -77.158934218903227, 39.304774849527504 ], [ -77.157414217340218, 39.304165849339789 ], [ -77.155456217007597, 39.302981849608756 ], [ -77.153415216834304, 39.302039848895269 ], [ -77.151470215123851, 39.299996849090107 ], [ -77.14990521604993, 39.299010848240258 ], [ -77.149127214826763, 39.299295848913829 ], [ -77.148265214836329, 39.298131848214076 ], [ -77.145436214292431, 39.295963848681211 ], [ -77.144671213488053, 39.294714848317582 ], [ -77.147111213869508, 39.294751847811519 ], [ -77.155328216062756, 39.290393846477961 ], [ -77.157449217500329, 39.289706846437802 ], [ -77.161028217881665, 39.289771846464077 ], [ -77.163400219389374, 39.294543847152106 ], [ -77.165048220100601, 39.299979848438078 ], [ -77.167528220665034, 39.29998784825473 ], [ -77.171777222314518, 39.29921284821306 ], [ -77.172556222464294, 39.299228848020761 ], [ -77.173196222696873, 39.299464847540825 ], [ -77.17942222494554, 39.303458848251914 ], [ -77.1802922244336, 39.303611848452768 ], [ -77.182596225270942, 39.303618848276777 ], [ -77.182848225166012, 39.303874848807041 ], [ -77.182733225538286, 39.304652848750159 ], [ -77.18325222629538, 39.304942848574896 ], [ -77.183702225658863, 39.304801848098315 ], [ -77.185785226563254, 39.30321884857149 ], [ -77.186853227316334, 39.302749848488894 ], [ -77.197549230249123, 39.30179984712985 ], [ -77.197420230377688, 39.302531847856429 ], [ -77.197748230440737, 39.307120848204114 ], [ -77.201730232126536, 39.307589848190631 ], [ -77.202127232684873, 39.307830848386907 ], [ -77.20238623225265, 39.308368848051408 ], [ -77.202928232575971, 39.308478848948987 ], [ -77.205560233476362, 39.309741848905297 ], [ -77.207091233113402, 39.306803848494667 ], [ -77.213426234243698, 39.295951845485327 ], [ -77.218546236104444, 39.289813844662746 ], [ -77.219773236866189, 39.286676843556172 ], [ -77.215547235681242, 39.285613843103867 ], [ -77.211702234262816, 39.284968843165473 ], [ -77.210496233417473, 39.284919843844762 ], [ -77.209985233056301, 39.284694842990525 ], [ -77.208368233205533, 39.286712844002011 ], [ -77.206178232171027, 39.288329844131972 ], [ -77.204271231892008, 39.288447844284022 ], [ -77.201715231159611, 39.287680844261033 ], [ -77.201931231069679, 39.285759844541033 ], [ -77.201929230521543, 39.283229844136478 ], [ -77.203744230739048, 39.278220842196369 ], [ -77.205080230382393, 39.267451840673722 ], [ -77.204797230525173, 39.264949839947441 ], [ -77.202684229483538, 39.260066838897991 ], [ -77.207407230785947, 39.260508839339401 ], [ -77.210336231787267, 39.260260838339661 ], [ -77.21193823246773, 39.25955983827405 ], [ -77.215143232755267, 39.259974838587894 ], [ -77.217592234255875, 39.260821839225308 ], [ -77.219904234590828, 39.261416838272666 ], [ -77.221506235271292, 39.262095838281532 ], [ -77.219446234831423, 39.263583838766905 ], [ -77.21861423407988, 39.264640839556172 ], [ -77.218874234370901, 39.264861838919096 ], [ -77.218713234712396, 39.265387839011993 ], [ -77.21902623470686, 39.26598684009911 ], [ -77.221353236008724, 39.266909839146159 ], [ -77.221796235699514, 39.267344839585284 ], [ -77.222055236165602, 39.26790184045354 ], [ -77.223398236379992, 39.267501839787379 ], [ -77.230218237932178, 39.269824839730404 ], [ -77.231592239007014, 39.269492839873614 ], [ -77.234041239609311, 39.268294838959399 ], [ -77.235535240334741, 39.268774839756269 ], [ -77.23584824032919, 39.268273838627756 ], [ -77.235677239726641, 39.267396838964693 ], [ -77.235994239919052, 39.265738838311243 ], [ -77.237627240561665, 39.264617838556511 ], [ -77.24003824152912, 39.263655838336909 ], [ -77.242151241672431, 39.263091838102717 ], [ -77.242799242300947, 39.262717837834828 ], [ -77.245309242104298, 39.25994083732386 ], [ -77.247285242878576, 39.258773837087681 ], [ -77.247552242842275, 39.25830783771503 ], [ -77.247606243268933, 39.257560837233292 ], [ -77.248064243028352, 39.256671836190087 ], [ -77.2530152448347, 39.254340836291206 ], [ -77.254266244987576, 39.25141883573022 ], [ -77.260805247230707, 39.24746683423006 ], [ -77.265108247510227, 39.245120833809096 ], [ -77.267633249178814, 39.24278983256778 ], [ -77.269566249397087, 39.241471833102047 ], [ -77.271192249468669, 39.23971583235619 ], [ -77.271947249328989, 39.239405832269121 ], [ -77.271852249792758, 39.239096832702138 ], [ -77.271547249295907, 39.239142831958361 ], [ -77.271501249265157, 39.238971832211462 ] ] ], [ [ [ -76.940654166354989, 39.585660914204581 ], [ -76.935582165971439, 39.597236916260847 ], [ -76.935468165270308, 39.597991915801394 ], [ -76.93484216528141, 39.597299916727913 ], [ -76.933188164722395, 39.593704915259764 ], [ -76.931136164678463, 39.59441291629642 ], [ -76.922575162528631, 39.602901917077553 ], [ -76.920630161716488, 39.60440091883391 ], [ -76.915535160868401, 39.609233919201301 ], [ -76.911769159990996, 39.613187920300909 ], [ -76.900298156208109, 39.6207129219571 ], [ -76.897352155488335, 39.622984923348085 ], [ -76.893695154390883, 39.625065923177843 ], [ -76.892262153764818, 39.625431923561912 ], [ -76.891193154085144, 39.626549923495659 ], [ -76.883120151831932, 39.631583925396306 ], [ -76.868683147237775, 39.640113926984789 ], [ -76.870711147890603, 39.641754927193396 ], [ -76.874531149194667, 39.643957927815798 ], [ -76.87666715070084, 39.646718928314705 ], [ -76.877760151568296, 39.648332928364084 ], [ -76.885997153853026, 39.663605931630187 ], [ -76.890218155913402, 39.668904932370133 ], [ -76.891355156263472, 39.671296932188099 ], [ -76.891684157049752, 39.672402933386877 ], [ -76.89180415670036, 39.683011935572203 ], [ -76.892025157531606, 39.683858934879218 ], [ -76.89251015795351, 39.684710935841743 ], [ -76.897336160086383, 39.689298936091106 ], [ -76.906467162148616, 39.700253937501074 ], [ -76.914164165556514, 39.706155938773385 ], [ -76.917070166991607, 39.709509939091646 ], [ -76.917482167618601, 39.710503939448692 ], [ -76.917491166941076, 39.71187394037797 ], [ -76.915995166565835, 39.714974940928599 ], [ -76.915525167110857, 39.718383941493606 ], [ -76.915538166631336, 39.719437941410249 ], [ -76.9160061673348, 39.720609942144996 ], [ -76.891048158811756, 39.720397943105596 ], [ -76.872942154322899, 39.72051794255065 ], [ -76.857477149158655, 39.720408943863802 ], [ -76.85271714804631, 39.720554944024499 ], [ -76.794991129411059, 39.720608946476048 ], [ -76.787098126184603, 39.720807946623616 ], [ -76.788930127018816, 39.716553945788817 ], [ -76.792162127968851, 39.707190943612737 ], [ -76.792953127814187, 39.705586942702134 ], [ -76.794999128010346, 39.700309942240963 ], [ -76.797299127751415, 39.693509939988047 ], [ -76.798599128308084, 39.69080994017505 ], [ -76.803399129603378, 39.678009937310712 ], [ -76.830300136593806, 39.662781933398435 ], [ -76.838661138727105, 39.657916931771133 ], [ -76.848456141311374, 39.651816930230886 ], [ -76.85624214440773, 39.647210928343888 ], [ -76.863254145580541, 39.643447927978528 ], [ -76.868139147264671, 39.639499927394517 ], [ -76.866007145956459, 39.636274926593138 ], [ -76.865978146542446, 39.63573692665306 ], [ -76.866506146622044, 39.634772926267537 ], [ -76.866456146393347, 39.634568926671129 ], [ -76.865746146738857, 39.634215926216228 ], [ -76.864634146503164, 39.633947926404282 ], [ -76.86402314568457, 39.633497926356966 ], [ -76.86134714440324, 39.628886925205585 ], [ -76.858630143114013, 39.622757923628981 ], [ -76.853198141083723, 39.613203922155186 ], [ -76.852090140147666, 39.609731921702782 ], [ -76.849921139029547, 39.605053920440625 ], [ -76.848306138828633, 39.600264920417018 ], [ -76.841807135870141, 39.583207916641577 ], [ -76.842362135713913, 39.581918916121708 ], [ -76.841153135393853, 39.580743916559875 ], [ -76.840926134714806, 39.58000291626999 ], [ -76.839808133733001, 39.559562912360803 ], [ -76.839271133432575, 39.559403912469016 ], [ -76.838282133220531, 39.558754911687238 ], [ -76.837824132562815, 39.558716912118108 ], [ -76.837733132326207, 39.557616912286093 ], [ -76.837550132028113, 39.557365911302952 ], [ -76.830895131230662, 39.555610911098825 ], [ -76.826410129579628, 39.553937911309497 ], [ -76.823822128161837, 39.552446911440001 ], [ -76.822459127855993, 39.552172911291606 ], [ -76.814022124656404, 39.551482911498468 ], [ -76.811483123642418, 39.550459911375498 ], [ -76.809315123247501, 39.549233910643039 ], [ -76.807724123336016, 39.547819911104909 ], [ -76.805890121953638, 39.545462910555429 ], [ -76.804235121569732, 39.54456291075978 ], [ -76.799220120189261, 39.544541910331958 ], [ -76.793724118584876, 39.542395910327222 ], [ -76.790661117689254, 39.541943910407156 ], [ -76.790419116941621, 39.541673910264294 ], [ -76.790138116734212, 39.54020891011271 ], [ -76.789846116656165, 39.539699909728427 ], [ -76.788194115746975, 39.538645909412388 ], [ -76.786038115047646, 39.536896909136139 ], [ -76.783056114342884, 39.532338909025434 ], [ -76.78151511376177, 39.531007908559701 ], [ -76.780931113605689, 39.530242908225304 ], [ -76.777298111899341, 39.526680907872951 ], [ -76.776843111614681, 39.52525390716049 ], [ -76.775892111037464, 39.52380690703739 ], [ -76.774847111647233, 39.523330907729346 ], [ -76.775188111230761, 39.522189906906377 ], [ -76.775048110590362, 39.521791906896681 ], [ -76.774674111394873, 39.521494906663953 ], [ -76.774107110957218, 39.521482906193917 ], [ -76.772707109943099, 39.522147906365312 ], [ -76.770362109996199, 39.522253906890057 ], [ -76.768962108982095, 39.522010906898686 ], [ -76.768211108421411, 39.521485906658079 ], [ -76.766562108783617, 39.52145990725051 ], [ -76.760497107091723, 39.52314590779914 ], [ -76.754853104451001, 39.522710908437446 ], [ -76.753946104254723, 39.520990908003348 ], [ -76.753299104349452, 39.519050906958988 ], [ -76.750835102780215, 39.508107905011457 ], [ -76.750954102605888, 39.507223905389729 ], [ -76.750499102321228, 39.506842904395342 ], [ -76.742566099810105, 39.504528904622575 ], [ -76.742012098892928, 39.503977904236102 ], [ -76.740202098698319, 39.499555904110416 ], [ -76.740025098247983, 39.498739903615899 ], [ -76.739330098662123, 39.497741903688805 ], [ -76.739864098589521, 39.495698903153794 ], [ -76.740162098515341, 39.495235902334542 ], [ -76.739530098678671, 39.493347902149146 ], [ -76.739803098490142, 39.493040902460692 ], [ -76.742482098347892, 39.491496901976362 ], [ -76.74363709913959, 39.491212902385001 ], [ -76.753123102825725, 39.491524902214998 ], [ -76.753886103081953, 39.491241901710538 ], [ -76.75764310373853, 39.488953900185763 ], [ -76.760749104291861, 39.486781900288811 ], [ -76.765144104632881, 39.476737898268894 ], [ -76.774864108670712, 39.479322898282533 ], [ -76.783215111656588, 39.481303898939352 ], [ -76.789445113204906, 39.482179898436193 ], [ -76.791216113041443, 39.482171897987321 ], [ -76.791717114255192, 39.48203989842154 ], [ -76.795831115287143, 39.480406898400396 ], [ -76.798026115446234, 39.479103897553856 ], [ -76.799455115874338, 39.478596897647186 ], [ -76.80309911745131, 39.478055896891988 ], [ -76.806562117481718, 39.478608897203557 ], [ -76.803862117707567, 39.482277897793381 ], [ -76.793760114976621, 39.485083898656711 ], [ -76.795988115645983, 39.492227900697642 ], [ -76.795210116219437, 39.495483901116152 ], [ -76.796055115593134, 39.49554790074756 ], [ -76.796521115748448, 39.495395900486976 ], [ -76.797789116518089, 39.496378901400178 ], [ -76.798566116119716, 39.496799900922589 ], [ -76.799492117480881, 39.497046901474256 ], [ -76.799860116828611, 39.497668901599546 ], [ -76.800797117162105, 39.497610901366237 ], [ -76.801328117614759, 39.497751900797489 ], [ -76.803877118674507, 39.496955900606935 ], [ -76.804534118625511, 39.497056900762452 ], [ -76.805593119157777, 39.496881900880275 ], [ -76.807722120092933, 39.495780900251042 ], [ -76.809114120711129, 39.495629900102571 ], [ -76.811603120598051, 39.494430900323962 ], [ -76.812234121508155, 39.494305899890371 ], [ -76.814701121653798, 39.492210898992909 ], [ -76.814629121683765, 39.491511898985969 ], [ -76.815156121938458, 39.490156899557633 ], [ -76.814961121944791, 39.489761898815665 ], [ -76.815044120887137, 39.489203899275481 ], [ -76.815709121234093, 39.488988899335972 ], [ -76.81571512198019, 39.4887048985129 ], [ -76.815501121719961, 39.488610898707535 ], [ -76.816001121312141, 39.48791089884493 ], [ -76.818401122408943, 39.486810897995916 ], [ -76.819301122034219, 39.483210897535663 ], [ -76.819001122458587, 39.480110897207524 ], [ -76.819328122696731, 39.479945896635229 ], [ -76.819455122020017, 39.479544897130154 ], [ -76.819765122539735, 39.479556896522958 ], [ -76.820357122193428, 39.479260897259707 ], [ -76.820543121966253, 39.478945896957718 ], [ -76.82050012320687, 39.478487896150703 ], [ -76.821060123073536, 39.478137896074848 ], [ -76.821115122426804, 39.477740895986756 ], [ -76.821280123181552, 39.477608896332328 ], [ -76.822347123211415, 39.481280897096703 ], [ -76.823017123581224, 39.482131897115835 ], [ -76.824292124023557, 39.482668897519076 ], [ -76.827917125333968, 39.483152897027026 ], [ -76.828873125035742, 39.483558897491726 ], [ -76.829777125757303, 39.484263897701638 ], [ -76.82894912430541, 39.476418895346818 ], [ -76.829013124777831, 39.475510896100033 ], [ -76.829883126062512, 39.475884896273726 ], [ -76.83096112506469, 39.476079896063666 ], [ -76.83227212639035, 39.475903896195497 ], [ -76.83482212637665, 39.474632895318848 ], [ -76.835708127554867, 39.473986895052548 ], [ -76.836374127726742, 39.473237894551758 ], [ -76.837321127207673, 39.473741895627128 ], [ -76.839407128485121, 39.474455895349827 ], [ -76.843872130044673, 39.476929895359845 ], [ -76.854755133473503, 39.48057089528649 ], [ -76.85616313398522, 39.481341895817437 ], [ -76.857359134784815, 39.482238896084787 ], [ -76.861200136005309, 39.486156896441862 ], [ -76.862762136502781, 39.487353897344583 ], [ -76.865255137486017, 39.488487896926451 ], [ -76.868706138719148, 39.489111896764427 ], [ -76.868602138962089, 39.493810897518948 ], [ -76.868389138526766, 39.494081898307151 ], [ -76.866702139254116, 39.500909898962973 ], [ -76.863364137998886, 39.51081390158614 ], [ -76.862697138002105, 39.513322902050824 ], [ -76.857533137557056, 39.529008905862071 ], [ -76.857547136902426, 39.52994590602782 ], [ -76.860030138738239, 39.53607290608943 ], [ -76.865092140872662, 39.549983909168866 ], [ -76.868887142960702, 39.551143909817867 ], [ -76.869754142075706, 39.551809909367897 ], [ -76.870747142485712, 39.552186909576157 ], [ -76.871429142551108, 39.553167910077768 ], [ -76.871833142782165, 39.553472909743846 ], [ -76.872197143728528, 39.554247909698219 ], [ -76.872445143425651, 39.554406909634622 ], [ -76.874459144733081, 39.554729910487303 ], [ -76.875320144898623, 39.555035909652638 ], [ -76.876664144937905, 39.555050909570248 ], [ -76.878397145139644, 39.55552791038339 ], [ -76.879086145776029, 39.555467910413519 ], [ -76.87932414542739, 39.554902909825934 ], [ -76.879523145619032, 39.554817909376091 ], [ -76.883930147452247, 39.557429910025675 ], [ -76.885855147274597, 39.558068909845517 ], [ -76.889324149847724, 39.557769910171658 ], [ -76.892108150185763, 39.557871910652281 ], [ -76.893774150440336, 39.558300910115079 ], [ -76.895434150847109, 39.558184909731025 ], [ -76.901716153172288, 39.55972990964198 ], [ -76.90929715533089, 39.560729909715029 ], [ -76.910486155559497, 39.560763909364326 ], [ -76.915200157539388, 39.560281909642292 ], [ -76.916903157603883, 39.559656909673109 ], [ -76.917815158721353, 39.558984908817287 ], [ -76.918257157688899, 39.557359909320255 ], [ -76.917860158028873, 39.556560908917724 ], [ -76.918258158412144, 39.556500909148731 ], [ -76.920182158409574, 39.556751908413801 ], [ -76.921320159482832, 39.557163908908393 ], [ -76.924399160271989, 39.558813908735246 ], [ -76.928973161611481, 39.559943908775885 ], [ -76.930754162392091, 39.560651909152945 ], [ -76.946488167169875, 39.569746910423618 ], [ -76.943081167215965, 39.577697912183119 ], [ -76.942402167523639, 39.580524912861634 ], [ -76.940654166354989, 39.585660914204581 ] ] ], [ [ [ -76.779141089248043, 39.147175831097876 ], [ -76.778397090156702, 39.147103831854423 ], [ -76.776300089008572, 39.14648283149107 ], [ -76.775792089020484, 39.146550831068765 ], [ -76.775747089712937, 39.146009831114867 ], [ -76.774385088333659, 39.145349831094485 ], [ -76.774145089032473, 39.145035831359152 ], [ -76.774021088285593, 39.143913830857862 ], [ -76.774347087800521, 39.142938830189223 ], [ -76.774169087525294, 39.142769830539351 ], [ -76.773791088131816, 39.142607830358138 ], [ -76.768599086301066, 39.142072830891308 ], [ -76.768715086652008, 39.141371830714114 ], [ -76.770987087702295, 39.140584830051687 ], [ -76.77131808724009, 39.139799829991375 ], [ -76.771807087859955, 39.139418830278316 ], [ -76.77264408773604, 39.139393829691109 ], [ -76.772926087768326, 39.138116830081692 ], [ -76.773695087872369, 39.136564829307872 ], [ -76.772768086686284, 39.134844828496433 ], [ -76.771724087120944, 39.135502829689578 ], [ -76.769473085987059, 39.132820828876866 ], [ -76.769743085425489, 39.132239828643442 ], [ -76.769743085425489, 39.131720828829863 ], [ -76.769360086009158, 39.130142828885745 ], [ -76.769409086412963, 39.12984482834603 ], [ -76.769636086193671, 39.12965982776241 ], [ -76.770530085971174, 39.129869828839617 ], [ -76.771243085998719, 39.129570827873522 ], [ -76.771901086672955, 39.129219827755605 ], [ -76.771917086566489, 39.128988828027843 ], [ -76.775786088274359, 39.126837827285549 ], [ -76.778056087878198, 39.123980826379537 ], [ -76.781630089134993, 39.122720826433955 ], [ -76.781277088957566, 39.123208826651073 ], [ -76.781355089673681, 39.123565826381004 ], [ -76.781221089779393, 39.124032826735977 ], [ -76.781474089499383, 39.124296826023496 ], [ -76.781516089332172, 39.124686826359927 ], [ -76.780927089153209, 39.125392826930032 ], [ -76.780926089328304, 39.126407827201078 ], [ -76.781187089444202, 39.126825827202083 ], [ -76.780976088658718, 39.127072827113693 ], [ -76.780792089433987, 39.127780827449172 ], [ -76.780947089244691, 39.128747827745713 ], [ -76.781419090146116, 39.129038827523338 ], [ -76.781595089873207, 39.129670828093225 ], [ -76.781919089738295, 39.129741827779732 ], [ -76.781841089920491, 39.130669827405889 ], [ -76.781531090299097, 39.130752827592175 ], [ -76.780734089707664, 39.131427828404554 ], [ -76.78018408988676, 39.131564828645743 ], [ -76.780254089308642, 39.132141828450663 ], [ -76.779944088788938, 39.132635828445963 ], [ -76.780612089508935, 39.13612282949294 ], [ -76.78046908939379, 39.139856829623021 ], [ -76.781942091101158, 39.143218830241416 ], [ -76.782623091341634, 39.143819830648461 ], [ -76.781513090755752, 39.145505831391802 ], [ -76.779617090347429, 39.147742831274364 ], [ -76.779141089248043, 39.147175831097876 ] ] ], [ [ [ -76.795127104700683, 39.306765863483804 ], [ -76.794033104008321, 39.306805863545776 ], [ -76.793799104554907, 39.307052862918368 ], [ -76.79341610334194, 39.307808863170138 ], [ -76.793441103456288, 39.309568863914862 ], [ -76.792486103579435, 39.311143863758531 ], [ -76.792577104714354, 39.311877864373223 ], [ -76.793390104300968, 39.31351786389731 ], [ -76.794204104610856, 39.313754864017106 ], [ -76.794720104994894, 39.314284864435749 ], [ -76.794008104792269, 39.314897864583791 ], [ -76.793499104080936, 39.314993864797422 ], [ -76.793324104178765, 39.315638864750127 ], [ -76.792730104875218, 39.316322865101604 ], [ -76.792346103837346, 39.316427864862234 ], [ -76.790392103702686, 39.316160865439862 ], [ -76.789927103372307, 39.316395865461551 ], [ -76.789450103346311, 39.317006865715641 ], [ -76.788865103365296, 39.31720686502176 ], [ -76.786247101810289, 39.317162865723844 ], [ -76.784572102233199, 39.318021865872694 ], [ -76.783576101450137, 39.31879486601747 ], [ -76.783254102133171, 39.320242866499392 ], [ -76.780901100892038, 39.320821866355715 ], [ -76.779568100723395, 39.320879866497336 ], [ -76.777751099957783, 39.321887866669385 ], [ -76.777855099714841, 39.323140867175901 ], [ -76.777740100087129, 39.325990867497744 ], [ -76.781157100985084, 39.3300408680742 ], [ -76.785071102898783, 39.332996869069731 ], [ -76.789177104433136, 39.334623868326197 ], [ -76.790018104507197, 39.334756868448288 ], [ -76.791077104141138, 39.334532868499203 ], [ -76.792237104955717, 39.334875868672142 ], [ -76.792487105200976, 39.335180869091737 ], [ -76.792776104905968, 39.335928868453991 ], [ -76.792898105104712, 39.337411868833996 ], [ -76.791454105506304, 39.3393168700537 ], [ -76.791262104987368, 39.339946869652501 ], [ -76.793777106610221, 39.347323871496386 ], [ -76.794959107166122, 39.352238871859001 ], [ -76.795057107075408, 39.353164871838032 ], [ -76.795569107261485, 39.354257871887974 ], [ -76.795970108017798, 39.353678872431715 ], [ -76.797668107161101, 39.352695871789116 ], [ -76.79876610805141, 39.352434872134282 ], [ -76.800593107964474, 39.35143587168178 ], [ -76.803392109269438, 39.349116871446562 ], [ -76.806963111051488, 39.348136870831304 ], [ -76.809345111706648, 39.348303871008788 ], [ -76.814739113203785, 39.345969869779054 ], [ -76.819119114374516, 39.345045869680895 ], [ -76.821437115455566, 39.343749869611621 ], [ -76.822243114471178, 39.343469869977739 ], [ -76.823234115231372, 39.343449869663218 ], [ -76.827334116917939, 39.343887868919325 ], [ -76.833213118836966, 39.343386868878277 ], [ -76.836420119672653, 39.343629868814183 ], [ -76.839285120201566, 39.344443869128604 ], [ -76.842508121829056, 39.344600869453949 ], [ -76.847317123345192, 39.343549868399698 ], [ -76.851173124634315, 39.343226868096089 ], [ -76.851677124424441, 39.342773867616138 ], [ -76.852147124777716, 39.341991867514857 ], [ -76.853135124266558, 39.34133186794714 ], [ -76.854596124481702, 39.341393868072778 ], [ -76.856384125833316, 39.341075867607927 ], [ -76.860740126714617, 39.338050866256502 ], [ -76.86203812762146, 39.337620866929925 ], [ -76.863829127549508, 39.336635866607097 ], [ -76.864814127563577, 39.335761866499013 ], [ -76.865403127742567, 39.334383865762696 ], [ -76.86607212828747, 39.333426866264858 ], [ -76.866704128124155, 39.33312986603341 ], [ -76.868904129204424, 39.332766865040902 ], [ -76.869622129254807, 39.332283865512743 ], [ -76.870124129395151, 39.331604864954826 ], [ -76.872015129780607, 39.33199186532056 ], [ -76.874108130730761, 39.331700865169886 ], [ -76.874793131169184, 39.331961865131802 ], [ -76.875329130746394, 39.332590865144624 ], [ -76.875983132121007, 39.334175865468545 ], [ -76.877673131766713, 39.335513866529304 ], [ -76.878365131877842, 39.336295865453252 ], [ -76.878278132737535, 39.336599866129987 ], [ -76.877363132145319, 39.337158866024502 ], [ -76.876649131394558, 39.337324866241069 ], [ -76.875910131427759, 39.337150866288709 ], [ -76.875199131948378, 39.337653866828163 ], [ -76.87503413119363, 39.33848386642962 ], [ -76.875136131300891, 39.339754866723865 ], [ -76.875440131074484, 39.340327867041751 ], [ -76.87632413170455, 39.34122686736238 ], [ -76.878255132272997, 39.342427867440449 ], [ -76.879328133048944, 39.345489868095036 ], [ -76.879880133417984, 39.346275868002969 ], [ -76.880552133437632, 39.346827867962546 ], [ -76.881378134341375, 39.348088868131576 ], [ -76.881831134077913, 39.3484098682355 ], [ -76.882276134316825, 39.350192868567333 ], [ -76.881496134342157, 39.350055868814337 ], [ -76.880680134382473, 39.349656868180951 ], [ -76.880082133084358, 39.349839868937117 ], [ -76.880068133738973, 39.350718868850301 ], [ -76.879708133888855, 39.351908869486984 ], [ -76.879690134345509, 39.353368869480121 ], [ -76.880402133649795, 39.35583387002486 ], [ -76.879799134125449, 39.356816869581905 ], [ -76.879190133854991, 39.356849869446478 ], [ -76.877955133595663, 39.356455870466284 ], [ -76.875296132931069, 39.356176869862139 ], [ -76.874563131913732, 39.355846870114242 ], [ -76.873925132229289, 39.356095869702145 ], [ -76.873356131243483, 39.356858869912024 ], [ -76.873380131532926, 39.357157870440737 ], [ -76.87391013216066, 39.357652869913174 ], [ -76.875925133293009, 39.358728870330381 ], [ -76.877894133496284, 39.359275870381829 ], [ -76.880703134846996, 39.360476871438969 ], [ -76.88158113562929, 39.361838870942428 ], [ -76.88178613477038, 39.362598871256537 ], [ -76.881669134594532, 39.362945870995965 ], [ -76.88087413455122, 39.363565871094167 ], [ -76.879652134710682, 39.363686871795544 ], [ -76.877955134493973, 39.364191871851155 ], [ -76.879162134265897, 39.365406872200047 ], [ -76.879147134197297, 39.365811872249175 ], [ -76.879415134884212, 39.366105872284834 ], [ -76.879686135045858, 39.366102872063998 ], [ -76.879718133934588, 39.36588187141087 ], [ -76.880767134421106, 39.365198871165923 ], [ -76.881433134592967, 39.364473871987713 ], [ -76.881718134998309, 39.364386871136098 ], [ -76.884136136536796, 39.364543871796009 ], [ -76.884649135649468, 39.36478087191567 ], [ -76.885022135918376, 39.365169871426644 ], [ -76.886188136580742, 39.366947872238086 ], [ -76.886104136915165, 39.36724587119312 ], [ -76.886519136118537, 39.368648871491033 ], [ -76.886529137062581, 39.369182871947444 ], [ -76.886808137620164, 39.369691872629645 ], [ -76.887173137493164, 39.369950872357428 ], [ -76.88829113757663, 39.370059872210398 ], [ -76.888951137900705, 39.37057687282703 ], [ -76.889231137384883, 39.372063872627223 ], [ -76.88958213791247, 39.372887872693674 ], [ -76.889487137477914, 39.373287873251613 ], [ -76.890126137885602, 39.37409187288484 ], [ -76.890267138350907, 39.375605873918587 ], [ -76.890482138436056, 39.376064873605955 ], [ -76.890736137980952, 39.376137873390014 ], [ -76.890995138447053, 39.376738873828899 ], [ -76.889880138736601, 39.377309873788917 ], [ -76.889910137975534, 39.377684873542115 ], [ -76.890482138436056, 39.378015873478205 ], [ -76.890433138930575, 39.379157874223488 ], [ -76.889622138095447, 39.380180874394256 ], [ -76.888666137495363, 39.380462874535809 ], [ -76.88903213898989, 39.380630874374127 ], [ -76.889925138942459, 39.380618874597438 ], [ -76.891163138676546, 39.379866874294628 ], [ -76.8914691398966, 39.381270874286045 ], [ -76.891268139156836, 39.382333874642185 ], [ -76.890977138903708, 39.382545874673077 ], [ -76.890300137962868, 39.382435874337872 ], [ -76.88915713866335, 39.383690875064111 ], [ -76.888354138224159, 39.384136874677367 ], [ -76.887107137370904, 39.38424287515943 ], [ -76.886675137550782, 39.38404887559583 ], [ -76.886194137326839, 39.383558875556744 ], [ -76.885796136943583, 39.383521875129262 ], [ -76.885504136865535, 39.383776875650312 ], [ -76.885993137485386, 39.384453875135563 ], [ -76.885657137924738, 39.384588875154172 ], [ -76.885118137076148, 39.385191875335579 ], [ -76.884515136653476, 39.385479875531964 ], [ -76.88343813657788, 39.385497875331183 ], [ -76.883221135944595, 39.385869875465723 ], [ -76.884176137618084, 39.385932875432104 ], [ -76.884464137498171, 39.386196876325961 ], [ -76.884682137956375, 39.387166875694277 ], [ -76.885164138005223, 39.387948876265405 ], [ -76.885146137563567, 39.388140875886073 ], [ -76.88471413774343, 39.388415876136634 ], [ -76.882033136439219, 39.38761387646511 ], [ -76.880505136276923, 39.388303876516339 ], [ -76.880279135422782, 39.388294875937717 ], [ -76.879960136478871, 39.387970876552508 ], [ -76.879221135613761, 39.387892876450117 ], [ -76.879083135521498, 39.387990876618126 ], [ -76.879050135011227, 39.388433876567092 ], [ -76.878584134855899, 39.388811876898416 ], [ -76.87855713599005, 39.389068876325332 ], [ -76.879119135506514, 39.389208876544146 ], [ -76.879725136302227, 39.389882876899854 ], [ -76.878658135374067, 39.390505877197661 ], [ -76.877020134708573, 39.389915877107526 ], [ -76.87662113539875, 39.389517876191768 ], [ -76.874865134732488, 39.388616877093412 ], [ -76.874140134111059, 39.388559875979361 ], [ -76.873366133984177, 39.388789876876452 ], [ -76.874472134372084, 39.38884187698023 ], [ -76.876316134901899, 39.390413876831786 ], [ -76.877619135831623, 39.390958876407616 ], [ -76.877758135748792, 39.391400877241836 ], [ -76.877620135656542, 39.391798876442301 ], [ -76.876993134944399, 39.392153877239437 ], [ -76.877450134878885, 39.392560877033766 ], [ -76.878326135113042, 39.39193887673769 ], [ -76.879523135737557, 39.391740876832742 ], [ -76.879700136187878, 39.392138876870732 ], [ -76.879741136195776, 39.393792877363943 ], [ -76.880055136913427, 39.395057877318038 ], [ -76.880612136407052, 39.394965877400551 ], [ -76.881486136093045, 39.395791877852893 ], [ -76.884119137716667, 39.396575877530786 ], [ -76.885519138730771, 39.397628877621621 ], [ -76.879354136581469, 39.402334879067155 ], [ -76.878930137157255, 39.40391087913855 ], [ -76.884430138061305, 39.404610879134523 ], [ -76.884430138061305, 39.407510880520555 ], [ -76.882530138353317, 39.408810880097185 ], [ -76.882230137879347, 39.412610880894675 ], [ -76.881431137638089, 39.41741088221503 ], [ -76.878631137406529, 39.41851088291552 ], [ -76.875931135835742, 39.41761088287641 ], [ -76.874531135719963, 39.4191108827318 ], [ -76.875331136684437, 39.420510882806155 ], [ -76.879531137930115, 39.420210882282433 ], [ -76.886494140495742, 39.421752882547459 ], [ -76.886829139333202, 39.424305882560418 ], [ -76.887094140545358, 39.424762883322323 ], [ -76.886597139529584, 39.425254883846286 ], [ -76.886267139816724, 39.425925883118438 ], [ -76.886725140474425, 39.426103883584631 ], [ -76.887366140531952, 39.425570884207033 ], [ -76.887864140474306, 39.42557688300549 ], [ -76.888156140552368, 39.425387883483218 ], [ -76.888574141027107, 39.42552088356026 ], [ -76.88980114089054, 39.426530883145745 ], [ -76.88953214127703, 39.427202883901707 ], [ -76.889550141718686, 39.427602883274055 ], [ -76.889224141305434, 39.427963884304702 ], [ -76.890680141497711, 39.428658883546596 ], [ -76.89015114159325, 39.429585884195156 ], [ -76.88938814133698, 39.430190884364322 ], [ -76.890631141992245, 39.429772884417218 ], [ -76.891490141609651, 39.429299884027571 ], [ -76.89315314238948, 39.429052883695142 ], [ -76.893349142208038, 39.429105883483494 ], [ -76.893479141904379, 39.42977688453152 ], [ -76.893667143123679, 39.429764884881862 ], [ -76.894102143316871, 39.429094884276942 ], [ -76.894127142532909, 39.428606883983967 ], [ -76.894770142240233, 39.428354883899409 ], [ -76.895255142662137, 39.428499883734503 ], [ -76.895598143692126, 39.429289884019916 ], [ -76.895226143248124, 39.430573884509663 ], [ -76.894971142979998, 39.430755884262965 ], [ -76.893230142382365, 39.431022884325515 ], [ -76.893123143150547, 39.431195884394135 ], [ -76.893649142682008, 39.43154388428983 ], [ -76.894824143565216, 39.431959884372681 ], [ -76.894827143039947, 39.432242885264401 ], [ -76.894434143577882, 39.432528885147313 ], [ -76.894213142746651, 39.432940884967245 ], [ -76.895131143711879, 39.433129884818925 ], [ -76.895219143575432, 39.433535884359742 ], [ -76.895013143711111, 39.433798884987027 ], [ -76.895056143368819, 39.434147884856436 ], [ -76.894596143061278, 39.434504885438677 ], [ -76.894262143150428, 39.434540885401681 ], [ -76.891901142411697, 39.433758885448967 ], [ -76.891140141805266, 39.433190884812092 ], [ -76.891444142477198, 39.434079885066687 ], [ -76.891143142178336, 39.435048885517375 ], [ -76.89064514223594, 39.435406885419738 ], [ -76.890830142183873, 39.435601885536393 ], [ -76.891323142103374, 39.435672885927183 ], [ -76.892326143457439, 39.43737188596851 ], [ -76.892453142780724, 39.438090886322676 ], [ -76.894302143333405, 39.439809885441342 ], [ -76.891002142611313, 39.439309885877456 ], [ -76.887302140957843, 39.440509887126169 ], [ -76.886059141200889, 39.440491886954923 ], [ -76.885623140284494, 39.440364886616543 ], [ -76.884369140656872, 39.438788886405561 ], [ -76.881801139330577, 39.436310885733128 ], [ -76.881347139769147, 39.436168885485863 ], [ -76.881130139135834, 39.435672885927183 ], [ -76.880430139527121, 39.435105886103642 ], [ -76.879312138545316, 39.43460188624087 ], [ -76.876132137473832, 39.434347886057097 ], [ -76.873692136194038, 39.432819885688779 ], [ -76.870480135335526, 39.43109188554741 ], [ -76.868893134723649, 39.430669885391886 ], [ -76.8657501334621, 39.430744885316912 ], [ -76.861342131803951, 39.430192885450303 ], [ -76.859602131929549, 39.429494885278423 ], [ -76.856162130567043, 39.428789885968861 ], [ -76.855393130463028, 39.428505885056289 ], [ -76.854189130165821, 39.427995884655644 ], [ -76.852627129668321, 39.426955885156595 ], [ -76.850143128905927, 39.426861884502458 ], [ -76.848904128448623, 39.427467885312481 ], [ -76.84742812816485, 39.427438885772787 ], [ -76.845841127553001, 39.426892885462969 ], [ -76.843638126998002, 39.426603885642884 ], [ -76.842598126732327, 39.426000885373995 ], [ -76.840694125928053, 39.4240128854454 ], [ -76.840375126085817, 39.423473884975159 ], [ -76.840305124867314, 39.420279884494953 ], [ -76.839669125730993, 39.418959884119104 ], [ -76.83846612436038, 39.41736088404194 ], [ -76.836145122906288, 39.415227883265757 ], [ -76.835432123777082, 39.414179883461657 ], [ -76.835676123276244, 39.410568882770249 ], [ -76.835524122940271, 39.409877882072671 ], [ -76.833440122210959, 39.406099881684838 ], [ -76.832211121799403, 39.404239880573932 ], [ -76.831014122073213, 39.401676880966527 ], [ -76.830125120521942, 39.399079880570319 ], [ -76.827192120220985, 39.398968880316275 ], [ -76.826500120109856, 39.399088881146 ], [ -76.823840118722046, 39.401342880703226 ], [ -76.822917118632247, 39.402503880639863 ], [ -76.821602118006936, 39.403631882123065 ], [ -76.818565117948907, 39.404462881700297 ], [ -76.817619117394571, 39.406481881456884 ], [ -76.816564117958606, 39.406892881683817 ], [ -76.815810117024867, 39.407990882812726 ], [ -76.81575211729853, 39.41014488369337 ], [ -76.815326117326194, 39.411257883318989 ], [ -76.814466116985571, 39.410910882887322 ], [ -76.813032116534586, 39.410724883543139 ], [ -76.808244114934865, 39.41125488365072 ], [ -76.805960114188991, 39.411224883490235 ], [ -76.802107113272967, 39.410182884020259 ], [ -76.801478112911013, 39.410218883361161 ], [ -76.801162112543523, 39.409918882965073 ], [ -76.799205112035821, 39.409924883804621 ], [ -76.799336111557068, 39.408594882882177 ], [ -76.801366112758032, 39.407701883050329 ], [ -76.802083112085199, 39.406994882960831 ], [ -76.802178112519755, 39.406252882854993 ], [ -76.802479112818631, 39.405892882711335 ], [ -76.802453112879377, 39.405741882539367 ], [ -76.801243111836058, 39.405167882749446 ], [ -76.801183111561613, 39.404856882579331 ], [ -76.801495111731128, 39.404469882533348 ], [ -76.800984111369971, 39.404228882302135 ], [ -76.799978111439486, 39.403265881614175 ], [ -76.800614111474118, 39.402734882320146 ], [ -76.8006821121445, 39.401913882055773 ], [ -76.801273111973288, 39.400360881414144 ], [ -76.801898112137266, 39.40003488126839 ], [ -76.804109112189877, 39.399482881145993 ], [ -76.806692113584788, 39.398546880733761 ], [ -76.807689114192755, 39.397978880518984 ], [ -76.809554113740646, 39.392345879174655 ], [ -76.812110114473057, 39.391390879434034 ], [ -76.811384114026737, 39.390744878886821 ], [ -76.815872116050826, 39.387659878856205 ], [ -76.816146115687218, 39.387255878252056 ], [ -76.810577114287881, 39.386535878581157 ], [ -76.808483113512821, 39.386516878574128 ], [ -76.806486112822142, 39.386043878375382 ], [ -76.80525611168737, 39.385551878866885 ], [ -76.803853111198521, 39.385462878301681 ], [ -76.799981110914217, 39.38451287852908 ], [ -76.794408109316947, 39.382866878220277 ], [ -76.791824108097117, 39.382866878220291 ], [ -76.789194106846537, 39.38248187805916 ], [ -76.78932810674084, 39.381613878350386 ], [ -76.789180106602828, 39.37806187802947 ], [ -76.789308106649344, 39.376873877659435 ], [ -76.790528107738396, 39.374750876938947 ], [ -76.788770106524012, 39.374269876512997 ], [ -76.787194106681127, 39.374453877328619 ], [ -76.786134105425646, 39.374366876410868 ], [ -76.785592106000649, 39.374153876579847 ], [ -76.783949105312303, 39.372852876980183 ], [ -76.783100103944022, 39.372531875991953 ], [ -76.780873103997891, 39.372736876776081 ], [ -76.781160104053086, 39.376240877207529 ], [ -76.781111103649266, 39.376557877418477 ], [ -76.780782103761311, 39.37688087709482 ], [ -76.781177103771512, 39.377798877517392 ], [ -76.781325103909509, 39.379811878286887 ], [ -76.78121510430465, 39.380534878186168 ], [ -76.776526103337432, 39.379253878554444 ], [ -76.769993100942116, 39.376941877700062 ], [ -76.769098100441369, 39.378711878207334 ], [ -76.769075100875156, 39.379433877813163 ], [ -76.768312100618928, 39.379196878819755 ], [ -76.766916099802771, 39.379183878215869 ], [ -76.765850099597827, 39.378940879035227 ], [ -76.764820099377886, 39.378202878703853 ], [ -76.76258209866279, 39.377646878425075 ], [ -76.758786096749844, 39.377517879022612 ], [ -76.756332096124666, 39.377859878709245 ], [ -76.755568096043518, 39.378129878301635 ], [ -76.753743095780294, 39.376885878774232 ], [ -76.752774095659717, 39.375886878026414 ], [ -76.751724094449983, 39.375676878475971 ], [ -76.75114909451473, 39.375689878344168 ], [ -76.750656094595243, 39.376223878421683 ], [ -76.749576095044887, 39.376782878686022 ], [ -76.74858009426184, 39.376987878792853 ], [ -76.747970094166476, 39.377446878420791 ], [ -76.746679092932311, 39.377258878894224 ], [ -76.745727093428499, 39.376574878900627 ], [ -76.74395009284585, 39.375814878608821 ], [ -76.743984092282716, 39.375079879091196 ], [ -76.744384092315812, 39.37457087879892 ], [ -76.744387092688854, 39.374057878429007 ], [ -76.743701092425496, 39.372235878733328 ], [ -76.743124091942093, 39.371397877948645 ], [ -76.741251091099983, 39.369971878299395 ], [ -76.739927090253858, 39.369981877786628 ], [ -76.739296091140417, 39.36980987793374 ], [ -76.739085090354891, 39.369509877370227 ], [ -76.739305090462921, 39.369353877484471 ], [ -76.738681090123862, 39.368894877428815 ], [ -76.738712090984322, 39.368372878042727 ], [ -76.739800090930572, 39.366744876810571 ], [ -76.740043090604814, 39.365472876298604 ], [ -76.740678090814541, 39.364867876443547 ], [ -76.742304090886122, 39.364011876355349 ], [ -76.742810091224428, 39.362716876739462 ], [ -76.743317091387624, 39.36209787548664 ], [ -76.745681091601099, 39.361096876089924 ], [ -76.745666092430824, 39.360707876119427 ], [ -76.744912092395396, 39.359865875948607 ], [ -76.742032090899585, 39.359924875814457 ], [ -76.734347088085556, 39.362022876039433 ], [ -76.724601085006782, 39.362084876560615 ], [ -76.722890085444689, 39.362484877188635 ], [ -76.721528084963737, 39.363131876881695 ], [ -76.72080008396928, 39.361849876590597 ], [ -76.719917083164134, 39.358323876440146 ], [ -76.719126083318784, 39.357149875772272 ], [ -76.717696083065775, 39.356312875459203 ], [ -76.711188080784794, 39.354390875634564 ], [ -76.711360080313909, 39.351669875146378 ], [ -76.711206080328139, 39.350998875563327 ], [ -76.711390081349464, 39.349503874207272 ], [ -76.711027079329696, 39.336340871974471 ], [ -76.688582071881342, 39.329191871454732 ], [ -76.688648072901898, 39.330438871710264 ], [ -76.690868073175338, 39.331020871576797 ], [ -76.689363072579241, 39.333984872236286 ], [ -76.689381073020897, 39.340761873000254 ], [ -76.683479071535643, 39.340801873772399 ], [ -76.682918071844085, 39.34144287440828 ], [ -76.677966070212833, 39.339932873799007 ], [ -76.6767120696869, 39.341848874864716 ], [ -76.678320069316825, 39.342243873954168 ], [ -76.680889071366366, 39.341688874035498 ], [ -76.682298070804663, 39.342133874045025 ], [ -76.690061073436468, 39.347592874890104 ], [ -76.687610073184359, 39.349414875619964 ], [ -76.679417070382229, 39.353892876615511 ], [ -76.672583069484645, 39.356756877302324 ], [ -76.67077606786647, 39.356489877658611 ], [ -76.67085006838461, 39.356795877047844 ], [ -76.665966067423724, 39.357620877568834 ], [ -76.664285066202225, 39.355900877138261 ], [ -76.663491065983848, 39.355411877031557 ], [ -76.662210064795431, 39.355040877366001 ], [ -76.66041006554488, 39.35520087749525 ], [ -76.659888065313083, 39.352832876785449 ], [ -76.65913506420425, 39.347894876479913 ], [ -76.659554064503908, 39.345589875722609 ], [ -76.659098063496003, 39.344666875149322 ], [ -76.657378062814757, 39.343139875519391 ], [ -76.657173063673667, 39.342600874689687 ], [ -76.657423063020602, 39.341866874796125 ], [ -76.658183063802113, 39.340873875243439 ], [ -76.65841206323266, 39.340839874345718 ], [ -76.658060062880153, 39.340338874689031 ], [ -76.657831063449606, 39.339076874568917 ], [ -76.656773062742275, 39.338078873999329 ], [ -76.656491062709975, 39.337561874631454 ], [ -76.656272062426851, 39.335644873666176 ], [ -76.65593906234092, 39.334618873347544 ], [ -76.655924062272305, 39.333366873359218 ], [ -76.654034061711755, 39.330298872473769 ], [ -76.651893060182715, 39.331058873297877 ], [ -76.647981059715434, 39.330151873703386 ], [ -76.646193059262146, 39.329912873057665 ], [ -76.645393059195968, 39.330712873504424 ], [ -76.644893058705463, 39.330912872533489 ], [ -76.644585058733881, 39.330371872840203 ], [ -76.644593059129804, 39.329712873252994 ], [ -76.642790057709561, 39.329665872392489 ], [ -76.642368057935172, 39.328756872969493 ], [ -76.641764057687581, 39.327972872566001 ], [ -76.640016057417256, 39.326743872464334 ], [ -76.639038057075865, 39.326306872752689 ], [ -76.636266055535074, 39.325787871896509 ], [ -76.635002055861705, 39.325163872359546 ], [ -76.633344055104743, 39.324072871740931 ], [ -76.632534054094549, 39.323284872369783 ], [ -76.630447052992167, 39.319859871467322 ], [ -76.629432052840855, 39.317088870948943 ], [ -76.629685052560831, 39.316979871158608 ], [ -76.631179054184585, 39.316800870892116 ], [ -76.633958054499772, 39.317018870860792 ], [ -76.636905055044423, 39.31692187056332 ], [ -76.639408056073393, 39.315845870043056 ], [ -76.639452055556021, 39.315644870220297 ], [ -76.641851055929607, 39.314039869986637 ], [ -76.643633057433448, 39.315800869790614 ], [ -76.646318058037281, 39.313255869335023 ], [ -76.642516056276563, 39.310096869268783 ], [ -76.633660053675612, 39.310348869724564 ], [ -76.630763052461347, 39.30795486906861 ], [ -76.636831054526269, 39.303428867800186 ], [ -76.638969054783942, 39.303385867760468 ], [ -76.638464054270571, 39.294196865864009 ], [ -76.627690051519991, 39.294637866838663 ], [ -76.627465050490784, 39.290816865986983 ], [ -76.627768051337796, 39.288981865854076 ], [ -76.64241505509591, 39.288380864296499 ], [ -76.641990054948451, 39.281611864041331 ], [ -76.641863054726855, 39.280998863013629 ], [ -76.638981054479501, 39.282409864248834 ], [ -76.637845053954365, 39.282795863613771 ], [ -76.63798605441967, 39.285594864319975 ], [ -76.629021051140484, 39.286016865013885 ], [ -76.628885050698045, 39.283801864049508 ], [ -76.633495052022553, 39.283625864035997 ], [ -76.630345051088284, 39.281264863175814 ], [ -76.634599051862324, 39.277976862617855 ], [ -76.628733050362072, 39.273474862284523 ], [ -76.633474051207841, 39.269552861121085 ], [ -76.628799050484318, 39.268547860608187 ], [ -76.628484049941733, 39.268627861260072 ], [ -76.626563048520737, 39.268208861074939 ], [ -76.625857049064194, 39.268196860772136 ], [ -76.626086049393052, 39.267861861284295 ], [ -76.625656049222755, 39.267169860917299 ], [ -76.626090049591014, 39.267119861566819 ], [ -76.626710049732139, 39.266426860719726 ], [ -76.62693104876675, 39.265485860074058 ], [ -76.627207048951291, 39.265115859874868 ], [ -76.623795048076204, 39.265082860536687 ], [ -76.623291047387738, 39.260113860072863 ], [ -76.61049004380925, 39.254713859412568 ], [ -76.608290042728967, 39.254713859412568 ], [ -76.609091042620051, 39.249913858485904 ], [ -76.612491043799565, 39.246613857042398 ], [ -76.614644044125853, 39.241099856198893 ], [ -76.611241042573297, 39.240722856162343 ], [ -76.608482041451282, 39.240650856000563 ], [ -76.608810042412657, 39.240027856394789 ], [ -76.60655504108081, 39.240300856113528 ], [ -76.601006039772969, 39.24061385645885 ], [ -76.595554037651183, 39.239150856812664 ], [ -76.595213038067655, 39.239643856903676 ], [ -76.59593703796584, 39.240371856154297 ], [ -76.596956039213424, 39.2409848570355 ], [ -76.593107037597022, 39.241056856854435 ], [ -76.590605036392972, 39.238172856592158 ], [ -76.585041034118206, 39.232409854745761 ], [ -76.581971033549891, 39.232085855054166 ], [ -76.582135033581437, 39.231997855919005 ], [ -76.58108903256965, 39.231013855290449 ], [ -76.580589032977443, 39.230913855084935 ], [ -76.579289031522464, 39.226713854863824 ], [ -76.577389031814462, 39.224913854074643 ], [ -76.566188027470005, 39.221113854230225 ], [ -76.529687016092339, 39.217314854793948 ], [ -76.529787015651451, 39.209914852786042 ], [ -76.529245015328158, 39.208296852438366 ], [ -76.531185015219108, 39.207151852714006 ], [ -76.531555015114947, 39.204289851588456 ], [ -76.527307014188708, 39.203287851602788 ], [ -76.523706013167754, 39.195416850050826 ], [ -76.524260012288281, 39.193699849358566 ], [ -76.526384013200584, 39.192053849362402 ], [ -76.530539014240404, 39.191124849613608 ], [ -76.526569013148503, 39.190408848903459 ], [ -76.51969501027132, 39.178418846476475 ], [ -76.51287400799589, 39.1741498463158 ], [ -76.514598008875097, 39.172901845734017 ], [ -76.514830008678672, 39.172496846327796 ], [ -76.514510008113234, 39.171187845390492 ], [ -76.514947008854548, 39.169994845282893 ], [ -76.516966009286534, 39.169320845263286 ], [ -76.519023010251672, 39.169293845347028 ], [ -76.520620010010958, 39.168319844711242 ], [ -76.522131010454828, 39.165492844154521 ], [ -76.526451011351099, 39.161417843209065 ], [ -76.528378011721571, 39.159161842215447 ], [ -76.530150012281368, 39.157752842561628 ], [ -76.531617013242609, 39.157175841596491 ], [ -76.532055013808844, 39.15592484125763 ], [ -76.534166013404018, 39.154721841112966 ], [ -76.53643901427921, 39.153742841196618 ], [ -76.538250015197065, 39.152587841572547 ], [ -76.539073015727752, 39.151793840565112 ], [ -76.54166801591991, 39.150908840937873 ], [ -76.545208016841514, 39.150656840606999 ], [ -76.54699401674668, 39.150224840328868 ], [ -76.548890018053328, 39.147845839645456 ], [ -76.549991018418382, 39.146939839418025 ], [ -76.551092017885111, 39.146623838963876 ], [ -76.55409901960256, 39.146205839437727 ], [ -76.555493019870553, 39.145810839057617 ], [ -76.558354020201492, 39.143817838084011 ], [ -76.560029020676893, 39.143840838266073 ], [ -76.561284021926042, 39.144295838747873 ], [ -76.562737021745278, 39.144186837765702 ], [ -76.563986022248343, 39.144394838502926 ], [ -76.564275021953335, 39.144230838361459 ], [ -76.564529022396556, 39.143406837713414 ], [ -76.565361023148071, 39.142840837919962 ], [ -76.567508023626573, 39.142018838001555 ], [ -76.56871202392378, 39.14357083838123 ], [ -76.56925002404914, 39.145409838698946 ], [ -76.569212024414298, 39.148397838915486 ], [ -76.569911024198134, 39.151904840214598 ], [ -76.569743024866952, 39.152495839693202 ], [ -76.569021024618593, 39.153548839883655 ], [ -76.568812024381216, 39.154584839957025 ], [ -76.568979024785804, 39.15524084064235 ], [ -76.573659025532194, 39.155258840468733 ], [ -76.573882026013251, 39.156791840367163 ], [ -76.578722027491537, 39.153228839924566 ], [ -76.581536027966806, 39.155179840422385 ], [ -76.582502029510977, 39.155492840579434 ], [ -76.583349028534471, 39.156123839547369 ], [ -76.583857029420898, 39.157238839932837 ], [ -76.585050029847466, 39.1583588406451 ], [ -76.584805030523384, 39.15897884045021 ], [ -76.586920030316548, 39.15770283977394 ], [ -76.590457031763393, 39.155877840133712 ], [ -76.591102032018853, 39.15515784006746 ], [ -76.590064031403003, 39.15367083961555 ], [ -76.590012031524466, 39.152447839422166 ], [ -76.590255031198708, 39.152218839260172 ], [ -76.592107031226107, 39.151575838666588 ], [ -76.589621030813902, 39.147271838102341 ], [ -76.58849702998431, 39.145765837621425 ], [ -76.590485030454161, 39.144032836857413 ], [ -76.58857402997721, 39.140846837352392 ], [ -76.58961803044086, 39.14044283644688 ], [ -76.590667030927364, 39.140268836601528 ], [ -76.591377031480164, 39.139599836578363 ], [ -76.594265032473587, 39.140644836841098 ], [ -76.594369031332349, 39.140808836976248 ], [ -76.595167031748687, 39.14023283624347 ], [ -76.598182032963734, 39.142766836771067 ], [ -76.59914503323651, 39.144323836870079 ], [ -76.596035032485219, 39.146797837034882 ], [ -76.592913032038368, 39.147968837824493 ], [ -76.594481031485344, 39.150557838513429 ], [ -76.595541032740812, 39.15199883868258 ], [ -76.59700303278089, 39.153582839750285 ], [ -76.598793033782329, 39.155082839723924 ], [ -76.598975034255517, 39.156039839725338 ], [ -76.597696034513561, 39.157659840204083 ], [ -76.596427033919028, 39.1586008401271 ], [ -76.594034032494903, 39.161023840665536 ], [ -76.591238032461305, 39.161760840649571 ], [ -76.586790030620193, 39.16771684226152 ], [ -76.585290030945288, 39.170916843101686 ], [ -76.583190030322442, 39.177416843831303 ], [ -76.581590029291803, 39.180116844811216 ], [ -76.576590028878272, 39.186916845989835 ], [ -76.573489028347808, 39.193516848350562 ], [ -76.577136030297851, 39.200780848971938 ], [ -76.580289030706851, 39.206614850062316 ], [ -76.583282032180591, 39.207411850341089 ], [ -76.584079032772024, 39.20792885101659 ], [ -76.588228033964057, 39.212264850648403 ], [ -76.600667038042616, 39.223741853329912 ], [ -76.604749040185837, 39.227947853727372 ], [ -76.606942040695102, 39.229793854459643 ], [ -76.609640041717739, 39.232635854976444 ], [ -76.611681041891018, 39.234394855112384 ], [ -76.612313042626013, 39.231883854265995 ], [ -76.613088042577814, 39.230124854505867 ], [ -76.613273042525748, 39.229272853568254 ], [ -76.619566044721566, 39.229640853069803 ], [ -76.620718045140265, 39.228809853543659 ], [ -76.621458044931941, 39.227364852858877 ], [ -76.624910045989992, 39.224410852663709 ], [ -76.625450045765163, 39.216852850476307 ], [ -76.625057046303084, 39.211913849585542 ], [ -76.625011045374052, 39.208952849070663 ], [ -76.625232045306973, 39.208034848548323 ], [ -76.625779045653147, 39.207298848687593 ], [ -76.626574045696429, 39.206728848207554 ], [ -76.628338045860289, 39.205953848316206 ], [ -76.629801046623584, 39.205087848605189 ], [ -76.630878046699181, 39.203993848221387 ], [ -76.631548047069003, 39.202739847904233 ], [ -76.631846046994838, 39.202717847808749 ], [ -76.633905047609787, 39.202872847954957 ], [ -76.6362000482263, 39.203595847724763 ], [ -76.641681050660395, 39.206354848788699 ], [ -76.642028050091724, 39.209145848360585 ], [ -76.642891050805375, 39.213382849454533 ], [ -76.644739051533151, 39.216680849878983 ], [ -76.643834051884994, 39.218785850422258 ], [ -76.641944051324458, 39.222081850977801 ], [ -76.641411051221979, 39.225587851956334 ], [ -76.641894051095733, 39.226234852101335 ], [ -76.643685051922077, 39.227717852456841 ], [ -76.645550053266604, 39.228579852314667 ], [ -76.64722105354403, 39.229043852410904 ], [ -76.649172054203959, 39.229183852353358 ], [ -76.656724056948576, 39.230721852231241 ], [ -76.65996405829452, 39.231130852538712 ], [ -76.66173205775803, 39.231142852227634 ], [ -76.66459605846201, 39.230639852316571 ], [ -76.665563059831072, 39.230191851905573 ], [ -76.666804059938201, 39.232037852756243 ], [ -76.667297060756027, 39.233286853007563 ], [ -76.668058060464119, 39.23735285323415 ], [ -76.668677060780311, 39.239168853940086 ], [ -76.6676830605454, 39.240177853863997 ], [ -76.666381060338907, 39.241950854306374 ], [ -76.665319060331925, 39.244214854957626 ], [ -76.664817060191581, 39.246739856131413 ], [ -76.664735060175815, 39.250754856247504 ], [ -76.664510060943229, 39.25163385677363 ], [ -76.66396505934857, 39.252550857243513 ], [ -76.663116059776911, 39.253322856586536 ], [ -76.658582057722072, 39.256329857755382 ], [ -76.657561058621283, 39.256791857466816 ], [ -76.652512056905664, 39.258408858217884 ], [ -76.651530056366283, 39.258983858847472 ], [ -76.649836056522631, 39.260321858647103 ], [ -76.650957056080856, 39.260450859422313 ], [ -76.651679056329201, 39.26097785941726 ], [ -76.651905057183356, 39.261441858766041 ], [ -76.651696056945951, 39.263292859457437 ], [ -76.65185105765498, 39.264238858947117 ], [ -76.652447057506635, 39.26507685907464 ], [ -76.65376905780461, 39.266211859311049 ], [ -76.65428805856169, 39.267123859874836 ], [ -76.654877057842342, 39.269799860479381 ], [ -76.655337059048207, 39.274530862027561 ], [ -76.65492105822328, 39.275531861657555 ], [ -76.655182059237504, 39.275877862436452 ], [ -76.656068058619084, 39.276227862076787 ], [ -76.657418059404463, 39.276108862228341 ], [ -76.657811059764853, 39.275939861470967 ], [ -76.658554059929628, 39.274938861411563 ], [ -76.659303059942147, 39.274653861043838 ], [ -76.659892060121123, 39.274822861426159 ], [ -76.661108061012214, 39.276184862020465 ], [ -76.661577060642273, 39.276406861105762 ], [ -76.664558061522143, 39.275935861579768 ], [ -76.665024061677443, 39.275041860698039 ], [ -76.666758061704073, 39.276123861086681 ], [ -76.667404062682763, 39.276125861722377 ], [ -76.668156063068366, 39.275882860913768 ], [ -76.668964062632128, 39.276065861403595 ], [ -76.669590063519323, 39.275483861277834 ], [ -76.671565064468709, 39.275940860748378 ], [ -76.67149106395054, 39.273894860192584 ], [ -76.669691062903354, 39.270679860118413 ], [ -76.669012063211014, 39.269840860161899 ], [ -76.667124061401992, 39.266146859677242 ], [ -76.664884060138732, 39.260561858589149 ], [ -76.664589060585953, 39.259185857416895 ], [ -76.664249060827331, 39.258517858088609 ], [ -76.664448061018959, 39.258289857323184 ], [ -76.664324060272079, 39.257449858355329 ], [ -76.667351062080996, 39.258865857754081 ], [ -76.673434063316222, 39.261288858236391 ], [ -76.677238064726794, 39.263332858620956 ], [ -76.681646066384914, 39.265039858509411 ], [ -76.685155067344382, 39.26670485904345 ], [ -76.686050067845116, 39.266892858280592 ], [ -76.693341070473821, 39.270325858979554 ], [ -76.695678070923123, 39.271229859235945 ], [ -76.697381071885914, 39.272203859427613 ], [ -76.698894071979609, 39.27271285973206 ], [ -76.711056076947045, 39.277896860122894 ], [ -76.707270075079833, 39.279387860751463 ], [ -76.705384074717244, 39.280850861581563 ], [ -76.702642073313669, 39.280864860912949 ], [ -76.698269071815631, 39.281332861685406 ], [ -76.692933070943113, 39.281476861133548 ], [ -76.693193071234106, 39.283361862143494 ], [ -76.693795071831886, 39.284727862295853 ], [ -76.693894071566078, 39.285762862811701 ], [ -76.694515071532109, 39.286659862614087 ], [ -76.695441071994978, 39.287451862776919 ], [ -76.695946072508335, 39.288688863108419 ], [ -76.697263072783457, 39.289198862316042 ], [ -76.697296072395417, 39.291171862763271 ], [ -76.697995073077564, 39.29306786334763 ], [ -76.695696072263104, 39.293358863617563 ], [ -76.685997069938281, 39.293718864177123 ], [ -76.686277069422459, 39.299224864753008 ], [ -76.688141070942066, 39.299179865629426 ], [ -76.690094071251792, 39.302313866008603 ], [ -76.689484071156429, 39.304441866298376 ], [ -76.689584071613879, 39.305106866371233 ], [ -76.690407072144566, 39.305033866745148 ], [ -76.690950072292793, 39.304662866621172 ], [ -76.69151907238026, 39.304567865699795 ], [ -76.69424607281691, 39.304936865819641 ], [ -76.694962073217482, 39.304021865960273 ], [ -76.694277072779045, 39.302582865319053 ], [ -76.694868072607846, 39.30202386571807 ], [ -76.696478072785922, 39.302048866150002 ], [ -76.697457073850529, 39.301463865520169 ], [ -76.69798107373218, 39.301410865402211 ], [ -76.69845307373528, 39.301478865205297 ], [ -76.698774074125652, 39.301925865885217 ], [ -76.69913207342762, 39.3020188656306 ], [ -76.700542074487458, 39.301893866108699 ], [ -76.700859074679869, 39.3017778648845 ], [ -76.701276074431391, 39.301237865380465 ], [ -76.702810075339784, 39.300638865377508 ], [ -76.702858075020373, 39.300025864750268 ], [ -76.703124075159138, 39.299752864728951 ], [ -76.703802075924884, 39.299634864163515 ], [ -76.704781075192898, 39.299753864361726 ], [ -76.705960076274053, 39.299543864693312 ], [ -76.70653507620932, 39.300207865099893 ], [ -76.706624075897778, 39.300886864581202 ], [ -76.705473076202338, 39.301965865237719 ], [ -76.705523075532739, 39.302481864706827 ], [ -76.706534076384401, 39.303005864709711 ], [ -76.708194076791187, 39.303387865532052 ], [ -76.709031077565598, 39.303358865167908 ], [ -76.709870077989819, 39.302737865224863 ], [ -76.711193078112714, 39.30296286580041 ], [ -76.711187078264942, 39.303416865189106 ], [ -76.711464078274361, 39.303651864914883 ], [ -76.711807077507714, 39.304478865517247 ], [ -76.712851078869676, 39.307747866147494 ], [ -76.714117079091153, 39.309060866124241 ], [ -76.714681079155767, 39.310778866465107 ], [ -76.715983079362275, 39.31184186644105 ], [ -76.717686080325066, 39.312824866824201 ], [ -76.718622080833683, 39.313074866910746 ], [ -76.723778081781134, 39.312749866624024 ], [ -76.724424082759825, 39.312845867004818 ], [ -76.725040082702989, 39.313424866921309 ], [ -76.725091082756592, 39.314809867226053 ], [ -76.725501082835436, 39.315407867467627 ], [ -76.725869083081449, 39.31564986724932 ], [ -76.731666084984738, 39.317713866844528 ], [ -76.735523086098723, 39.318841867234227 ], [ -76.739976087962717, 39.32072486785664 ], [ -76.743477088526262, 39.321857867705432 ], [ -76.749861090958674, 39.322456867469185 ], [ -76.752018091482924, 39.322380867861007 ], [ -76.756122093367438, 39.321023867311958 ], [ -76.758386094021816, 39.320551866932632 ], [ -76.757113093229322, 39.318191866605723 ], [ -76.758513093345115, 39.317219866736053 ], [ -76.759098093326116, 39.317072866189285 ], [ -76.758962093782003, 39.315963866212307 ], [ -76.760056093576026, 39.314323865640297 ], [ -76.768882096938057, 39.316124866236237 ], [ -76.768681097096604, 39.314695865398136 ], [ -76.766459096275042, 39.312643864675003 ], [ -76.76885909647352, 39.31080586549983 ], [ -76.769626096029398, 39.31003786487171 ], [ -76.76930209616431, 39.310032864661693 ], [ -76.77007009734173, 39.309382864207691 ], [ -76.770533097124002, 39.307014864141031 ], [ -76.77552209856519, 39.306933863312636 ], [ -76.783971101460338, 39.307405863817877 ], [ -76.786468101743239, 39.307384863394752 ], [ -76.790253102887192, 39.306845863584989 ], [ -76.796513105471064, 39.305052863198625 ], [ -76.796634104048266, 39.305578863210989 ], [ -76.796459104146081, 39.305892862187719 ], [ -76.795726104925379, 39.306515863099541 ], [ -76.795127104700683, 39.306765863483804 ] ], [ [ -76.758193096372906, 39.366491876017875 ], [ -76.759490096556547, 39.366514876190948 ], [ -76.76384409868632, 39.367582876489031 ], [ -76.767320100033842, 39.367312876387885 ], [ -76.767495099936014, 39.367712875548101 ], [ -76.767849099938317, 39.367948875978087 ], [ -76.772264101269158, 39.36934487654559 ], [ -76.776031101971483, 39.37074887704069 ], [ -76.781239103695782, 39.371452877112731 ], [ -76.784056104544106, 39.370731876223175 ], [ -76.785698105407562, 39.370907876602274 ], [ -76.786754105566743, 39.370762875750003 ], [ -76.787967106084793, 39.370126876093984 ], [ -76.788752106082327, 39.369980875685151 ], [ -76.788975105665102, 39.369096875603958 ], [ -76.78983210653098, 39.368384875757535 ], [ -76.791253106563175, 39.365965875034874 ], [ -76.779996103040517, 39.361877874796107 ], [ -76.765621098370644, 39.356358874166744 ], [ -76.765020098496123, 39.357191874512992 ], [ -76.764782097946423, 39.358415873954968 ], [ -76.764433097966972, 39.358992874781833 ], [ -76.761913097219562, 39.361218874961317 ], [ -76.761219096560296, 39.362756876057226 ], [ -76.760550096913704, 39.363712875994175 ], [ -76.758322096244356, 39.365589876150267 ], [ -76.758145095794021, 39.366204876723899 ], [ -76.758193096372906, 39.366491876017875 ] ], [ [ -76.633917049101996, 39.232789853903824 ], [ -76.63523805047339, 39.230415853164402 ], [ -76.638316050539288, 39.227013852130995 ], [ -76.639945050983954, 39.224369852162944 ], [ -76.639406051033703, 39.224036852079685 ], [ -76.638393050532187, 39.223753851498607 ], [ -76.63714405002915, 39.223504852020795 ], [ -76.635377048593924, 39.223412851763854 ], [ -76.632526049207044, 39.223611852508313 ], [ -76.630676047931132, 39.224194852539739 ], [ -76.629781047430413, 39.225037852467132 ], [ -76.629066047753071, 39.22651185252991 ], [ -76.628535047300417, 39.227133852488116 ], [ -76.624689046057071, 39.230559853546417 ], [ -76.621467046051094, 39.234024855046556 ], [ -76.618614045217782, 39.237405855204592 ], [ -76.619041045015024, 39.237734855184854 ], [ -76.629855048846892, 39.242345855883038 ], [ -76.633917049101996, 39.232789853903824 ] ] ], [ [ [ -76.810786117220189, 39.434314888139546 ], [ -76.807969116371879, 39.437410889236887 ], [ -76.806092115331779, 39.440877889916017 ], [ -76.801767114412655, 39.441504889896805 ], [ -76.801979114124762, 39.441945889808245 ], [ -76.801982114497804, 39.44256488974019 ], [ -76.801426114829098, 39.443917890768986 ], [ -76.799461113925489, 39.443440889962133 ], [ -76.799150113580851, 39.44620389118635 ], [ -76.798170114487959, 39.449390891146443 ], [ -76.797546114148901, 39.452207892609508 ], [ -76.797968113923289, 39.455324892912891 ], [ -76.796180113469987, 39.454076892512454 ], [ -76.794933113515057, 39.453471892397459 ], [ -76.791232111138356, 39.452302892584989 ], [ -76.789319111909904, 39.451461892159003 ], [ -76.787879110712822, 39.450603891896471 ], [ -76.786397109682952, 39.449464891460046 ], [ -76.784948110061677, 39.447902891023084 ], [ -76.784103108891344, 39.446454891607445 ], [ -76.783627108690283, 39.445058891027266 ], [ -76.783307109023156, 39.443229890837578 ], [ -76.782429108240862, 39.443626891494354 ], [ -76.777715107159295, 39.444012890955491 ], [ -76.773630105541343, 39.444668891167368 ], [ -76.76906410459776, 39.446580891632529 ], [ -76.767219104243054, 39.447237892925607 ], [ -76.766927104165006, 39.447194892577585 ], [ -76.767306103383376, 39.44497089180819 ], [ -76.767973104278468, 39.443641891193437 ], [ -76.7681721035718, 39.44160589079317 ], [ -76.765197103438027, 39.44169189142724 ], [ -76.762476101950853, 39.437629890053472 ], [ -76.753931098796215, 39.439559890617531 ], [ -76.751802097861074, 39.433965889800611 ], [ -76.753227098091202, 39.433318889708417 ], [ -76.759511100964517, 39.432774889303886 ], [ -76.763626101821373, 39.432136889031952 ], [ -76.765899102696579, 39.43062688869194 ], [ -76.765266102136692, 39.429535888510763 ], [ -76.764060102189646, 39.424305887417823 ], [ -76.763498101774843, 39.423695887792782 ], [ -76.761573100155886, 39.422475887098159 ], [ -76.76127210075532, 39.421928886797218 ], [ -76.765011101868552, 39.419026886163522 ], [ -76.767361102736643, 39.417744886024273 ], [ -76.76916310253533, 39.416474885761644 ], [ -76.772151103986204, 39.413764885592727 ], [ -76.773942103914237, 39.415017885510146 ], [ -76.778196105586588, 39.412000884414041 ], [ -76.77877010569695, 39.411249884434554 ], [ -76.778999106025807, 39.410286884224668 ], [ -76.778806105681966, 39.406815883485756 ], [ -76.788131107912946, 39.41005188340862 ], [ -76.79096210900498, 39.41150788460584 ], [ -76.792438110187064, 39.412498884721508 ], [ -76.794128110731066, 39.413925884485643 ], [ -76.802118113143592, 39.421992886087494 ], [ -76.816130118488616, 39.434502887945634 ], [ -76.813503117611091, 39.434792888090925 ], [ -76.810786117220189, 39.434314888139546 ] ] ], [ [ [ -76.698408077122693, 39.361235878094767 ], [ -76.696714076380729, 39.360129876797451 ], [ -76.68814607455819, 39.355767876960869 ], [ -76.691981075032558, 39.353786876592089 ], [ -76.695357075922644, 39.351261875597345 ], [ -76.702448078534815, 39.356253876015629 ], [ -76.700832077610627, 39.357898877076934 ], [ -76.703230079057619, 39.359709876746031 ], [ -76.699800077740903, 39.36237087737851 ], [ -76.698408077122693, 39.361235878094767 ] ] ], [ [ [ -76.624900041452662, 39.140242835802859 ], [ -76.623256040939424, 39.139913834782469 ], [ -76.618642039416969, 39.139825835830827 ], [ -76.618450038898018, 39.141647836419494 ], [ -76.619106039922457, 39.147618836471906 ], [ -76.619944040521787, 39.149347837974602 ], [ -76.620292040676318, 39.151049837453506 ], [ -76.619173039869608, 39.151493838301754 ], [ -76.615837039162514, 39.153310838964323 ], [ -76.614934039164183, 39.153475838475536 ], [ -76.614557038697328, 39.153696838937186 ], [ -76.597447032296571, 39.134826835294454 ], [ -76.600701032987899, 39.134795835107248 ], [ -76.602674033389135, 39.135044834719537 ], [ -76.611077036253548, 39.138019835825794 ], [ -76.611417036910481, 39.137524835424216 ], [ -76.61278503723922, 39.137040835599507 ], [ -76.614493037326582, 39.136942835120522 ], [ -76.615565038277637, 39.137085835645763 ], [ -76.616064038943236, 39.136882834930631 ], [ -76.617332038814538, 39.137123835244346 ], [ -76.618046038667003, 39.137060834926814 ], [ -76.61867303937909, 39.136719834574578 ], [ -76.618119038461913, 39.135113834783716 ], [ -76.618593039013149, 39.132792834541597 ], [ -76.618386039323923, 39.13124083348427 ], [ -76.618604037985492, 39.127597833282756 ], [ -76.618319038478447, 39.126648833399535 ], [ -76.619179038819084, 39.126526832825526 ], [ -76.619853038488543, 39.126842832894646 ], [ -76.620116039152578, 39.127231833070631 ], [ -76.621947040161913, 39.130762834072563 ], [ -76.62218904001125, 39.132304834526614 ], [ -76.623255040216193, 39.133714833529844 ], [ -76.625848041656852, 39.136048834521169 ], [ -76.626809041381506, 39.135435833956898 ], [ -76.62800204270637, 39.135218834236618 ], [ -76.629210042303214, 39.134549834306561 ], [ -76.629823041873323, 39.134490834762893 ], [ -76.630547042669818, 39.134775834439786 ], [ -76.63156204282113, 39.135658834388714 ], [ -76.631951042983559, 39.136709834514797 ], [ -76.632292043465412, 39.137112834684203 ], [ -76.633386043259449, 39.13749083476781 ], [ -76.631633042966257, 39.144429836278881 ], [ -76.626679041685165, 39.140690835787488 ], [ -76.626511041455672, 39.140593836020194 ], [ -76.62620504203224, 39.140795835284393 ], [ -76.624900041452662, 39.140242835802859 ] ] ], [ [ [ -76.571010032099863, 39.27834486526924 ], [ -76.564502030717208, 39.278602865601179 ], [ -76.563595029622604, 39.27930886605062 ], [ -76.562479029188964, 39.280700865589928 ], [ -76.535706021346712, 39.281800866979815 ], [ -76.530395020588571, 39.284825868124663 ], [ -76.529594019799177, 39.284859867745133 ], [ -76.529936019207625, 39.283089867939239 ], [ -76.529789019792858, 39.281879867909751 ], [ -76.529783019046761, 39.273108866068128 ], [ -76.529625018863015, 39.272314865017393 ], [ -76.529790019617764, 39.269729865257453 ], [ -76.526833018129039, 39.269642864730002 ], [ -76.525637018227741, 39.269425864710506 ], [ -76.524237017213636, 39.268894865347747 ], [ -76.5222070160127, 39.267519864413167 ], [ -76.518225015225227, 39.263664864012 ], [ -76.512833012479589, 39.26006186363675 ], [ -76.512369012872426, 39.259812862939448 ], [ -76.512185012749384, 39.260304863665596 ], [ -76.511664012342493, 39.260514863449963 ], [ -76.510716013036614, 39.260509863876479 ], [ -76.509680012070589, 39.260243863514305 ], [ -76.510587012266882, 39.259106863589516 ], [ -76.508478011423222, 39.258339863668148 ], [ -76.508054011100683, 39.257656863208943 ], [ -76.506915011100816, 39.256812862629829 ], [ -76.506705010140209, 39.256388862895719 ], [ -76.505631010437654, 39.255903862930026 ], [ -76.504859009960583, 39.255969862581907 ], [ -76.504476010544238, 39.255832862613374 ], [ -76.502684009892974, 39.254652862743619 ], [ -76.50250100959488, 39.253278862352481 ], [ -76.502179008481292, 39.252607862865879 ], [ -76.501859008814151, 39.252389862664629 ], [ -76.501045009402603, 39.252223861986664 ], [ -76.501276009381272, 39.251854861665819 ], [ -76.502270009616211, 39.251193861550931 ], [ -76.501667009193554, 39.249795861605428 ], [ -76.500933008351296, 39.249087861544105 ], [ -76.500644008646304, 39.249018861995978 ], [ -76.499895008633757, 39.249349861780885 ], [ -76.499067008080175, 39.249238862254145 ], [ -76.498873007911442, 39.250081861837614 ], [ -76.499294007860897, 39.250972862227449 ], [ -76.498591007879114, 39.251261862807951 ], [ -76.497835007295564, 39.249822862589369 ], [ -76.497438007635537, 39.249477861524774 ], [ -76.496727007257817, 39.249140862300237 ], [ -76.494919006713062, 39.248933861521664 ], [ -76.494049006326676, 39.248425861417047 ], [ -76.493902006911895, 39.248100861578159 ], [ -76.493456006848049, 39.247973861779826 ], [ -76.492458006415177, 39.248512861843999 ], [ -76.491628006211783, 39.250103862395811 ], [ -76.491017005393189, 39.250405862593603 ], [ -76.489933004746575, 39.25053386249688 ], [ -76.487300004021264, 39.247811862579653 ], [ -76.486250003709856, 39.247104861656084 ], [ -76.48534900336135, 39.246790862058823 ], [ -76.468870997695589, 39.243912862189454 ], [ -76.46539499724642, 39.243720861512919 ], [ -76.461968996127638, 39.243280861864704 ], [ -76.460329994738942, 39.242896862091939 ], [ -76.459418995242999, 39.242377861297719 ], [ -76.457476994803912, 39.244028862546365 ], [ -76.456187995016208, 39.245580862734251 ], [ -76.455321993929502, 39.243837861922479 ], [ -76.455237994263896, 39.242422862125856 ], [ -76.456940993430081, 39.234433860455454 ], [ -76.457298994528671, 39.233546860317539 ], [ -76.45786399441819, 39.232956859416277 ], [ -76.458695994271423, 39.232614859967271 ], [ -76.462918995981624, 39.232320859596818 ], [ -76.464597996654987, 39.231670859470533 ], [ -76.468862997299681, 39.226502858258463 ], [ -76.469156997925865, 39.225573858285813 ], [ -76.469023997856468, 39.223403857095356 ], [ -76.463886995378971, 39.223985857444575 ], [ -76.462484995613366, 39.223914858219999 ], [ -76.459883993776771, 39.219814856876901 ], [ -76.458583993220117, 39.215814856469187 ], [ -76.452783990943786, 39.213114856542411 ], [ -76.44788399008938, 39.213314856720501 ], [ -76.448328990328292, 39.211573855872004 ], [ -76.444444988551794, 39.20967485563969 ], [ -76.44509298918031, 39.209343855213547 ], [ -76.445987989681029, 39.209486855446087 ], [ -76.445510988756737, 39.209187855197293 ], [ -76.445548988391565, 39.208688855508839 ], [ -76.445943989300105, 39.20863085572519 ], [ -76.446457989135993, 39.20756885525023 ], [ -76.446674989769292, 39.207580855486874 ], [ -76.447298990108351, 39.206742855379623 ], [ -76.447949989313301, 39.205216854902496 ], [ -76.448220989474947, 39.204004854335132 ], [ -76.450150990218475, 39.204432854454446 ], [ -76.450483989406109, 39.20201485397682 ], [ -76.449483989323383, 39.191214852216781 ], [ -76.446483987278626, 39.181814850181411 ], [ -76.514486009620413, 39.202413851922628 ], [ -76.529488015900725, 39.218415854359698 ], [ -76.566889029598599, 39.254313860001922 ], [ -76.571889031808752, 39.256512861311521 ], [ -76.573989032431584, 39.259413861528337 ], [ -76.575488033179894, 39.267112862962414 ], [ -76.577588034701051, 39.271613863108705 ], [ -76.571989033164513, 39.275413864084214 ], [ -76.570879032578617, 39.276428864528917 ], [ -76.571010032099863, 39.27834486526924 ] ] ], [ [ [ -76.594410041221707, 39.298380868465003 ], [ -76.59411904096855, 39.293975867953421 ], [ -76.594818040752386, 39.293956867798563 ], [ -76.606739044797081, 39.290692866387296 ], [ -76.607907045109272, 39.291766866915431 ], [ -76.610381045825932, 39.293308866966072 ], [ -76.610915045753316, 39.294183866824113 ], [ -76.611176045869215, 39.295600866845199 ], [ -76.611527046396816, 39.300025867530884 ], [ -76.611596046892103, 39.302541868116343 ], [ -76.61135204649463, 39.304722868856089 ], [ -76.59807104251712, 39.30522986938729 ], [ -76.597831042317623, 39.301751868922366 ], [ -76.588081039040858, 39.302145869687685 ], [ -76.587871038080252, 39.298654869314376 ], [ -76.594410041221707, 39.298380868465003 ] ] ], [ [ [ -76.631734052231735, 39.301188867711588 ], [ -76.626907052070564, 39.304791868477977 ], [ -76.62512005054387, 39.303189868295775 ], [ -76.6240310507727, 39.303881868763085 ], [ -76.622511050107988, 39.304250869023988 ], [ -76.620725050202822, 39.304358868918854 ], [ -76.620271048844785, 39.301764867947341 ], [ -76.620407049287195, 39.301563867994332 ], [ -76.626161050634465, 39.296660866830301 ], [ -76.631734052231735, 39.301188867711588 ] ] ], [ [ [ -76.529777020995596, 39.316276874099046 ], [ -76.529613020964092, 39.302918871447872 ], [ -76.529788020866263, 39.299117871176833 ], [ -76.529512020681736, 39.297187870486077 ], [ -76.530343020710049, 39.296593870367182 ], [ -76.532787021289465, 39.295421869591756 ], [ -76.536654023347538, 39.296201869698145 ], [ -76.547494026220349, 39.295815869139808 ], [ -76.548122026757369, 39.295672869666021 ], [ -76.548805026647685, 39.29526986926161 ], [ -76.550901027072555, 39.292674868926142 ], [ -76.551812026568484, 39.292105868567276 ], [ -76.562746030949299, 39.29160286791852 ], [ -76.562829029891631, 39.292761868661451 ], [ -76.569415032888728, 39.292494867931914 ], [ -76.56991303283111, 39.299357869624927 ], [ -76.57279103467711, 39.299241869759378 ], [ -76.573048034595061, 39.309345871056671 ], [ -76.59828004275451, 39.308432870167088 ], [ -76.598479042946138, 39.311999870626451 ], [ -76.609499045743988, 39.311412870138732 ], [ -76.609511047236197, 39.319526871758093 ], [ -76.605814045057443, 39.319464872394782 ], [ -76.603353045657897, 39.319188872297929 ], [ -76.601491044686455, 39.31879787243949 ], [ -76.593931042444211, 39.326232873752389 ], [ -76.594577043422902, 39.327357874553371 ], [ -76.595132043266702, 39.32794987429687 ], [ -76.595147042436992, 39.328354874675973 ], [ -76.589313040723795, 39.3283718746886 ], [ -76.589336041188332, 39.327304873895244 ], [ -76.585309040195, 39.327333874758565 ], [ -76.584578039725827, 39.327054873933584 ], [ -76.587472040567036, 39.323571873541681 ], [ -76.589980040720576, 39.321868873396092 ], [ -76.594869042602639, 39.317245872242246 ], [ -76.585574038712252, 39.315034872080915 ], [ -76.58181503840585, 39.314560872065037 ], [ -76.582166038035126, 39.314250872153558 ], [ -76.573594035116329, 39.314296872828045 ], [ -76.57249203492637, 39.314589871957345 ], [ -76.570826033773486, 39.313615871824275 ], [ -76.570185033715987, 39.313416872810599 ], [ -76.563670031762314, 39.313649872755178 ], [ -76.562567031747434, 39.313932872646639 ], [ -76.559316031429148, 39.31532287315266 ], [ -76.555026029771795, 39.317963873091038 ], [ -76.552313028680544, 39.316815873544996 ], [ -76.5492570274576, 39.316394873711324 ], [ -76.548966027204472, 39.316245874026592 ], [ -76.548940028163528, 39.315895874227898 ], [ -76.548138027549228, 39.316263874294528 ], [ -76.540461025131137, 39.321225874634258 ], [ -76.536025023883909, 39.326712876335428 ], [ -76.53410602301102, 39.328302876083114 ], [ -76.534114023406943, 39.328900877023095 ], [ -76.533082023537176, 39.330125877164477 ], [ -76.532979023605023, 39.330565876994079 ], [ -76.529687022380543, 39.33115787737394 ], [ -76.529688022205463, 39.319682874486375 ], [ -76.529973021712507, 39.319572875218228 ], [ -76.529973021712507, 39.317833874596779 ], [ -76.529735021162807, 39.317831874457681 ], [ -76.529745022106866, 39.317475875196095 ], [ -76.529994021628923, 39.317469874747886 ], [ -76.5299950214538, 39.317142874563189 ], [ -76.529755021254289, 39.317119874817827 ], [ -76.529629021755923, 39.316775874339918 ], [ -76.529777020995596, 39.316276874099046 ] ] ], [ [ [ -76.564802032987814, 39.328723875820536 ], [ -76.561614032418717, 39.33110287636206 ], [ -76.560910032612014, 39.3304098756089 ], [ -76.558089031565729, 39.328531876117658 ], [ -76.557320031461714, 39.328215876052425 ], [ -76.555219031013948, 39.327764876131397 ], [ -76.553097029751484, 39.326659875883372 ], [ -76.55179002952211, 39.325788875326808 ], [ -76.551671029696436, 39.3258518752938 ], [ -76.548954028407223, 39.323008875531649 ], [ -76.548444027870971, 39.32183787510666 ], [ -76.550293028423667, 39.321092874488784 ], [ -76.555026029771795, 39.317963873091038 ], [ -76.555391029644767, 39.318405873809112 ], [ -76.555670030202336, 39.319670873968107 ], [ -76.556409030169149, 39.320702874182068 ], [ -76.55697703043171, 39.321190874583941 ], [ -76.557982030537289, 39.321429874460129 ], [ -76.55951403089756, 39.321026873638218 ], [ -76.56031603151186, 39.321000874402159 ], [ -76.560627030958173, 39.321535874216501 ], [ -76.560711031522075, 39.322812874738801 ], [ -76.562607032828737, 39.324677874603189 ], [ -76.564233032900319, 39.325121874522694 ], [ -76.565483033228276, 39.325182874466655 ], [ -76.567545034216295, 39.326413874793367 ], [ -76.564802032987814, 39.328723875820536 ] ] ], [ [ [ -76.609684048386882, 39.346184877091474 ], [ -76.607181047357884, 39.346077877518937 ], [ -76.604198046828245, 39.345584877359258 ], [ -76.599731044720542, 39.345156877885316 ], [ -76.600213045667701, 39.340071876920611 ], [ -76.60143704605639, 39.340557876765459 ], [ -76.605416047369147, 39.340465876579508 ], [ -76.606375047443962, 39.340179876406204 ], [ -76.606391047337482, 39.339714876468733 ], [ -76.607669047254532, 39.339684876814744 ], [ -76.607701047939898, 39.340234875835655 ], [ -76.609602048371116, 39.340188876239957 ], [ -76.609684048386882, 39.346184877091474 ] ] ], [ [ [ -76.589584043580388, 39.357322879915692 ], [ -76.58579604206335, 39.365528881600312 ], [ -76.581958042114252, 39.372112883841297 ], [ -76.569999037536405, 39.37212888433524 ], [ -76.572856037669382, 39.369361883256495 ], [ -76.573750038345196, 39.368285883437245 ], [ -76.574050038819166, 39.367547882978045 ], [ -76.574050038819166, 39.36693288242504 ], [ -76.573418038982496, 39.364327882678801 ], [ -76.573112037762428, 39.361305881842796 ], [ -76.57308603782316, 39.360097881420167 ], [ -76.57340203729234, 39.358018881849553 ], [ -76.5729280376394, 39.357044880893753 ], [ -76.573121037983242, 39.355382880869392 ], [ -76.572748037714348, 39.354949880502296 ], [ -76.573017037327872, 39.353910880391133 ], [ -76.574058038316778, 39.354124880391261 ], [ -76.575790038693569, 39.354930880233816 ], [ -76.576571038493171, 39.354594880116224 ], [ -76.578464039426763, 39.354464880257389 ], [ -76.581966039815228, 39.35560988066181 ], [ -76.589563042765676, 39.355425880204386 ], [ -76.589584043580388, 39.357322879915692 ] ] ], [ [ [ -76.627223056929637, 39.395202886713356 ], [ -76.624344056157057, 39.396179887511124 ], [ -76.62235405513907, 39.396390887491918 ], [ -76.615731053230363, 39.395622887091605 ], [ -76.614071052823562, 39.395670887668039 ], [ -76.61282205232051, 39.395889887752915 ], [ -76.609504051156776, 39.396860888073448 ], [ -76.60693005088099, 39.397171887800049 ], [ -76.605149049202069, 39.39571488822525 ], [ -76.604338050163577, 39.395324887777988 ], [ -76.603866049262152, 39.395274887652008 ], [ -76.605987049801385, 39.387626885912965 ], [ -76.608638050070056, 39.38784588555891 ], [ -76.609388050805819, 39.38661788556827 ], [ -76.611092051593531, 39.384812885445349 ], [ -76.610454051010763, 39.383535885163965 ], [ -76.611057050535109, 39.383478884759981 ], [ -76.612792051284956, 39.384812885445349 ], [ -76.615792053329713, 39.385212885023549 ], [ -76.61709205298807, 39.386212885394897 ], [ -76.620638053757446, 39.382982883811067 ], [ -76.62055905411475, 39.386154885307946 ], [ -76.624473056028449, 39.386369885579896 ], [ -76.624252056095528, 39.387303885279138 ], [ -76.624609056470916, 39.388043885408031 ], [ -76.625261055500744, 39.388504885432738 ], [ -76.627556056117257, 39.38925788613529 ], [ -76.628051056584894, 39.389637885641612 ], [ -76.628448057143245, 39.39022588584902 ], [ -76.628530056260701, 39.390624885920104 ], [ -76.628187057027333, 39.393885886140261 ], [ -76.627865057710366, 39.394649886177149 ], [ -76.627223056929637, 39.395202886713356 ] ] ], [ [ [ -76.56134603712168, 39.402052890954174 ], [ -76.559355036278788, 39.402074890264771 ], [ -76.557491034759195, 39.401675890426304 ], [ -76.553316033627851, 39.399635890585053 ], [ -76.554759034299678, 39.399264890550889 ], [ -76.555875034733347, 39.396899889717901 ], [ -76.558208034984688, 39.39022088790253 ], [ -76.558395034582432, 39.388493888151324 ], [ -76.559355035380463, 39.388660887653472 ], [ -76.559304035326861, 39.389338888100035 ], [ -76.559464035160417, 39.389476887605198 ], [ -76.564161036523572, 39.391128888594977 ], [ -76.56489003734292, 39.391585888148818 ], [ -76.565398037331036, 39.391627888395156 ], [ -76.564546036488025, 39.392350888076749 ], [ -76.563638036466827, 39.393604889237103 ], [ -76.563122036082788, 39.394855889005726 ], [ -76.563046036813134, 39.396131889367503 ], [ -76.563149036745287, 39.396824889473159 ], [ -76.563859037298087, 39.398584889463152 ], [ -76.566106037335729, 39.401391889406547 ], [ -76.564601037637928, 39.401436890087631 ], [ -76.56134603712168, 39.402052890954174 ] ] ], [ [ [ -76.610312056110416, 39.458829900141367 ], [ -76.611393055485678, 39.45872689968521 ], [ -76.614005056294587, 39.459173900183252 ], [ -76.614634056656527, 39.457296899947927 ], [ -76.615267057216414, 39.456355899506377 ], [ -76.615593057629667, 39.459512899996874 ], [ -76.614450056533514, 39.461661900420999 ], [ -76.616188056758091, 39.461843900782149 ], [ -76.616343057467105, 39.462238900565005 ], [ -76.617093057304558, 39.461612900109067 ], [ -76.625324060639826, 39.462362900299659 ], [ -76.625326060289652, 39.462476900408902 ], [ -76.630463061868838, 39.462705900143085 ], [ -76.63021806164646, 39.464792900412718 ], [ -76.63047206208968, 39.465700900839288 ], [ -76.631356062719746, 39.467140900719151 ], [ -76.631517062378236, 39.467924901710148 ], [ -76.630779062236343, 39.474238902694708 ], [ -76.620510059999148, 39.473563903179254 ], [ -76.617733058435462, 39.475191902806287 ], [ -76.616776058010473, 39.476320902989158 ], [ -76.616018057777111, 39.476365903827222 ], [ -76.615714058003476, 39.476311903372718 ], [ -76.614887058173153, 39.475586903098673 ], [ -76.610989056152931, 39.47396190275002 ], [ -76.609117056034052, 39.473318902957644 ], [ -76.607646054874849, 39.473232903249823 ], [ -76.60747505517061, 39.471966903216497 ], [ -76.606409054965667, 39.470732903163096 ], [ -76.603828054118878, 39.470035902874805 ], [ -76.601565053289448, 39.469194903100792 ], [ -76.603342053872083, 39.466938901428016 ], [ -76.603553053759271, 39.466464902361572 ], [ -76.602774052711183, 39.463207901775817 ], [ -76.601434052869863, 39.460409900838179 ], [ -76.601440052717649, 39.459397900457915 ], [ -76.605248053427843, 39.453670899638794 ], [ -76.606084053479023, 39.454029899053694 ], [ -76.606552053284176, 39.454442899520231 ], [ -76.606676054031055, 39.455052899756474 ], [ -76.606179053913579, 39.456413899468032 ], [ -76.606169053867831, 39.457076899781811 ], [ -76.608107055007281, 39.459790900708988 ], [ -76.610312056110416, 39.458829900141367 ] ] ], [ [ [ -76.698536098728795, 39.719135948746064 ], [ -76.698129099023021, 39.719409948881818 ], [ -76.697169098224961, 39.719516949486618 ], [ -76.69727609835509, 39.720029949079247 ], [ -76.69711909799625, 39.720497948991394 ], [ -76.697660098494637, 39.721095949861777 ], [ -76.696896098413475, 39.721109949240009 ], [ -76.644597081785648, 39.721107951007021 ], [ -76.60142906811835, 39.721306953169389 ], [ -76.59546406598561, 39.720456953747181 ], [ -76.592005065254838, 39.720891952874489 ], [ -76.583878062574968, 39.721309953964941 ], [ -76.577468061101598, 39.721305954055751 ], [ -76.571591058832382, 39.721109954076653 ], [ -76.551362052357831, 39.721384955155415 ], [ -76.523630044440793, 39.721313955946698 ], [ -76.514791041558297, 39.721134956167276 ], [ -76.483365030937222, 39.721326957549273 ], [ -76.479140029577195, 39.721123956906816 ], [ -76.465075025427055, 39.721154957833235 ], [ -76.460512023958216, 39.721309958110652 ], [ -76.44409801876489, 39.721154958524174 ], [ -76.433315015793468, 39.721348959458425 ], [ -76.418853010186652, 39.721175959990809 ], [ -76.384584999501214, 39.72131096067897 ], [ -76.258925959917789, 39.721306965606509 ], [ -76.25456195953889, 39.721190965377623 ], [ -76.241575955114172, 39.721510965511868 ], [ -76.23980695402912, 39.72134296616202 ], [ -76.184713936119181, 39.721314968188274 ], [ -76.143743923882326, 39.721529970031227 ], [ -76.135756921842855, 39.721138969905397 ], [ -76.01315088310929, 39.72183497440404 ], [ -75.937112859222538, 39.721885976464762 ], [ -75.93690085861212, 39.721296975851452 ], [ -75.936232857892122, 39.71336697481464 ], [ -75.933089855732234, 39.702836972848374 ], [ -75.927480854149934, 39.693166971662876 ], [ -75.926157854027053, 39.691204971464721 ], [ -75.925754852722605, 39.688118970748498 ], [ -75.92359585254853, 39.685779970375513 ], [ -75.920074850995192, 39.683883969827114 ], [ -75.917468850034069, 39.682011969753873 ], [ -75.910734846898947, 39.676578968010226 ], [ -75.905241845667604, 39.672640967310713 ], [ -75.885594839699337, 39.676401969925443 ], [ -75.876625836222189, 39.678443969951758 ], [ -75.876743836222957, 39.67870697010391 ], [ -75.876641837014034, 39.678953970168209 ], [ -75.875040837056801, 39.680228970479924 ], [ -75.872800835793541, 39.680573970682353 ], [ -75.872596835579046, 39.680729971266139 ], [ -75.87360283550953, 39.681883970152484 ], [ -75.875843837496006, 39.683661970573986 ], [ -75.875042836706612, 39.684339971659753 ], [ -75.875206836738144, 39.68570497195428 ], [ -75.875070837194016, 39.687024971810892 ], [ -75.874742837130952, 39.68779697206017 ], [ -75.875206836738144, 39.689684972278997 ], [ -75.876250838100091, 39.690374972559937 ], [ -75.874046836821876, 39.692039973285723 ], [ -75.866929835168762, 39.692370973555782 ], [ -75.864125832942591, 39.687339972713268 ], [ -75.863220833294434, 39.686463972570266 ], [ -75.861468832826134, 39.685303972219742 ], [ -75.860822832745754, 39.684464971915197 ], [ -75.860625832203951, 39.683541971315741 ], [ -75.860487832111701, 39.679603970773918 ], [ -75.860243831714229, 39.678559970841597 ], [ -75.859366830756855, 39.67677297052672 ], [ -75.858891831278996, 39.675005970135061 ], [ -75.858173831228612, 39.673408969417437 ], [ -75.855992829516609, 39.669497969638776 ], [ -75.854267829710807, 39.667545968629582 ], [ -75.853324828631187, 39.665873967734477 ], [ -75.853144829604446, 39.665181968272712 ], [ -75.853210828828395, 39.663309968194277 ], [ -75.850512827805744, 39.663385968066599 ], [ -75.846978826731927, 39.664138968135006 ], [ -75.844376825968752, 39.665298968538579 ], [ -75.841529824983198, 39.665848969131702 ], [ -75.840433824641025, 39.666464968968825 ], [ -75.8394108249921, 39.666757968968916 ], [ -75.836166823448195, 39.662860968307882 ], [ -75.831843822178868, 39.662526968456135 ], [ -75.830049821877779, 39.661587968249464 ], [ -75.825286819494082, 39.65787896722113 ], [ -75.82276181782548, 39.657542968114953 ], [ -75.82054281737696, 39.656367967424849 ], [ -75.819938817129383, 39.656190967354441 ], [ -75.813658815352355, 39.656283967694094 ], [ -75.814485816979328, 39.664432968945746 ], [ -75.815371816360894, 39.671151970768541 ], [ -75.815513817549444, 39.676863972000461 ], [ -75.815493818356259, 39.689597974239575 ], [ -75.815085817927269, 39.692294975156578 ], [ -75.81497481849749, 39.694468975367279 ], [ -75.814193818697902, 39.698283976592158 ], [ -75.814091818590654, 39.699554976139439 ], [ -75.814229818682918, 39.700171976835733 ], [ -75.815692819446213, 39.70247297736443 ], [ -75.81930682088597, 39.710380977976492 ], [ -75.822818822218494, 39.716652980179617 ], [ -75.823055822044935, 39.717820980451926 ], [ -75.822901822059151, 39.718547979767692 ], [ -75.82141482280305, 39.722007980509716 ], [ -75.821363821851108, 39.72211298095246 ], [ -75.812081819277822, 39.722189981544048 ], [ -75.788597811388712, 39.722206982147647 ], [ -75.788602808716632, 39.67040397170247 ], [ -75.789024807592725, 39.659797969403748 ], [ -75.788636807255202, 39.64957596741823 ], [ -75.760432778673803, 39.301287898773282 ], [ -75.742953760524031, 39.083250854221681 ], [ -75.724213742175635, 38.847915806582563 ], [ -75.693671710625068, 38.460087727544511 ], [ -75.601872682196372, 38.456768731165276 ], [ -75.563395670044443, 38.455656731785858 ], [ -75.509399653199893, 38.454291733522531 ], [ -75.415561623349404, 38.452534736070767 ], [ -75.410881621704689, 38.452304736767637 ], [ -75.408647620289258, 38.452384735966056 ], [ -75.393713616475964, 38.452131736095971 ], [ -75.373918610369685, 38.452265737856074 ], [ -75.232116564856241, 38.451229741880482 ], [ -75.078486516981172, 38.451315746675768 ], [ -75.080305516498299, 38.427828742240294 ], [ -75.082435517258361, 38.425512741158087 ], [ -75.085152517649277, 38.421877740296033 ], [ -75.069514512232658, 38.420284740342062 ], [ -75.070412512208108, 38.415345739456697 ], [ -75.066726511696643, 38.415041739201605 ], [ -75.066123511273958, 38.414339739490423 ], [ -75.065751510829983, 38.414160738875871 ], [ -75.06407251015662, 38.414434739266866 ], [ -75.064583510517778, 38.414087739500609 ], [ -75.063607510724509, 38.414362739655253 ], [ -75.062729509942244, 38.415144739493819 ], [ -75.062988510408331, 38.414781740182093 ], [ -75.062836510072373, 38.414743740187468 ], [ -75.063423510601496, 38.414259738952076 ], [ -75.062981509837329, 38.414110739745638 ], [ -75.062019510287755, 38.414545739817974 ], [ -75.061989510150539, 38.41435873959648 ], [ -75.062554510040059, 38.413973739769524 ], [ -75.062019510287755, 38.41375173885082 ], [ -75.061715509615823, 38.413984739813145 ], [ -75.061248509635604, 38.413961739528027 ], [ -75.061196509757082, 38.413748739661273 ], [ -75.061592510490499, 38.41343574000652 ], [ -75.061599509264866, 38.412988739887062 ], [ -75.060723509030737, 38.412996739452147 ], [ -75.060380509797369, 38.412782739343619 ], [ -75.05819450896081, 38.412627739323192 ], [ -75.056246508673937, 38.423412741468582 ], [ -75.054108507517952, 38.42325874180024 ], [ -75.054955508338097, 38.418596740639273 ], [ -75.052350507201865, 38.418258740274567 ], [ -75.053758506815257, 38.411099738692236 ], [ -75.055369507716577, 38.404629737445617 ], [ -75.057479507486832, 38.398465735968117 ], [ -75.060011507929786, 38.38787773385193 ], [ -75.063977508823754, 38.376495731738871 ], [ -75.065074508990833, 38.371135730465063 ], [ -75.069040509884786, 38.358364728302213 ], [ -75.071655510168441, 38.351681725986111 ], [ -75.073342510339387, 38.348736725475916 ], [ -75.075198510564761, 38.344270724316921 ], [ -75.07950051101939, 38.335800722788171 ], [ -75.082309511471806, 38.326980720659542 ], [ -75.083737512074975, 38.324024719825758 ], [ -75.083954512708274, 38.323925720267553 ], [ -75.090645514389038, 38.32440471982882 ], [ -75.092614515490624, 38.326292720276179 ], [ -75.09294951522638, 38.327253720847658 ], [ -75.094719516136323, 38.326967720792787 ], [ -75.095734516287663, 38.32661272070964 ], [ -75.097016516402647, 38.325838719941487 ], [ -75.098343516723517, 38.324503720142303 ], [ -75.098876516825996, 38.323889719113332 ], [ -75.099137516941909, 38.32277571966317 ], [ -75.099457516609036, 38.322557719512666 ], [ -75.100136517199701, 38.321432718598629 ], [ -75.100670517127071, 38.320989718925411 ], [ -75.101074517358114, 38.320192718927238 ], [ -75.101403517246098, 38.320085718391169 ], [ -75.10145651694954, 38.319814718164807 ], [ -75.102027517585157, 38.319311718406667 ], [ -75.102500517413176, 38.318994718461767 ], [ -75.104340518643326, 38.318296718008099 ], [ -75.105309518763903, 38.317529718794582 ], [ -75.106247518922316, 38.317625718273852 ], [ -75.111878520245924, 38.310346716514893 ], [ -75.11415252004771, 38.302355714658766 ], [ -75.117173521110573, 38.298315714036868 ], [ -75.122628522707089, 38.292555712553479 ], [ -75.124626523222659, 38.290117711778215 ], [ -75.126961524022136, 38.288141711087498 ], [ -75.127105523962172, 38.286817710725629 ], [ -75.126281522708254, 38.280462709715806 ], [ -75.12543552261134, 38.277040709610873 ], [ -75.12970052415433, 38.271677707978156 ], [ -75.139367525793773, 38.255266703542553 ], [ -75.143059527051335, 38.250120702723507 ], [ -75.142083526359755, 38.250120702723507 ], [ -75.147782528353744, 38.244653701119724 ], [ -75.148198528280361, 38.243755701009185 ], [ -75.150598528478866, 38.240818700509379 ], [ -75.193588539175963, 38.191346689312589 ], [ -75.195133539955023, 38.191799689492569 ], [ -75.197856541092023, 38.191994689586188 ], [ -75.199898541988532, 38.192966689423756 ], [ -75.199836542064261, 38.19452268918964 ], [ -75.199403541520894, 38.19743968941458 ], [ -75.198227541711091, 38.200891690344058 ], [ -75.198537541332499, 38.204927691422554 ], [ -75.198598542330174, 38.209351693020544 ], [ -75.200517543203048, 38.21129669294691 ], [ -75.202868543896074, 38.214554693504603 ], [ -75.202806543073464, 38.215964694132957 ], [ -75.202497543276962, 38.217520694332457 ], [ -75.203053544742303, 38.218833693727234 ], [ -75.203177543692533, 38.220729694364827 ], [ -75.203111544468626, 38.222868695735997 ], [ -75.20206654418007, 38.225239695671931 ], [ -75.20113654351924, 38.226380695413852 ], [ -75.200498543834783, 38.228523696912042 ], [ -75.200440544108474, 38.23007469710042 ], [ -75.203053544742303, 38.232081697080886 ], [ -75.206130545881621, 38.232674697121709 ], [ -75.208279546908258, 38.234087696855667 ], [ -75.209498546375769, 38.235091697711738 ], [ -75.209789546628897, 38.23805569849187 ], [ -75.209324547196815, 38.239059698184953 ], [ -75.207756546851527, 38.239469698581821 ], [ -75.204098545030874, 38.239743698356605 ], [ -75.20340154579516, 38.240336698711239 ], [ -75.202124544804704, 38.242844699558106 ], [ -75.201775544825253, 38.244851699852575 ], [ -75.201136545315876, 38.245672699729688 ], [ -75.200207544479966, 38.246082700224399 ], [ -75.199569543897198, 38.246767700322302 ], [ -75.199394543994998, 38.24777070067271 ], [ -75.199569543897198, 38.248682700719492 ], [ -75.200730545435022, 38.249138700684497 ], [ -75.202007544628827, 38.249001700288595 ], [ -75.205492546197164, 38.246675700374411 ], [ -75.206188546506269, 38.245946700113571 ], [ -75.207698547125219, 38.245398699724028 ], [ -75.209556547000417, 38.245444699462411 ], [ -75.211879548104321, 38.244577698868845 ], [ -75.213970548506339, 38.244213699574566 ], [ -75.216525549413845, 38.244167699057222 ], [ -75.217976550481552, 38.24311869860751 ], [ -75.21855755026462, 38.2419326989341 ], [ -75.219602550553176, 38.24133969819173 ], [ -75.221170550898435, 38.24129469843767 ], [ -75.222738551243708, 38.241020698863601 ], [ -75.223957551609544, 38.239743697651107 ], [ -75.224480551666275, 38.238922697843371 ], [ -75.224540551940734, 38.237873697209331 ], [ -75.224366551863454, 38.236231696895359 ], [ -75.225701551681922, 38.233769697326132 ], [ -75.226746552868775, 38.233632696896052 ], [ -75.227907552609949, 38.233039696199306 ], [ -75.23022955299065, 38.232583696153903 ], [ -75.233189553954105, 38.232309695506636 ], [ -75.235337554257512, 38.232400696111696 ], [ -75.236556555521659, 38.232172695854302 ], [ -75.239169556155474, 38.232127696071828 ], [ -75.240388556521324, 38.231306695654929 ], [ -75.241026557104078, 38.230485695848991 ], [ -75.241665556613441, 38.229390694889148 ], [ -75.240736555777545, 38.227976695691638 ], [ -75.239343556232754, 38.22669969475033 ], [ -75.238414555396858, 38.225605694635654 ], [ -75.23760155491189, 38.224966694864143 ], [ -75.236963555227419, 38.223917694747506 ], [ -75.237195555031036, 38.223051694355306 ], [ -75.237717555262847, 38.222184694217816 ], [ -75.238936555628669, 38.221910693916627 ], [ -75.240155555994491, 38.220633693760114 ], [ -75.240910555854811, 38.218627693448774 ], [ -75.240852555230177, 38.218034692515843 ], [ -75.241200556283033, 38.217258692370173 ], [ -75.242303556297898, 38.217121692600934 ], [ -75.246193557922183, 38.215616691750853 ], [ -75.247644557193283, 38.212925691694217 ], [ -75.24741255738968, 38.210508690750594 ], [ -75.246425557725786, 38.209322690779786 ], [ -75.247294557388898, 38.206768689982368 ], [ -75.249209558063825, 38.205947689962954 ], [ -75.250486558155956, 38.204898690242615 ], [ -75.253793559449065, 38.204898689536684 ], [ -75.258029560679745, 38.204259690034526 ], [ -75.25855156091157, 38.203302689158278 ], [ -75.257739561149847, 38.201979689629113 ], [ -75.256637560061563, 38.20074868892484 ], [ -75.256230559457492, 38.199699689120507 ], [ -75.257217560019697, 38.198194688755095 ], [ -75.257797560876156, 38.196825688080992 ], [ -75.257913560328802, 38.195548687577649 ], [ -75.257275559746034, 38.193724687666617 ], [ -75.254896558565619, 38.191489687309364 ], [ -75.252981558789017, 38.190395687385291 ], [ -75.252517557385204, 38.189437686679703 ], [ -75.252517557385204, 38.188525686514438 ], [ -75.253909558901697, 38.18738468634205 ], [ -75.257739560251522, 38.186381685038143 ], [ -75.259016559445342, 38.185788685473142 ], [ -75.260350560337201, 38.183736685227103 ], [ -75.260466560688158, 38.182003684738923 ], [ -75.26006056080729, 38.180361683996601 ], [ -75.260118560533627, 38.179448683989428 ], [ -75.261627560429361, 38.177715683899564 ], [ -75.262671560892997, 38.17689468397279 ], [ -75.26532356188487, 38.175194683325742 ], [ -75.266006561775171, 38.17492568322362 ], [ -75.266640561261667, 38.174197682831981 ], [ -75.266835561255334, 38.173353683119267 ], [ -75.265811561781504, 38.169940682743814 ], [ -75.265226561800517, 38.169288681756548 ], [ -75.264201560705118, 38.166488681832455 ], [ -75.262884560429995, 38.164379681299657 ], [ -75.262494560442661, 38.16342068094059 ], [ -75.262689560436328, 38.162346680433949 ], [ -75.244009554040503, 38.16067268085979 ], [ -75.246208554397541, 38.152551679118346 ], [ -75.25915155826624, 38.151536678130874 ], [ -75.264884560595419, 38.158741679878048 ], [ -75.270932561670534, 38.154752678217619 ], [ -75.274883562495873, 38.15325667843706 ], [ -75.275907563766324, 38.153218678332934 ], [ -75.277468564438934, 38.152796678336635 ], [ -75.28102956527691, 38.152451677946708 ], [ -75.281954565914873, 38.152221677486558 ], [ -75.284148565350733, 38.149690677225614 ], [ -75.285465566524152, 38.146622676692694 ], [ -75.286538566401788, 38.144973676693979 ], [ -75.28678156607603, 38.144014676160303 ], [ -75.287171566063378, 38.140140675288968 ], [ -75.287074565978983, 38.138875674612578 ], [ -75.286538566401788, 38.137762674935473 ], [ -75.287220566467184, 38.134234673889992 ], [ -75.288439565934695, 38.132892673286634 ], [ -75.289512566710641, 38.132585673722609 ], [ -75.291170566569292, 38.130897673461249 ], [ -75.292145567435938, 38.129785673527103 ], [ -75.292584567827092, 38.127599673051229 ], [ -75.294680567353652, 38.125835671516079 ], [ -75.294972567431714, 38.123074672000079 ], [ -75.294387567450684, 38.1215406710471 ], [ -75.293217566590357, 38.119814670670927 ], [ -75.290390565696313, 38.116362670497878 ], [ -75.289952566028376, 38.114713669468834 ], [ -75.290000565708965, 38.113486669457004 ], [ -75.290098565618251, 38.112373669256982 ], [ -75.290780565683633, 38.109497668756553 ], [ -75.291804566055774, 38.106237667802191 ], [ -75.29248656612117, 38.105508667217187 ], [ -75.293071566102171, 38.103514667943948 ], [ -75.294290566467993, 38.102018666753949 ], [ -75.294923567027908, 38.101827666677934 ], [ -75.29555756651439, 38.101290666753442 ], [ -75.295752566508071, 38.100484666749871 ], [ -75.295752566508071, 38.095690665604856 ], [ -75.296435566398372, 38.093773665259448 ], [ -75.298432567987348, 38.093313664936012 ], [ -75.300138567526588, 38.093274665056697 ], [ -75.301599568640057, 38.094041664518883 ], [ -75.302282568530359, 38.095307665456566 ], [ -75.302623569012212, 38.097455665355589 ], [ -75.303090568992445, 38.098312665762492 ], [ -75.3042695700736, 38.098219665960372 ], [ -75.309127571095246, 38.098446666029517 ], [ -75.310419571255977, 38.100139666471165 ], [ -75.311881572194366, 38.100331666292426 ], [ -75.313001572825982, 38.099717665628368 ], [ -75.313294572728935, 38.098490665388304 ], [ -75.311832571790575, 38.096918665113833 ], [ -75.310516571340372, 38.095000664811387 ], [ -75.310516571340372, 38.094003664688955 ], [ -75.310857571822211, 38.093581664468253 ], [ -75.311150571725179, 38.092814664420686 ], [ -75.312124571868608, 38.092085664241118 ], [ -75.313683571993053, 38.090360663939101 ], [ -75.314025571401487, 38.088864663540448 ], [ -75.309590570877504, 38.084722662723365 ], [ -75.30661856932015, 38.083341662690103 ], [ -75.303890569058609, 38.082958662886341 ], [ -75.300479568008427, 38.081922662988141 ], [ -75.298920566985686, 38.080848662248563 ], [ -75.29624056550638, 38.08046566282114 ], [ -75.293316565426238, 38.080963662942317 ], [ -75.291806564807288, 38.081922662988141 ], [ -75.289662564701842, 38.082075663093597 ], [ -75.288346563353329, 38.081308662524172 ], [ -75.28790856368542, 38.080081662243515 ], [ -75.287713563691725, 38.07778066204267 ], [ -75.28790856368542, 38.075862662360841 ], [ -75.288590563750788, 38.07440566096124 ], [ -75.290246563959613, 38.072372661286522 ], [ -75.291806564807288, 38.071720660453124 ], [ -75.293706564515276, 38.071912660668822 ], [ -75.294875564652386, 38.07294866094491 ], [ -75.296629565668809, 38.073370660757256 ], [ -75.298237566197059, 38.073983660755886 ], [ -75.299845566725295, 38.07383066139888 ], [ -75.301502566759055, 38.07294866094491 ], [ -75.303597568257317, 38.070800660146539 ], [ -75.305887568850963, 38.070762660258609 ], [ -75.30661856842184, 38.070915659668422 ], [ -75.307495569379199, 38.072104660380603 ], [ -75.307983569275834, 38.073101660025394 ], [ -75.310760570839506, 38.075249661138848 ], [ -75.312449570660291, 38.075947660938731 ], [ -75.312785571119278, 38.076696660892509 ], [ -75.312505570736803, 38.07771066173089 ], [ -75.310825570238521, 38.078988661049664 ], [ -75.31032157044838, 38.079738662241382 ], [ -75.310209570295385, 38.080840661400394 ], [ -75.311441571079982, 38.081104662058081 ], [ -75.313513572113735, 38.081060662132522 ], [ -75.314633571847054, 38.081853661518664 ], [ -75.316370572246726, 38.083793662312686 ], [ -75.31777057326083, 38.084454662528564 ], [ -75.318330574025794, 38.085159662738697 ], [ -75.319226574351433, 38.085820662624698 ], [ -75.321410574639856, 38.088068663195799 ], [ -75.322586574449645, 38.088068663195806 ], [ -75.32370757490618, 38.088465662947343 ], [ -75.324323574849316, 38.090272663889792 ], [ -75.324043575365167, 38.091286663819822 ], [ -75.322530574373147, 38.091683663769658 ], [ -75.321690574124005, 38.091683663769658 ], [ -75.319450573759099, 38.092608664177888 ], [ -75.319058574121939, 38.093490664344174 ], [ -75.318834573815934, 38.095077664474893 ], [ -75.319170574274921, 38.096091664906858 ], [ -75.319394574580926, 38.097898665368952 ], [ -75.321746575098842, 38.099749665700593 ], [ -75.323035574886532, 38.100190665379387 ], [ -75.323819575957501, 38.10076366634339 ], [ -75.326395576781394, 38.102041665619119 ], [ -75.326843576495065, 38.102967666656845 ], [ -75.327459576438216, 38.103628666675654 ], [ -75.328243577509141, 38.103584666169333 ], [ -75.330371577721095, 38.102614666205682 ], [ -75.331436578999444, 38.100587665740797 ], [ -75.33227657835026, 38.099837664943387 ], [ -75.336252580188258, 38.098427665141415 ], [ -75.336980579386093, 38.097677664796379 ], [ -75.336980579386093, 38.096928664151257 ], [ -75.336084579060454, 38.095650664527724 ], [ -75.335804579576291, 38.094724664083905 ], [ -75.335916579729272, 38.093975664280677 ], [ -75.336588578850609, 38.093358664227061 ], [ -75.337540580151057, 38.093270663545169 ], [ -75.338156580094207, 38.092785663879326 ], [ -75.338717579785765, 38.090845662727673 ], [ -75.338316579927763, 38.08876766268402 ], [ -75.337896578904903, 38.088062662622001 ], [ -75.336944579401091, 38.086916662782208 ], [ -75.336188578817541, 38.086475662193912 ], [ -75.334900578854743, 38.085351662319091 ], [ -75.334200578347691, 38.084448661658151 ], [ -75.333025577464483, 38.081957661136421 ], [ -75.330953576430744, 38.08092166119728 ], [ -75.329469575751034, 38.080437661469809 ], [ -75.328769576142292, 38.079841661477182 ], [ -75.328405576094241, 38.078850660993773 ], [ -75.328601575912799, 38.076602660560148 ], [ -75.327957575482259, 38.073362659798114 ], [ -75.327089574745727, 38.072524660202951 ], [ -75.326781574774145, 38.071863659637707 ], [ -75.326809575261549, 38.071268659045742 ], [ -75.32703357466923, 38.070849659768143 ], [ -75.327761575663672, 38.070695659533413 ], [ -75.329945575952109, 38.070938659126803 ], [ -75.331625577348689, 38.071423659458155 ], [ -75.33495657803293, 38.071819659102403 ], [ -75.33772857867541, 38.073009659918732 ], [ -75.338372579105965, 38.073648659246423 ], [ -75.339436578762786, 38.074354659619623 ], [ -75.341424579232608, 38.074552660261503 ], [ -75.343048580552704, 38.07497165954188 ], [ -75.344280581337316, 38.075632659598647 ], [ -75.344532581232386, 38.076536660134295 ], [ -75.343384581011676, 38.078255660670976 ], [ -75.34318858119309, 38.079026660199496 ], [ -75.342488580686037, 38.079709660755313 ], [ -75.342152580227065, 38.080988661040074 ], [ -75.341228580312347, 38.082751661215632 ], [ -75.341312579977938, 38.083941661631904 ], [ -75.342712580992028, 38.085043661790365 ], [ -75.344084581518729, 38.0853956617837 ], [ -75.344588581308884, 38.084646661839223 ], [ -75.344588581308884, 38.083941661631904 ], [ -75.345736581529593, 38.083125660988934 ], [ -75.346380581960162, 38.082883661395641 ], [ -75.348536582659492, 38.08259666076961 ], [ -75.353239584768716, 38.080701660754073 ], [ -75.355031584521669, 38.07942366025943 ], [ -75.355563583900931, 38.078872660210514 ], [ -75.356151584254974, 38.077593659686379 ], [ -75.357102584832191, 38.076204659424185 ], [ -75.358026585645234, 38.075852659027426 ], [ -75.359229585219211, 38.075940659462269 ], [ -75.359873585649751, 38.076359659276619 ], [ -75.360825586950227, 38.076557659440553 ], [ -75.363093586904228, 38.075764659901104 ], [ -75.363513587028805, 38.075125658552601 ], [ -75.363401586875824, 38.074265659467144 ], [ -75.36289758618733, 38.073802658921309 ], [ -75.36076958597539, 38.073604658370535 ], [ -75.360573585258507, 38.071775658540581 ], [ -75.3608815861284, 38.070981658094794 ], [ -75.360965585793977, 38.069989658495444 ], [ -75.360517585181995, 38.069571657544429 ], [ -75.358110585310826, 38.069460658017285 ], [ -75.355282584591848, 38.068733657657667 ], [ -75.354554583597377, 38.068072658196307 ], [ -75.354415583680208, 38.067257658020125 ], [ -75.354750583415964, 38.066661657411984 ], [ -75.354778583903368, 38.066000656910298 ], [ -75.35374358366056, 38.064634657180441 ], [ -75.354435583771689, 38.063958657094673 ], [ -75.351795583373686, 38.063716657023036 ], [ -75.350775582301168, 38.063080656765756 ], [ -75.350138582441659, 38.0613746574533 ], [ -75.350351581978671, 38.06043865667808 ], [ -75.350351581978671, 38.058799656254052 ], [ -75.347420581327512, 38.056893655316806 ], [ -75.342917579234808, 38.054785655042821 ], [ -75.339731578315551, 38.054117656160898 ], [ -75.338499577530939, 38.053448655211298 ], [ -75.337394577866249, 38.052043655360343 ], [ -75.334633577094422, 38.051708655248078 ], [ -75.332127575692411, 38.052444654939904 ], [ -75.330725575926778, 38.053916655465102 ], [ -75.330725575926778, 38.055722656157492 ], [ -75.33008857606724, 38.057127656120983 ], [ -75.328898575115417, 38.0581976565772 ], [ -75.328134575034269, 38.059134656447476 ], [ -75.326647574879843, 38.059869657726921 ], [ -75.325755574752179, 38.060639657144463 ], [ -75.323376573571764, 38.061776657642916 ], [ -75.3212525735578, 38.061977657970424 ], [ -75.317386572222944, 38.062645657960054 ], [ -75.315475570847696, 38.062311658373879 ], [ -75.314838570988144, 38.061441657520398 ], [ -75.314668570210515, 38.060405657667751 ], [ -75.314625571451117, 38.059301657316034 ], [ -75.315135570190748, 38.058297656699629 ], [ -75.316282571484862, 38.057361656884353 ], [ -75.317132571779752, 38.056324657095324 ], [ -75.321677572806905, 38.053983656701519 ], [ -75.326052573954783, 38.050404655092805 ], [ -75.326902574249658, 38.049233654689402 ], [ -75.32843157513517, 38.049133654915885 ], [ -75.329536574799889, 38.048631654851874 ], [ -75.331308575359643, 38.046442653935507 ], [ -75.330672575325025, 38.044250653753117 ], [ -75.32975757473281, 38.042433653936676 ], [ -75.329598574724159, 38.041431653339117 ], [ -75.329240574523865, 38.040585653512998 ], [ -75.329200574340902, 38.038863653142172 ], [ -75.329478574175241, 38.038080652592939 ], [ -75.330194574575813, 38.037579652880737 ], [ -75.332024574861919, 38.036984652281141 ], [ -75.33369457621275, 38.037015652480505 ], [ -75.335404575949966, 38.037516652513354 ], [ -75.337910577351977, 38.039708653356691 ], [ -75.339739577813162, 38.03945865191838 ], [ -75.34296057889253, 38.038393652035005 ], [ -75.344710578812681, 38.03770465160742 ], [ -75.345943579422197, 38.036670651325316 ], [ -75.34713657895044, 38.035355651348574 ], [ -75.349403579977846, 38.033820650495791 ], [ -75.351710581188257, 38.031910650221114 ], [ -75.35294358179776, 38.030657650535517 ], [ -75.356839582371506, 38.028683649841092 ], [ -75.360020583267911, 38.026679649292738 ], [ -75.361650583537468, 38.026272649441317 ], [ -75.362525583946706, 38.026334648987401 ], [ -75.363757584731317, 38.026898648840522 ], [ -75.364234584757298, 38.027305649460153 ], [ -75.364513584416557, 38.028120649430939 ], [ -75.364354585306216, 38.031001649773522 ], [ -75.364831585332183, 38.031941650445376 ], [ -75.36554658500954, 38.032693650222605 ], [ -75.366342585776053, 38.033037650512881 ], [ -75.36829058606294, 38.033162649915838 ], [ -75.370795586741721, 38.032912650189068 ], [ -75.373499588510455, 38.032254649943205 ], [ -75.375526588440039, 38.031377649791608 ], [ -75.377395589084202, 38.03003064946374 ], [ -75.377872589110183, 38.029153649574653 ], [ -75.378031589118848, 38.027493648581306 ], [ -75.377554589092895, 38.026303648513306 ], [ -75.377833588752139, 38.025583648214869 ], [ -75.37850958896972, 38.024580647875318 ], [ -75.378668588978385, 38.023046647605923 ], [ -75.378151588769441, 38.021041647903104 ], [ -75.377634588560483, 38.020383646478557 ], [ -75.376719588866621, 38.019882646740754 ], [ -75.376322588308255, 38.018880647605314 ], [ -75.375367587533091, 38.017345646197164 ], [ -75.37512658750866, 38.01542164632508 ], [ -75.396713594266188, 38.013475645728697 ], [ -75.397765594227423, 38.013070644847147 ], [ -75.398499595069666, 38.013265644790735 ], [ -75.400368595713843, 38.013162645273582 ], [ -75.457641612815948, 38.008613642230316 ], [ -75.530520635547589, 38.002401639219272 ], [ -75.53994363858618, 38.001344638255972 ], [ -75.541952638972433, 38.001365637898367 ], [ -75.545060640073885, 38.001142637612887 ], [ -75.609871659676898, 37.995498635149644 ], [ -75.614065661074804, 37.995262634336619 ], [ -75.624450663662969, 37.994202633594909 ], [ -75.624829664677961, 37.991457633109285 ], [ -75.625085664770992, 37.990584633284755 ], [ -75.625612665025685, 37.989805632321584 ], [ -75.626656664590996, 37.988899632582509 ], [ -75.627608664993119, 37.988526632459575 ], [ -75.629349665590766, 37.988361633127049 ], [ -75.630869666255464, 37.987823631850347 ], [ -75.632533666860212, 37.986698632356784 ], [ -75.633413667292331, 37.985435632037621 ], [ -75.633833666518584, 37.984524631317953 ], [ -75.633980666831675, 37.983560631660481 ], [ -75.633713665969665, 37.983062630918923 ], [ -75.631434665246687, 37.98050463012558 ], [ -75.629094664424329, 37.978251630020388 ], [ -75.628854665123143, 37.977802630352748 ], [ -75.628840664879434, 37.976794630623928 ], [ -75.62953366571378, 37.975970629907778 ], [ -75.630992665380816, 37.975672629443878 ], [ -75.632009666080265, 37.976025629808866 ], [ -75.634210666985439, 37.977677629295719 ], [ -75.634788666395451, 37.97864463064019 ], [ -75.635736667497937, 37.979541630571433 ], [ -75.637320667736731, 37.979730630210042 ], [ -75.638223667735048, 37.979402630178143 ], [ -75.639303668183715, 37.978722630053497 ], [ -75.640915668909898, 37.97724263024562 ], [ -75.641817669083338, 37.975981629041556 ], [ -75.642834669782786, 37.974236629456037 ], [ -75.643740669255848, 37.971344628242548 ], [ -75.644726669993176, 37.969782627580535 ], [ -75.645843669353425, 37.968690627677034 ], [ -75.648229670206533, 37.966778627200576 ], [ -75.647770669723897, 37.953582624665302 ], [ -75.64770166922861, 37.946970623320674 ], [ -75.655682671420294, 37.945440622270425 ], [ -75.665301675175797, 37.949518623022705 ], [ -75.691322682632432, 37.955503622883448 ], [ -75.704635687295323, 37.95470562288417 ], [ -75.735385696800449, 37.94737762057121 ], [ -75.761643704083525, 37.941373618410609 ], [ -75.80124171579368, 37.912181610675916 ], [ -75.882940741141269, 37.911342608301943 ], [ -75.952673762238305, 37.90683460496566 ], [ -75.943694761410356, 37.94614061359681 ], [ -75.993339778294811, 37.953494612494509 ], [ -76.017563785077314, 37.953624612326188 ], [ -76.020835786210299, 37.953812611948301 ], [ -76.020842785883005, 37.95347761184567 ], [ -76.022112786302444, 37.953574612036761 ], [ -76.022312787217288, 37.953817612033397 ], [ -76.024412786941809, 37.953702612114796 ], [ -76.029406788405879, 37.953782612138809 ], [ -76.030122788806452, 37.953660611748504 ], [ -76.041468792915893, 37.95401761161704 ], [ -76.045542793764866, 37.953647611782074 ], [ -76.05196579565704, 37.953585611692525 ], [ -76.05341379725003, 37.970378614927903 ], [ -76.055346798366614, 37.98381161751945 ], [ -76.055614799053529, 37.989259618031781 ], [ -76.053897798745325, 37.996969620319447 ], [ -76.053478799343992, 37.997298619967623 ], [ -76.053706798949605, 38.00012862086141 ], [ -76.054894799353292, 38.00012862086141 ], [ -76.053759798653061, 38.000784620325049 ], [ -76.054947799955059, 38.017335624249426 ], [ -76.049761798870392, 38.029405627130622 ], [ -76.044576797610617, 38.03423362826225 ], [ -76.035041795317326, 38.038421629858171 ], [ -76.022738791681235, 38.04110963088258 ], [ -76.013279788657641, 38.04204063078884 ], [ -76.004749786469915, 38.040075631273695 ], [ -76.004567785996727, 38.036748630066022 ], [ -75.999655784548438, 38.0358016298701 ], [ -75.986199779770416, 38.02676062838021 ], [ -75.977010776185239, 38.025125628560836 ], [ -75.968414773875296, 38.022790627951117 ], [ -75.965746772989888, 38.016716627433965 ], [ -75.964857771438631, 38.0041036244791 ], [ -75.980864776027872, 38.001534623712018 ], [ -75.979382774998015, 37.996629623158213 ], [ -75.972595773057776, 37.987938620810972 ], [ -75.974046773227187, 37.985650620681227 ], [ -75.979085774897086, 37.985650620681227 ], [ -75.988867777960877, 37.980278618711651 ], [ -75.990053777816428, 37.972336617212072 ], [ -75.985310775524212, 37.963226615290019 ], [ -75.986054775513892, 37.961132614989715 ], [ -75.941863761299359, 37.957564615813823 ], [ -75.914727753234004, 37.958541616729434 ], [ -75.912814753107199, 37.9648796181148 ], [ -75.911535752466932, 37.967231618428286 ], [ -75.909856751793583, 37.969317619437895 ], [ -75.908025751682558, 37.972252620064729 ], [ -75.905467751300321, 37.979886621688763 ], [ -75.903304750928299, 37.983394622112236 ], [ -75.900242749857568, 37.986873623310089 ], [ -75.895382749186126, 37.993679624789671 ], [ -75.892725749069697, 37.996874625633261 ], [ -75.89144174840655, 38.000128625816608 ], [ -75.892516748832307, 38.001760626277182 ], [ -75.898407751345246, 38.008852628033253 ], [ -75.902762752401614, 38.016029629101766 ], [ -75.906092754159232, 38.029869631744326 ], [ -75.908732756353871, 38.045303635280774 ], [ -75.909033756652761, 38.04886263596223 ], [ -75.908706755516306, 38.049433636141465 ], [ -75.901218753244095, 38.049561635953367 ], [ -75.907688759483491, 38.110718648715604 ], [ -75.906805759576656, 38.113864649464041 ], [ -75.90737075946619, 38.120892651482478 ], [ -75.927551766260152, 38.120893650775514 ], [ -75.929925766519375, 38.1166896489718 ], [ -75.932596766879527, 38.11014964724869 ], [ -75.938235768599057, 38.108046646732063 ], [ -75.943874770318573, 38.108046646732063 ], [ -75.948029772256731, 38.110382647870992 ], [ -75.95218477329658, 38.116689648265101 ], [ -75.959604775796691, 38.116689648265101 ], [ -75.959777776947377, 38.125128649720658 ], [ -76.005801790922732, 38.125128648307303 ], [ -76.00521479039358, 38.12005964695549 ], [ -76.003323790008125, 38.114687646774676 ], [ -75.999657788689831, 38.109866645432575 ], [ -75.99965678706829, 38.081015639007639 ], [ -76.010264789239201, 38.069914637338599 ], [ -76.013388790234202, 38.068300635908656 ], [ -76.024702793658264, 38.068506636042251 ], [ -76.035619797422285, 38.072856636601735 ], [ -76.040333798503866, 38.075270636771386 ], [ -76.059426805351578, 38.088454638976373 ], [ -76.063142806898583, 38.093343639486477 ], [ -76.071618808659608, 38.075541635717194 ], [ -76.095566817952516, 38.098204640098302 ], [ -76.102326820128582, 38.107180641467842 ], [ -76.107964822921502, 38.124476645237962 ], [ -76.109299823638281, 38.143351648774868 ], [ -76.107979825685064, 38.176482655908409 ], [ -76.108063826248966, 38.184596657331049 ], [ -76.108956826201563, 38.185351657071941 ], [ -76.11267982742126, 38.189673658683184 ], [ -76.114083827735001, 38.192225658901634 ], [ -76.114838828493632, 38.194747658681358 ], [ -76.115899828675708, 38.197371659795024 ], [ -76.116585829837376, 38.200877660518763 ], [ -76.117142830229298, 38.210524661911727 ], [ -76.11747883068827, 38.213557662836642 ], [ -76.117425830984843, 38.215548663589246 ], [ -76.117966831483216, 38.224486665600423 ], [ -76.117402831418616, 38.229892665963263 ], [ -76.117372831281386, 38.234728667002244 ], [ -76.124665834458227, 38.232546666734933 ], [ -76.12447383304098, 38.232390666243553 ], [ -76.132420835795799, 38.229582665803505 ], [ -76.138181837714058, 38.229114665422038 ], [ -76.146327840660518, 38.230050665290534 ], [ -76.157651844130314, 38.232858665302551 ], [ -76.169770848541731, 38.239254666223161 ], [ -76.179307852281454, 38.24908366831604 ], [ -76.194207857556194, 38.267335671183915 ], [ -76.205929861409274, 38.288708675323228 ], [ -76.21069786381581, 38.29635267684322 ], [ -76.221227867965567, 38.302436677842948 ], [ -76.230366870423708, 38.306025677840275 ], [ -76.234538872080307, 38.308521678515817 ], [ -76.245311875904306, 38.313289679270504 ], [ -76.261702881531406, 38.322341680756956 ], [ -76.268058884374739, 38.339526684624929 ], [ -76.267891883970165, 38.343855685524616 ], [ -76.264511883780443, 38.346361685827986 ], [ -76.245139878171784, 38.351487686784104 ], [ -76.253043881268908, 38.360550688759083 ], [ -76.260748883276079, 38.364873689960675 ], [ -76.271773886995135, 38.37034269014157 ], [ -76.271777887193096, 38.370185689782481 ], [ -76.27423388836641, 38.37237369060724 ], [ -76.275429889166006, 38.376644690876226 ], [ -76.276890889381164, 38.37904069152885 ], [ -76.281541890713569, 38.381019692118912 ], [ -76.282205891235591, 38.384769692938924 ], [ -76.285261892458522, 38.389353694083937 ], [ -76.285792892911175, 38.394457694690367 ], [ -76.284862893148656, 38.400499696379974 ], [ -76.284331892696002, 38.405499697772363 ], [ -76.286058893948265, 38.413520698124891 ], [ -76.289464894975566, 38.418716700074789 ], [ -76.295298897587074, 38.422916699620146 ], [ -76.300291899226224, 38.427692701430438 ], [ -76.302232899840405, 38.432033702147166 ], [ -76.307502902387313, 38.441368703128347 ], [ -76.318874906435994, 38.451571705519498 ], [ -76.327472909294073, 38.460906706429817 ], [ -76.335793912142705, 38.472629709087464 ], [ -76.336348913783127, 38.479358710519563 ], [ -76.338567914231646, 38.486305711479652 ], [ -76.338290914222213, 38.49216771284464 ], [ -76.334367912985968, 38.496829714078899 ], [ -76.343558917119296, 38.504102715064498 ], [ -76.345173918218549, 38.521558718343627 ], [ -76.340257916572298, 38.526327720154306 ], [ -76.330646914111043, 38.526694720724855 ], [ -76.332113914173988, 38.512681717948659 ], [ -76.330801912125111, 38.501067714797955 ], [ -76.319152909863604, 38.502587716035428 ], [ -76.31110890612608, 38.500199715890268 ], [ -76.295021902069237, 38.505409716897866 ], [ -76.280598897718775, 38.508665718060065 ], [ -76.284159899455076, 38.523954721338477 ], [ -76.282038899814168, 38.531662722973451 ], [ -76.28256389952071, 38.534787723525753 ], [ -76.28256389952071, 38.537165724331587 ], [ -76.279047898888578, 38.548832727179942 ], [ -76.283798901576688, 38.557898728217978 ], [ -76.289405903509163, 38.563323729889241 ], [ -76.294346905269776, 38.565329729777453 ], [ -76.306414908729266, 38.562059729167089 ], [ -76.31126091005531, 38.561836728564927 ], [ -76.31449091135552, 38.566221728930792 ], [ -76.314680911326306, 38.570605729896656 ], [ -76.304885908742037, 38.577667731582345 ], [ -76.298595907817571, 38.581221732590187 ], [ -76.294507905826592, 38.585829734390302 ], [ -76.274634899902509, 38.597124737351514 ], [ -76.279864902266411, 38.606859738462823 ], [ -76.283952905155743, 38.613696739992129 ], [ -76.286425906047484, 38.621499742003571 ], [ -76.28914090678856, 38.627551742550068 ], [ -76.285635905128743, 38.628977742794071 ], [ -76.247046893722128, 38.628323744436223 ], [ -76.240047891171471, 38.629666744673052 ], [ -76.231847888696663, 38.630540745405042 ], [ -76.229983888075381, 38.62660974463428 ], [ -76.229145887476065, 38.617584742571239 ], [ -76.211813882215793, 38.61248974218914 ], [ -76.197556877546702, 38.621514744564493 ], [ -76.176311871994244, 38.633233747561121 ], [ -76.164134868754829, 38.637970748664046 ], [ -76.155983865785501, 38.633147748108968 ], [ -76.152825864455338, 38.63180074789522 ], [ -76.148331863481772, 38.634125748783802 ], [ -76.151924864106817, 38.636514749526761 ], [ -76.157274866121341, 38.650482751284521 ], [ -76.15796286693282, 38.654361753199872 ], [ -76.163083869516811, 38.658241753729662 ], [ -76.166978870265638, 38.661988753648046 ], [ -76.171957871661078, 38.66498675462821 ], [ -76.175780873338212, 38.667612754814883 ], [ -76.179138874684952, 38.671307755615672 ], [ -76.180216875483765, 38.673165755734964 ], [ -76.184911876298784, 38.673088755363274 ], [ -76.184128876849385, 38.680611756450404 ], [ -76.183124876568684, 38.684663758542698 ], [ -76.181919876446585, 38.688182758319037 ], [ -76.18094187610518, 38.690081759533719 ], [ -76.180234875925436, 38.691303759008662 ], [ -76.178849875878257, 38.692652759880147 ], [ -76.17664087457716, 38.694392760111363 ], [ -76.172941874545216, 38.695100760793288 ], [ -76.171768873311848, 38.695482760417413 ], [ -76.170995873908169, 38.696002760764003 ], [ -76.170476873151074, 38.69675076105564 ], [ -76.169114872670136, 38.697824761522774 ], [ -76.16641687254581, 38.699021761348419 ], [ -76.155298868940335, 38.70336376291835 ], [ -76.14912486657019, 38.705414763622287 ], [ -76.145932866701443, 38.706825763811516 ], [ -76.142556864913089, 38.708019764140154 ], [ -76.14130786530832, 38.708916764377733 ], [ -76.138675864407929, 38.710328765138911 ], [ -76.135837863643204, 38.71159376530786 ], [ -76.132516862106414, 38.712767765787412 ], [ -76.125874860829455, 38.714035766256863 ], [ -76.124638859846883, 38.714140765534445 ], [ -76.116275857165434, 38.712930766009173 ], [ -76.112424855899221, 38.711973766031775 ], [ -76.108028854834956, 38.709915765675575 ], [ -76.106145853947098, 38.709505766120991 ], [ -76.105243853773672, 38.709840766180669 ], [ -76.10383585326197, 38.710885765979391 ], [ -76.101766852601273, 38.711675766937297 ], [ -76.099519851665335, 38.711854766175456 ], [ -76.098187851321626, 38.71237676715468 ], [ -76.097432851461306, 38.714518766983737 ], [ -76.096736852050526, 38.714788766895218 ], [ -76.093460850719566, 38.713788766867474 ], [ -76.091325849038313, 38.713619767162413 ], [ -76.087299848768225, 38.712130766499357 ], [ -76.081377846293179, 38.710319766769786 ], [ -76.079980845652116, 38.71070676641785 ], [ -76.077978845836881, 38.710766766414821 ], [ -76.077024844886608, 38.711443766956322 ], [ -76.075994844666681, 38.711330767149093 ], [ -76.074136844791482, 38.711690767438888 ], [ -76.072923844273447, 38.711354767365023 ], [ -76.071410843281441, 38.711351767250903 ], [ -76.070311843464538, 38.711009767429616 ], [ -76.068603842478865, 38.710872767267738 ], [ -76.067982841614509, 38.711469766973529 ], [ -76.06716984202788, 38.711604767557851 ], [ -76.066572841452981, 38.711434767325592 ], [ -76.065489841529612, 38.710765766835877 ], [ -76.064025840941397, 38.710492766999977 ], [ -76.06941884351194, 38.736030772368338 ], [ -76.069589844114503, 38.737896772380232 ], [ -76.069233844462332, 38.739684772657945 ], [ -76.067919843661969, 38.742987773726853 ], [ -76.060949843220257, 38.76315877885061 ], [ -76.060416843117792, 38.765637779036602 ], [ -76.06024384466204, 38.793605784408925 ], [ -76.060833844665922, 38.79858178525933 ], [ -76.060194844258248, 38.803119786678359 ], [ -76.060133845955505, 38.812687788158286 ], [ -76.060734845830041, 38.812686788606051 ], [ -76.060775845837924, 38.807836787664243 ], [ -76.060927845275558, 38.806874787343489 ], [ -76.061353845247922, 38.805725787242515 ], [ -76.063085845624727, 38.802636785962214 ], [ -76.063296845511914, 38.801876786118846 ], [ -76.063391845946484, 38.800342785561988 ], [ -76.063801845127003, 38.798788785744968 ], [ -76.06530084677361, 38.796099785312933 ], [ -76.065717845626807, 38.794971784413889 ], [ -76.065336845860301, 38.794717784153512 ], [ -76.067217846200037, 38.793079784059394 ], [ -76.069422846404862, 38.79165078404538 ], [ -76.075805849012369, 38.788884782188028 ], [ -76.077597849663633, 38.787906783187459 ], [ -76.086506851968011, 38.792572782986383 ], [ -76.087302852734524, 38.792806783067995 ], [ -76.088155853402469, 38.79283978378966 ], [ -76.101594857563725, 38.790417782340086 ], [ -76.1038458577993, 38.789414781499346 ], [ -76.107818858365931, 38.788381781659943 ], [ -76.109743859984917, 38.787702781614584 ], [ -76.113843860773159, 38.78679178107619 ], [ -76.117320861945572, 38.784861780770328 ], [ -76.118565862250648, 38.787639780712233 ], [ -76.119369862514773, 38.788836781334474 ], [ -76.126326864334331, 38.794579782314919 ], [ -76.124696864963099, 38.79600678214711 ], [ -76.123415864672992, 38.796447783141303 ], [ -76.122524863471909, 38.797124782962989 ], [ -76.122014863833982, 38.797962783213023 ], [ -76.121973864724396, 38.800271784018271 ], [ -76.122620863731399, 38.80225678460355 ], [ -76.123211864458469, 38.803108783825778 ], [ -76.125557866026924, 38.805171784429199 ], [ -76.126071864964516, 38.806211784849197 ], [ -76.126339866549756, 38.807628784438741 ], [ -76.126175865619913, 38.808731785208387 ], [ -76.125140865377105, 38.811842785638646 ], [ -76.123996865354343, 38.8143867868787 ], [ -76.123641865527105, 38.817075787328548 ], [ -76.123618865062568, 38.819204787456229 ], [ -76.123799865710865, 38.820227787688566 ], [ -76.125537866833767, 38.821263787536402 ], [ -76.12645986709866, 38.82249678812763 ], [ -76.126546867137293, 38.8231497877672 ], [ -76.126375866534758, 38.82393778866242 ], [ -76.125755867291957, 38.825412788434193 ], [ -76.124847866372463, 38.826837788585372 ], [ -76.124399865760481, 38.827184789491412 ], [ -76.121601866077043, 38.828605789750917 ], [ -76.117789864270549, 38.831079790262365 ], [ -76.115030864046872, 38.833940790777277 ], [ -76.114333863014565, 38.835015790931351 ], [ -76.111200862697046, 38.838054791952665 ], [ -76.110691862884011, 38.838868791396685 ], [ -76.110836863547277, 38.840367792689015 ], [ -76.109990862552067, 38.841162792975233 ], [ -76.106515861029479, 38.841749793353138 ], [ -76.105690861747277, 38.842629793320611 ], [ -76.105506861624264, 38.843528792960498 ], [ -76.10511286143894, 38.843794793280345 ], [ -76.104148861341258, 38.844061793116886 ], [ -76.103899860920905, 38.844529793596877 ], [ -76.103361860795573, 38.844922793492195 ], [ -76.102604860387117, 38.846480794071923 ], [ -76.102069860634828, 38.846718793883099 ], [ -76.100807859712972, 38.846916794359799 ], [ -76.100397859634143, 38.847484794443211 ], [ -76.100459860456752, 38.847674794003403 ], [ -76.100019859342382, 38.848622793792586 ], [ -76.098864860347277, 38.849022794456928 ], [ -76.096950859497284, 38.850614795057325 ], [ -76.096815858879765, 38.850886794461317 ], [ -76.096406859524166, 38.850914794886215 ], [ -76.096526858276434, 38.851342795511428 ], [ -76.096141858311981, 38.851561795837348 ], [ -76.095562859077063, 38.8515467946482 ], [ -76.096176858472063, 38.851801794845152 ], [ -76.099416859818021, 38.852136795195968 ], [ -76.101814860366687, 38.852060795022943 ], [ -76.102303860986538, 38.852415795033671 ], [ -76.104990861240225, 38.855328794891868 ], [ -76.105089861872727, 38.855994795795105 ], [ -76.10681586240176, 38.856301795592422 ], [ -76.106835862493242, 38.856751795607387 ], [ -76.107843862971862, 38.856748796008439 ], [ -76.108474862983641, 38.857055796048598 ], [ -76.108760863213902, 38.857419795723303 ], [ -76.109302862638884, 38.85758879558859 ], [ -76.109480862914126, 38.857813796077309 ], [ -76.108547862778565, 38.860277796823716 ], [ -76.109637863272965, 38.863140796887969 ], [ -76.111765864383202, 38.86512679733881 ], [ -76.112094864271171, 38.865615797191303 ], [ -76.118587866483537, 38.869399797919534 ], [ -76.121421867948641, 38.87294879889108 ], [ -76.126019869577547, 38.876466798586613 ], [ -76.125165869084711, 38.87715679910945 ], [ -76.124269869657411, 38.879165800012707 ], [ -76.122569869067647, 38.882047799800745 ], [ -76.121401868755456, 38.882427800433263 ], [ -76.116711866166668, 38.881061800514487 ], [ -76.114320866189018, 38.880845800815479 ], [ -76.106515863724411, 38.881284800168778 ], [ -76.103513862928168, 38.882315801451803 ], [ -76.102802863448787, 38.886279801871531 ], [ -76.103896862344499, 38.887383802542736 ], [ -76.102676863052082, 38.890174803210556 ], [ -76.103024863206628, 38.890825802911081 ], [ -76.104462862957234, 38.892233803186244 ], [ -76.104378864189968, 38.892967802936532 ], [ -76.104568864160768, 38.894159803627453 ], [ -76.106658864737867, 38.895836803601597 ], [ -76.109057866009778, 38.899051803887055 ], [ -76.109474864862975, 38.900241804392564 ], [ -76.109351865737636, 38.901144805046926 ], [ -76.110235865469377, 38.902597805511306 ], [ -76.111565866163289, 38.903626805715213 ], [ -76.113358866639487, 38.904524805564371 ], [ -76.113748866626807, 38.905279805146009 ], [ -76.113476866640241, 38.906506805820257 ], [ -76.112023866821019, 38.908872806143115 ], [ -76.111463866056042, 38.910166806139244 ], [ -76.111464866779258, 38.911013806776275 ], [ -76.112442867120663, 38.911803806456355 ], [ -76.114729868239564, 38.912761806965037 ], [ -76.11550386836646, 38.91372380734483 ], [ -76.11464086855112, 38.916261807576497 ], [ -76.112339868086821, 38.918270808202863 ], [ -76.110742866530899, 38.920605808562861 ], [ -76.110807866828239, 38.921660808688955 ], [ -76.111359868095604, 38.922954809659579 ], [ -76.111318868087707, 38.92542280929402 ], [ -76.110973868306232, 38.926658810205744 ], [ -76.108228866529601, 38.92974281118903 ], [ -76.106880866292357, 38.931914810991763 ], [ -76.106236866760099, 38.933080810849013 ], [ -76.105629867037791, 38.935592812520959 ], [ -76.103675866004821, 38.939009811971914 ], [ -76.101636865481382, 38.939871812806011 ], [ -76.101364865494773, 38.941359813465553 ], [ -76.100875864874922, 38.941985813352133 ], [ -76.10059986558872, 38.942123813697577 ], [ -76.10009886527331, 38.942041813666435 ], [ -76.099746864920789, 38.941765813086604 ], [ -76.099153865442176, 38.941669813544344 ], [ -76.098243863974531, 38.942031813264215 ], [ -76.098029864612613, 38.942288813302277 ], [ -76.097801864108646, 38.943455813581622 ], [ -76.097334864128413, 38.944109813859868 ], [ -76.096957863661544, 38.944266813943145 ], [ -76.09641086331537, 38.944177813595971 ], [ -76.094991863831339, 38.944311814672766 ], [ -76.093663862787238, 38.943949814018062 ], [ -76.09321286270054, 38.944204813791615 ], [ -76.093050863217158, 38.944615814257922 ], [ -76.092773863207725, 38.944752814582557 ], [ -76.092217862640709, 38.944698814598397 ], [ -76.090484862438998, 38.94510981499549 ], [ -76.090230861995778, 38.944995814002226 ], [ -76.090238862391701, 38.944449813984164 ], [ -76.089389861921717, 38.944420814287838 ], [ -76.088632861513275, 38.944180813695809 ], [ -76.088800861742754, 38.942938813895196 ], [ -76.088598861178085, 38.942467813561358 ], [ -76.087058861320202, 38.942298814366922 ], [ -76.086165861367633, 38.942463813564416 ], [ -76.085075860873232, 38.942298814366922 ], [ -76.084589860626437, 38.94189781346757 ], [ -76.084948860651636, 38.941584813477292 ], [ -76.084906859920522, 38.941375813701114 ], [ -76.084343859680814, 38.941189813883653 ], [ -76.083337859750344, 38.941288814298012 ], [ -76.082543859531938, 38.941667813872797 ], [ -76.081952859703165, 38.942431814279367 ], [ -76.081138858494981, 38.9426478145879 ], [ -76.080878859102299, 38.941144813967163 ], [ -76.07833185769239, 38.940196814445706 ], [ -76.073263856608492, 38.940648813849776 ], [ -76.065395854394694, 38.939838814585727 ], [ -75.986306828409568, 38.925265813613244 ], [ -75.978338825738348, 38.923928814070372 ], [ -75.971917823496014, 38.921845814182781 ], [ -75.967901822373349, 38.922184814014464 ], [ -75.966619822258338, 38.921583813547564 ], [ -75.964566821491147, 38.921079813995732 ], [ -75.954269817868237, 38.919147813883711 ], [ -75.953927818459789, 38.918917813894311 ], [ -75.949336816503546, 38.918340813475034 ], [ -75.949278816777223, 38.920652814787019 ], [ -75.94942581619199, 38.920883814173898 ], [ -75.949353816221972, 38.921278815043799 ], [ -75.949593817319808, 38.922388814598392 ], [ -75.94947381677089, 38.923849814926271 ], [ -75.949593817319808, 38.92407481458369 ], [ -75.950451817112295, 38.9246018148894 ], [ -75.950711816504977, 38.925552814811269 ], [ -75.950641817083095, 38.926359814959859 ], [ -75.950873816886684, 38.926931815642064 ], [ -75.951764817189442, 38.927667815251965 ], [ -75.952743818254064, 38.929268816114408 ], [ -75.952785818086852, 38.929582815965617 ], [ -75.952507817354189, 38.930304816079435 ], [ -75.952248818684737, 38.9304368161322 ], [ -75.950975817892243, 38.930140815841135 ], [ -75.950049816531077, 38.930512816347573 ], [ -75.949475817319026, 38.930567815946979 ], [ -75.948843816584031, 38.931295816409218 ], [ -75.94797581674581, 38.931902816901001 ], [ -75.947949816806556, 38.93238381650265 ], [ -75.948545817556536, 38.934157817044984 ], [ -75.947823817308162, 38.934849817357126 ], [ -75.947887816882272, 38.935247817109598 ], [ -75.948409817114083, 38.935667817772455 ], [ -75.948025816974521, 38.936192817374092 ], [ -75.948296817136182, 38.936408817822603 ], [ -75.949099817575402, 38.936319817393951 ], [ -75.949613817411304, 38.93653781727199 ], [ -75.95065681715171, 38.936581817409674 ], [ -75.951089817695063, 38.936876817468963 ], [ -75.951699818688738, 38.936858817808456 ], [ -75.952076818257297, 38.937248817582557 ], [ -75.9531258187438, 38.937812817977083 ], [ -75.953375818989059, 38.938253817784513 ], [ -75.953223818653086, 38.938545817537296 ], [ -75.952880818521422, 38.938710817782457 ], [ -75.951662818878816, 38.938555817732514 ], [ -75.949596817692864, 38.938836817609427 ], [ -75.948181816610145, 38.939319818831599 ], [ -75.94707881749359, 38.939990817842471 ], [ -75.94706181687684, 38.940891818252744 ], [ -75.947353816954887, 38.9416548188007 ], [ -75.948769817862512, 38.94169081847722 ], [ -75.949720817541419, 38.941131818799278 ], [ -75.95035381810132, 38.941098818370548 ], [ -75.950501818239317, 38.943511819022966 ], [ -75.950984818113071, 38.944525819444024 ], [ -75.95097081786939, 38.944953819363235 ], [ -75.951326818419844, 38.94562081903392 ], [ -75.951292818982964, 38.945967819420716 ], [ -75.950920818538989, 38.946405819503312 ], [ -75.950371818542976, 38.946639819558058 ], [ -75.949161818397982, 38.946892819214071 ], [ -75.946889816449385, 38.947063819552589 ], [ -75.944835816755614, 38.947491819519165 ], [ -75.943619815864523, 38.948771820341236 ], [ -75.942332815726644, 38.9497888208398 ], [ -75.942149816326861, 38.950161820691534 ], [ -75.942198815832356, 38.950749820341301 ], [ -75.941853816050852, 38.951540820874648 ], [ -75.941853816050852, 38.95190882073436 ], [ -75.942289816068936, 38.952441821203962 ], [ -75.942444815879625, 38.953001820797553 ], [ -75.942409815719543, 38.953391821194089 ], [ -75.941762815814243, 38.954709821010532 ], [ -75.941882816363162, 38.955193822016149 ], [ -75.941783815730631, 38.955599822045166 ], [ -75.942009816584772, 38.956198821419413 ], [ -75.941931816766981, 38.956621821890025 ], [ -75.941530816010655, 38.957011821924816 ], [ -75.940602815897975, 38.957379821318483 ], [ -75.940362815698464, 38.95811082194156 ], [ -75.939251815287676, 38.957632821757713 ], [ -75.938801815025897, 38.957632821757699 ], [ -75.938723815208078, 38.958093822386338 ], [ -75.938111815462875, 38.959131823005109 ], [ -75.938379815251494, 38.96073082334857 ], [ -75.938639815542487, 38.961142822549405 ], [ -75.939891815520269, 38.962224822796017 ], [ -75.940560816065172, 38.964048823138434 ], [ -75.94105981583246, 38.964800823589954 ], [ -75.941446817243389, 38.96506982315146 ], [ -75.942439816755098, 38.965311823958842 ], [ -75.943142817635177, 38.966107823547716 ], [ -75.942629816725884, 38.967673824371282 ], [ -75.937419815351745, 38.971221825270014 ], [ -75.936779815119152, 38.971843824979032 ], [ -75.936734814913322, 38.973063825376947 ], [ -75.936581815650754, 38.973426825469744 ], [ -75.937242815799749, 38.974329825611932 ], [ -75.937978815393507, 38.974869826197839 ], [ -75.938640815367393, 38.97501282568799 ], [ -75.939400816148904, 38.974852825076923 ], [ -75.939759816174103, 38.975198826136022 ], [ -75.940209816435896, 38.975330825707033 ], [ -75.940793816591992, 38.975918826013071 ], [ -75.940934817057311, 38.976588825588934 ], [ -75.940505816711919, 38.977022825527129 ], [ -75.939329816003792, 38.977170826423261 ], [ -75.938949816960502, 38.97778682611284 ], [ -75.938555816775235, 38.97803382617694 ], [ -75.938492816127706, 38.978307825850756 ], [ -75.936782816390519, 38.978659826164439 ], [ -75.934530815431714, 38.980318826424735 ], [ -75.934481815926233, 38.980730826922318 ], [ -75.934854815296831, 38.981279827356254 ], [ -75.934791815547626, 38.982383827082685 ], [ -75.933988815108421, 38.983339827488109 ], [ -75.933869815282733, 38.984888827750851 ], [ -75.933214814981511, 38.986223827942908 ], [ -75.932489815258435, 38.986888828284229 ], [ -75.929343813623802, 38.987904828512583 ], [ -75.928738813551334, 38.988360828964886 ], [ -75.928541813907827, 38.988722828273453 ], [ -75.928660813733515, 38.989420828464795 ], [ -75.92973081413642, 38.990661829247237 ], [ -75.929378813783913, 38.991013829581931 ], [ -75.928695813893611, 38.991002829270712 ], [ -75.925492813255914, 38.993286829355384 ], [ -75.922993812424892, 38.993792829762647 ], [ -75.9219948121671, 38.994429830520822 ], [ -75.920445811190078, 38.99743983049423 ], [ -75.919642811649197, 39.000119831298811 ], [ -75.918597811360641, 39.000818831881681 ], [ -75.917255810971156, 39.001206831417967 ], [ -75.916598811020137, 39.001757832284888 ], [ -75.915000810537649, 39.001784831480954 ], [ -75.913408809902904, 39.003898832706675 ], [ -75.911874809892822, 39.003953832599834 ], [ -75.911092809370004, 39.004134832745855 ], [ -75.910620808468579, 39.004463832808881 ], [ -75.909860808585393, 39.005732833079676 ], [ -75.909810809255006, 39.007188832700024 ], [ -75.909380809084681, 39.007880833256564 ], [ -75.908478808911269, 39.00859483337014 ], [ -75.908331808598177, 39.008923833631535 ], [ -75.908408808591062, 39.009753833811409 ], [ -75.908745808874954, 39.010242834127091 ], [ -75.908682809125764, 39.010741833633347 ], [ -75.908175808962568, 39.010956834130042 ], [ -75.907591808806458, 39.010966834575562 ], [ -75.906710808549448, 39.010895833964661 ], [ -75.905350807718307, 39.010404833451886 ], [ -75.90410180811358, 39.010433834058837 ], [ -75.903723806923495, 39.010874834193046 ], [ -75.903647807653826, 39.011668834813371 ], [ -75.90410180811358, 39.012638834454428 ], [ -75.904308807802806, 39.013536835179224 ], [ -75.905230808067714, 39.015261834809891 ], [ -75.905180807838988, 39.015761835384637 ], [ -75.904871808042515, 39.016283834962529 ], [ -75.903080807216156, 39.01704783543358 ], [ -75.901680807100377, 39.01710583537524 ], [ -75.901832807436335, 39.016782835119024 ], [ -75.90167580707751, 39.016308835935376 ], [ -75.900358805904077, 39.014777834599379 ], [ -75.899288805501172, 39.01422783484427 ], [ -75.898183805836481, 39.014150834858278 ], [ -75.897387805968293, 39.014292835057269 ], [ -75.890646803160479, 39.018437836659047 ], [ -75.890357803455473, 39.018920836803069 ], [ -75.890342803386872, 39.019700836693112 ], [ -75.890821803960989, 39.020755837224264 ], [ -75.890982803619451, 39.021513836903949 ], [ -75.890827803808762, 39.022513836828239 ], [ -75.890530803707861, 39.023007837266121 ], [ -75.890126803476804, 39.023292837478515 ], [ -75.888598802416183, 39.023838837622222 ], [ -75.888261803030602, 39.024556837384466 ], [ -75.888377803381573, 39.025095837856085 ], [ -75.887474802484917, 39.025983838386409 ], [ -75.887198802300404, 39.026612837944782 ], [ -75.886591802578081, 39.026702838027425 ], [ -75.884895802186279, 39.02737383769896 ], [ -75.883623802117, 39.02751783859857 ], [ -75.88281880202797, 39.027917837697423 ], [ -75.882850801815053, 39.028352838308926 ], [ -75.88324480200032, 39.029084838945266 ], [ -75.883667801599614, 39.029260839001189 ], [ -75.88378180230076, 39.029566838935217 ], [ -75.883556802169849, 39.029977838834974 ], [ -75.882951802097367, 39.030470838774356 ], [ -75.883025801717224, 39.031050838979809 ], [ -75.883377802069717, 39.03152483841901 ], [ -75.883360802351277, 39.032507839248197 ], [ -75.882654801996438, 39.033942838959234 ], [ -75.881286800769388, 39.034275839606337 ], [ -75.880877801413789, 39.034920839376362 ], [ -75.880450800718222, 39.036403840143009 ], [ -75.880669801001318, 39.037361840292533 ], [ -75.880465801685148, 39.03782984002499 ], [ -75.879664801794064, 39.038362840557774 ], [ -75.878018800732676, 39.038792841074759 ], [ -75.876853800793526, 39.041194841306407 ], [ -75.876006799973396, 39.04335684212078 ], [ -75.876922800390503, 39.044312841923237 ], [ -75.877305801603455, 39.045367842785851 ], [ -75.878258801830484, 39.045451842016632 ], [ -75.878602800888757, 39.045630841763533 ], [ -75.87876980219167, 39.046355842366644 ], [ -75.878449801626203, 39.047232842337401 ], [ -75.877839800632543, 39.047553842817607 ], [ -75.876282801056206, 39.0475158423653 ], [ -75.875985800056995, 39.048594842429829 ], [ -75.874658799736153, 39.049452843147847 ], [ -75.874658799736153, 39.050222843289639 ], [ -75.873347800207114, 39.051420843031487 ], [ -75.873502800017832, 39.051810843314605 ], [ -75.873368799225204, 39.052172843689263 ], [ -75.872777800294713, 39.052650843800286 ], [ -75.87239079978211, 39.052612843997366 ], [ -75.871397800270415, 39.053547843746671 ], [ -75.871285799219109, 39.054596844187458 ], [ -75.87027979928861, 39.055706844309746 ], [ -75.870266799768146, 39.056579844834459 ], [ -75.869681799787131, 39.057354844780633 ], [ -75.868400798598728, 39.057695844824501 ], [ -75.866716798800809, 39.058399844745892 ], [ -75.86602679833949, 39.058954845347863 ], [ -75.864582797842772, 39.059295845337537 ], [ -75.863286796585754, 39.059274845295739 ], [ -75.862067797118243, 39.059983845410869 ], [ -75.861476796391145, 39.060527845459276 ], [ -75.860476797206744, 39.061115845690658 ], [ -75.857822796565031, 39.064319846654989 ], [ -75.856146795366413, 39.065253846742124 ], [ -75.852773794849412, 39.067943847368483 ], [ -75.856224796082543, 39.070574847945004 ], [ -75.856726796222858, 39.070572847729473 ], [ -75.863808798614187, 39.074473848639492 ], [ -75.866613798868642, 39.074396848041538 ], [ -75.868834799865297, 39.075067848734726 ], [ -75.883499804963392, 39.075935848189552 ], [ -75.884062805203087, 39.078598849109277 ], [ -75.885410805440358, 39.080005848318095 ], [ -75.887216805436992, 39.08322085009636 ], [ -75.888868807244506, 39.08399985009045 ], [ -75.891293806659036, 39.079832848402233 ], [ -75.943520823316845, 39.077050846229085 ], [ -75.944278823550221, 39.077213846554088 ], [ -75.945909824543008, 39.078821846731422 ], [ -75.946851824001087, 39.078940846243583 ], [ -75.954712826542178, 39.078303846762807 ], [ -75.956825827583799, 39.077305845660028 ], [ -75.96056582852195, 39.076816845587715 ], [ -75.971581832020178, 39.07611984542983 ], [ -75.979622835384646, 39.079739845640049 ], [ -75.981664835382844, 39.07766984503953 ], [ -75.984878835891209, 39.07620584439988 ], [ -75.994639839936923, 39.076931844226685 ], [ -75.995204839826457, 39.076576844034342 ], [ -75.996175839596845, 39.07505584402039 ], [ -75.998544840731498, 39.073532843169829 ], [ -76.001363841229661, 39.072851843166688 ], [ -76.0036738428131, 39.071929843557555 ], [ -76.008763843638306, 39.06900684219481 ], [ -76.00908984315322, 39.065949841754012 ], [ -76.00973684395683, 39.062559841065621 ], [ -76.012505844226254, 39.060167840993145 ], [ -76.013274844330297, 39.059035840161769 ], [ -76.016178844318944, 39.053581838862137 ], [ -76.018101845389765, 39.049454838380754 ], [ -76.018181845755706, 39.048940837314191 ], [ -76.016775844893829, 39.045332836972236 ], [ -76.007973841821254, 39.046875837697065 ], [ -76.026284846349526, 39.027510832877063 ], [ -76.029519847672589, 39.028213832879601 ], [ -76.035545849006397, 39.029088833352837 ], [ -76.052025855220293, 39.033545833987233 ], [ -76.053244855586115, 39.034431833184044 ], [ -76.055912856471537, 39.038091835098719 ], [ -76.058676857616419, 39.040746835398814 ], [ -76.062589859705227, 39.0429468354113 ], [ -76.066449860293972, 39.04481283516683 ], [ -76.068448860634462, 39.042397834837431 ], [ -76.071581861850291, 39.040841834780188 ], [ -76.072318862167265, 39.040227834562621 ], [ -76.073471862410841, 39.036407833439149 ], [ -76.076567862918424, 39.032330832672287 ], [ -76.077033863073751, 39.03143583257765 ], [ -76.077459863046101, 39.028702831852272 ], [ -76.076520862164443, 39.018837829905131 ], [ -76.07654386173067, 39.016439829162721 ], [ -76.076313861576892, 39.014657828646961 ], [ -76.098884868523626, 39.013005827956945 ], [ -76.099158868160004, 39.013673828553401 ], [ -76.099475869250725, 39.013859827926581 ], [ -76.102961869745627, 39.014594828476646 ], [ -76.106289871853434, 39.016214828183543 ], [ -76.110450871842744, 39.017208828776518 ], [ -76.112130873239337, 39.018045829119828 ], [ -76.112842873441949, 39.01858982901291 ], [ -76.11324487312487, 39.019863828439306 ], [ -76.113787873273083, 39.02038582914215 ], [ -76.115963874962205, 39.021284829305728 ], [ -76.116696875081232, 39.021256829069429 ], [ -76.117399875063001, 39.020729828635083 ], [ -76.118723875010801, 39.020393828711136 ], [ -76.122800876232844, 39.020929829177639 ], [ -76.124385877194882, 39.021467828583098 ], [ -76.126096877655286, 39.021403828092595 ], [ -76.128314878278886, 39.021552829112252 ], [ -76.128962878907416, 39.02134482807984 ], [ -76.12990687891363, 39.020652828749888 ], [ -76.130737878941929, 39.020609827898383 ], [ -76.133096880030863, 39.02097382785319 ], [ -76.135596880686776, 39.019617827919163 ], [ -76.136195880911472, 39.019595827813923 ], [ -76.136652880845986, 39.01983782859498 ], [ -76.137068881670899, 39.020304828395254 ], [ -76.137003881373559, 39.021666828331327 ], [ -76.138650881361556, 39.022452828486344 ], [ -76.138706882336379, 39.023221828306163 ], [ -76.139233881692761, 39.024617829255241 ], [ -76.139437881907256, 39.025809828862947 ], [ -76.139978882405657, 39.026589828817563 ], [ -76.140098882056236, 39.027331829094329 ], [ -76.139724881962451, 39.027665829505814 ], [ -76.139477882090219, 39.028292829432118 ], [ -76.139266882203032, 39.028363830021469 ], [ -76.139104881821325, 39.02901182931322 ], [ -76.138378881375004, 39.029637829870886 ], [ -76.13872388295313, 39.02996782991292 ], [ -76.139168882293745, 39.03095183003915 ], [ -76.139137882331596, 39.032484830644378 ], [ -76.138638882564308, 39.033834830510372 ], [ -76.138913882923944, 39.034935831122326 ], [ -76.138215882965014, 39.03549783125213 ], [ -76.138281882188934, 39.036573831694021 ], [ -76.1401928826659, 39.037974832052384 ], [ -76.143128884238223, 39.039758831330289 ], [ -76.147957885845841, 39.041700832508219 ], [ -76.149273886296044, 39.042691832556628 ], [ -76.149330886197461, 39.043485832385983 ], [ -76.153853888381633, 39.046443832453861 ], [ -76.155883888684272, 39.04845083355039 ], [ -76.165093891287526, 39.053334833965401 ], [ -76.165410892378247, 39.057235834679425 ], [ -76.164436892234818, 39.063504836037446 ], [ -76.16491789245876, 39.068953836680961 ], [ -76.162062891975594, 39.069678837068402 ], [ -76.151922889609821, 39.085042840695827 ], [ -76.148324888063584, 39.091899842938062 ], [ -76.147413888567655, 39.099755844183086 ], [ -76.149308889151072, 39.09863284342218 ], [ -76.156945891386215, 39.094989842173092 ], [ -76.172028896060723, 39.082171839167842 ], [ -76.178956897567957, 39.075808838459466 ], [ -76.187256899601877, 39.066565836312535 ], [ -76.19526790103248, 39.056514833282343 ], [ -76.19954090207311, 39.047583831410364 ], [ -76.200821902363188, 39.040568830088894 ], [ -76.200501902696061, 39.039122829766178 ], [ -76.192177899474373, 39.027339827877391 ], [ -76.186585895813892, 39.018210825681933 ], [ -76.182145894368716, 39.008372824357814 ], [ -76.181931894108445, 39.004103823967895 ], [ -76.186554895851756, 39.000109821640415 ], [ -76.189911896475238, 38.998153822192222 ], [ -76.194642897275273, 38.995742820576673 ], [ -76.200745899500262, 38.993560820266971 ], [ -76.205277901006966, 38.99260681998075 ], [ -76.208467902124198, 38.992435819940376 ], [ -76.214966904184351, 38.992987820495735 ], [ -76.220628906368418, 38.994026819935499 ], [ -76.226853908792165, 38.995768820202912 ], [ -76.232697909652799, 38.997863819698004 ], [ -76.249383915731016, 39.006472821249645 ], [ -76.26023091917483, 39.011823822199901 ], [ -76.26021491928131, 39.012214822813277 ], [ -76.259503918903604, 39.01273182230134 ], [ -76.25799691865771, 39.01182582268337 ], [ -76.264746921686324, 39.027865825081278 ], [ -76.264028921635926, 39.028374825221526 ], [ -76.242753915946238, 39.048671830013625 ], [ -76.235412913987133, 39.056287832294871 ], [ -76.237000914423902, 39.063188833791678 ], [ -76.236047915993481, 39.080687836425113 ], [ -76.238269916815057, 39.08956083796371 ], [ -76.242713918458207, 39.100651841182511 ], [ -76.250331922223381, 39.113468843312077 ], [ -76.250649922240697, 39.11913684405463 ], [ -76.248109922300131, 39.123326845289441 ], [ -76.249062922527159, 39.127763846373206 ], [ -76.260489926827447, 39.132199846755292 ], [ -76.264933928470612, 39.137868847453966 ], [ -76.283344934354602, 39.138854847562534 ], [ -76.285883935368588, 39.149699849599394 ], [ -76.281122934431338, 39.163994852644613 ], [ -76.279299933817938, 39.170360853701418 ], [ -76.26797893161951, 39.186719857236447 ], [ -76.258343929767108, 39.196253858856551 ], [ -76.250314927894848, 39.214698863974228 ], [ -76.242285926022561, 39.229621866781827 ], [ -76.233186924645693, 39.241227869608096 ], [ -76.229975923612074, 39.254906872698847 ], [ -76.221143921300566, 39.268377875611009 ], [ -76.208564918378244, 39.277082878044702 ], [ -76.201874916522399, 39.283714879604396 ], [ -76.191436914230806, 39.287859880076105 ], [ -76.185281912127238, 39.293662881978243 ], [ -76.182872911707904, 39.302367883806831 ], [ -76.182872911707904, 39.305476884748451 ], [ -76.186351912530156, 39.308170885063127 ], [ -76.191436915129145, 39.310450885570972 ], [ -76.191436915129145, 39.313766885705668 ], [ -76.190901915376827, 39.320191886929337 ], [ -76.186887913903973, 39.323714888286545 ], [ -76.1788589120317, 39.326201888515264 ], [ -76.174576910770256, 39.333870890541739 ], [ -76.163335908039457, 39.338429891798853 ], [ -76.15181490402783, 39.339619892573452 ], [ -76.14539190303401, 39.344646893239791 ], [ -76.138691900234065, 39.353558895629625 ], [ -76.131187898966672, 39.358532896741352 ], [ -76.12100389532165, 39.363092898036669 ], [ -76.116715895110744, 39.371589900182947 ], [ -76.115107894582493, 39.375942900668683 ], [ -76.10251189104342, 39.375734901158204 ], [ -76.08535988480989, 39.374698901751117 ], [ -76.063919878365439, 39.375942902057446 ], [ -76.044355872237844, 39.37386990310808 ], [ -76.034439869279751, 39.372004902459906 ], [ -76.018814863383597, 39.368272903024668 ], [ -75.998226857782171, 39.372768903862514 ], [ -75.993933856650088, 39.37585590507851 ], [ -75.995095857114507, 39.376113905620926 ], [ -76.000222858647945, 39.376658905075075 ], [ -76.004105859701227, 39.376262904794729 ], [ -76.00666985993125, 39.375754904730258 ], [ -76.013840862011037, 39.375277904741161 ], [ -76.02120386550807, 39.375289904047122 ], [ -76.026864866968907, 39.375628904420978 ], [ -76.036019869320597, 39.376899903334305 ], [ -76.041901871612666, 39.378199904000269 ], [ -76.046715874049994, 39.379763904295999 ], [ -76.050744874693137, 39.381350904413544 ], [ -76.055871876226576, 39.384112904794421 ], [ -76.059701878474726, 39.386493904430203 ], [ -76.064583878887461, 39.390021906301854 ], [ -76.06859688143372, 39.393275906366625 ], [ -76.072442881778755, 39.396968906671148 ], [ -76.076081884231186, 39.400851907429185 ], [ -76.079926885649627, 39.405513908086611 ], [ -76.086358886864318, 39.402575907361282 ], [ -76.096390889275028, 39.398784905947124 ], [ -76.114708895272628, 39.393328904199386 ], [ -76.124695898375833, 39.389975903385142 ], [ -76.141213903326246, 39.380420900898514 ], [ -76.225312926177381, 39.308406883627399 ], [ -76.250702932723939, 39.286910878106184 ], [ -76.287690942376656, 39.254111870349945 ], [ -76.342280961219686, 39.28131487398889 ], [ -76.344280961385095, 39.28251487386455 ], [ -76.34378096179293, 39.284514875022381 ], [ -76.360268966606071, 39.28851487496199 ], [ -76.381636973978829, 39.294197874613864 ], [ -76.389882976484387, 39.297214874763981 ], [ -76.407483982256494, 39.305513876469199 ], [ -76.401283981743717, 39.319513879507078 ], [ -76.402884981700964, 39.32371488064247 ], [ -76.40690098372194, 39.327389880752541 ], [ -76.409051984398403, 39.331251881226734 ], [ -76.408440984478119, 39.331348881802768 ], [ -76.409176984071877, 39.332675881557229 ], [ -76.409406985123965, 39.334192882131198 ], [ -76.409754985278497, 39.334186882422323 ], [ -76.409243984917339, 39.33496388247508 ], [ -76.410834984828824, 39.335569882646986 ], [ -76.407897984329907, 39.336835882738754 ], [ -76.404699983715062, 39.337528883027197 ], [ -76.406376983840289, 39.339526883751283 ], [ -76.408586984966306, 39.340615883465844 ], [ -76.408604985407976, 39.341094883454502 ], [ -76.409034985578273, 39.341239883369518 ], [ -76.409302985366892, 39.341554883897189 ], [ -76.438853994597693, 39.33273388090138 ], [ -76.439786994733225, 39.333268881292398 ], [ -76.440710994647972, 39.333473880578183 ], [ -76.444883995231137, 39.333256880325877 ], [ -76.448801997342841, 39.333486879963573 ], [ -76.451164997731397, 39.333920880451466 ], [ -76.453601998638135, 39.334621880478991 ], [ -76.455388999266532, 39.33532088009234 ], [ -76.457452999904362, 39.336371881205473 ], [ -76.467964003787515, 39.342979881813747 ], [ -76.457415001167831, 39.350505883722491 ], [ -76.454261000035615, 39.353158884871483 ], [ -76.458850001443722, 39.354498884251157 ], [ -76.459720001830078, 39.354992884965938 ], [ -76.460526001744029, 39.355692884609176 ], [ -76.454065001115367, 39.360484885868708 ], [ -76.447893999118264, 39.368550887222824 ], [ -76.445980998093177, 39.370678887618617 ], [ -76.445126998498651, 39.370405887646349 ], [ -76.444018997562594, 39.369278887912472 ], [ -76.442776996732235, 39.368468888176757 ], [ -76.441970996818284, 39.36753988741529 ], [ -76.440773996193784, 39.366776887199755 ], [ -76.440302996015589, 39.366181887560607 ], [ -76.439739995775895, 39.366094887447737 ], [ -76.438948995930559, 39.365637887661087 ], [ -76.43877599657651, 39.365736887902045 ], [ -76.438883995633233, 39.366172886907385 ], [ -76.438672995746032, 39.366249886902899 ], [ -76.438360995576502, 39.366021887580658 ], [ -76.438261995842311, 39.365619887602215 ], [ -76.437750995481139, 39.365481887459588 ], [ -76.43753299502292, 39.365122887461965 ], [ -76.436353994840076, 39.365195887574181 ], [ -76.435941995111435, 39.364711887023262 ], [ -76.432944994338044, 39.36782088787362 ], [ -76.432609994602302, 39.369194888273654 ], [ -76.430109993946374, 39.37280188994071 ], [ -76.428386992892072, 39.37481788951473 ], [ -76.426782993460108, 39.377805890747673 ], [ -76.424951992450787, 39.378455891225954 ], [ -76.423519991649627, 39.376524890337315 ], [ -76.422928990922529, 39.376119889925612 ], [ -76.421135990446345, 39.375716889813994 ], [ -76.419189990707608, 39.375777890047488 ], [ -76.417206990260638, 39.375551889769042 ], [ -76.415813988919226, 39.375143890129941 ], [ -76.413724988167047, 39.373172889714354 ], [ -76.409737987356678, 39.37076988968704 ], [ -76.407344985932582, 39.36847388906989 ], [ -76.399066983639955, 39.363577887692344 ], [ -76.393820981382504, 39.363167888695216 ], [ -76.389757980404184, 39.362508888529902 ], [ -76.381263978201503, 39.363820888950144 ], [ -76.377987976870543, 39.363610889224617 ], [ -76.375019975511165, 39.363777889226455 ], [ -76.374172975589346, 39.363704889715649 ], [ -76.37418197581016, 39.363502889139795 ], [ -76.373455975363839, 39.363597889191112 ], [ -76.371756974599009, 39.363372889189165 ], [ -76.368644974197878, 39.362411888828007 ], [ -76.362281971681867, 39.369845891165028 ], [ -76.354809970201501, 39.379210893194347 ], [ -76.34587796833091, 39.38997889563754 ], [ -76.347020969427049, 39.39301889605413 ], [ -76.348392969055439, 39.394543896643476 ], [ -76.347356968089429, 39.394707896558572 ], [ -76.34618996850044, 39.3955128969558 ], [ -76.346695968838731, 39.396499896736884 ], [ -76.347700968944309, 39.396331896918383 ], [ -76.348117968695817, 39.39676189725791 ], [ -76.347776969112289, 39.397895897678431 ], [ -76.348192969937216, 39.398372897201149 ], [ -76.348274969054657, 39.39872689687337 ], [ -76.34770196966754, 39.400418897458955 ], [ -76.346166968934213, 39.401719898302183 ], [ -76.345979968438158, 39.402054897707004 ], [ -76.345926968734702, 39.402276897934577 ], [ -76.346354969255188, 39.403253898224001 ], [ -76.346350969057227, 39.403907897895373 ], [ -76.346176968979961, 39.404321897988105 ], [ -76.344867969100761, 39.405599899128525 ], [ -76.344925968827098, 39.405811899272159 ], [ -76.344621969053478, 39.405865898884876 ], [ -76.343132968350915, 39.407020899485133 ], [ -76.342609968294184, 39.40771889915586 ], [ -76.342496968316283, 39.409695899979404 ], [ -76.342235968200384, 39.410118899567216 ], [ -76.344951969664663, 39.412096900470452 ], [ -76.345799969411416, 39.413197900441908 ], [ -76.346079969793905, 39.413820900035439 ], [ -76.346192969771806, 39.415788900847375 ], [ -76.346782969775703, 39.417871900531331 ], [ -76.347140969975968, 39.418525901208028 ], [ -76.347840970483006, 39.418715901309156 ], [ -76.349900970922917, 39.418655901150537 ], [ -76.35042397097962, 39.418806901115708 ], [ -76.351712971665634, 39.420562900900926 ], [ -76.352704972250734, 39.420907901904869 ], [ -76.353048972207318, 39.421189901209672 ], [ -76.353394972712067, 39.422421901736939 ], [ -76.354420972734019, 39.42296990228499 ], [ -76.353799972768002, 39.423922902089458 ], [ -76.353863973240422, 39.425905902256339 ], [ -76.355685973130605, 39.429004903319679 ], [ -76.362764975148892, 39.427879902568762 ], [ -76.365234976565901, 39.427094901725525 ], [ -76.367813976864525, 39.425723902325529 ], [ -76.373494978416858, 39.421425900543298 ], [ -76.374032979440514, 39.421677900702079 ], [ -76.374012979349018, 39.422314901705867 ], [ -76.374968979949102, 39.422739901670447 ], [ -76.375180979661209, 39.4232829013649 ], [ -76.375930979498662, 39.423778901692849 ], [ -76.376488979715489, 39.423740901143425 ], [ -76.378167979490556, 39.424583901012674 ], [ -76.379332981226341, 39.424757901034873 ], [ -76.380145980812955, 39.424606901471272 ], [ -76.380446981111845, 39.425395902256589 ], [ -76.380020980241184, 39.427183901910269 ], [ -76.38020798163555, 39.428693901924831 ], [ -76.380978981389404, 39.429507902874022 ], [ -76.378274980518981, 39.432664902952311 ], [ -76.377786980622346, 39.434071903371283 ], [ -76.377153980062445, 39.435229903638124 ], [ -76.37763898138266, 39.436181904609711 ], [ -76.37147997908113, 39.440432905246524 ], [ -76.370250978669574, 39.441016905764087 ], [ -76.368133978328288, 39.441717905408403 ], [ -76.364861977195289, 39.442219905770571 ], [ -76.345743971131554, 39.442104906109329 ], [ -76.343549970797383, 39.442308906059672 ], [ -76.340759969713233, 39.442990905997021 ], [ -76.325876965055244, 39.448772908460157 ], [ -76.309953960131594, 39.457075910028841 ], [ -76.298945957927614, 39.461787912458639 ], [ -76.285617953196123, 39.467033913894241 ], [ -76.279709951863069, 39.469808914032598 ], [ -76.277470951323053, 39.47105891451374 ], [ -76.275630950092904, 39.472386914697204 ], [ -76.272118949658704, 39.475501915100836 ], [ -76.270137949759871, 39.476798916228418 ], [ -76.261904946774777, 39.480691916983162 ], [ -76.257608945269638, 39.482539916989353 ], [ -76.248809943468416, 39.485149918461417 ], [ -76.246312942287233, 39.486239919090202 ], [ -76.243794942087959, 39.48767691900526 ], [ -76.24220894130103, 39.488802919179406 ], [ -76.240434941091422, 39.490382919382768 ], [ -76.235241939435738, 39.496469921045964 ], [ -76.23286893900142, 39.498550921054616 ], [ -76.230192937720091, 39.500206921732541 ], [ -76.228249937456084, 39.50108692171699 ], [ -76.217883934236184, 39.504739923076336 ], [ -76.214650933461257, 39.506357923408792 ], [ -76.212420933142084, 39.508029923619276 ], [ -76.200741929845037, 39.51906292725247 ], [ -76.200387929842705, 39.518800926515631 ], [ -76.200451929416801, 39.518421926573332 ], [ -76.200139929247271, 39.518097926537266 ], [ -76.198876929398836, 39.517405926874694 ], [ -76.199004929445351, 39.516026926283701 ], [ -76.198302929288488, 39.515895926550051 ], [ -76.197117928359532, 39.515170925958977 ], [ -76.197061928283034, 39.514851925408557 ], [ -76.1966719282957, 39.514582925952404 ], [ -76.196061928200336, 39.514423925562497 ], [ -76.195969928138808, 39.514308925319519 ], [ -76.196125927774432, 39.513572925771236 ], [ -76.196004927400622, 39.513308926421089 ], [ -76.194472927938648, 39.513023925807616 ], [ -76.194331927473343, 39.512677925821031 ], [ -76.193855928170592, 39.512391926029501 ], [ -76.193941927486009, 39.512051925331988 ], [ -76.193777927454477, 39.511699925661631 ], [ -76.194252926932322, 39.510831925846972 ], [ -76.194727927308463, 39.509442925469287 ], [ -76.194444927451244, 39.508717924763218 ], [ -76.194507927200434, 39.50816892455466 ], [ -76.194316927404728, 39.507855924454844 ], [ -76.194805927126268, 39.50766892464798 ], [ -76.195039927478007, 39.507190923996021 ], [ -76.195159928026925, 39.506509923956244 ], [ -76.194954927089185, 39.505532923766879 ], [ -76.195620927261047, 39.504493924385578 ], [ -76.195627927832049, 39.504104924360277 ], [ -76.196336927661633, 39.503274923380765 ], [ -76.196272928087524, 39.502703923035995 ], [ -76.196896928426611, 39.502104923420148 ], [ -76.19722292794151, 39.50123192327608 ], [ -76.197257927203296, 39.500621923066163 ], [ -76.196803927641881, 39.500259923505716 ], [ -76.196395927212862, 39.499477922825783 ], [ -76.196423927700266, 39.498494922759811 ], [ -76.196246927249945, 39.497917922464318 ], [ -76.195388927457458, 39.498099922947311 ], [ -76.194764927118399, 39.49774292267027 ], [ -76.193311925502528, 39.497967922423605 ], [ -76.192240925274731, 39.496918922242436 ], [ -76.192162925456898, 39.496605922769028 ], [ -76.192481926197473, 39.496155922035314 ], [ -76.192325925663525, 39.495638922867812 ], [ -76.193183926354322, 39.495287922154837 ], [ -76.192970925918985, 39.494683922241784 ], [ -76.191645925247954, 39.493799921704444 ], [ -76.191765925796872, 39.491426922127886 ], [ -76.192031925037327, 39.490833921108077 ], [ -76.184145923280198, 39.494019922226954 ], [ -76.174971920661946, 39.49065592178961 ], [ -76.1709859187782, 39.494904922352795 ], [ -76.168411917604104, 39.49382992235234 ], [ -76.164822917177034, 39.498245924064335 ], [ -76.162489916925693, 39.500063924737709 ], [ -76.165252917347331, 39.501752924651221 ], [ -76.165625917616225, 39.502295924443814 ], [ -76.16535891765254, 39.50263392466416 ], [ -76.164682918333256, 39.50185092414884 ], [ -76.159444915573417, 39.498838924247771 ], [ -76.156514914747191, 39.504569925353202 ], [ -76.152539913632395, 39.503422925778139 ], [ -76.153344914619737, 39.504130925411637 ], [ -76.15946891676117, 39.507397926236393 ], [ -76.161889917774374, 39.508856926401542 ], [ -76.164306917691306, 39.509519925971759 ], [ -76.169258919322573, 39.511336926212806 ], [ -76.159069916553022, 39.51622492784567 ], [ -76.160637916898267, 39.51744492825879 ], [ -76.164956917969647, 39.520122927953757 ], [ -76.168052920273851, 39.521679928315727 ], [ -76.169879920186915, 39.5221909283011 ], [ -76.176016921848799, 39.522780928159804 ], [ -76.180982924622072, 39.522492928568397 ], [ -76.183236924332391, 39.522706928215172 ], [ -76.184643925019188, 39.523017928125988 ], [ -76.187177926010307, 39.523979928034635 ], [ -76.191887927792237, 39.526591928190477 ], [ -76.18145392480028, 39.531054930386162 ], [ -76.180070923504616, 39.531740929809459 ], [ -76.177511924195784, 39.533451930884681 ], [ -76.176163923060216, 39.5346519305307 ], [ -76.174411922591915, 39.536671931525213 ], [ -76.170356922009518, 39.543149932026303 ], [ -76.168523921350371, 39.545284933412987 ], [ -76.157493918506745, 39.554440935239846 ], [ -76.146755915741181, 39.562109937330902 ], [ -76.145633914561401, 39.559950936914717 ], [ -76.143073914529367, 39.555933936127417 ], [ -76.142640913986, 39.550975935311115 ], [ -76.144416913845404, 39.54729693471657 ], [ -76.145712914204154, 39.545844934111031 ], [ -76.146513914095209, 39.544216934204762 ], [ -76.147297914267838, 39.543170932875363 ], [ -76.148636914284268, 39.542354933408276 ], [ -76.150630915500216, 39.54203293345406 ], [ -76.150048914993931, 39.538877932375115 ], [ -76.149318914349664, 39.536610932170326 ], [ -76.149308914303916, 39.534479931704787 ], [ -76.148039914607693, 39.53241993171217 ], [ -76.145145912868159, 39.528776930285986 ], [ -76.144623912636348, 39.528418930507868 ], [ -76.143282912071783, 39.528052930943943 ], [ -76.14294291231316, 39.526960930832736 ], [ -76.141640912106652, 39.525968930025897 ], [ -76.140302911915143, 39.524497930354386 ], [ -76.13998391117461, 39.523928929579753 ], [ -76.142427911754027, 39.522838929559548 ], [ -76.141628911512782, 39.521633929858872 ], [ -76.14078491106568, 39.52151292953954 ], [ -76.14047291089615, 39.521194928937796 ], [ -76.140302911016832, 39.520578929034457 ], [ -76.139470910265317, 39.519685929161632 ], [ -76.13950991062336, 39.519163928542156 ], [ -76.138718910778039, 39.518473929039239 ], [ -76.138349910707092, 39.517674928566038 ], [ -76.138283909686521, 39.517016927756849 ], [ -76.138303909778031, 39.516734928471934 ], [ -76.13858191051068, 39.516466928680323 ], [ -76.139988911197477, 39.516151928539479 ], [ -76.140491911162727, 39.516222927846734 ], [ -76.140506910333031, 39.516469928668165 ], [ -76.14143091114606, 39.517107928689867 ], [ -76.142284911638896, 39.516564928910178 ], [ -76.142617911724841, 39.516136928530138 ], [ -76.143290911569395, 39.516021928350952 ], [ -76.143908912060667, 39.515658927922416 ], [ -76.145992912789978, 39.514945927845481 ], [ -76.146263912053314, 39.514540927048515 ], [ -76.146327912525734, 39.513801927083044 ], [ -76.146131912707162, 39.513478927713706 ], [ -76.145104911961951, 39.512759927836406 ], [ -76.14362091218058, 39.512285927087184 ], [ -76.142649910613557, 39.511761927560073 ], [ -76.141412910704403, 39.510204927351339 ], [ -76.140542910318047, 39.509489926551232 ], [ -76.139956909613801, 39.509298926586894 ], [ -76.139438910478262, 39.509423927087369 ], [ -76.134983908066147, 39.511635927042015 ], [ -76.133565908406993, 39.511860927559283 ], [ -76.131324907318842, 39.512704928565988 ], [ -76.130510907907308, 39.512676927849583 ], [ -76.130363906695891, 39.512989927715971 ], [ -76.129990906426968, 39.512676927849597 ], [ -76.129991907150213, 39.512385927780542 ], [ -76.130502907511399, 39.511534927974424 ], [ -76.130630907557901, 39.510710927501954 ], [ -76.130178907646297, 39.508645927380371 ], [ -76.130285906878086, 39.507772926233457 ], [ -76.130882907452957, 39.506311926588367 ], [ -76.130621907337073, 39.50476492649819 ], [ -76.13070490717773, 39.503591926125729 ], [ -76.129488906286667, 39.500297925968475 ], [ -76.128783905756734, 39.495722924090991 ], [ -76.127202904992672, 39.490510923819009 ], [ -76.124674903849339, 39.488296923128971 ], [ -76.119266902108478, 39.48827092378054 ], [ -76.114453900394395, 39.488617923670063 ], [ -76.099983896188292, 39.487943924051955 ], [ -76.081101890126092, 39.486469924240041 ], [ -76.038630876592791, 39.483864924715469 ], [ -76.040363877692826, 39.489796925982979 ], [ -76.041977878967188, 39.494235927721839 ], [ -76.042661878682395, 39.49558992707545 ], [ -76.044131879118382, 39.499455928621863 ], [ -76.044945879428241, 39.500121928469433 ], [ -76.046967881131607, 39.503670929313529 ], [ -76.092955896918582, 39.523857931913 ], [ -76.09978789816634, 39.527758932043689 ], [ -76.099870898905337, 39.527836932170196 ], [ -76.099537898819392, 39.528143931967939 ], [ -76.101373898953284, 39.529527932141391 ], [ -76.10187789964175, 39.529232932052807 ], [ -76.112059902738622, 39.537081934088732 ], [ -76.117225904630132, 39.534567933413058 ], [ -76.117353903778337, 39.534515932606034 ], [ -76.117468905202699, 39.534709932407154 ], [ -76.122546906332346, 39.532173931957281 ], [ -76.123015905962419, 39.532449932315473 ], [ -76.123384906033351, 39.533333932403259 ], [ -76.119976905356225, 39.535020932599799 ], [ -76.117318904516566, 39.536696933153301 ], [ -76.114923904340941, 39.538576933769505 ], [ -76.112983903551665, 39.540466934006325 ], [ -76.111389903267124, 39.542343934781222 ], [ -76.110102902230921, 39.544270935248107 ], [ -76.103057901446135, 39.557910938479409 ], [ -76.099745900130173, 39.562977939536736 ], [ -76.098361899907914, 39.564180939040355 ], [ -76.0932308981765, 39.566395939731244 ], [ -76.09012689817132, 39.563251939943001 ], [ -76.088013897129684, 39.560443939544555 ], [ -76.085973896781297, 39.559018939102657 ], [ -76.076273891936651, 39.543819936058576 ], [ -76.069872889785771, 39.534519934321636 ], [ -76.06447288754255, 39.527219933136642 ], [ -76.046171883060012, 39.544720937459267 ], [ -76.045271882536426, 39.5465209379038 ], [ -76.043618881802345, 39.548912937980219 ], [ -76.033166879267029, 39.562894941404053 ], [ -76.03279188024662, 39.563824941135046 ], [ -76.032794879721351, 39.565512942489818 ], [ -76.032586879308894, 39.566250941948738 ], [ -76.032625879666952, 39.566848942364842 ], [ -76.03292088011807, 39.567375942225809 ], [ -76.032293879405941, 39.56780494245475 ], [ -76.032022879244295, 39.568909943096976 ], [ -76.031156879055871, 39.569346942944108 ], [ -76.030500878929757, 39.56988894268671 ], [ -76.030506879675855, 39.570784942533464 ], [ -76.031131879839833, 39.572120943310601 ], [ -76.031186880091425, 39.572559943453044 ], [ -76.030881879594588, 39.572766944014752 ], [ -76.030774879464474, 39.573311943634991 ], [ -76.030384879477111, 39.573498943231478 ], [ -76.030377878906108, 39.574042943469799 ], [ -76.030009879558392, 39.574867944141793 ], [ -76.030040879520527, 39.575334943890809 ], [ -76.029468879060005, 39.575705943930913 ], [ -76.029549879250851, 39.575909944603652 ], [ -76.030190879308364, 39.576009943668772 ], [ -76.031244879817763, 39.576721944086678 ], [ -76.031412880047228, 39.5787019444926 ], [ -76.030851879457359, 39.579477945484427 ], [ -76.030845879609586, 39.579828945150197 ], [ -76.031915880910788, 39.582546945192675 ], [ -76.031048879999162, 39.583783945917567 ], [ -76.029622879944114, 39.585191946554495 ], [ -76.029317880345573, 39.585722945585601 ], [ -76.0281588793559, 39.588257946252874 ], [ -76.028114878974961, 39.589298947222538 ], [ -76.028512879358246, 39.589814947307794 ], [ -76.028226880026281, 39.590037947158912 ], [ -76.027390879975101, 39.590123947676481 ], [ -76.026919879796935, 39.590543946915595 ], [ -76.026024879296173, 39.592475947172048 ], [ -76.025606878821449, 39.592896948353449 ], [ -76.025393879284422, 39.593562947718539 ], [ -76.02497987900766, 39.59414794794975 ], [ -76.025405878979996, 39.594810947685097 ], [ -76.026612878751934, 39.595874948386346 ], [ -76.027170879867086, 39.596156947994857 ], [ -76.027117880163644, 39.596553948369873 ], [ -76.026653879658127, 39.597126949104499 ], [ -76.026628879543779, 39.597429948801924 ], [ -76.027177879539778, 39.598418948337986 ], [ -76.027881879346467, 39.598833948925218 ], [ -76.026986879744072, 39.599992949684712 ], [ -76.026972879500363, 39.600291948613467 ], [ -76.027941879620926, 39.600643948915788 ], [ -76.028798880486804, 39.601522949303423 ], [ -76.029235880329807, 39.602465949671853 ], [ -76.02913488094579, 39.603274949055567 ], [ -76.028875880479703, 39.603645949706788 ], [ -76.030131881553757, 39.604299950241909 ], [ -76.029876881285645, 39.604912949965687 ], [ -76.030206880998506, 39.606126950070617 ], [ -76.033360882130722, 39.605530950284262 ], [ -76.037253883229766, 39.604208949441009 ], [ -76.044380884928614, 39.600655948847368 ], [ -76.046478885901635, 39.59982594833221 ], [ -76.061619890302467, 39.595907947177437 ], [ -76.063249891470349, 39.595348947388963 ], [ -76.066204891512612, 39.593626946258077 ], [ -76.073834894075048, 39.58805794524568 ], [ -76.076600894869742, 39.586673945246645 ], [ -76.078271895147182, 39.586164944481737 ], [ -76.080291896302384, 39.585796944801622 ], [ -76.092478899587547, 39.585762943581223 ], [ -76.094907900098349, 39.585566943143768 ], [ -76.096679901556456, 39.584973944152175 ], [ -76.106084903255066, 39.580532942834104 ], [ -76.135675915363791, 39.613115948242886 ], [ -76.135975915837761, 39.614115947684844 ], [ -76.14408291842615, 39.617716948606102 ], [ -76.144656917638187, 39.617510948002462 ], [ -76.144919918302236, 39.617779949125129 ], [ -76.145423918092405, 39.617186948405823 ], [ -76.145508918481198, 39.616410948348843 ], [ -76.147971918428908, 39.616405947958235 ], [ -76.146779918725571, 39.61460494721014 ], [ -76.148827919469895, 39.613381947118555 ], [ -76.149721919247369, 39.613497947177123 ], [ -76.150325919494961, 39.613881947415997 ], [ -76.15307892076919, 39.616683947953689 ], [ -76.15427892086845, 39.618210947864711 ], [ -76.155889921769713, 39.621116948110924 ], [ -76.157316922548006, 39.622401949150266 ], [ -76.15920492256042, 39.623368949144478 ], [ -76.162074924010497, 39.623704949642807 ], [ -76.163174924550646, 39.623501949075553 ], [ -76.163920925088448, 39.623182949056726 ], [ -76.164673924400631, 39.622556949046896 ], [ -76.165156924274385, 39.621919948373815 ], [ -76.166322924936765, 39.61902594814616 ], [ -76.166833925297922, 39.618465947528236 ], [ -76.167621925668541, 39.618004948039328 ], [ -76.16848192600915, 39.618015947121748 ], [ -76.168857925752775, 39.618383947939691 ], [ -76.168779925036674, 39.619657947622272 ], [ -76.169176925595011, 39.620503948619763 ], [ -76.170930926611447, 39.621250948780045 ], [ -76.17402692711903, 39.621371948138908 ], [ -76.175276927446987, 39.621162947729552 ], [ -76.178401929165204, 39.620185947813795 ], [ -76.181232930257238, 39.62083494773475 ], [ -76.182249930058376, 39.621359947645836 ], [ -76.183186930391884, 39.621398948029906 ], [ -76.183705930250653, 39.621250948088097 ], [ -76.184287930756938, 39.620734947629693 ], [ -76.184373930970665, 39.620256947926819 ], [ -76.184138930794035, 39.619806948093469 ], [ -76.181796929423527, 39.61787894735351 ], [ -76.181945929386444, 39.617433946907283 ], [ -76.182357930013396, 39.617164947207861 ], [ -76.183755930479364, 39.617208946828903 ], [ -76.185928930897163, 39.617933947692087 ], [ -76.186779931016929, 39.618015946429757 ], [ -76.188128931977417, 39.617812947166364 ], [ -76.190287933049788, 39.617143946623941 ], [ -76.191778932503865, 39.617713946767651 ], [ -76.19346193337519, 39.617477946357326 ], [ -76.19436393444694, 39.61770794655019 ], [ -76.196729934310227, 39.617800947440109 ], [ -76.200755936376936, 39.617673946461501 ], [ -76.201338935809815, 39.617157946321974 ], [ -76.20141693562762, 39.616388946212176 ], [ -76.201252935596088, 39.61549394637165 ], [ -76.202215935868864, 39.61439494577386 ], [ -76.20284793660386, 39.614245946108369 ], [ -76.205488936826768, 39.614593945509654 ], [ -76.207093937880316, 39.615136945644558 ], [ -76.208379938193275, 39.615884946241671 ], [ -76.21031293930983, 39.616729945674635 ], [ -76.211804939487124, 39.61816394636967 ], [ -76.214093940255864, 39.619406946400375 ], [ -76.214619940685651, 39.620367946739229 ], [ -76.214903940367762, 39.621476946656259 ], [ -76.215145940217113, 39.621767946637405 ], [ -76.215585940433158, 39.621932947245867 ], [ -76.217098941425178, 39.621772946640654 ], [ -76.220215941849148, 39.619783946453417 ], [ -76.220449942200872, 39.619481946201972 ], [ -76.220150941551822, 39.618591945761487 ], [ -76.220249942184324, 39.618410945536482 ], [ -76.221826941852129, 39.618217945876182 ], [ -76.223700942519173, 39.617524946242213 ], [ -76.224424943315668, 39.616563945872208 ], [ -76.22575194363651, 39.615755944617263 ], [ -76.227519943998345, 39.615485944671661 ], [ -76.229031944267106, 39.615002944902166 ], [ -76.229550944125876, 39.615040944756878 ], [ -76.230331944823789, 39.615534945121887 ], [ -76.2339279467202, 39.618882945417688 ], [ -76.234644946047368, 39.619058945593345 ], [ -76.235347946927476, 39.618991945245085 ], [ -76.236036947563875, 39.618799945034098 ], [ -76.237810947773468, 39.61782094513741 ], [ -76.238563947983963, 39.61795794502045 ], [ -76.238094947455593, 39.617639945664116 ], [ -76.239201947668448, 39.616634944856827 ], [ -76.240038947544505, 39.615233944279687 ], [ -76.240838947610683, 39.612470944441014 ], [ -76.2428739488345, 39.60903694359822 ], [ -76.244868948977043, 39.608371942896454 ], [ -76.245257949139472, 39.606948942975791 ], [ -76.245711949599226, 39.606613942882625 ], [ -76.248132949714119, 39.605842943115469 ], [ -76.248962950815823, 39.605232942238324 ], [ -76.249351950079941, 39.603711941945015 ], [ -76.250737950850336, 39.600978941206428 ], [ -76.251029950928384, 39.599847941197282 ], [ -76.250980950524578, 39.599286940991846 ], [ -76.251193950061605, 39.598968941008032 ], [ -76.252095950235017, 39.598771940357487 ], [ -76.253586951485715, 39.598744941331447 ], [ -76.257652952837077, 39.600849941569408 ], [ -76.259022952815641, 39.60133394125809 ], [ -76.260591953884159, 39.601537940548361 ], [ -76.262252954115851, 39.601521940842893 ], [ -76.263282955234089, 39.601423940835879 ], [ -76.264652954314357, 39.600693941349348 ], [ -76.265455954753548, 39.599793940512761 ], [ -76.265733955486226, 39.598464940197779 ], [ -76.266152954887559, 39.598068939905353 ], [ -76.266585955430912, 39.598036940272301 ], [ -76.267302955656405, 39.598245939901616 ], [ -76.267983954998584, 39.598926939869244 ], [ -76.268635955825047, 39.601425940455982 ], [ -76.269805956685374, 39.603040940522291 ], [ -76.270543956827268, 39.60358494072738 ], [ -76.273411957729209, 39.604941941261025 ], [ -76.274404958139215, 39.606243941608795 ], [ -76.274652958734649, 39.606880941210058 ], [ -76.274744958796177, 39.608852941772348 ], [ -76.273329957713457, 39.611175942261838 ], [ -76.274010957953919, 39.612718943154839 ], [ -76.274479958482303, 39.613284943120149 ], [ -76.276545958769944, 39.614108943030431 ], [ -76.280237960925831, 39.614999942945985 ], [ -76.282985961278854, 39.614357942765821 ], [ -76.284838962029497, 39.614418942945107 ], [ -76.286585963373227, 39.614198942612937 ], [ -76.287295963027717, 39.613951942948113 ], [ -76.289120963290941, 39.612722942434779 ], [ -76.28979596368363, 39.612700942586059 ], [ -76.290434963193007, 39.613145942318766 ], [ -76.292258964529623, 39.615320943225328 ], [ -76.294566964666615, 39.617006943053767 ], [ -76.295297966034127, 39.617813943625862 ], [ -76.29600096601591, 39.618308942796439 ], [ -76.296248965713019, 39.618830943471579 ], [ -76.295957965459891, 39.619911943449473 ], [ -76.296220966123926, 39.620285943868431 ], [ -76.297121965574121, 39.620675943777165 ], [ -76.298343967211324, 39.620763944063022 ], [ -76.298769967183659, 39.621027943557237 ], [ -76.298889966834253, 39.62175794455397 ], [ -76.29867696729724, 39.622960944369211 ], [ -76.298683966969932, 39.624025944146958 ], [ -76.299081967353203, 39.624794944509588 ], [ -76.299017966880783, 39.625052944959812 ], [ -76.297402966679826, 39.625285945014447 ], [ -76.296403966422034, 39.624920944366913 ], [ -76.295771966585363, 39.624920944366913 ], [ -76.295115965560925, 39.625471944292983 ], [ -76.293744965757455, 39.627431945817243 ], [ -76.293956966367872, 39.628299944924478 ], [ -76.295419967131181, 39.630123945901168 ], [ -76.296037966724157, 39.630551946046879 ], [ -76.296946966570246, 39.630864946226232 ], [ -76.297819967329659, 39.630886945144525 ], [ -76.298466967234958, 39.630799945702066 ], [ -76.299162967544035, 39.630398946237406 ], [ -76.300604968390942, 39.628816945469076 ], [ -76.301052968104599, 39.627559944581343 ], [ -76.302870968695146, 39.62525894456428 ], [ -76.303924969204516, 39.623218944046009 ], [ -76.30435096917688, 39.622977943808912 ], [ -76.305899969255577, 39.622663943389277 ], [ -76.306659969138764, 39.622175943223645 ], [ -76.307255969888729, 39.622609943891931 ], [ -76.309290970214249, 39.625818944184779 ], [ -76.31064797157066, 39.62653294499848 ], [ -76.311193971193589, 39.627180945115477 ], [ -76.311648970579952, 39.62806494440624 ], [ -76.311989971960116, 39.629547944997853 ], [ -76.312443972419871, 39.629767944971974 ], [ -76.313523971970213, 39.629844944797625 ], [ -76.314787971643554, 39.629712945044027 ], [ -76.315412971807532, 39.629492944895013 ], [ -76.316286973290175, 39.628817945229521 ], [ -76.316399973268076, 39.628306944683331 ], [ -76.316009973280742, 39.627806944116351 ], [ -76.314545972692542, 39.626933944037596 ], [ -76.314446972060026, 39.626296944217131 ], [ -76.314070971418062, 39.62560494364164 ], [ -76.314314971815534, 39.624893944466216 ], [ -76.314655972297388, 39.624750943483939 ], [ -76.316132973304377, 39.624739944088098 ], [ -76.31653797336034, 39.624854943976011 ], [ -76.317251973212777, 39.62540194449668 ], [ -76.31828897310541, 39.625291943882978 ], [ -76.319761973016128, 39.624129943652882 ], [ -76.322907974650732, 39.622157943038324 ], [ -76.323035974697262, 39.621883943021679 ], [ -76.322630973742989, 39.621454942670255 ], [ -76.321607974094078, 39.621103942858028 ], [ -76.319207972997262, 39.61964294300126 ], [ -76.317019972510877, 39.619945943130745 ], [ -76.316487972233318, 39.619796942958743 ], [ -76.315940971887144, 39.617748942605061 ], [ -76.314938972154593, 39.616858942715879 ], [ -76.314867971111184, 39.616611942162571 ], [ -76.315158971364312, 39.615908942896439 ], [ -76.316344972118173, 39.615029942433708 ], [ -76.317594972446145, 39.614661941083952 ], [ -76.319476972610786, 39.614529941431869 ], [ -76.322827974284806, 39.614628941540523 ], [ -76.323509974350202, 39.614853941701298 ], [ -76.325433975245943, 39.616045941027849 ], [ -76.328800975915172, 39.619054941835678 ], [ -76.329184976054734, 39.619218942785473 ], [ -76.330391976724982, 39.619174942366271 ], [ -76.331158977179186, 39.619564942307846 ], [ -76.334624977582621, 39.622600942472424 ], [ -76.33567697844218, 39.624566943294944 ], [ -76.335624978563644, 39.626629943576347 ], [ -76.336128979252109, 39.627123943561216 ], [ -76.336725979827008, 39.627315944202977 ], [ -76.337606979185708, 39.627326943881279 ], [ -76.338657979322036, 39.626968943515692 ], [ -76.341795981459057, 39.62542494357762 ], [ -76.343912981800329, 39.62587494285976 ], [ -76.346363982052438, 39.628317943512172 ], [ -76.347926982374844, 39.62961894449991 ], [ -76.348701982326673, 39.630513944330559 ], [ -76.349333983061641, 39.631661944367458 ], [ -76.349533983976499, 39.633050944618795 ], [ -76.350052983835269, 39.633786944898731 ], [ -76.350713983984249, 39.634291944931874 ], [ -76.351388984376953, 39.634401944381629 ], [ -76.355322985483866, 39.633339944273175 ], [ -76.357623985948166, 39.633514944654699 ], [ -76.359889987150638, 39.633486944263637 ], [ -76.363093987613269, 39.63401794384388 ], [ -76.364535988460162, 39.634099944278205 ], [ -76.364854988302397, 39.633939944133601 ], [ -76.364925989345807, 39.633451943931895 ], [ -76.36462598797354, 39.631562943716695 ], [ -76.364390987796895, 39.631089943418012 ], [ -76.364525988414428, 39.630831943338706 ], [ -76.365746988430075, 39.630666943193823 ], [ -76.366968989168939, 39.631165943429629 ], [ -76.36968299008511, 39.631521943391711 ], [ -76.370590990106294, 39.631081942829368 ], [ -76.372492990362431, 39.629158942954199 ], [ -76.373010990396281, 39.628773942610849 ], [ -76.373436990368631, 39.628685942132734 ], [ -76.374353991508968, 39.628794943125101 ], [ -76.379394992828693, 39.630430942675794 ], [ -76.380602993323876, 39.62985994236363 ], [ -76.38154099348229, 39.628992942520746 ], [ -76.382379993906525, 39.627899942505508 ], [ -76.3828999935902, 39.626603942059241 ], [ -76.384107994085355, 39.62599494125152 ], [ -76.386770994947909, 39.625468941407043 ], [ -76.387669994748265, 39.625074941574589 ], [ -76.388713996110212, 39.625069941809926 ], [ -76.390924996162823, 39.626299941531897 ], [ -76.391840996579944, 39.62623494156216 ], [ -76.392401997169813, 39.625844941153595 ], [ -76.392714997164276, 39.625114941062762 ], [ -76.392470996766789, 39.624384940881875 ], [ -76.391803995871712, 39.62359394026813 ], [ -76.391789996526327, 39.622302940784856 ], [ -76.391329996218772, 39.620710940192879 ], [ -76.391457996265302, 39.619672940476605 ], [ -76.392047996269184, 39.619232939987853 ], [ -76.396273997454131, 39.61754893956045 ], [ -76.39817699753516, 39.617395939370397 ], [ -76.399404999020135, 39.617955939649832 ], [ -76.399581998572131, 39.620108940007121 ], [ -76.399807998527933, 39.620745939358692 ], [ -76.40070999959967, 39.622118940314152 ], [ -76.400836998922955, 39.623557940630462 ], [ -76.400828998527047, 39.624820941171173 ], [ -76.400188999192764, 39.625438940908623 ], [ -76.400593999248713, 39.625812941210498 ], [ -76.400066999892331, 39.62646394122671 ], [ -76.401655999255695, 39.627241940912434 ], [ -76.402276999221726, 39.627197941442795 ], [ -76.403919000085153, 39.626359941769074 ], [ -76.405175001159222, 39.62511394124887 ], [ -76.408485001927048, 39.622869940418511 ], [ -76.411305002250103, 39.62048693957685 ], [ -76.421998005708147, 39.622809939922952 ], [ -76.423521006745901, 39.622969939514441 ], [ -76.42488900707464, 39.622905939722251 ], [ -76.425887007507512, 39.622466939573634 ], [ -76.428033008161108, 39.620701939218286 ], [ -76.429048007414124, 39.620496939076055 ], [ -76.430558008033074, 39.620541939226861 ], [ -76.431221008730205, 39.620317938755804 ], [ -76.435600010076016, 39.617540938098074 ], [ -76.438094010884171, 39.616247937919532 ], [ -76.443257012402626, 39.613108937259007 ], [ -76.444301011967937, 39.611846936826851 ], [ -76.445104012407171, 39.612262936530222 ], [ -76.447174012892773, 39.613944936893041 ], [ -76.449945014608673, 39.615489937563645 ], [ -76.454438016655601, 39.62342793893815 ], [ -76.455720016770613, 39.625010938885751 ], [ -76.457204017450323, 39.626309938807402 ], [ -76.45886101748404, 39.626898939006736 ], [ -76.462723019519245, 39.627410939354171 ], [ -76.466293020578064, 39.628362939269053 ], [ -76.467923020847621, 39.628252939903149 ], [ -76.474161022791861, 39.62711493857752 ], [ -76.474807022872241, 39.627226938627608 ], [ -76.475997022925739, 39.624348938196043 ], [ -76.476259022866572, 39.622531937547336 ], [ -76.476870022786827, 39.622671938032006 ], [ -76.478155023274894, 39.623507937719779 ], [ -76.480494024272346, 39.622718937157586 ], [ -76.483753024986541, 39.621986937584268 ], [ -76.483569024863527, 39.620569937245385 ], [ -76.483805025763388, 39.620264936619947 ], [ -76.48667002629233, 39.618706936490788 ], [ -76.488307026234551, 39.617352935642344 ], [ -76.4911050268163, 39.616621935993734 ], [ -76.491269026847846, 39.61437693526058 ], [ -76.491475026712166, 39.613821935668192 ], [ -76.491824026691603, 39.613731935595503 ], [ -76.494821028363333, 39.613928935210069 ], [ -76.497289029232192, 39.613741935378691 ], [ -76.499074029312439, 39.612531935210548 ], [ -76.500675030167997, 39.610737934862136 ], [ -76.503041030031298, 39.612008935471394 ], [ -76.506514031904061, 39.612689935046632 ], [ -76.515209033948196, 39.613369934859598 ], [ -76.519050035168689, 39.613210934513518 ], [ -76.522293036887675, 39.613628934284577 ], [ -76.532091039845, 39.612270933758481 ], [ -76.538929041838841, 39.614253933419199 ], [ -76.545653044029905, 39.618122934644923 ], [ -76.550676046704595, 39.624173935386494 ], [ -76.551178046844925, 39.625008935795279 ], [ -76.555031047760963, 39.634756937010195 ], [ -76.559462049883649, 39.635325937696358 ], [ -76.562716050574977, 39.635142936934578 ], [ -76.56609705238624, 39.636228937712417 ], [ -76.565794050640903, 39.625544935138798 ], [ -76.569542051974963, 39.627946935312714 ], [ -76.571786053436156, 39.629617936448646 ], [ -76.573360053629216, 39.62967893563215 ], [ -76.574603054284495, 39.630204935298039 ], [ -76.575997054552488, 39.631233936559866 ], [ -76.578981055805386, 39.634135936355669 ], [ -76.580941056686143, 39.634544936486606 ], [ -76.582075057561482, 39.634380935883847 ], [ -76.584588057737875, 39.633223936652314 ], [ -76.585849057936485, 39.632316935928095 ], [ -76.588001058437868, 39.631274935671826 ], [ -76.587938058688664, 39.630275935509609 ], [ -76.58812905848437, 39.630058934994651 ], [ -76.589774058822542, 39.629723935346959 ], [ -76.593331059462585, 39.628479934742003 ], [ -76.594890060485355, 39.627260934023148 ], [ -76.596203060562502, 39.626861934380777 ], [ -76.596138060265162, 39.626428933882302 ], [ -76.595827060818849, 39.626335934207916 ], [ -76.596144061011259, 39.626081934281814 ], [ -76.598056061313116, 39.62611493389997 ], [ -76.598183061534726, 39.626016934107305 ], [ -76.598125061808418, 39.625688934285847 ], [ -76.598715060913989, 39.62530093388191 ], [ -76.600072062270371, 39.625465933677546 ], [ -76.600297061502971, 39.625121933532796 ], [ -76.600679062891004, 39.625295933441649 ], [ -76.601401063139377, 39.625188934173821 ], [ -76.602330063076963, 39.624794934130819 ], [ -76.603294063174658, 39.625407933668455 ], [ -76.603558062765316, 39.625327934315706 ], [ -76.603553062742449, 39.624862933522245 ], [ -76.603717063672278, 39.624811933811948 ], [ -76.604802063245486, 39.625050933567586 ], [ -76.60627206457977, 39.624917933846014 ], [ -76.607166064357273, 39.625305933629882 ], [ -76.608033065268899, 39.6252919335043 ], [ -76.608383065073269, 39.625200933311042 ], [ -76.609635065051066, 39.624284933451854 ], [ -76.610904064747288, 39.624110933076565 ], [ -76.611462065862426, 39.624193933318118 ], [ -76.614708066157831, 39.623600932891854 ], [ -76.615493067053706, 39.623671932269055 ], [ -76.616240067416427, 39.624496932896278 ], [ -76.616691067503126, 39.624238932448776 ], [ -76.618288068160723, 39.624042932254284 ], [ -76.618520067964312, 39.623819933260712 ], [ -76.618527067637004, 39.622443932590144 ], [ -76.61782406675691, 39.620748932070221 ], [ -76.618707067562056, 39.619115931647954 ], [ -76.61896006728206, 39.619142932419095 ], [ -76.619095067899579, 39.619703932295373 ], [ -76.619600067514639, 39.619998932363565 ], [ -76.62036006739784, 39.619902931991511 ], [ -76.620600068495676, 39.619103932147645 ], [ -76.620616067490872, 39.61825893194127 ], [ -76.621335068264486, 39.618190932288528 ], [ -76.621938068687186, 39.617409932097516 ], [ -76.622481068835384, 39.614752930914875 ], [ -76.62265606873757, 39.61438893073629 ], [ -76.62305206857269, 39.614162930475985 ], [ -76.62399906895196, 39.616557931023117 ], [ -76.624816069634861, 39.616797931538827 ], [ -76.62547906943368, 39.617440931157546 ], [ -76.626348069096821, 39.61743993123271 ], [ -76.626494069585007, 39.617321931006977 ], [ -76.626647069745871, 39.616488931144666 ], [ -76.627310070443002, 39.6163899309282 ], [ -76.628638070588778, 39.616682931409962 ], [ -76.630179071169863, 39.617595931093334 ], [ -76.630476071270792, 39.618256931423311 ], [ -76.630943071251025, 39.618482932156574 ], [ -76.631045072256597, 39.618828931898527 ], [ -76.629997070696675, 39.620421932070968 ], [ -76.629685070527145, 39.620589931374802 ], [ -76.629662070960933, 39.621508931997688 ], [ -76.630980071959272, 39.621795932396878 ], [ -76.631227071831475, 39.622264932462045 ], [ -76.632022071874758, 39.622937932014466 ], [ -76.632992072718551, 39.624401932360648 ], [ -76.633798072632501, 39.625207932691424 ], [ -76.634586073003106, 39.626512933212922 ], [ -76.636729073283647, 39.625971933365292 ], [ -76.63862807496335, 39.627201932275369 ], [ -76.64014407453179, 39.627156932995923 ], [ -76.644975075789219, 39.626246932215203 ], [ -76.646407076590378, 39.625725931928159 ], [ -76.649342077439471, 39.624975932190083 ], [ -76.652058078005453, 39.624697932288662 ], [ -76.653516078745881, 39.624814931883044 ], [ -76.655521078934171, 39.623850931525503 ], [ -76.65806607979593, 39.623065931480561 ], [ -76.656696078919055, 39.619563930650266 ], [ -76.656685079946712, 39.619209930545338 ], [ -76.657283079448206, 39.618290929841628 ], [ -76.658333079759615, 39.617814930397557 ], [ -76.65879108041733, 39.617239930063135 ], [ -76.659459080239017, 39.615201929741865 ], [ -76.659328079819446, 39.614678930105867 ], [ -76.659436080672805, 39.614486929003107 ], [ -76.660369080808351, 39.614045929481804 ], [ -76.661430080092117, 39.613215929598688 ], [ -76.663089080673998, 39.614780929199185 ], [ -76.664257080986189, 39.61654592969527 ], [ -76.671669084887029, 39.630759932203866 ], [ -76.672088085186687, 39.631813932672635 ], [ -76.672308085294702, 39.633393933321386 ], [ -76.672170085202453, 39.634858933493156 ], [ -76.671883085147286, 39.635767933415103 ], [ -76.668414084370781, 39.642445934759387 ], [ -76.665502083986226, 39.649517936439707 ], [ -76.664321083255231, 39.651220937265066 ], [ -76.662782083222268, 39.65231493753928 ], [ -76.662861083763303, 39.653310937243525 ], [ -76.662792084166327, 39.653639937595443 ], [ -76.66244108363874, 39.653993937898598 ], [ -76.662479084171906, 39.654228938161509 ], [ -76.66323008383425, 39.65473793724545 ], [ -76.663751083342831, 39.6554239371441 ], [ -76.663724084476968, 39.655603937298622 ], [ -76.66322908400933, 39.655797937854686 ], [ -76.663125084252258, 39.656050937879535 ], [ -76.663634083166968, 39.656699938158873 ], [ -76.663586084384704, 39.657148937961395 ], [ -76.663971084349186, 39.657712938202714 ], [ -76.664168083992678, 39.659233938458279 ], [ -76.664621084627512, 39.660145938174622 ], [ -76.665024084135339, 39.660463938558173 ], [ -76.665374084838021, 39.660464938552671 ], [ -76.665849085214177, 39.660180938136293 ], [ -76.666935084612277, 39.659116938297053 ], [ -76.666971084597293, 39.658844938090674 ], [ -76.66663008501375, 39.658829938510848 ], [ -76.666655085128113, 39.658325937874636 ], [ -76.66723308543645, 39.657844937771202 ], [ -76.667962085357502, 39.657724937922453 ], [ -76.668881085249339, 39.657793938172148 ], [ -76.671583086469937, 39.65880793810701 ], [ -76.672635087329482, 39.658623937912786 ], [ -76.67403608727021, 39.658756937835392 ], [ -76.675007087040584, 39.659497937757486 ], [ -76.67543408773615, 39.660037938181254 ], [ -76.675351087895478, 39.660343938415707 ], [ -76.674399087493356, 39.661358938263803 ], [ -76.674399087493356, 39.661926938620994 ], [ -76.674133087354562, 39.6624469387312 ], [ -76.673703087184265, 39.662742939057082 ], [ -76.673125087774253, 39.662732938057481 ], [ -76.672695087603941, 39.663388938879045 ], [ -76.671945086868178, 39.663224938911732 ], [ -76.671761086745164, 39.663419938774368 ], [ -76.671908087058256, 39.663697938641256 ], [ -76.671723087110337, 39.664143938797785 ], [ -76.671305086635584, 39.664111939285576 ], [ -76.670907086252328, 39.664461939455506 ], [ -76.670987086618268, 39.665180939302921 ], [ -76.671356086689215, 39.66542493886849 ], [ -76.671568087299633, 39.665855938813067 ], [ -76.672659087618939, 39.666441939278528 ], [ -76.67398308846505, 39.668196939558555 ], [ -76.673769088204835, 39.669002939849292 ], [ -76.674044088564429, 39.669629940474081 ], [ -76.673963088373583, 39.670271940114212 ], [ -76.674430088353816, 39.671084939976417 ], [ -76.674390088170838, 39.67207594041524 ], [ -76.67499208876859, 39.672304941102638 ], [ -76.674868088021711, 39.672737939941165 ], [ -76.675107088396317, 39.67332294030853 ], [ -76.673706088455631, 39.674058941310612 ], [ -76.673149088063724, 39.6740159410027 ], [ -76.672822087825551, 39.673755941063277 ], [ -76.67208008748571, 39.674014941204263 ], [ -76.671895087537791, 39.6737189407663 ], [ -76.671577087520475, 39.673694940656489 ], [ -76.67125708785332, 39.6739979411714 ], [ -76.671365087808368, 39.67477294122402 ], [ -76.671219087320168, 39.675229941462788 ], [ -76.670180087777737, 39.675349942027388 ], [ -76.669664086495374, 39.675764941076302 ], [ -76.669209087109024, 39.675497941676078 ], [ -76.668263086554674, 39.675501941475268 ], [ -76.667094086417563, 39.675969941968987 ], [ -76.667115086333965, 39.676804942050367 ], [ -76.666311086069854, 39.680341942979425 ], [ -76.665513085653501, 39.681232942917198 ], [ -76.66603008676077, 39.681613942798975 ], [ -76.665857085610099, 39.682383943354253 ], [ -76.666120086274134, 39.682891943480392 ], [ -76.665721086065972, 39.683453943060073 ], [ -76.665894086318318, 39.683722942821042 ], [ -76.665828086196086, 39.684019943593803 ], [ -76.666571086360847, 39.684321942718199 ], [ -76.667071086851337, 39.684729943585651 ], [ -76.667589086885201, 39.684733942850194 ], [ -76.667775086658054, 39.684964943021569 ], [ -76.668241086813367, 39.684904943859408 ], [ -76.66878408696158, 39.685105943267139 ], [ -76.669045087077492, 39.685459943453083 ], [ -76.670903087851002, 39.685674943666321 ], [ -76.671076088103362, 39.68583794394452 ], [ -76.671163088141995, 39.686404943912578 ], [ -76.67100808743298, 39.68694594380613 ], [ -76.671157088294237, 39.687701943731597 ], [ -76.670071087099487, 39.687949943710876 ], [ -76.669774087896869, 39.688227943721365 ], [ -76.668992088272361, 39.688459943544629 ], [ -76.668808087251065, 39.688766944677866 ], [ -76.668051087740892, 39.688653943793469 ], [ -76.667707087784294, 39.688937944685598 ], [ -76.66792008732132, 39.689225944105083 ], [ -76.667674087274023, 39.689627944137406 ], [ -76.667293087507531, 39.689808944624168 ], [ -76.667211087491765, 39.690326945197299 ], [ -76.666818087131361, 39.691032944339945 ], [ -76.667049087110044, 39.692586945556712 ], [ -76.667519087463333, 39.693488944614245 ], [ -76.668553087881222, 39.694323945766378 ], [ -76.669726088216279, 39.694854945319435 ], [ -76.66984108784402, 39.695145944798433 ], [ -76.670950088604982, 39.695424945042454 ], [ -76.671881089090718, 39.695190945449184 ], [ -76.673067089844579, 39.695561945334113 ], [ -76.673911089393371, 39.696208945312456 ], [ -76.675743091125909, 39.698519945233834 ], [ -76.676084090709452, 39.698665946106964 ], [ -76.676984091233038, 39.698528945755761 ], [ -76.677612090871747, 39.698752945159569 ], [ -76.677799091367817, 39.69955694596775 ], [ -76.677630091313404, 39.700972946300432 ], [ -76.676342090452309, 39.701900946518407 ], [ -76.676274090680238, 39.702242946698931 ], [ -76.676784090318165, 39.702594945943297 ], [ -76.677502090368577, 39.702687946710221 ], [ -76.677768091405667, 39.703136946888307 ], [ -76.6785500919285, 39.703551946194246 ], [ -76.678560091075909, 39.703827946840448 ], [ -76.678763091465498, 39.704005946556435 ], [ -76.679320091857434, 39.7037819469246 ], [ -76.680353091552092, 39.703885946720689 ], [ -76.68368309330971, 39.705428947070928 ], [ -76.684284094082571, 39.706433947704035 ], [ -76.684900094025707, 39.706524947405789 ], [ -76.685128093631349, 39.70688394770913 ], [ -76.684963093774911, 39.707164946824228 ], [ -76.685981094299279, 39.707680947760025 ], [ -76.687117093926119, 39.708756947149396 ], [ -76.687644094180797, 39.708818946975377 ], [ -76.688107094861394, 39.709638947569324 ], [ -76.688619095047471, 39.709602947124168 ], [ -76.688679095321916, 39.709921947842254 ], [ -76.689364094862043, 39.710239947120343 ], [ -76.689489095433814, 39.710431947735032 ], [ -76.689450095974081, 39.710673947842167 ], [ -76.689199095903916, 39.710836947829932 ], [ -76.689246094861261, 39.711460948175116 ], [ -76.689700095321029, 39.71178594755915 ], [ -76.690013096213789, 39.711812948076989 ], [ -76.690227095575707, 39.712176948190987 ], [ -76.689982095353315, 39.712712948234106 ], [ -76.689404095045006, 39.712719947737845 ], [ -76.689474095365199, 39.713580948309648 ], [ -76.689709095541843, 39.713419947733037 ], [ -76.689698095671204, 39.713606948208678 ], [ -76.68992209507887, 39.713718948406054 ], [ -76.690142095186886, 39.71415394857069 ], [ -76.691082095893464, 39.71484494805955 ], [ -76.691413096329583, 39.714856948910537 ], [ -76.691434096245956, 39.715109948918204 ], [ -76.691977096394183, 39.715248948612057 ], [ -76.692498095902778, 39.71577894827999 ], [ -76.693276096227621, 39.716065949144877 ], [ -76.693459096525729, 39.716347948742424 ], [ -76.695109096886782, 39.717351949383051 ], [ -76.695230097260591, 39.717590948441128 ], [ -76.695960097904887, 39.717347948553375 ], [ -76.697040097455215, 39.717827948343015 ], [ -76.698352098605767, 39.717941948303157 ], [ -76.698765099057638, 39.718382949247413 ], [ -76.698536098728795, 39.719135948746064 ] ], [ [ -76.095121879697345, 39.235157873282688 ], [ -76.104901883111324, 39.234037872902164 ], [ -76.117891886835693, 39.229897871304892 ], [ -76.118841887588005, 39.229057870440393 ], [ -76.125544888066031, 39.216903869084682 ], [ -76.10777188276478, 39.213747867741688 ], [ -76.106691882316142, 39.213377868097567 ], [ -76.102021881615499, 39.211047868376959 ], [ -76.101021880634462, 39.210797868172747 ], [ -76.099661880701646, 39.210787867505751 ], [ -76.098251879641808, 39.211187868715065 ], [ -76.095946878979561, 39.212433868476289 ], [ -76.089961877653622, 39.21629786960181 ], [ -76.082220875661449, 39.219101870449641 ], [ -76.080511874850856, 39.219147870982361 ], [ -76.080557874881606, 39.218731870484888 ], [ -76.080416874416287, 39.218473870420198 ], [ -76.079243874081214, 39.217413869392168 ], [ -76.078734874268193, 39.216101870089823 ], [ -76.077202873009611, 39.215090870284079 ], [ -76.076573873545996, 39.213783870150003 ], [ -76.077109873123192, 39.212838869545969 ], [ -76.077914874110562, 39.212360869729544 ], [ -76.077434872813214, 39.211388868314749 ], [ -76.077928873455932, 39.210729868759557 ], [ -76.077674873012725, 39.210125868624878 ], [ -76.077356872995409, 39.20997186869284 ], [ -76.076057873161957, 39.210164868662574 ], [ -76.074546871819763, 39.210043868314365 ], [ -76.07427187235848, 39.209384868666405 ], [ -76.074447872983882, 39.209246868669986 ], [ -76.074440872412879, 39.208467868461703 ], [ -76.074812871958557, 39.207589868192237 ], [ -76.074757872605275, 39.207207868518772 ], [ -76.073025871330159, 39.207092868804217 ], [ -76.07335887141609, 39.205901868114012 ], [ -76.074388872534357, 39.204993867491211 ], [ -76.074463871979106, 39.204729868097374 ], [ -76.074071872341918, 39.204534867915989 ], [ -76.072754871168513, 39.204411867715834 ], [ -76.072643871738734, 39.20421986755013 ], [ -76.073072871185815, 39.203788867304475 ], [ -76.073612870960986, 39.202791867340657 ], [ -76.074094871908144, 39.202646867451222 ], [ -76.07532587286785, 39.202744867606128 ], [ -76.075560873044495, 39.202583867329182 ], [ -76.075074871899361, 39.201700867009926 ], [ -76.074763871554737, 39.201480866667985 ], [ -76.073471871393991, 39.201162866892446 ], [ -76.073203870707076, 39.201249866750771 ], [ -76.072561870824657, 39.20205786749726 ], [ -76.072052871011635, 39.202189867118562 ], [ -76.071523871107132, 39.201398867402084 ], [ -76.070951870646581, 39.200893867376976 ], [ -76.06977286956544, 39.200580867397335 ], [ -76.069242869836003, 39.200245867241826 ], [ -76.063775868543914, 39.199263867098743 ], [ -76.063332868853124, 39.200248867613972 ], [ -76.062974868652844, 39.201728868041904 ], [ -76.061402867211285, 39.204654868412995 ], [ -76.059411868165014, 39.207515869030026 ], [ -76.056557866608458, 39.210345869731768 ], [ -76.05314786628152, 39.212588870149766 ], [ -76.045418863086581, 39.216414871197991 ], [ -76.039139862032783, 39.219840872107454 ], [ -76.028222859167073, 39.226188872913909 ], [ -76.029427859289171, 39.228255874603761 ], [ -76.030671858871059, 39.22901487484917 ], [ -76.031724859555524, 39.229323874283857 ], [ -76.033800860787224, 39.228678873987334 ], [ -76.034302860927554, 39.228663874023198 ], [ -76.036565861757026, 39.229654874459236 ], [ -76.036902862040904, 39.230048874358808 ], [ -76.036776861644213, 39.230660874358598 ], [ -76.035873861645882, 39.231909874765037 ], [ -76.03575786219325, 39.23282587437955 ], [ -76.036035861129278, 39.233540875638838 ], [ -76.036566861581917, 39.233987874971923 ], [ -76.037121862324028, 39.234167874590291 ], [ -76.039101862397942, 39.234282874491299 ], [ -76.039737862432588, 39.234842875308814 ], [ -76.039972862609218, 39.235549874584592 ], [ -76.040298863022457, 39.235832874914045 ], [ -76.039515862674733, 39.236135875176622 ], [ -76.038568862295477, 39.235982875090464 ], [ -76.037569862935996, 39.23614887524586 ], [ -76.036267861831192, 39.236630875256822 ], [ -76.036189861115062, 39.237966876139986 ], [ -76.036470862220781, 39.23829687608653 ], [ -76.038314861852257, 39.239824875895728 ], [ -76.038741862547838, 39.239900875374374 ], [ -76.040742863436478, 39.239591875900665 ], [ -76.042618864651644, 39.23972787580071 ], [ -76.043889864895988, 39.240950876479367 ], [ -76.044800865290242, 39.241278876065216 ], [ -76.045380865248376, 39.241694875811433 ], [ -76.045533864510929, 39.242118876733528 ], [ -76.045465865637198, 39.242505876548975 ], [ -76.045213864843802, 39.242708875727871 ], [ -76.044166864007138, 39.242652876420934 ], [ -76.042651864263604, 39.241957876294677 ], [ -76.041697864211656, 39.241900876625479 ], [ -76.041075863522408, 39.242185876595521 ], [ -76.04052586370149, 39.244303877457888 ], [ -76.038792863499765, 39.245164876990252 ], [ -76.03833986286493, 39.245712877234666 ], [ -76.038370863725376, 39.246132877321692 ], [ -76.042584864316453, 39.246643877815892 ], [ -76.042817863944961, 39.247030877709818 ], [ -76.041952864479768, 39.248976877602757 ], [ -76.041802864691959, 39.24963987774607 ], [ -76.040295864446051, 39.250477878480808 ], [ -76.039889863666858, 39.250500878554867 ], [ -76.039467862994158, 39.250759878777217 ], [ -76.039283863769441, 39.251479879037419 ], [ -76.040933864130508, 39.254330878695143 ], [ -76.041532864355204, 39.255003878930651 ], [ -76.041362864475886, 39.255926879309648 ], [ -76.041483864849724, 39.256157879482501 ], [ -76.041956864677729, 39.256299878690022 ], [ -76.043319864983616, 39.256206878746781 ], [ -76.04368086465864, 39.256316879511481 ], [ -76.043906865512739, 39.256882879794453 ], [ -76.044082866138154, 39.258772879994737 ], [ -76.044753865434572, 39.259189879826501 ], [ -76.046250865634747, 39.261321880226902 ], [ -76.046745866102384, 39.261546879638651 ], [ -76.047218866828743, 39.261431879921375 ], [ -76.04760086642014, 39.260497879644014 ], [ -76.048003866826249, 39.260079880438184 ], [ -76.049211867321432, 39.259651880166416 ], [ -76.050285867922298, 39.259739879389102 ], [ -76.052249868102692, 39.260316879230601 ], [ -76.052567869018318, 39.260629879278092 ], [ -76.053062868587645, 39.26169387994004 ], [ -76.053911869057615, 39.261007879605714 ], [ -76.055341868412313, 39.258967879754444 ], [ -76.066958871785104, 39.239643875688927 ], [ -76.075819874408893, 39.238065874130022 ], [ -76.07976387556154, 39.236645873517958 ], [ -76.084700877124192, 39.235661874057371 ], [ -76.086481877006477, 39.235117874049102 ], [ -76.092511879436572, 39.234187872741188 ], [ -76.094791879984456, 39.234127872704882 ], [ -76.095121879697345, 39.235157873282688 ] ], [ [ -76.443753996350409, 39.346843883974834 ], [ -76.442740995848908, 39.34736288345416 ], [ -76.441256995169226, 39.347355883144139 ], [ -76.441237995800975, 39.349776884332243 ], [ -76.44150699631281, 39.350266884583114 ], [ -76.442532996334762, 39.351181884613844 ], [ -76.442847996877347, 39.351813884797139 ], [ -76.446864997824932, 39.350840884456545 ], [ -76.449422998207169, 39.348715884257132 ], [ -76.450399998723654, 39.348261883597317 ], [ -76.449717998658258, 39.343836882965377 ], [ -76.448325997141765, 39.340453881711596 ], [ -76.446227997067055, 39.341540882807713 ], [ -76.445541996803712, 39.340702881962891 ], [ -76.442598996457022, 39.342291882752797 ], [ -76.440634995378289, 39.34357888267202 ], [ -76.443622995930852, 39.345752884000227 ], [ -76.443753996350409, 39.346843883974834 ] ], [ [ -76.325647963828075, 39.422851902903282 ], [ -76.324132963186244, 39.422650902749652 ], [ -76.323140962601144, 39.422755903047175 ], [ -76.310479958764745, 39.425150903888913 ], [ -76.310039959446996, 39.427278904102643 ], [ -76.309342959313, 39.428608904543935 ], [ -76.302868957367224, 39.43702190596791 ], [ -76.337374967704008, 39.431776903896328 ], [ -76.335510967082726, 39.43002690405563 ], [ -76.332229965728899, 39.428343903309042 ], [ -76.330962965682502, 39.427321903562394 ], [ -76.330286965464907, 39.42649290352594 ], [ -76.329184964376637, 39.424619902632173 ], [ -76.328679964761562, 39.422948902580153 ], [ -76.325647963828075, 39.422851902903282 ] ], [ [ -75.642819684985525, 38.289044694710228 ], [ -75.637691683627168, 38.289366694848994 ], [ -75.635276683360075, 38.288543694809185 ], [ -75.633708683014788, 38.289094694952503 ], [ -75.633089682698582, 38.288992694816613 ], [ -75.631345682626204, 38.287853694608216 ], [ -75.629820681040329, 38.285726694046829 ], [ -75.628496681092528, 38.285512694063314 ], [ -75.628078680617776, 38.285270694560673 ], [ -75.626491680904238, 38.282560694047433 ], [ -75.624474679223766, 38.281899694193967 ], [ -75.617731677664452, 38.280154693782315 ], [ -75.612628676420442, 38.278587693134718 ], [ -75.597282671081885, 38.279414694401851 ], [ -75.584549666377143, 38.27988369455764 ], [ -75.570946663082665, 38.280744695345547 ], [ -75.547361654911228, 38.281624696202051 ], [ -75.515591645231908, 38.283239697850981 ], [ -75.512453643993211, 38.283251697207845 ], [ -75.499643640193909, 38.28384569850423 ], [ -75.495413638810987, 38.283822698454301 ], [ -75.477222633933323, 38.284734698652223 ], [ -75.456455627333426, 38.286244700205771 ], [ -75.449079625214225, 38.286487699829621 ], [ -75.448618625081792, 38.287569700976803 ], [ -75.448620625629914, 38.288760700803437 ], [ -75.448106624895701, 38.289715701520677 ], [ -75.448356625140946, 38.290599700645373 ], [ -75.448067624537643, 38.291540701489666 ], [ -75.447572624968316, 38.294870701707325 ], [ -75.448976625282057, 38.297809702859851 ], [ -75.450817626337113, 38.300280703064928 ], [ -75.452289626422967, 38.301616702978734 ], [ -75.455823627496756, 38.303964703621197 ], [ -75.462393629702021, 38.306192704455626 ], [ -75.484857637416923, 38.310632703903146 ], [ -75.487362638095703, 38.310478703731242 ], [ -75.487400637730545, 38.310640704214386 ], [ -75.487530638325197, 38.310459703829324 ], [ -75.493200640006862, 38.309953704051772 ], [ -75.506378644052234, 38.310907703346366 ], [ -75.510025645103937, 38.311366703762054 ], [ -75.514032646005788, 38.312455703905648 ], [ -75.517730648009433, 38.314042703363199 ], [ -75.52053964936016, 38.315471704013277 ], [ -75.522658649351271, 38.31677670413189 ], [ -75.527761651493591, 38.321417704918169 ], [ -75.533593653556949, 38.327871705974879 ], [ -75.535862654234194, 38.331741707461298 ], [ -75.539925656110825, 38.334658707441186 ], [ -75.546357658223826, 38.338825707669834 ], [ -75.549363659218031, 38.341332708454487 ], [ -75.565957664336437, 38.334704707010417 ], [ -75.570651665326537, 38.332337705502709 ], [ -75.574665665901051, 38.329647705336896 ], [ -75.592745671348951, 38.315106701777843 ], [ -75.595381672447289, 38.313148701185249 ], [ -75.599421673859425, 38.310742700704111 ], [ -75.606908675408405, 38.306837699414636 ], [ -75.610624676057085, 38.305218699379118 ], [ -75.613581677545795, 38.304448698393884 ], [ -75.626602681232342, 38.30265169733228 ], [ -75.626813681119515, 38.30190669793398 ], [ -75.628363681921442, 38.300230697840405 ], [ -75.63034368199537, 38.300691697443298 ], [ -75.630475682239862, 38.299589697065869 ], [ -75.631517683053659, 38.299500696736033 ], [ -75.631520682528404, 38.29865169740075 ], [ -75.634206683855481, 38.298481696687929 ], [ -75.636720683856765, 38.298569697181314 ], [ -75.643820685791468, 38.289206694411192 ], [ -75.642819684985525, 38.289044694710228 ] ], [ [ -75.200092552937093, 38.391096729869616 ], [ -75.189304549044493, 38.388312729869192 ], [ -75.183167546484256, 38.385797730108635 ], [ -75.177131544206404, 38.383786729347541 ], [ -75.164717541140504, 38.377471728935539 ], [ -75.163834540335358, 38.376570728252126 ], [ -75.163384540073551, 38.375784727916901 ], [ -75.163132540178466, 38.374871727663511 ], [ -75.163154539919788, 38.37399572812474 ], [ -75.164932539429032, 38.36823472595416 ], [ -75.167877540323886, 38.362936725169263 ], [ -75.168404540578578, 38.361666724911402 ], [ -75.168763540603777, 38.360338724767665 ], [ -75.168946540901871, 38.35834772386464 ], [ -75.168427540144791, 38.358263724419984 ], [ -75.168343540479214, 38.357759725001159 ], [ -75.168052540226057, 38.357504724918698 ], [ -75.167297540365738, 38.357469723815228 ], [ -75.161713538897814, 38.355924724661655 ], [ -75.155876536811547, 38.354097723345532 ], [ -75.153282535545998, 38.353956724600188 ], [ -75.145760533836935, 38.354543725153228 ], [ -75.141670531297791, 38.35653172555417 ], [ -75.140313531738016, 38.356752725078501 ], [ -75.138306531001589, 38.356203724611824 ], [ -75.136872530550619, 38.35630672490241 ], [ -75.135644529963969, 38.357267725387679 ], [ -75.13247052963861, 38.359247725785409 ], [ -75.127167527479713, 38.364916727587016 ], [ -75.124626526815916, 38.368047727779171 ], [ -75.124626526815916, 38.369058728096171 ], [ -75.117661525498775, 38.376314729636107 ], [ -75.115952524688169, 38.377569730675717 ], [ -75.106559522685117, 38.382303731341302 ], [ -75.114028525589063, 38.38803373258375 ], [ -75.124626528612538, 38.397016733987762 ], [ -75.138465533705215, 38.402677734220632 ], [ -75.149933538013372, 38.406694734951309 ], [ -75.161042540499707, 38.409509735547182 ], [ -75.167069542556732, 38.409143735293945 ], [ -75.176148545638753, 38.407030733922994 ], [ -75.184745548671913, 38.406690734468121 ], [ -75.195633551225313, 38.405756732781093 ], [ -75.196464552151937, 38.405905733726698 ], [ -75.196587551277261, 38.406130733618248 ], [ -75.197190551699947, 38.406347733213018 ], [ -75.20597155485612, 38.405927733452963 ], [ -75.211082556496038, 38.405646733118914 ], [ -75.212215556648133, 38.405175732806768 ], [ -75.21151755668923, 38.40399973317836 ], [ -75.205009553509925, 38.394945731112799 ], [ -75.204471553384593, 38.393823730121525 ], [ -75.204407553810483, 38.392599730625321 ], [ -75.200092552937093, 38.391096729869616 ] ], [ [ -75.625752683632399, 38.346798707542753 ], [ -75.625118683247564, 38.346907706818449 ], [ -75.624647683069384, 38.346571706798841 ], [ -75.624014683407793, 38.347419707574893 ], [ -75.623333683167317, 38.347570706945866 ], [ -75.62313868317365, 38.348058707430418 ], [ -75.62270068260743, 38.348347707161828 ], [ -75.620727681307883, 38.348455707935614 ], [ -75.61636468075389, 38.350003707667838 ], [ -75.6161616803643, 38.349717707936477 ], [ -75.61620768039505, 38.348811707075548 ], [ -75.615359680648325, 38.348199707796915 ], [ -75.608341677831078, 38.346883707321666 ], [ -75.607625677430505, 38.349271708106436 ], [ -75.600982676328627, 38.348498708120509 ], [ -75.595113675353645, 38.36521471154105 ], [ -75.595689675113832, 38.365176711551861 ], [ -75.596806675372406, 38.364730711855621 ], [ -75.599499676372162, 38.36405971172433 ], [ -75.600846676784514, 38.363064711627871 ], [ -75.602060677127469, 38.363135711420419 ], [ -75.603903677832335, 38.364657711870983 ], [ -75.603968678129675, 38.36446871184863 ], [ -75.604559677060138, 38.364751711258606 ], [ -75.604240678116241, 38.365312711569452 ], [ -75.603946677490057, 38.367007711354354 ], [ -75.603009678054832, 38.370477712051354 ], [ -75.602635677961047, 38.371111712940078 ], [ -75.602774677878202, 38.371938713532501 ], [ -75.602595677778069, 38.372774713681466 ], [ -75.602031677713455, 38.373500712647015 ], [ -75.600633677247501, 38.374522713961568 ], [ -75.600232676491188, 38.375012713842317 ], [ -75.600215676772734, 38.376699713847607 ], [ -75.603128677880548, 38.376943713869217 ], [ -75.606083678821122, 38.37761571355378 ], [ -75.606189679126345, 38.377014713426583 ], [ -75.605958679147662, 38.376124713561133 ], [ -75.60609367886687, 38.373780713217634 ], [ -75.606532678359684, 38.3730387133158 ], [ -75.607591678891936, 38.37208371275451 ], [ -75.607645679318622, 38.371811712556948 ], [ -75.614937680873922, 38.370582712641159 ], [ -75.614132681683202, 38.369638711813167 ], [ -75.616180681529201, 38.369095711848423 ], [ -75.617729682506209, 38.367559711287178 ], [ -75.613911680851942, 38.364048711127687 ], [ -75.612791680220326, 38.36392171109722 ], [ -75.61304368011541, 38.363584710945744 ], [ -75.613050680686428, 38.36315871097117 ], [ -75.612847680296824, 38.363127710564285 ], [ -75.611858680084779, 38.362166711088975 ], [ -75.612857680342572, 38.361543711004138 ], [ -75.614438681106634, 38.359394710072358 ], [ -75.615964681619133, 38.358209710234846 ], [ -75.616609680976282, 38.357215710308623 ], [ -75.616881681861159, 38.355626709509451 ], [ -75.619687681940519, 38.353413708431425 ], [ -75.619878681736211, 38.352480707943556 ], [ -75.619631681864007, 38.351260708486329 ], [ -75.620608681482182, 38.350056708577867 ], [ -75.6223826825901, 38.349450708034873 ], [ -75.627071683557318, 38.348384707131949 ], [ -75.625752683632399, 38.346798707542753 ] ], [ [ -75.843758779663389, 38.857932805104461 ], [ -75.842232779150905, 38.858104805390965 ], [ -75.842316779714793, 38.858336805020862 ], [ -75.842110778952161, 38.858531805113302 ], [ -75.84125677935765, 38.85899280482343 ], [ -75.840889778936514, 38.858981805007737 ], [ -75.839219778483994, 38.858245805400955 ], [ -75.839280777685047, 38.85795580537431 ], [ -75.839699778883016, 38.857478804977212 ], [ -75.839890778678722, 38.856826805126516 ], [ -75.839669777847462, 38.856273804983132 ], [ -75.838334778029022, 38.855712804757523 ], [ -75.838219778401296, 38.855437804566904 ], [ -75.837311777481759, 38.854846804458766 ], [ -75.836701777386409, 38.854670804638715 ], [ -75.83586977663488, 38.854922804453075 ], [ -75.835427776768995, 38.855460804944094 ], [ -75.835396777705171, 38.856082804964238 ], [ -75.835167776478002, 38.856528805021831 ], [ -75.834832776742246, 38.856578805004531 ], [ -75.834771777541192, 38.855532804981948 ], [ -75.834572777349564, 38.854953805062571 ], [ -75.833748776095632, 38.854441804638206 ], [ -75.833619777122522, 38.853995804784383 ], [ -75.833031776768465, 38.853518804410271 ], [ -75.831605775815092, 38.853244804513054 ], [ -75.831528775822193, 38.853442804314739 ], [ -75.831856775885257, 38.853892804230853 ], [ -75.831337776026501, 38.854239804746634 ], [ -75.831048776321495, 38.854121804599892 ], [ -75.830613775229992, 38.853537804596321 ], [ -75.829278774513227, 38.852828804596854 ], [ -75.828316774963653, 38.852618803994218 ], [ -75.827508774501581, 38.852111804141273 ], [ -75.827012774209038, 38.852198804426692 ], [ -75.82647877428164, 38.851870804379047 ], [ -75.826302774554549, 38.851935803849592 ], [ -75.826523774487484, 38.852378804944784 ], [ -75.82712677491017, 38.852752803764112 ], [ -75.827271773776801, 38.853091804670335 ], [ -75.826279774090011, 38.85309980494462 ], [ -75.825905773996197, 38.852626804321645 ], [ -75.824692773478162, 38.853152804990017 ], [ -75.823800773350499, 38.8526718050976 ], [ -75.822358772503591, 38.852980804619655 ], [ -75.821763773375153, 38.852656804142526 ], [ -75.82122177215355, 38.852664804465711 ], [ -75.820824772493509, 38.852294804666407 ], [ -75.820481771463506, 38.852198804426692 ], [ -75.819878771939159, 38.852198804426692 ], [ -75.819497772172667, 38.851996804461088 ], [ -75.819298771981011, 38.852153804750721 ], [ -75.819214771417109, 38.852897804739527 ], [ -75.818924771887197, 38.853202804547891 ], [ -75.819054772481877, 38.853812805137878 ], [ -75.81865577137539, 38.854121804599892 ], [ -75.819965771977792, 38.855750805351484 ], [ -75.820804772402013, 38.857173806017492 ], [ -75.821657773069944, 38.859219806362375 ], [ -75.822819772636052, 38.862833807029681 ], [ -75.823067774129797, 38.862722806795496 ], [ -75.825485774769959, 38.870154807906324 ], [ -75.825795775289663, 38.871455807913883 ], [ -75.825806775160316, 38.873278808923274 ], [ -75.825506775584671, 38.874570809060671 ], [ -75.824860774605966, 38.875838809353354 ], [ -75.824112774418339, 38.876777810201403 ], [ -75.823212773894753, 38.877528809491594 ], [ -75.821763774273478, 38.878360809503931 ], [ -75.8206727739542, 38.878772809612258 ], [ -75.818154772856587, 38.879321810231815 ], [ -75.816971772475767, 38.879741811136157 ], [ -75.81610277281267, 38.88029481056882 ], [ -75.815171772326892, 38.881383810747643 ], [ -75.814721772065113, 38.882810810819159 ], [ -75.813729772378352, 38.89065481242833 ], [ -75.813973771877485, 38.892020813189532 ], [ -75.814972773033588, 38.893317812849844 ], [ -75.815613773091101, 38.893786812690195 ], [ -75.816979773770015, 38.894374813384459 ], [ -75.82718777680617, 38.896361813395941 ], [ -75.831494778181977, 38.896479813345266 ], [ -75.831716777939803, 38.895642812643715 ], [ -75.831500777131438, 38.891953812235485 ], [ -75.831838778138547, 38.890580812588034 ], [ -75.83230377757063, 38.89018581218361 ], [ -75.832935778305625, 38.889972811850491 ], [ -75.83501377828884, 38.889789811812513 ], [ -75.836619779167265, 38.889466811836762 ], [ -75.838553780108768, 38.888378811674556 ], [ -75.839361779672515, 38.887544810996403 ], [ -75.840043779737911, 38.886645811169934 ], [ -75.840239780454809, 38.88609381074081 ], [ -75.84009078049192, 38.885230810389558 ], [ -75.839452779909124, 38.884287810276795 ], [ -75.838105779496786, 38.88285081014704 ], [ -75.837414779210562, 38.88178781026901 ], [ -75.837050779162496, 38.88092881003017 ], [ -75.837067778880936, 38.879500809911796 ], [ -75.840691779468131, 38.872519807896843 ], [ -75.840143779297037, 38.871480807557212 ], [ -75.840143779297037, 38.870341808028307 ], [ -75.840449778720469, 38.868536807437088 ], [ -75.841366778962495, 38.866105807170946 ], [ -75.845241780518151, 38.862147806286856 ], [ -75.845963780766525, 38.860911805569302 ], [ -75.846324780441549, 38.859911804905927 ], [ -75.846588780930503, 38.858566804678688 ], [ -75.844819779845452, 38.858546804829238 ], [ -75.844063780160212, 38.85831380487425 ], [ -75.843758779663389, 38.857932805104461 ] ], [ [ -75.815390813034227, 39.611698958674644 ], [ -75.814829813342641, 39.610771958427314 ], [ -75.814752813349756, 39.610042958551212 ], [ -75.815768813325988, 39.608866958372793 ], [ -75.816456814137467, 39.608760957977914 ], [ -75.817074813730443, 39.609299958019477 ], [ -75.817623814624753, 39.609326958467157 ], [ -75.818242814042634, 39.609161957566165 ], [ -75.818695814677483, 39.608792957500505 ], [ -75.820709815086602, 39.608997958394951 ], [ -75.821862816228503, 39.608654957420832 ], [ -75.822921815862429, 39.60764695746375 ], [ -75.823408815934144, 39.606908957904118 ], [ -75.824916816004972, 39.606161957302682 ], [ -75.825928816681554, 39.60512995665934 ], [ -75.826191817345588, 39.602940956238953 ], [ -75.827244817131771, 39.60305795592847 ], [ -75.827376817376233, 39.603399956815686 ], [ -75.827374816828112, 39.604713957700106 ], [ -75.82812181808913, 39.605443957030417 ], [ -75.82946381758029, 39.60597595734518 ], [ -75.83103681794843, 39.606096957798478 ], [ -75.832001818769342, 39.605641956792468 ], [ -75.832024818335569, 39.605410957245716 ], [ -75.833250819272394, 39.60453995657226 ], [ -75.833897818279368, 39.602883956176647 ], [ -75.833711818506529, 39.602060956398567 ], [ -75.823004815703101, 39.598863956109938 ], [ -75.819103814208162, 39.59831295617554 ], [ -75.8154118129506, 39.598338955861465 ], [ -75.812956811602234, 39.598636956196856 ], [ -75.810458811494442, 39.599194956949042 ], [ -75.789503805471881, 39.605581958665127 ], [ -75.791819806004796, 39.610806959158609 ], [ -75.792046806683828, 39.618831961367675 ], [ -75.792297807652304, 39.619701960881805 ], [ -75.816292814105935, 39.612199959363551 ], [ -75.815390813034227, 39.611698958674644 ] ] ], [ [ [ -76.314463925066079, 38.805956778100651 ], [ -76.313524924184421, 38.811591779117137 ], [ -76.312289924823375, 38.815843780571832 ], [ -76.308700924396291, 38.823137781604061 ], [ -76.306640923058112, 38.827846783580227 ], [ -76.303451922664095, 38.830796783739501 ], [ -76.300329922217259, 38.832452783987037 ], [ -76.291427918687248, 38.83333178419953 ], [ -76.290098918716566, 38.83555778495893 ], [ -76.289633918386173, 38.838610785760736 ], [ -76.285649917948859, 38.842076787052022 ], [ -76.283323917370211, 38.845698787487287 ], [ -76.280133916252993, 38.848803788412887 ], [ -76.27780791567433, 38.850408788905952 ], [ -76.267440912629539, 38.859205790997819 ], [ -76.263851911304144, 38.861999791217997 ], [ -76.257870910176152, 38.865984792532011 ], [ -76.254946909197713, 38.866501791962285 ], [ -76.252620908619065, 38.866553793015989 ], [ -76.250493907333734, 38.865932793160468 ], [ -76.248898907224273, 38.864172792326301 ], [ -76.247905906814253, 38.861688791883218 ], [ -76.247307907312759, 38.858583791010723 ], [ -76.247772906744885, 38.856099791190047 ], [ -76.249035906593306, 38.853926790316585 ], [ -76.252024907869085, 38.852425789874815 ], [ -76.255812909386123, 38.851701789527127 ], [ -76.259134909849507, 38.849165788864852 ], [ -76.258934908934648, 38.847716788837218 ], [ -76.256210908871054, 38.846060789046966 ], [ -76.25268990731773, 38.841351787878992 ], [ -76.251343906730298, 38.836725786389891 ], [ -76.249673906277764, 38.837574787139459 ], [ -76.247954906319748, 38.838101787042895 ], [ -76.242724903955818, 38.839061787721988 ], [ -76.240305903490736, 38.839395787315176 ], [ -76.238253902548493, 38.839446788022194 ], [ -76.239205902950616, 38.834622786700393 ], [ -76.23904690204364, 38.832167786464659 ], [ -76.238447902717255, 38.83126378539604 ], [ -76.237046901878244, 38.830360786146578 ], [ -76.235232901485659, 38.829554786088217 ], [ -76.232431900530884, 38.828951785514654 ], [ -76.224348898231909, 38.829526785654785 ], [ -76.221455896317281, 38.8291497864438 ], [ -76.218705895416107, 38.828425786471961 ], [ -76.216922895883982, 38.827748786661722 ], [ -76.214583894886545, 38.826248786158352 ], [ -76.214294895181553, 38.826229786382768 ], [ -76.213315894116931, 38.824658785733966 ], [ -76.212261893607547, 38.822332784569966 ], [ -76.210606893223641, 38.817220784016016 ], [ -76.208407891069953, 38.812004783432478 ], [ -76.208378891655954, 38.805840781891 ], [ -76.208879891073082, 38.803335780934432 ], [ -76.208237891190649, 38.800775780873188 ], [ -76.207226890338973, 38.798837780343582 ], [ -76.198991887704054, 38.789506779385142 ], [ -76.193015885700646, 38.783946778421011 ], [ -76.196442886644348, 38.781720777802825 ], [ -76.200436887127367, 38.777002776550127 ], [ -76.200741886725908, 38.775038775389305 ], [ -76.202124888021572, 38.772671775689211 ], [ -76.20110588767227, 38.76972477458677 ], [ -76.202058887001002, 38.769238774725004 ], [ -76.202714887127115, 38.768620775108126 ], [ -76.203432888075838, 38.768531774603325 ], [ -76.204219887723212, 38.768127774189622 ], [ -76.207183888884643, 38.770201774007255 ], [ -76.209666889822131, 38.766765774058321 ], [ -76.211751890376348, 38.765519774220145 ], [ -76.213032890666454, 38.764089773575066 ], [ -76.214077890954997, 38.764304773092682 ], [ -76.216443891716608, 38.763333773508975 ], [ -76.218282892223542, 38.763067772436841 ], [ -76.218811892128073, 38.763126772344179 ], [ -76.22171189371538, 38.76819777325322 ], [ -76.223689894139483, 38.769032773346332 ], [ -76.225669894213397, 38.768970774324572 ], [ -76.226908895569025, 38.76760177358598 ], [ -76.227924895545257, 38.76532177294154 ], [ -76.22913089549229, 38.763360772398421 ], [ -76.230004896076608, 38.763232772565615 ], [ -76.232653896695439, 38.763602772210156 ], [ -76.233972896620386, 38.762951772275002 ], [ -76.234283897863321, 38.760657771796346 ], [ -76.233732896420861, 38.753612770420943 ], [ -76.233926896589637, 38.751115769562531 ], [ -76.235374897284302, 38.746866769156888 ], [ -76.23738389767054, 38.744755768167579 ], [ -76.23943289823977, 38.739860767286977 ], [ -76.241612898330231, 38.735626765954677 ], [ -76.248998900495181, 38.73611876583071 ], [ -76.253370901270003, 38.732678765497262 ], [ -76.260641903807212, 38.72757476384848 ], [ -76.264052903959069, 38.724574763005712 ], [ -76.265839903689141, 38.716800761672062 ], [ -76.266723904319207, 38.707735760087559 ], [ -76.264647903985804, 38.702667758315492 ], [ -76.266163903554244, 38.69916075776095 ], [ -76.270495905044385, 38.698104757541195 ], [ -76.274447906592968, 38.700090758517824 ], [ -76.276614907162951, 38.708202759775808 ], [ -76.281705909609713, 38.710906759903196 ], [ -76.28647091074491, 38.712554760877872 ], [ -76.299357915435436, 38.714244760220936 ], [ -76.302604915555747, 38.717615760742468 ], [ -76.304231917248885, 38.725989762325014 ], [ -76.30445391700674, 38.728634762715714 ], [ -76.30880691841331, 38.729702762794567 ], [ -76.312773920030494, 38.727310762073223 ], [ -76.316165920814058, 38.724203761419673 ], [ -76.319438921771976, 38.720449760832217 ], [ -76.32181592150593, 38.717130760235186 ], [ -76.323062922359142, 38.715947760155686 ], [ -76.326409923835214, 38.709404757726467 ], [ -76.326966923328825, 38.706096757685799 ], [ -76.325294922328155, 38.7015717570929 ], [ -76.322729921374915, 38.69687175615087 ], [ -76.318827919156746, 38.693303755639128 ], [ -76.316708919165663, 38.691127754160377 ], [ -76.316039918620746, 38.687733753728402 ], [ -76.316039917722421, 38.682947753024138 ], [ -76.316597918837559, 38.67816075196022 ], [ -76.320499919259106, 38.674331750939011 ], [ -76.327078920786875, 38.671198750432673 ], [ -76.334548922617415, 38.666585749153263 ], [ -76.338701924007438, 38.665519748587542 ], [ -76.341282925752509, 38.665934748797333 ], [ -76.345326927362578, 38.669453749280393 ], [ -76.348441928136751, 38.675404749858906 ], [ -76.350231929138189, 38.681199751491384 ], [ -76.351888930070231, 38.68916875352555 ], [ -76.35142493046304, 38.692687753296482 ], [ -76.34957092988752, 38.696284755064532 ], [ -76.34957092988752, 38.698302754519709 ], [ -76.350565929947336, 38.701614755018532 ], [ -76.350366930654019, 38.705443756380006 ], [ -76.349636930009737, 38.709117757565657 ], [ -76.349172930402545, 38.712843758256739 ], [ -76.347845930081704, 38.71656975889757 ], [ -76.345988930031425, 38.720502760056206 ], [ -76.344581930242953, 38.725254760547152 ], [ -76.353643932708209, 38.729962761292285 ], [ -76.357586934035922, 38.73135476131516 ], [ -76.366631936782753, 38.733557761802921 ], [ -76.384488942647891, 38.737267761613452 ], [ -76.390039945402194, 38.750168764758833 ], [ -76.39210594658816, 38.752094764865383 ], [ -76.396423947834606, 38.762486766683722 ], [ -76.395860948493237, 38.773170768256186 ], [ -76.391918946990401, 38.778879770399215 ], [ -76.381968945493753, 38.786197771368776 ], [ -76.372679942349464, 38.787294772516226 ], [ -76.329580928279142, 38.781074773009593 ], [ -76.325261926309466, 38.785684774280107 ], [ -76.323477926952421, 38.79058877439536 ], [ -76.319252925592409, 38.794832775562845 ], [ -76.315872924504362, 38.799443776796195 ], [ -76.314463925066079, 38.805956778100651 ] ] ], [ [ [ -76.314342929183809, 38.897757797047333 ], [ -76.313440931705344, 38.922399801803692 ], [ -76.312322931621864, 38.931687804102566 ], [ -76.310244930740325, 38.945743806547902 ], [ -76.307837930869155, 38.953173808168074 ], [ -76.307450931254849, 38.954965808970115 ], [ -76.304943930027918, 38.956818809195404 ], [ -76.30172392877347, 38.95867781023501 ], [ -76.30047992919161, 38.959565809768073 ], [ -76.299247928406984, 38.961180810751706 ], [ -76.298237928278553, 38.963516811009484 ], [ -76.298330928164958, 38.964135811371072 ], [ -76.299714928387218, 38.96484281135907 ], [ -76.301834929999856, 38.966513811331474 ], [ -76.302547930027387, 38.967555812199343 ], [ -76.302943930760819, 38.969754811857655 ], [ -76.303732930058018, 38.972058813070312 ], [ -76.303589930841198, 38.973727813061622 ], [ -76.302706930934363, 38.974757812452538 ], [ -76.306441931849633, 38.975366813167255 ], [ -76.327720938635593, 38.980303813322173 ], [ -76.34067394255004, 38.983502813642232 ], [ -76.339857942590342, 38.984797813631459 ], [ -76.339177943073111, 38.984668814033782 ], [ -76.336968941772, 38.989823815006581 ], [ -76.329553940193051, 38.99601681594288 ], [ -76.326807939489839, 39.000821817715256 ], [ -76.327438940399915, 39.011650819949836 ], [ -76.326458940408699, 39.019269821772291 ], [ -76.322373939689058, 39.029681823824596 ], [ -76.312733937813803, 39.040220826612341 ], [ -76.305544935292346, 39.042886827065665 ], [ -76.300478933858273, 39.042886827065644 ], [ -76.298191932739357, 39.040093826580801 ], [ -76.29590393179555, 39.03361782504642 ], [ -76.297047931818298, 39.028284824476344 ], [ -76.295577931382311, 39.023459823346336 ], [ -76.292962930200346, 39.019904822510348 ], [ -76.291982929310805, 39.01622182176321 ], [ -76.291002928421264, 39.009618820825423 ], [ -76.285757926887044, 38.999313818189194 ], [ -76.281518924384997, 38.99514381768109 ], [ -76.271550921548368, 38.988667817239218 ], [ -76.260601917997278, 38.986000817252645 ], [ -76.240502912117392, 38.985492817865989 ], [ -76.231024908827209, 38.983461817327324 ], [ -76.223017905797931, 38.980667816789548 ], [ -76.218442904633548, 38.974572815804798 ], [ -76.207820901320602, 38.976985816525364 ], [ -76.198179897823806, 38.980667817487813 ], [ -76.194047897248481, 38.983877818841925 ], [ -76.191188895669086, 38.979801818423745 ], [ -76.19012389528902, 38.980617818273501 ], [ -76.189586895886919, 38.978564817949575 ], [ -76.186709893865824, 38.976575817365813 ], [ -76.185640894186136, 38.974821817435434 ], [ -76.181522892057913, 38.971770816319072 ], [ -76.181438892392322, 38.971510816684479 ], [ -76.180912891962521, 38.971368816523956 ], [ -76.179673891505246, 38.96824281538003 ], [ -76.179004890960329, 38.967803815984674 ], [ -76.177074891115112, 38.969421816090737 ], [ -76.171637889061955, 38.96327581547564 ], [ -76.170999888479173, 38.959328813810906 ], [ -76.170670886794568, 38.947578812009141 ], [ -76.171048887086343, 38.945469811560066 ], [ -76.169984887429536, 38.942663811039374 ], [ -76.169938886500461, 38.939621810745933 ], [ -76.185296890636295, 38.935446809160638 ], [ -76.187491892592007, 38.935215808977915 ], [ -76.18986389230308, 38.934695809500745 ], [ -76.191575893486714, 38.93476880884706 ], [ -76.194441894738844, 38.935642808577356 ], [ -76.200001895917339, 38.938411809056355 ], [ -76.202103897088321, 38.936801809303724 ], [ -76.202893897108737, 38.935711809366168 ], [ -76.204692897432707, 38.934477808152955 ], [ -76.207145898232966, 38.932439807629258 ], [ -76.207958897819594, 38.93113180728141 ], [ -76.210218899174322, 38.928210806748702 ], [ -76.213840900111691, 38.929467807470708 ], [ -76.217328901154744, 38.932703807927993 ], [ -76.217865901455184, 38.936148807911238 ], [ -76.227257905429965, 38.938132807965253 ], [ -76.233832906759773, 38.938132807965253 ], [ -76.247250911004627, 38.936253807150841 ], [ -76.247518910793232, 38.932599806191263 ], [ -76.23705290711591, 38.909947802524286 ], [ -76.237052906217599, 38.904310801035514 ], [ -76.246042908712823, 38.900239799358481 ], [ -76.252349910254054, 38.898673799380262 ], [ -76.254630910626844, 38.898986799254814 ], [ -76.257045911792275, 38.902431799874698 ], [ -76.256240912601555, 38.908172801617155 ], [ -76.271536917711387, 38.923100803790668 ], [ -76.272878918100872, 38.930824805124111 ], [ -76.274488919177259, 38.931138805075307 ], [ -76.280660920999253, 38.927588804198244 ], [ -76.289925922955788, 38.921461802422158 ], [ -76.292199924554225, 38.919864802068034 ], [ -76.293271924606941, 38.917046801746551 ], [ -76.287907922348708, 38.906816799544124 ], [ -76.28777392245442, 38.901805798356889 ], [ -76.276067917596563, 38.898331798462678 ], [ -76.276076917817377, 38.897972798708032 ], [ -76.275316917035894, 38.897000798346966 ], [ -76.280187919374598, 38.893668797079656 ], [ -76.290723922473816, 38.898465797362611 ], [ -76.305474926887328, 38.893245796544484 ], [ -76.312448928425312, 38.894185796487754 ], [ -76.314342929183809, 38.897757797047333 ] ] ], [ [ [ -76.48852698861333, 38.96736380461698 ], [ -76.492631989424453, 38.955417802230123 ], [ -76.492231989391385, 38.95553380250832 ], [ -76.491028988020759, 38.955237802193352 ], [ -76.489692988377399, 38.955798802383256 ], [ -76.488208987697689, 38.955371802621279 ], [ -76.487554987221415, 38.955679802925815 ], [ -76.484509986767435, 38.956478803433285 ], [ -76.48429698633214, 38.959373803581293 ], [ -76.484527987209106, 38.961670803998508 ], [ -76.481758986041356, 38.962565804020628 ], [ -76.480453985461807, 38.964436804918705 ], [ -76.478619985876065, 38.966283805700577 ], [ -76.477882984660781, 38.965614805219886 ], [ -76.477787985124536, 38.965938805283223 ], [ -76.477359984604064, 38.966054805799374 ], [ -76.476991984358023, 38.965918805632676 ], [ -76.477138984671114, 38.964486805080469 ], [ -76.475986985150755, 38.964404805076015 ], [ -76.47641498477293, 38.961632804184418 ], [ -76.480325985415291, 38.960411804309615 ], [ -76.480727985098198, 38.960110803441097 ], [ -76.482054985419069, 38.955912803466568 ], [ -76.48172498570618, 38.9537528019099 ], [ -76.48194798528894, 38.952691802507822 ], [ -76.483460985382621, 38.950526802031334 ], [ -76.487024987491992, 38.947049801257151 ], [ -76.487873987063651, 38.947692801163704 ], [ -76.493340989254037, 38.950417801325599 ], [ -76.500067991818113, 38.952321801753634 ], [ -76.507336993807215, 38.956589802451042 ], [ -76.508726994775571, 38.957589802861371 ], [ -76.509889995064881, 38.959192802129515 ], [ -76.51138499471692, 38.962210803308217 ], [ -76.512772996035451, 38.963869804037095 ], [ -76.512819995891121, 38.967611804883859 ], [ -76.511060995750128, 38.969849804653983 ], [ -76.51023299519656, 38.9717718045558 ], [ -76.50843599542074, 38.971079804974757 ], [ -76.505268993869748, 38.970519805773918 ], [ -76.503556993584425, 38.969780805664151 ], [ -76.501909992698103, 38.969574804939803 ], [ -76.499483992560343, 38.970219805378406 ], [ -76.497983991987127, 38.970419805550499 ], [ -76.496383991854799, 38.971719805823412 ], [ -76.499814992996448, 38.972989806009622 ], [ -76.49747099197613, 38.976154806928619 ], [ -76.497492991717451, 38.977927807097316 ], [ -76.496568991802718, 38.978139807387677 ], [ -76.496721991065272, 38.978536807785602 ], [ -76.499468992491728, 38.978704807150052 ], [ -76.50404499437937, 38.979259806556598 ], [ -76.503616993858856, 38.97961180702611 ], [ -76.501176993477401, 38.980696807239575 ], [ -76.500069993264589, 38.980909807599758 ], [ -76.497324991487957, 38.982948807643751 ], [ -76.497054992049542, 38.982968808071895 ], [ -76.495365991330416, 38.981594807699075 ], [ -76.492090990722687, 38.979468807744752 ], [ -76.49273099005697, 38.978814806950268 ], [ -76.493227990174432, 38.978672807468101 ], [ -76.49331599093631, 38.978423806808344 ], [ -76.493201991133475, 38.97827380709888 ], [ -76.492421990260496, 38.978253807439522 ], [ -76.489040989347558, 38.976059807224765 ], [ -76.487757988509301, 38.977419807047042 ], [ -76.487085988489682, 38.977381807300929 ], [ -76.485893988786344, 38.975120807354472 ], [ -76.485554987954302, 38.972984806246046 ], [ -76.489383989479222, 38.972719806396896 ], [ -76.488438988749792, 38.97089780537096 ], [ -76.490016989140813, 38.970006805688278 ], [ -76.48852698861333, 38.96736380461698 ] ] ], [ [ [ -76.500319993509819, 38.989125809712334 ], [ -76.499521993093495, 38.990064808881925 ], [ -76.498640992836471, 38.991768809917701 ], [ -76.49434099113337, 38.992401810071634 ], [ -76.488584990136289, 38.994118810811536 ], [ -76.471683983972923, 38.979219808487478 ], [ -76.475683985202053, 38.977419807745328 ], [ -76.483837987646126, 38.97680380695806 ], [ -76.485863987750804, 38.978039807448347 ], [ -76.485449987474027, 38.978408807270668 ], [ -76.486032987805189, 38.978770807888679 ], [ -76.485380987877036, 38.979326807479119 ], [ -76.487167988505433, 38.980479807689008 ], [ -76.486390988903807, 38.981224808443052 ], [ -76.489458989822296, 38.983218808058496 ], [ -76.490261990261502, 38.982469808201962 ], [ -76.49447899122562, 38.985191808359879 ], [ -76.496649991993607, 38.983135808144098 ], [ -76.496965992361069, 38.98338780813031 ], [ -76.496826992443886, 38.983686807967374 ], [ -76.500143993782729, 38.986119809070146 ], [ -76.500787993314972, 38.98677980880602 ], [ -76.501006993598097, 38.98784480835284 ], [ -76.500319993509819, 38.989125809712334 ] ] ], [ [ [ -76.500440009330106, 39.263493864934397 ], [ -76.499640009263942, 39.26619286483843 ], [ -76.495675008194894, 39.264901865007296 ], [ -76.488343005558306, 39.262007864968801 ], [ -76.487900005867516, 39.261752865264043 ], [ -76.487601005218465, 39.26134886494831 ], [ -76.487291004698761, 39.259705864795599 ], [ -76.486895004863626, 39.258987864575175 ], [ -76.485016004173744, 39.25764486457733 ], [ -76.48252900303828, 39.256539863882509 ], [ -76.482527003388469, 39.256339863758633 ], [ -76.483760003997972, 39.255291863325695 ], [ -76.482262003074595, 39.254165863418791 ], [ -76.481921002592756, 39.2541798632124 ], [ -76.482235003310407, 39.254498863812756 ], [ -76.482440003349836, 39.255344863566378 ], [ -76.482397003692128, 39.255618863056014 ], [ -76.482072003103795, 39.255742863529179 ], [ -76.481178002427981, 39.255046864159937 ], [ -76.480686003231725, 39.255084864009952 ], [ -76.479085002376166, 39.254013863989584 ], [ -76.484486003545996, 39.249614862084172 ], [ -76.492986006494775, 39.256013863474614 ], [ -76.494789007016692, 39.258842863901684 ], [ -76.495386007591591, 39.259513864232446 ], [ -76.496609008155374, 39.259794864153648 ], [ -76.499234008484763, 39.262088864910019 ], [ -76.499842008930315, 39.262265864945263 ], [ -76.500404008446765, 39.262222864667358 ], [ -76.501316009564249, 39.263020864540188 ], [ -76.500731009583248, 39.263202865081446 ], [ -76.500440009330106, 39.263493864934397 ] ] ], [ [ [ -76.476530002366971, 39.275424868038797 ], [ -76.474051001627444, 39.274837868209246 ], [ -76.472265000823953, 39.272987867846709 ], [ -76.462743997876075, 39.259686865777653 ], [ -76.462104996570076, 39.258335864859085 ], [ -76.461780996704974, 39.256496864265735 ], [ -76.477486002068744, 39.261114865329212 ], [ -76.480572003428904, 39.272789867398146 ], [ -76.479818003393476, 39.274446867443203 ], [ -76.47920600274999, 39.27676186764419 ], [ -76.476530002366971, 39.275424868038797 ] ] ], [ [ [ -76.461804999689363, 39.295633872666031 ], [ -76.460896998769854, 39.296041872880309 ], [ -76.459814998671391, 39.296884872666716 ], [ -76.459922998626411, 39.297644872950876 ], [ -76.459031998323667, 39.297671872881487 ], [ -76.458131997800066, 39.298812872685929 ], [ -76.457986998933421, 39.299468873894703 ], [ -76.453612996712167, 39.303235874851488 ], [ -76.453673996811517, 39.30367787476878 ], [ -76.454255997317802, 39.30414187425815 ], [ -76.454589997228638, 39.304673874321757 ], [ -76.452226996840068, 39.304394874175998 ], [ -76.452150996672074, 39.304865874867311 ], [ -76.451820996959214, 39.305411874973679 ], [ -76.451840997050695, 39.305847874996765 ], [ -76.452238996535627, 39.306516874452235 ], [ -76.452208997296722, 39.307644875338625 ], [ -76.452385996848733, 39.308084875492533 ], [ -76.452266997023031, 39.308540876119842 ], [ -76.454216997858055, 39.309651875967532 ], [ -76.452055997135844, 39.311400875847276 ], [ -76.448741996170057, 39.313037876406547 ], [ -76.434804990269782, 39.297697874529874 ], [ -76.432657989791309, 39.295728873894383 ], [ -76.430095989211097, 39.293999872935046 ], [ -76.429183988991937, 39.292597872690187 ], [ -76.429362988193773, 39.292704873449949 ], [ -76.430084988442132, 39.29241987305879 ], [ -76.430917989916892, 39.291851872459134 ], [ -76.431140988601328, 39.290035872862425 ], [ -76.431433989402606, 39.289701872585532 ], [ -76.432002989490101, 39.288377872558804 ], [ -76.432522989173762, 39.287957871788322 ], [ -76.432933989077512, 39.286822871284024 ], [ -76.434211989892873, 39.28573587149932 ], [ -76.434195989101013, 39.285337870805719 ], [ -76.434680990421242, 39.285579871661163 ], [ -76.435964990186065, 39.285287871208524 ], [ -76.438283991092035, 39.28341387049629 ], [ -76.443483992420411, 39.28081387004034 ], [ -76.455884995965832, 39.281913869655625 ], [ -76.466084999504346, 39.287913870787143 ], [ -76.464051999726976, 39.292197871884532 ], [ -76.462549999503949, 39.293804871935293 ], [ -76.462565999397484, 39.295537872310938 ], [ -76.461804999689363, 39.295633872666031 ] ] ], [ [ [ -76.439445993353075, 39.330152879850473 ], [ -76.439114993815281, 39.329272880563543 ], [ -76.437546993470008, 39.32829788065284 ], [ -76.437116993299696, 39.327755879562389 ], [ -76.434091992038901, 39.325894879595531 ], [ -76.433109991499535, 39.325026879140388 ], [ -76.431939991537533, 39.324312879119347 ], [ -76.42928499017259, 39.32341487949693 ], [ -76.42328498787974, 39.315014878227153 ], [ -76.431683990546176, 39.31481387740704 ], [ -76.438853993699368, 39.320096877901719 ], [ -76.440185994043105, 39.323914878838117 ], [ -76.44290899518009, 39.326684879326933 ], [ -76.443009995462432, 39.327313879555817 ], [ -76.439445993353075, 39.330152879850473 ] ] ] ] } }
]
}
