{
"type": "FeatureCollection",
"name": "sustainable_communities",
"crs": { "type": "name", "properties": { "name": "urn:ogc:def:crs:OGC:1.3:CRS84" } },
"features": [
{ "type": "Feature", "properties": { }, "geometry": { "type": "MultiPolygon", "coordinates": [ [ [ [ -76.981351994450634, 38.528766874050028 ], [ -76.982403864156154, 38.528663576342879 ], [ -76.982516351196026, 38.532654576925552 ], [ -76.975768318172825, 38.5331363167763 ], [ -76.977849421835359, 38.53935297713938 ], [ -76.977220601136466, 38.540168040272121 ], [ -76.976501885128783, 38.537458203531905 ], [ -76.973613527504185, 38.538278624097998 ], [ -76.970632797017217, 38.536444167072766 ], [ -76.969410747769331, 38.534165460732076 ], [ -76.973662242243719, 38.530835379576303 ], [ -76.970520109653023, 38.531049956490278 ], [ -76.969273278581397, 38.529054352226858 ], [ -76.975560051859034, 38.527780201346857 ], [ -76.975101856266903, 38.520944448221208 ], [ -76.976333195891485, 38.522068136187031 ], [ -76.979365124061417, 38.520933517895273 ], [ -76.97841103597456, 38.521887590218867 ], [ -76.979690890014368, 38.5230275839779 ], [ -76.980613910765427, 38.521055559050659 ], [ -76.981351994450634, 38.528766874050028 ] ] ], [ [ [ -77.156465470636036, 38.605794510921243 ], [ -77.156218259659752, 38.604017354617866 ], [ -77.154906268390675, 38.604261139272303 ], [ -77.155334091943033, 38.601892909129567 ], [ -77.147601749710191, 38.602337838885617 ], [ -77.148796508139753, 38.605237159043163 ], [ -77.145648020866744, 38.60709635745323 ], [ -77.144220190943457, 38.602845272017227 ], [ -77.139031824594653, 38.601214583828352 ], [ -77.142599216047557, 38.599903023703 ], [ -77.142508091843453, 38.598288668283246 ], [ -77.149236683527292, 38.598188729461313 ], [ -77.152339328873026, 38.593527740912307 ], [ -77.157753670923157, 38.593869553595965 ], [ -77.15771724423837, 38.590124189637336 ], [ -77.161570548784994, 38.589714253181128 ], [ -77.170616580102816, 38.598315102562431 ], [ -77.170913024146572, 38.600154497147621 ], [ -77.166780774737944, 38.602752035453427 ], [ -77.165124116962318, 38.600915364670783 ], [ -77.161634979550414, 38.600551295567655 ], [ -77.160744097825287, 38.606269092438858 ], [ -77.156465470636036, 38.605794510921243 ] ] ], [ [ [ -76.991480581025769, 38.807143882930724 ], [ -76.995113987872301, 38.802897993848305 ], [ -76.996309956332553, 38.807073292776437 ], [ -76.997633796380228, 38.805546664174344 ], [ -77.004200780246137, 38.806077665241695 ], [ -77.007204800455156, 38.810809959668859 ], [ -77.006263134272046, 38.817173657552765 ], [ -76.9872368165544, 38.832087443144125 ], [ -76.970303573448746, 38.823661643155994 ], [ -76.962829590284869, 38.815654809628178 ], [ -76.968722538548704, 38.810419085576271 ], [ -76.974202261781826, 38.808165085871366 ], [ -76.991480581025769, 38.807143882930724 ] ] ], [ [ [ -76.957626190629767, 38.930823600385743 ], [ -77.041015717781306, 38.995920068161439 ], [ -77.047602219343361, 38.990816551953763 ], [ -77.052417596203085, 38.993241280930576 ], [ -77.055880829795441, 38.991809845408604 ], [ -77.063538867879572, 38.992557003747379 ], [ -77.059265190407558, 39.001341425537838 ], [ -77.06368482704525, 39.011988642026886 ], [ -77.061098623156354, 39.014159067560797 ], [ -77.053802969051105, 39.013373877010039 ], [ -77.068057156603459, 39.024108711336474 ], [ -77.071397438681188, 39.018770633972956 ], [ -77.074917663191826, 39.019356786130281 ], [ -77.077343890603345, 39.017895971309827 ], [ -77.077543421699289, 39.015281941271581 ], [ -77.087938602199628, 39.016648638202923 ], [ -77.083802066030444, 39.023601613629729 ], [ -77.081263037168696, 39.022953276509931 ], [ -77.080028911868453, 39.029061718969096 ], [ -77.077553033672842, 39.030524462835281 ], [ -77.076951715794692, 39.033258485866895 ], [ -77.072550530552931, 39.03415321725921 ], [ -77.072873712052811, 39.037200576062745 ], [ -77.07005670850954, 39.041818351968715 ], [ -77.065254785717855, 39.045235172230242 ], [ -77.074860274319889, 39.051410943184067 ], [ -77.075257821952249, 39.049293765698117 ], [ -77.079941649521743, 39.049111503314734 ], [ -77.082174986183873, 39.04418645204813 ], [ -77.088528892359335, 39.040266655971045 ], [ -77.089795118057964, 39.042425424822042 ], [ -77.08761079796929, 39.042715719730417 ], [ -77.090789802809141, 39.046608120880833 ], [ -77.090723268189308, 39.053583508900012 ], [ -77.093632105605764, 39.060238354067899 ], [ -77.091694802457269, 39.061851053054887 ], [ -77.088356105906016, 39.060973862830927 ], [ -77.087679443630066, 39.065936468445372 ], [ -77.081085504017423, 39.06951169888805 ], [ -77.077185143919593, 39.069860715782966 ], [ -77.070647989511016, 39.077340466721324 ], [ -77.058772477948949, 39.066307068714181 ], [ -77.055251815958769, 39.067503510868733 ], [ -77.048500204047471, 39.064888267692368 ], [ -77.04595329516404, 39.069338915951079 ], [ -77.04101243174398, 39.069292757434674 ], [ -77.039996648261734, 39.064398164639258 ], [ -77.029791819871818, 39.066199062319377 ], [ -77.023742756988014, 39.05807221732254 ], [ -77.025866788443025, 39.048051855521706 ], [ -77.032054434425703, 39.045743235877914 ], [ -77.025358779471745, 39.035584698892222 ], [ -77.030715359849097, 39.035861713377564 ], [ -77.028822085827656, 39.028889174106084 ], [ -77.03002256832221, 39.021870341577177 ], [ -77.032654760563773, 39.018868814775416 ], [ -77.029468278147505, 39.01180405607974 ], [ -77.022265025650697, 39.009541548476591 ], [ -77.018986488375702, 39.006817102728121 ], [ -77.016770091244865, 39.015359625433049 ], [ -77.003887037344967, 39.014667041250682 ], [ -76.984306415977869, 39.019471411443789 ], [ -76.985032131658244, 39.021776475915459 ], [ -76.98320096805385, 39.024483734444658 ], [ -76.977453110284813, 39.022252631954025 ], [ -76.989593962622251, 39.03745710239361 ], [ -76.994489258101211, 39.037888905123978 ], [ -76.995804829156725, 39.040913889573581 ], [ -76.964884388580927, 39.059425409165378 ], [ -76.962533933165304, 39.062495432781404 ], [ -76.956025578744743, 39.059408325126782 ], [ -76.951780131728825, 39.045331414413745 ], [ -76.977304653398349, 39.010908868358065 ], [ -76.965909476812882, 39.002779993367277 ], [ -76.961151661301642, 39.004948726631198 ], [ -76.958509180655128, 39.004191659332825 ], [ -76.954027417430709, 39.01119406006314 ], [ -76.950015122756909, 39.012259975123641 ], [ -76.944595073709792, 39.006948905129406 ], [ -76.945651868878031, 39.003237819121239 ], [ -76.947965678419934, 39.002447766543938 ], [ -76.946095332099503, 39.0010653732093 ], [ -76.947420319295802, 38.99819048641745 ], [ -76.941762814078047, 38.99868658013353 ], [ -76.942679028294194, 39.003869641635831 ], [ -76.9397577051936, 39.003373039751573 ], [ -76.941065653145614, 38.998715661641391 ], [ -76.937274761748313, 38.99767555815977 ], [ -76.936234754296109, 38.999435247827378 ], [ -76.936072211331975, 38.997750012495459 ], [ -76.932802789262155, 38.997002846148654 ], [ -76.935846467396004, 39.0159407009521 ], [ -76.932752567149564, 39.016661938485413 ], [ -76.929722615273249, 39.020281808839812 ], [ -76.93127763586098, 39.021921908455631 ], [ -76.926187590119994, 39.024844509803778 ], [ -76.923607875660707, 39.023635868115178 ], [ -76.925205168270793, 39.021829121128128 ], [ -76.920347720611375, 39.019170491333277 ], [ -76.919057741660012, 39.021119560751501 ], [ -76.91215737502587, 39.021704993434298 ], [ -76.912437943143615, 39.01609026696952 ], [ -76.901165577531273, 39.010222392578562 ], [ -76.8984599048961, 39.012348966021399 ], [ -76.897187954234198, 39.011493410094076 ], [ -76.897864877021576, 39.013031595089522 ], [ -76.894565447628025, 39.011256664698671 ], [ -76.888177886070437, 39.011563104830202 ], [ -76.888016938514255, 39.010409970874633 ], [ -76.880642755483493, 39.011627276863614 ], [ -76.879891803431846, 39.014652071030788 ], [ -76.861009880014649, 39.014592369499915 ], [ -76.864018442105746, 39.006098217782458 ], [ -76.863107749833631, 38.991751845669995 ], [ -76.860054901697353, 38.990910057234686 ], [ -76.862821636415646, 38.986063738149696 ], [ -76.866920720023998, 38.984321869789945 ], [ -76.866806535168209, 38.980362021461225 ], [ -76.874828711640973, 38.980217181534123 ], [ -76.8783841186697, 38.984274377178295 ], [ -76.877215059243781, 38.985856727621979 ], [ -76.878426343979626, 38.989283809068631 ], [ -76.880051434057833, 38.985971053905253 ], [ -76.882140592913515, 38.987991618471469 ], [ -76.882332322141238, 38.986857018036083 ], [ -76.890620020849028, 38.995411642869129 ], [ -76.902400787098088, 38.996218520765872 ], [ -76.901604517735294, 38.994850362254923 ], [ -76.908503383284597, 38.988139808006103 ], [ -76.912992885495214, 38.979935962335247 ], [ -76.915025310350799, 38.972213755923327 ], [ -76.891127657917764, 38.972535516786351 ], [ -76.877319986960529, 38.97696219206918 ], [ -76.87721297874559, 38.981462513248736 ], [ -76.869990225620569, 38.972419537359023 ], [ -76.869245941763282, 38.966425002357425 ], [ -76.86649940117259, 38.96786801373527 ], [ -76.865571213311995, 38.968172883111137 ], [ -76.864049584900002, 38.963140586690031 ], [ -76.860446250055929, 38.965037547001806 ], [ -76.857609705460291, 38.963901306805035 ], [ -76.857653685179955, 38.960976706610623 ], [ -76.861551212889694, 38.960570667536743 ], [ -76.864363821874605, 38.95720911131427 ], [ -76.85909476166043, 38.949709083416224 ], [ -76.85871590437587, 38.945616511805191 ], [ -76.871516879208272, 38.94300156064984 ], [ -76.876832452391213, 38.943500764521104 ], [ -76.886982909350266, 38.937101004395402 ], [ -76.894474202151343, 38.940419879229026 ], [ -76.896095831919098, 38.938631369049631 ], [ -76.897836961874134, 38.940488333870171 ], [ -76.896478494467189, 38.942036247872998 ], [ -76.899441284699606, 38.943267301871259 ], [ -76.908474369497569, 38.938350164329378 ], [ -76.908535306714853, 38.936547172806172 ], [ -76.912437611665268, 38.937016548762216 ], [ -76.91256533952226, 38.93940592139856 ], [ -76.90808938390613, 38.946072284322078 ], [ -76.909846948539297, 38.95325240370201 ], [ -76.911116884280048, 38.944044521419826 ], [ -76.915613007972595, 38.940313495723949 ], [ -76.917939021127665, 38.935540658665701 ], [ -76.910355096749427, 38.933696458090267 ], [ -76.909003766457431, 38.930885322234445 ], [ -76.902613685125473, 38.931066082910931 ], [ -76.907810791183707, 38.93312245055138 ], [ -76.899398534773553, 38.932424787873764 ], [ -76.89981471975311, 38.929417703636219 ], [ -76.903904795055794, 38.924034050147363 ], [ -76.910687517422005, 38.919731331398992 ], [ -76.908305140372761, 38.914619823721196 ], [ -76.910687646779408, 38.912319245099908 ], [ -76.913522852885293, 38.912414333749332 ], [ -76.915268179769328, 38.914710886058316 ], [ -76.917914624681188, 38.913497208461443 ], [ -76.919555987740765, 38.91560878693398 ], [ -76.916501169599059, 38.91658750591732 ], [ -76.917839800407918, 38.918813900977092 ], [ -76.925264221720937, 38.92103756756724 ], [ -76.928492679715461, 38.924572229114091 ], [ -76.925916518991443, 38.9290833631647 ], [ -76.918873351668154, 38.933184280108179 ], [ -76.922440291268501, 38.936334288504717 ], [ -76.91858378243127, 38.935830075812831 ], [ -76.917065113968135, 38.938298838401451 ], [ -76.918006315845631, 38.939260691010759 ], [ -76.928686742766303, 38.939391228023062 ], [ -76.928141560610257, 38.937098335898568 ], [ -76.924458356554283, 38.937326584599589 ], [ -76.927942161566634, 38.936300032285402 ], [ -76.928272217873385, 38.934316011700489 ], [ -76.934613549431489, 38.93429589691219 ], [ -76.936549257172018, 38.93663870520804 ], [ -76.939445629565583, 38.93662127286963 ], [ -76.939014942184102, 38.931726630574396 ], [ -76.944191263023271, 38.929149479314347 ], [ -76.938017371145918, 38.924178650608305 ], [ -76.936562613323659, 38.921055092496154 ], [ -76.941568707908075, 38.918209469574307 ], [ -76.943907126797228, 38.920047113752219 ], [ -76.941169007013983, 38.921939381160833 ], [ -76.941304267244647, 38.924418244367779 ], [ -76.946279641242953, 38.925641730911423 ], [ -76.946951829010501, 38.928849404401525 ], [ -76.951356404494149, 38.931191641401718 ], [ -76.952907708751553, 38.933878043842313 ], [ -76.957626190629767, 38.930823600385743 ] ], [ [ -76.865807744217889, 38.968066293312972 ], [ -76.865795091447112, 38.968071769757856 ], [ -76.865807763082515, 38.968066440683238 ], [ -76.865807744217889, 38.968066293312972 ] ], [ [ -76.96204413843472, 38.980025632854066 ], [ -76.961969191092265, 38.980158189763436 ], [ -76.961972699911783, 38.980151985209268 ], [ -76.96204413843472, 38.980025632854066 ] ], [ [ -76.965730836937169, 38.976834945021601 ], [ -76.965755618760909, 38.976999571208218 ], [ -76.96573234251359, 38.976844945401567 ], [ -76.965730836937169, 38.976834945021601 ] ], [ [ -76.963865349604106, 38.977176032602102 ], [ -76.963885523968742, 38.976789210025814 ], [ -76.963882645766589, 38.976844388816204 ], [ -76.963865349604106, 38.977176032602102 ] ], [ [ -76.961023661853488, 38.976501679422199 ], [ -76.960930934456556, 38.97734860377173 ], [ -76.960986241931963, 38.976843458613345 ], [ -76.961023661853488, 38.976501679422199 ] ], [ [ -76.955235063091337, 38.983768643199369 ], [ -76.952221348263762, 38.983711660554242 ], [ -76.951747335136119, 38.982349506530284 ], [ -76.953947081094853, 38.982469609886195 ], [ -76.954670364137428, 38.979981529098609 ], [ -76.94944173799253, 38.971603821568337 ], [ -76.948347268379592, 38.966335769310326 ], [ -76.942590715816934, 38.965771756271835 ], [ -76.94300011582115, 38.963444531364281 ], [ -76.942590715816934, 38.965771755573364 ], [ -76.939079927210059, 38.964626731307938 ], [ -76.937913413609664, 38.976959534151526 ], [ -76.947561721308034, 38.981167171530849 ], [ -76.948917880943, 38.984781984500167 ], [ -76.955585318915567, 38.985515321553713 ], [ -76.955235063091337, 38.983768643199369 ] ], [ [ -76.992537908512787, 38.975454557485634 ], [ -76.992557646693555, 38.975553501477066 ], [ -76.992559683159143, 38.975553187706623 ], [ -76.992537908512787, 38.975454557485634 ] ], [ [ -76.986649261605208, 38.977148009186955 ], [ -76.986655231968101, 38.977145576275731 ], [ -76.986614246333275, 38.977106350781888 ], [ -76.986649261605208, 38.977148009186955 ] ], [ [ -76.986652199899922, 38.9771823193797 ], [ -76.986658136221408, 38.977179735937412 ], [ -76.98663574661127, 38.977163049627372 ], [ -76.986652199899922, 38.9771823193797 ] ], [ [ -76.98642795101469, 38.977682933813888 ], [ -76.986651294652219, 38.977837318259837 ], [ -76.986904099437766, 38.977961080188848 ], [ -76.986905452468733, 38.977983884494058 ], [ -76.986904101234416, 38.977951546457383 ], [ -76.986479830518988, 38.977715364820099 ], [ -76.986158910976982, 38.977406528018719 ], [ -76.98642795101469, 38.977682933813888 ] ], [ [ -76.986711515912233, 38.979062287370304 ], [ -76.986671111487382, 38.978928071272279 ], [ -76.986710307467845, 38.979067527785269 ], [ -76.986711515912233, 38.979062287370304 ] ], [ [ -76.986228756786957, 38.981130432845539 ], [ -76.986248903303846, 38.981154363864896 ], [ -76.986230381534241, 38.981123594937472 ], [ -76.986228756786957, 38.981130432845539 ] ], [ [ -76.985738858750139, 38.98793190561144 ], [ -76.98809360811282, 38.989469207163651 ], [ -76.989776579339733, 38.991181675756536 ], [ -76.990000569764263, 38.991515937684426 ], [ -76.991152521011145, 38.992725126436426 ], [ -76.989776581136354, 38.991172141710727 ], [ -76.988046652274605, 38.989416563697411 ], [ -76.987086086436236, 38.988625022470956 ], [ -76.985971848497172, 38.987973656928922 ], [ -76.985738860546761, 38.987922371826073 ], [ -76.984608064230883, 38.987257959971949 ], [ -76.985738858750139, 38.98793190561144 ] ], [ [ -76.983898030171602, 39.002099537678717 ], [ -76.984080608843996, 39.001780333130327 ], [ -76.9837827220598, 39.002176424229162 ], [ -76.983898030171602, 39.002099537678717 ] ], [ [ -76.966211971908407, 38.952346360062613 ], [ -76.966189242735069, 38.952387340857271 ], [ -76.966187502698375, 38.95239047893083 ], [ -76.966211971908407, 38.952346360062613 ] ], [ [ -76.966173985748298, 38.952388612992621 ], [ -76.966172304102088, 38.952388381060231 ], [ -76.966187502698375, 38.95239047893083 ], [ -76.966173985748298, 38.952388612992621 ] ], [ [ -76.966017624091634, 38.952408384530123 ], [ -76.966019342568757, 38.952408100203392 ], [ -76.966015903817862, 38.95240867165122 ], [ -76.966017624091634, 38.952408384530123 ] ], [ [ -76.965983059614445, 38.952414562872512 ], [ -76.96598502333164, 38.952414087131743 ], [ -76.96598160164875, 38.952414717261156 ], [ -76.965983059614445, 38.952414562872512 ] ], [ [ -76.965945708563254, 38.952421729721024 ], [ -76.96594747914267, 38.952421346194413 ], [ -76.965944078120998, 38.952422042689918 ], [ -76.965945708563254, 38.952421729721024 ] ], [ [ -76.952994614467087, 38.948376834241763 ], [ -76.952983189693299, 38.948370275492046 ], [ -76.952805251401827, 38.948268130641644 ], [ -76.952994614467087, 38.948376834241763 ] ], [ [ -76.935605915630916, 38.957404004853259 ], [ -76.935605915631541, 38.957404004855697 ], [ -76.935606059360097, 38.95724435983653 ], [ -76.935605915630916, 38.957404004853259 ] ], [ [ -76.932261936985796, 38.95151219433729 ], [ -76.932499394216535, 38.951525194037622 ], [ -76.932071231975485, 38.951501753720542 ], [ -76.932261936985796, 38.95151219433729 ] ], [ [ -76.931077665488843, 38.951640047152551 ], [ -76.931321263587918, 38.951527617624151 ], [ -76.930563058208207, 38.951877553719136 ], [ -76.931077665488843, 38.951640047152551 ] ], [ [ -76.930110851137769, 38.952207711419568 ], [ -76.930078282548749, 38.952314159852179 ], [ -76.930101654017477, 38.952237773626415 ], [ -76.930110851137769, 38.952207711419568 ] ], [ [ -76.929383517423176, 38.953513202461686 ], [ -76.929380580958934, 38.953504002557651 ], [ -76.929380580830511, 38.95350400355251 ], [ -76.929383517423176, 38.953513202461686 ] ], [ [ -76.929201137860915, 38.954113521615895 ], [ -76.929709287867681, 38.954476646761748 ], [ -76.929883132536418, 38.954626907138795 ], [ -76.929965051436568, 38.954758287273052 ], [ -76.929883132536418, 38.954626906440211 ], [ -76.929703565599326, 38.954465000882841 ], [ -76.929201137860915, 38.954113520218726 ], [ -76.929131214795831, 38.95392823004282 ], [ -76.929201137860915, 38.954113521615895 ] ], [ [ -76.930146258066287, 38.955048903373829 ], [ -76.930146258066287, 38.955048901976674 ], [ -76.929987536045275, 38.954794347704826 ], [ -76.930146258066287, 38.955048903373829 ] ], [ [ -76.926505487453696, 38.951116329577971 ], [ -76.925154306557715, 38.952502994006188 ], [ -76.92500543235893, 38.954401145162855 ], [ -76.925154306557715, 38.952502995403343 ], [ -76.926505487453696, 38.951116329577971 ] ], [ [ -76.926300708675527, 38.950915767439263 ], [ -76.926297046244116, 38.950918496194788 ], [ -76.927676681552413, 38.949890102105023 ], [ -76.926300708675527, 38.950915767439263 ] ], [ [ -76.927246097477166, 38.948916471669797 ], [ -76.927310699820822, 38.948840533793685 ], [ -76.927823662102568, 38.948237548008741 ], [ -76.927246097477166, 38.948916471669797 ] ], [ [ -76.92859331258687, 38.947751797617542 ], [ -76.928593800372056, 38.947751240104942 ], [ -76.929812520463514, 38.946358219723656 ], [ -76.92859331258687, 38.947751797617542 ] ], [ [ -76.929731313660142, 38.945139037283461 ], [ -76.929933342970898, 38.944981511640009 ], [ -76.930160848503135, 38.944804119070724 ], [ -76.929731313660142, 38.945139037283461 ] ], [ [ -76.930283018483465, 38.944609879071017 ], [ -76.93094690312283, 38.944165203253959 ], [ -76.930946900868747, 38.944165203366396 ], [ -76.930283018483465, 38.944609879071017 ] ], [ [ -76.926709510650028, 38.944382535668908 ], [ -76.926483956010344, 38.944376991586033 ], [ -76.926213407978835, 38.944377906089493 ], [ -76.926709510650028, 38.944382535668908 ] ], [ [ -76.923965915386887, 38.944518122205928 ], [ -76.923861528455916, 38.944458733203149 ], [ -76.923859863877695, 38.94446045682151 ], [ -76.923965915386887, 38.944518122205928 ] ], [ [ -76.918002398852124, 38.947092713538922 ], [ -76.917914300182403, 38.947134670927795 ], [ -76.918002608375048, 38.947094642326775 ], [ -76.918002398852124, 38.947092713538922 ] ], [ [ -76.917894256517229, 38.947144216813754 ], [ -76.917892844128801, 38.94714488947011 ], [ -76.917913434024797, 38.947169861126177 ], [ -76.917894256517229, 38.947144216813754 ] ], [ [ -76.917596410864832, 38.94746644631104 ], [ -76.917624523641649, 38.947750996979146 ], [ -76.917731537949237, 38.947372820489186 ], [ -76.917596410864832, 38.94746644631104 ] ], [ [ -76.915637039703086, 38.949580996573445 ], [ -76.915484279392388, 38.949529240740901 ], [ -76.915484249047481, 38.94952926817313 ], [ -76.915637039703086, 38.949580996573445 ] ], [ [ -76.916147343869909, 38.951515366681065 ], [ -76.916151519239349, 38.951511890446184 ], [ -76.914521857616961, 38.95067706496657 ], [ -76.916147343869909, 38.951515366681065 ] ], [ [ -76.916026753244395, 38.951986664704158 ], [ -76.91597658221923, 38.951957790226295 ], [ -76.915887694021151, 38.951911344260452 ], [ -76.916026753244395, 38.951986664704158 ] ], [ [ -76.915862584213045, 38.952268330781251 ], [ -76.915899605368622, 38.952282481090393 ], [ -76.915951466174448, 38.952117039612311 ], [ -76.915862584213045, 38.952268330781251 ] ], [ [ -76.915721574764575, 38.952773518469648 ], [ -76.915943226874404, 38.952403572632178 ], [ -76.915993315138024, 38.952319592106207 ], [ -76.915721574764575, 38.952773518469648 ] ], [ [ -76.915762715374072, 38.952790383025516 ], [ -76.915785405279152, 38.952799684180178 ], [ -76.915785686628098, 38.952799208334 ], [ -76.915762715374072, 38.952790383025516 ] ], [ [ -76.917013819267098, 38.939371074148589 ], [ -76.917016274362766, 38.939359632608962 ], [ -76.917011863634727, 38.939380184757013 ], [ -76.917013819267098, 38.939371074148589 ] ], [ [ -76.916464806694691, 38.939368879469264 ], [ -76.916465587330677, 38.939375029601912 ], [ -76.916462738772907, 38.939352574837564 ], [ -76.916464806694691, 38.939368879469264 ] ], [ [ -76.954253016737894, 38.936356208982687 ], [ -76.947322017552565, 38.943930138634308 ], [ -76.949635964536739, 38.941401772503589 ], [ -76.954253016737894, 38.936356208982687 ] ], [ [ -76.957768023833353, 38.932477893673138 ], [ -76.95793397770062, 38.932298016370801 ], [ -76.95726204505462, 38.933020244600769 ], [ -76.957768023833353, 38.932477893673138 ] ], [ [ -76.955675389395836, 38.934706780125893 ], [ -76.955752210623999, 38.934661068244871 ], [ -76.955757746042778, 38.934654965918241 ], [ -76.955675389395836, 38.934706780125893 ] ], [ [ -76.931617244852447, 38.970660954876081 ], [ -76.93113499956354, 38.971506953816743 ], [ -76.931258977852522, 38.97151474939222 ], [ -76.931326395516294, 38.971359998468131 ], [ -76.931617244852447, 38.970660955574509 ], [ -76.931748253356872, 38.970673215488709 ], [ -76.933647076271825, 38.970749386985027 ], [ -76.931617244852447, 38.970660954876081 ] ], [ [ -76.93113499956354, 38.971506953816743 ], [ -76.924752687760488, 38.971206139070496 ], [ -76.924634505401698, 38.973617489690398 ], [ -76.924752687760488, 38.97120613976891 ], [ -76.926593456151878, 38.9713077857214 ], [ -76.93113499956354, 38.971506953816743 ] ], [ [ -76.916393024116957, 38.974859900264555 ], [ -76.915771313583548, 38.97485482171718 ], [ -76.91779686363229, 38.974930226096816 ], [ -76.916393024116957, 38.974859900264555 ] ], [ [ -76.939971360500778, 38.957954206679005 ], [ -76.939971360500778, 38.957954205281908 ], [ -76.939525703593389, 38.961520263789751 ], [ -76.939971360500778, 38.957954206679005 ] ], [ [ -76.942810970150532, 38.961426800080815 ], [ -76.94290648711403, 38.963432472060504 ], [ -76.942812261925553, 38.961426762302409 ], [ -76.942810970150532, 38.961426800080815 ] ], [ [ -76.918841997769789, 38.987402438536336 ], [ -76.91966780284082, 38.989687577703094 ], [ -76.920238849290513, 38.99106734252836 ], [ -76.919667803739131, 38.989687577703094 ], [ -76.918841997769789, 38.987402438536336 ] ], [ [ -76.922802530594282, 38.991464311493466 ], [ -76.922834564541645, 38.991386040565651 ], [ -76.922829641773873, 38.991398067879778 ], [ -76.922802530594282, 38.991464311493466 ] ], [ [ -76.920665234640126, 38.996782558708531 ], [ -76.920204347695389, 38.997920080939416 ], [ -76.921793389279571, 38.993967427745076 ], [ -76.920665234640126, 38.996782558708531 ] ], [ [ -76.920062800156074, 38.998232386670345 ], [ -76.920044292166281, 38.998273222934401 ], [ -76.920126316614613, 38.998092246510268 ], [ -76.920062800156074, 38.998232386670345 ] ], [ [ -76.919612712915978, 38.999370061419597 ], [ -76.919884125246057, 38.998725124857508 ], [ -76.919612576328873, 38.999370042399832 ], [ -76.919612712915978, 38.999370061419597 ] ], [ [ -76.918828910214415, 38.999275262615868 ], [ -76.918829381829937, 38.999274819303778 ], [ -76.918226580833277, 38.99928342025563 ], [ -76.918828910214415, 38.999275262615868 ] ], [ [ -76.916992565127472, 38.998727129900303 ], [ -76.918223044165998, 38.998729666921562 ], [ -76.918213163596192, 38.998729645977534 ], [ -76.916992565127472, 38.998727129900303 ] ], [ [ -76.91632051300553, 38.998740435647427 ], [ -76.916318336387619, 38.998740478931772 ], [ -76.916992565127472, 38.998727129900303 ], [ -76.91632051300553, 38.998740435647427 ] ], [ [ -76.916230173196254, 38.999505465429451 ], [ -76.916277632823764, 38.999496066589245 ], [ -76.916242073911562, 38.999503108596613 ], [ -76.916230173196254, 38.999505465429451 ] ], [ [ -76.915565400855812, 38.999637116041328 ], [ -76.915874420085999, 38.999575918292471 ], [ -76.915565400894621, 38.999637115335553 ], [ -76.915565400855812, 38.999637116041328 ] ], [ [ -76.914614483821921, 38.998106886203558 ], [ -76.912050648099466, 39.000590127453549 ], [ -76.914474700573805, 38.998242277910599 ], [ -76.914614483821921, 38.998106886203558 ] ] ], [ [ [ -77.627122282184857, 39.326869485654363 ], [ -77.617302999935092, 39.323724000036691 ], [ -77.611638999897821, 39.317393999682608 ], [ -77.607153435901438, 39.319933120404933 ], [ -77.602453349723618, 39.315559074860673 ], [ -77.605505542988055, 39.303226359348308 ], [ -77.616419313715383, 39.302627707936985 ], [ -77.631289818316176, 39.307790307447171 ], [ -77.644583135501279, 39.309909767914213 ], [ -77.64166374198193, 39.317909394052997 ], [ -77.637512123997453, 39.316805744131045 ], [ -77.63727560566798, 39.320032648937776 ], [ -77.634393076312946, 39.319603282407407 ], [ -77.633418630605121, 39.321683310839695 ], [ -77.633309935354063, 39.320129678279699 ], [ -77.628114952913165, 39.318742122957524 ], [ -77.628044056074302, 39.322999870706631 ], [ -77.626072474112902, 39.326109507398229 ], [ -77.627122282184857, 39.326869485654363 ] ] ], [ [ [ -77.160172457589184, 39.383948047489064 ], [ -77.163190549008803, 39.383817925907749 ], [ -77.16528289868036, 39.381392610863728 ], [ -77.165790170134784, 39.379823268554965 ], [ -77.16339694952174, 39.378258553688958 ], [ -77.163974428807194, 39.376393882065095 ], [ -77.156634947695864, 39.378993057986385 ], [ -77.149421298097963, 39.37551718773409 ], [ -77.149138806687205, 39.378990832538868 ], [ -77.150632519053417, 39.379531101064259 ], [ -77.148145086726643, 39.381940325628598 ], [ -77.143374236660634, 39.379935331779123 ], [ -77.145175545654851, 39.37500813785519 ], [ -77.140705941127806, 39.373933999975158 ], [ -77.128367948111375, 39.367462008933344 ], [ -77.125247355324561, 39.364818974738121 ], [ -77.140983013002455, 39.373776243370919 ], [ -77.145277495456455, 39.374721227032289 ], [ -77.146617181785757, 39.371278571856578 ], [ -77.153847423266953, 39.373135655315444 ], [ -77.153294605431, 39.371055638966538 ], [ -77.154524422411143, 39.37092288847883 ], [ -77.154139735958722, 39.371949087766644 ], [ -77.163595420605674, 39.374768280924123 ], [ -77.16969286495403, 39.369858037935266 ], [ -77.168544063436087, 39.368911564794217 ], [ -77.170312125781663, 39.366920476102152 ], [ -77.172206446340411, 39.366714719999273 ], [ -77.172961721085215, 39.367987903504236 ], [ -77.164271049819064, 39.374843627776499 ], [ -77.164533950770121, 39.377194793412265 ], [ -77.166845820849332, 39.377294427212234 ], [ -77.165621541982901, 39.378356515307559 ], [ -77.170219053131703, 39.377135858131595 ], [ -77.171193745876224, 39.37911233700855 ], [ -77.169116196847284, 39.378959753341078 ], [ -77.16589563684073, 39.381702953258014 ], [ -77.169116765480851, 39.383437885683101 ], [ -77.166349900506859, 39.38390339379508 ], [ -77.165427118707655, 39.386262975330418 ], [ -77.163460263681273, 39.384006537515305 ], [ -77.160172457589184, 39.383948047489064 ] ] ], [ [ [ -77.266555488230168, 39.387057141611258 ], [ -77.260389046979768, 39.390221291959364 ], [ -77.256761429775267, 39.385683152531989 ], [ -77.262421432309495, 39.385686099838992 ], [ -77.263949508828603, 39.382307723235698 ], [ -77.273788831594061, 39.380780265241007 ], [ -77.286421501668073, 39.384804384319402 ], [ -77.285090652066231, 39.385895715880238 ], [ -77.286145249955268, 39.388261801370312 ], [ -77.275889140339018, 39.384018666546901 ], [ -77.271671551876707, 39.389914170619548 ], [ -77.273046610268636, 39.39113465709022 ], [ -77.271580831914491, 39.392978928651246 ], [ -77.265235678024851, 39.389152849969356 ], [ -77.266555488230168, 39.387057141611258 ] ] ], [ [ [ -79.377287446538745, 39.413522786919636 ], [ -79.366375841649585, 39.409834131288463 ], [ -79.368622533565059, 39.405889198429854 ], [ -79.365430986447208, 39.404381316320617 ], [ -79.370374229504463, 39.396317529165479 ], [ -79.365719029446439, 39.395415340535536 ], [ -79.368196780629404, 39.391167399140471 ], [ -79.365600705153838, 39.390290112797111 ], [ -79.366248682426161, 39.389151172621922 ], [ -79.37025695264748, 39.390585013646927 ], [ -79.3724440081062, 39.386651534399419 ], [ -79.375004859741139, 39.386292893886953 ], [ -79.38170190708378, 39.392572446415869 ], [ -79.392766132146463, 39.392267440346359 ], [ -79.391873750234794, 39.39583810463261 ], [ -79.389478502124149, 39.397925010164592 ], [ -79.398341945470591, 39.400953052632147 ], [ -79.398518502153152, 39.402445498438297 ], [ -79.400020837447784, 39.400799787164338 ], [ -79.407780413905115, 39.404621044411201 ], [ -79.410174239084341, 39.400102233307294 ], [ -79.414529500652151, 39.401768485397142 ], [ -79.415569898871496, 39.402628369894359 ], [ -79.411258411309177, 39.40809568655812 ], [ -79.416158173211713, 39.412405917420045 ], [ -79.420745801095762, 39.412783744833796 ], [ -79.418347653223393, 39.417093367355967 ], [ -79.419288514515983, 39.41858504025754 ], [ -79.422999608566599, 39.418678794611694 ], [ -79.423095271059523, 39.4214735294495 ], [ -79.42124689483596, 39.424532637427916 ], [ -79.416411214254211, 39.425181360892999 ], [ -79.416373661980373, 39.426877958485221 ], [ -79.408086666653475, 39.427874581196328 ], [ -79.408833687677429, 39.431426860401757 ], [ -79.407580399515538, 39.434615458627214 ], [ -79.409334615229326, 39.43572193086105 ], [ -79.409266782543895, 39.437727341625958 ], [ -79.403802579503932, 39.43045807115741 ], [ -79.400826015403254, 39.431702782099485 ], [ -79.407489352566529, 39.420303778107758 ], [ -79.401046434126201, 39.418044883975803 ], [ -79.40233493085735, 39.419233997431718 ], [ -79.400801617160141, 39.421087094899875 ], [ -79.399237391535678, 39.42042538134848 ], [ -79.394859302878189, 39.423881360541486 ], [ -79.400501048052604, 39.423604104684131 ], [ -79.398975908126161, 39.426155299365078 ], [ -79.392833065618277, 39.425269816723009 ], [ -79.393697076936647, 39.42666095211915 ], [ -79.390490146169569, 39.432390762672433 ], [ -79.385883981549654, 39.430700880495223 ], [ -79.390832836382486, 39.426410578427394 ], [ -79.38909796678665, 39.425796933424117 ], [ -79.390568267259937, 39.423164457011531 ], [ -79.385247538645572, 39.42133897900672 ], [ -79.387991630428814, 39.419313777212324 ], [ -79.390376052043635, 39.420918513791527 ], [ -79.394589086047475, 39.421651360862327 ], [ -79.394330821301608, 39.42315295376946 ], [ -79.398922565266261, 39.417685700459096 ], [ -79.3953658979012, 39.416546233901244 ], [ -79.39104888749651, 39.420402573817448 ], [ -79.388859252076315, 39.419137036998741 ], [ -79.389837404232978, 39.417519519248842 ], [ -79.388090358871793, 39.417090871080198 ], [ -79.384327315248314, 39.421025260593062 ], [ -79.374066548765626, 39.417354518111985 ], [ -79.377287446538745, 39.413522786919636 ] ] ], [ [ [ -77.376489455883018, 39.436338494680982 ], [ -77.381332283461177, 39.439621396284586 ], [ -77.382311897176834, 39.442440380918399 ], [ -77.370298653220445, 39.44158757317026 ], [ -77.361725119572398, 39.444399229585805 ], [ -77.361826255500333, 39.434526964705888 ], [ -77.37746299339409, 39.433973990845239 ], [ -77.381863588442712, 39.428099636939244 ], [ -77.384670532651427, 39.426854334274246 ], [ -77.383294851727015, 39.423429845029027 ], [ -77.383905191385551, 39.418764425902573 ], [ -77.380553344396859, 39.422175818004973 ], [ -77.377349352917392, 39.420719755773206 ], [ -77.378121396513592, 39.413392370705949 ], [ -77.381323979434683, 39.410198117876398 ], [ -77.381726031219898, 39.404616134259967 ], [ -77.38958075453715, 39.405973478749218 ], [ -77.403704781594726, 39.401439398724285 ], [ -77.406440616962186, 39.410142292082945 ], [ -77.408097191194472, 39.410411714248255 ], [ -77.408617114521348, 39.407340949207061 ], [ -77.411912216730187, 39.406912962392326 ], [ -77.411408111837162, 39.410732134300197 ], [ -77.41662132109515, 39.411057093343985 ], [ -77.416500612673815, 39.412778506286536 ], [ -77.422048029353476, 39.411395111412702 ], [ -77.443056506695015, 39.416502297146991 ], [ -77.442973423311003, 39.414678185368778 ], [ -77.445042509311648, 39.41431751527373 ], [ -77.446650692197906, 39.414645373154265 ], [ -77.44694765636622, 39.416803132541396 ], [ -77.457262452021652, 39.416722961251871 ], [ -77.457482836608619, 39.418319143845622 ], [ -77.47121677294902, 39.42050267957287 ], [ -77.469435633827871, 39.423827165316844 ], [ -77.473856467919845, 39.426115017879546 ], [ -77.470856829692764, 39.426303544967929 ], [ -77.464936459456581, 39.422105572743952 ], [ -77.453383667660333, 39.422446069413688 ], [ -77.439642470237487, 39.418583018713029 ], [ -77.439477874622938, 39.420310848827931 ], [ -77.437422761916523, 39.420081267611046 ], [ -77.436888584122713, 39.421720065335577 ], [ -77.43397356989037, 39.41812179135448 ], [ -77.434574497899661, 39.415915329018375 ], [ -77.429075061137638, 39.415797132395483 ], [ -77.420947708114795, 39.413067353837221 ], [ -77.41555590479517, 39.414487236649343 ], [ -77.418405292604419, 39.414949182758939 ], [ -77.418163002599243, 39.417114373682878 ], [ -77.41370402334536, 39.417507615340284 ], [ -77.411620102566118, 39.422956296403356 ], [ -77.405556352227421, 39.42248572223334 ], [ -77.403860763264021, 39.429281019870878 ], [ -77.401994154833474, 39.428000068056228 ], [ -77.402756332232926, 39.422738931553496 ], [ -77.398903384317492, 39.422474676182233 ], [ -77.387796950114534, 39.414973530693018 ], [ -77.384312304279064, 39.415783919306385 ], [ -77.383617634374914, 39.423161741672004 ], [ -77.385311990849729, 39.426864077197919 ], [ -77.381779044398058, 39.428590699380244 ], [ -77.376489455883018, 39.436338494680982 ] ] ], [ [ [ -77.543379587769266, 39.444691469461496 ], [ -77.529751959856227, 39.439330178559771 ], [ -77.526557662097005, 39.439670897709867 ], [ -77.530226871299163, 39.437387434411974 ], [ -77.533594473839656, 39.439793932381491 ], [ -77.535153081400324, 39.438811173140337 ], [ -77.539919615959704, 39.440766322807768 ], [ -77.542775373722662, 39.43861933867845 ], [ -77.545403974499706, 39.441362645632488 ], [ -77.545307594252861, 39.438405683048188 ], [ -77.547488491760305, 39.435305602174708 ], [ -77.547778573036908, 39.442946766001825 ], [ -77.55320034684938, 39.443451492173793 ], [ -77.549032945465342, 39.446702855521693 ], [ -77.544599190006338, 39.446723447112895 ], [ -77.543379587769266, 39.444691469461496 ] ] ], [ [ [ -77.740249881945317, 39.460761832176736 ], [ -77.744572584075669, 39.458649284596333 ], [ -77.742437620123653, 39.455493330430755 ], [ -77.743888193593307, 39.456670694130359 ], [ -77.751424510854733, 39.453640391275819 ], [ -77.7523030569144, 39.455738035515303 ], [ -77.757418993000186, 39.455786213188397 ], [ -77.755474109867336, 39.457112008606451 ], [ -77.756660217520732, 39.458211157150345 ], [ -77.746854872632582, 39.460909184356623 ], [ -77.740249881945317, 39.460761832176736 ] ] ], [ [ [ -79.037023037942575, 39.496237440978923 ], [ -79.033021195167109, 39.493442398140402 ], [ -79.03824241560082, 39.478495225834806 ], [ -79.044155070207012, 39.479861847229508 ], [ -79.046152650311058, 39.483537790562316 ], [ -79.051303147280763, 39.482938910750221 ], [ -79.054805459384625, 39.484608689963807 ], [ -79.04704335776303, 39.49620668994114 ], [ -79.037023037942575, 39.496237440978923 ] ] ], [ [ [ -77.566619921349371, 39.511195381882324 ], [ -77.563554376424847, 39.508907869387869 ], [ -77.565564607503035, 39.50783261950798 ], [ -77.564805430476625, 39.506765298626966 ], [ -77.561920548433847, 39.505177112924883 ], [ -77.565181676358648, 39.502775958459615 ], [ -77.566190263437164, 39.495950848765439 ], [ -77.570056307891136, 39.49845784678282 ], [ -77.566837415157735, 39.503517491248864 ], [ -77.570590194630782, 39.504557282905694 ], [ -77.570344317652697, 39.506376780543853 ], [ -77.567459964717628, 39.506411894987217 ], [ -77.568778214549297, 39.506817618245648 ], [ -77.568218605449772, 39.509307951043112 ], [ -77.569855868598424, 39.511733713698781 ], [ -77.566481528693302, 39.513866900177987 ], [ -77.564037543385254, 39.512279835961749 ], [ -77.566619921349371, 39.511195381882324 ] ] ], [ [ [ -77.646629816620418, 39.50881544800022 ], [ -77.648346430653064, 39.504097065058339 ], [ -77.653928777424241, 39.504257195300639 ], [ -77.655314641650719, 39.507010846391267 ], [ -77.653941351143274, 39.507524068205768 ], [ -77.656709390215369, 39.512374652734337 ], [ -77.644941450111929, 39.513510425123194 ], [ -77.644512296154602, 39.512037099083948 ], [ -77.646121621697901, 39.512335077439367 ], [ -77.647724157774263, 39.509014109128529 ], [ -77.646629816620418, 39.50881544800022 ] ] ], [ [ [ -77.10782428784394, 39.544717647751085 ], [ -77.09877643114946, 39.546708200931647 ], [ -77.101204301579656, 39.546012280289503 ], [ -77.099914000133097, 39.543987010031103 ], [ -77.106657259508879, 39.538953507772497 ], [ -77.115527570475663, 39.545514983515439 ], [ -77.10946797484516, 39.546742207453718 ], [ -77.10782428784394, 39.544717647751085 ] ] ], [ [ [ -78.974813064193583, 39.572624545808772 ], [ -78.97786026821494, 39.565219357797936 ], [ -78.976622981743205, 39.566075129575275 ], [ -78.976904034052865, 39.562054400260763 ], [ -78.975675143235776, 39.561708607883439 ], [ -78.977100042854616, 39.561073267108966 ], [ -78.974177544757637, 39.560586574689374 ], [ -78.975565117579777, 39.559708075106904 ], [ -78.974533621664889, 39.558429750030058 ], [ -78.976789633601442, 39.557085396665677 ], [ -78.980144070433127, 39.562820136557008 ], [ -78.981697828887874, 39.562039121377708 ], [ -78.983563963906278, 39.564190373262285 ], [ -78.984208872533586, 39.566337681798096 ], [ -78.982357527378014, 39.566131284599969 ], [ -78.984708284627587, 39.569839719511762 ], [ -78.980725877801603, 39.569847590762649 ], [ -78.974813064193583, 39.572624545808772 ] ] ], [ [ [ -77.180076116725701, 39.563478974758311 ], [ -77.180068316654086, 39.565387956391397 ], [ -77.181593631752008, 39.565751285451512 ], [ -77.180735881691163, 39.567875543389626 ], [ -77.183623064319391, 39.568795736657336 ], [ -77.181800056519464, 39.570490405181403 ], [ -77.183078591832412, 39.570635616377317 ], [ -77.177552387969854, 39.570793421653065 ], [ -77.176203395992545, 39.57541215313092 ], [ -77.179762218415974, 39.575869050488592 ], [ -77.176909403533898, 39.578714811618617 ], [ -77.174178188201935, 39.578297377264157 ], [ -77.174886718212605, 39.575026538828858 ], [ -77.172100642766267, 39.574952185367394 ], [ -77.1718623736203, 39.573314095016421 ], [ -77.174874138205368, 39.573584410332941 ], [ -77.17612754674154, 39.570245234224487 ], [ -77.170019097132609, 39.569258983263033 ], [ -77.170468947375738, 39.567761736195543 ], [ -77.167475194910452, 39.566224079830242 ], [ -77.169532560591577, 39.564274718182446 ], [ -77.173503795070374, 39.566379871662605 ], [ -77.174694383520389, 39.564693230737944 ], [ -77.174339915495793, 39.566488794162268 ], [ -77.177579403005396, 39.566923051064229 ], [ -77.178340149388589, 39.563629296253332 ], [ -77.180076116725701, 39.563478974758311 ] ] ], [ [ [ -76.998153522077757, 39.584185332439901 ], [ -76.998092251585476, 39.580790861065573 ], [ -76.995544729152712, 39.581163154988403 ], [ -76.994821094868868, 39.578047372694577 ], [ -76.992111120201798, 39.577441880973048 ], [ -76.9848052603366, 39.568978534732878 ], [ -76.984050472478685, 39.564004856182237 ], [ -76.988407001569371, 39.564136431351578 ], [ -76.989907643539695, 39.566191924912026 ], [ -76.99345855090715, 39.563078950347069 ], [ -76.995751133258921, 39.56712523555283 ], [ -76.994087168586788, 39.569251267751305 ], [ -77.006011522449185, 39.578816222545122 ], [ -77.00268486691597, 39.581804663955346 ], [ -77.00299096156084, 39.583307879561467 ], [ -76.999859478497839, 39.585005042196329 ], [ -76.999520686074959, 39.587878940666791 ], [ -76.995198404356174, 39.58800727356163 ], [ -76.995685505039205, 39.584181309357518 ], [ -76.998153522077757, 39.584185332439901 ] ] ], [ [ [ -77.823466946935355, 39.601580648863312 ], [ -77.817681798302246, 39.603975438932551 ], [ -77.817825528747704, 39.601421454634476 ], [ -77.80980357595547, 39.604245366109758 ], [ -77.810198833782167, 39.607733569378546 ], [ -77.80727931000709, 39.607878907396859 ], [ -77.808991039899524, 39.601406412145245 ], [ -77.806491221601604, 39.602299192379022 ], [ -77.805770141228081, 39.600521654287732 ], [ -77.810710874392427, 39.591952203386569 ], [ -77.816738568152232, 39.593800470171786 ], [ -77.817618917130673, 39.591855289124538 ], [ -77.819645293629449, 39.59160987045572 ], [ -77.81777163072897, 39.587985531697576 ], [ -77.820303693155694, 39.588206101297629 ], [ -77.818243758292851, 39.588888217612137 ], [ -77.823227300672059, 39.591701359231251 ], [ -77.823264851149247, 39.594003874879618 ], [ -77.821253194444708, 39.594181624556668 ], [ -77.825335214554215, 39.596111907765632 ], [ -77.8252949817076, 39.593966543935316 ], [ -77.82779479910721, 39.593825997377046 ], [ -77.829270061874126, 39.598991968253024 ], [ -77.82911734827583, 39.601248417706337 ], [ -77.823466946935355, 39.601580648863312 ] ] ], [ [ [ -77.417694565314562, 39.627516857915253 ], [ -77.407695353208325, 39.625179409312267 ], [ -77.399294570080983, 39.625727259005146 ], [ -77.400386992433383, 39.621934210044678 ], [ -77.395162427571876, 39.621052907163659 ], [ -77.395509772854581, 39.618649688531967 ], [ -77.393380082911591, 39.617080181565669 ], [ -77.397496144678826, 39.614473053328311 ], [ -77.401695730004519, 39.619069105836736 ], [ -77.402729836423617, 39.617620551327789 ], [ -77.408319276292275, 39.620586740064418 ], [ -77.408148013381691, 39.612712797176705 ], [ -77.413742852125196, 39.615507120144784 ], [ -77.419239230123708, 39.614738830388127 ], [ -77.417178365504526, 39.61960344687057 ], [ -77.417694565314562, 39.627516857915253 ] ] ], [ [ [ -77.699044991702721, 39.645989345624322 ], [ -77.701020875696003, 39.64523100978387 ], [ -77.701897107695501, 39.642243319832282 ], [ -77.703657983518795, 39.642079907479079 ], [ -77.707602812019829, 39.628112915423671 ], [ -77.710092680577645, 39.62885359550117 ], [ -77.711488885311354, 39.626226717619758 ], [ -77.714336573508106, 39.626816593775565 ], [ -77.713849289568756, 39.625157819575193 ], [ -77.717314423097946, 39.624616887319291 ], [ -77.718672601247363, 39.622226072338194 ], [ -77.721278119813192, 39.622670293989245 ], [ -77.721759865638802, 39.620463722963443 ], [ -77.728901843151789, 39.622244576931152 ], [ -77.728501629319666, 39.623460270034435 ], [ -77.731818127601926, 39.623056442307302 ], [ -77.730702558359624, 39.624575643474344 ], [ -77.736269286122962, 39.62704845802957 ], [ -77.736521284221396, 39.624045973257914 ], [ -77.739500466911124, 39.624755811807596 ], [ -77.739323673073315, 39.62682451874899 ], [ -77.741888112579517, 39.627175563578476 ], [ -77.738426225561767, 39.627906663475216 ], [ -77.74131322852692, 39.628557459061206 ], [ -77.736923000036668, 39.634262310081645 ], [ -77.742023070976217, 39.635302191983612 ], [ -77.746401465060927, 39.634023182332982 ], [ -77.749362208032792, 39.638245956917977 ], [ -77.745098383282809, 39.641697366956095 ], [ -77.743397387359721, 39.648131424236439 ], [ -77.73820725671969, 39.648812045515619 ], [ -77.736652883817271, 39.651563606234134 ], [ -77.734457055411497, 39.65065896732397 ], [ -77.729417662974441, 39.654889759341245 ], [ -77.730735418732706, 39.657417369323881 ], [ -77.727350163398583, 39.659701871423714 ], [ -77.725668701341348, 39.657401981452452 ], [ -77.714120565513213, 39.660160557801127 ], [ -77.70229815426589, 39.650937152010734 ], [ -77.697440648215988, 39.651465830622563 ], [ -77.699044991702721, 39.645989345624322 ] ] ], [ [ [ -78.735218663339467, 39.680903554721084 ], [ -78.736499973548348, 39.676992130938515 ], [ -78.741276810885736, 39.676864278288498 ], [ -78.741128658034128, 39.674716889492139 ], [ -78.74687408945357, 39.671032724892825 ], [ -78.757445174459562, 39.658440469744846 ], [ -78.752638648700341, 39.657368148870809 ], [ -78.744177311936355, 39.658730237454449 ], [ -78.745827660843716, 39.655325622003431 ], [ -78.733472877416304, 39.651120788108614 ], [ -78.737186273848991, 39.652886355586425 ], [ -78.736517473628382, 39.654193749831059 ], [ -78.732080781576698, 39.652230623027805 ], [ -78.731516090707643, 39.655030801615837 ], [ -78.717895482230247, 39.655663375430329 ], [ -78.720339606777173, 39.649557714294488 ], [ -78.722300832061649, 39.649457393269635 ], [ -78.725243467692351, 39.644328303687509 ], [ -78.735484468543845, 39.647155355729886 ], [ -78.746846601005885, 39.64593854271461 ], [ -78.745881982867274, 39.637411532026455 ], [ -78.746940373443437, 39.636161063638944 ], [ -78.74225906924157, 39.630471965786839 ], [ -78.735508751802598, 39.630055904633224 ], [ -78.736368117034317, 39.626694238131982 ], [ -78.76499005805556, 39.632620463782963 ], [ -78.767206465966169, 39.629173832044934 ], [ -78.759501407365136, 39.62510315086837 ], [ -78.755486776173271, 39.626887307560253 ], [ -78.749679052877084, 39.626753025824819 ], [ -78.76341916154179, 39.619241069269393 ], [ -78.776367893967063, 39.622223321870102 ], [ -78.776034619894986, 39.628062596154422 ], [ -78.764701578475112, 39.644171243504104 ], [ -78.764478192616778, 39.648304441495071 ], [ -78.766978680159582, 39.649016083335496 ], [ -78.769642240672525, 39.646933549705302 ], [ -78.776533901733259, 39.64598183510202 ], [ -78.780919043962356, 39.639372457788873 ], [ -78.785004543246984, 39.637870815968164 ], [ -78.794635344577117, 39.639185342004616 ], [ -78.802875703866064, 39.648201300739927 ], [ -78.795181492422074, 39.658517676244465 ], [ -78.78529569082383, 39.653273822253183 ], [ -78.782664570272402, 39.654961975660981 ], [ -78.783448443782603, 39.655631228828511 ], [ -78.779325091288541, 39.658224068674478 ], [ -78.766562188854508, 39.672667793689897 ], [ -78.759873715032953, 39.669969931410755 ], [ -78.763866651910689, 39.664716517615823 ], [ -78.761216695484393, 39.662962871473866 ], [ -78.763361463649417, 39.658135135375538 ], [ -78.761093269659298, 39.657040870349718 ], [ -78.757565407672132, 39.663217827201045 ], [ -78.74806738362922, 39.67355064596569 ], [ -78.742207173567607, 39.676301588302238 ], [ -78.73813416535701, 39.681676721961075 ], [ -78.735218663339467, 39.680903554721084 ] ] ], [ [ [ -78.935465870195614, 39.666401689164452 ], [ -78.930065358607592, 39.659856827163459 ], [ -78.929659603068487, 39.661500302738794 ], [ -78.92560263068404, 39.662130367900566 ], [ -78.926064587522262, 39.65949845989195 ], [ -78.924398071634727, 39.657461588168957 ], [ -78.921733560704197, 39.659900774045944 ], [ -78.919715833184952, 39.659302580350975 ], [ -78.919807727245257, 39.657807022975867 ], [ -78.923474020516025, 39.656394058727265 ], [ -78.911303749251346, 39.651165804306757 ], [ -78.909123582972555, 39.647732749710727 ], [ -78.91070809165781, 39.642264920147753 ], [ -78.915479342372436, 39.644730905349931 ], [ -78.911772438064318, 39.650523506806216 ], [ -78.922286481846399, 39.654059922245828 ], [ -78.925576061212865, 39.65251053256214 ], [ -78.928804850685765, 39.647663219269056 ], [ -78.929838710966465, 39.649324882447814 ], [ -78.935116803740826, 39.6471617614922 ], [ -78.944875411979652, 39.636838784437124 ], [ -78.945798337509302, 39.639597665278039 ], [ -78.950113878270187, 39.64134039003644 ], [ -78.946970810533301, 39.644367283515919 ], [ -78.94790499105514, 39.646042109476035 ], [ -78.946034087779211, 39.648134179899699 ], [ -78.942395311702228, 39.648194097564669 ], [ -78.939086881189525, 39.653941826092513 ], [ -78.937456290726828, 39.652457548863957 ], [ -78.931871337942994, 39.654870500628824 ], [ -78.933934859778788, 39.655008301349177 ], [ -78.933592634893202, 39.656504627479883 ], [ -78.936484674712148, 39.659051830159598 ], [ -78.935443308108916, 39.659757067422106 ], [ -78.932104215400614, 39.657508772518284 ], [ -78.930914571978278, 39.658860720530342 ], [ -78.937106864945918, 39.665657386637264 ], [ -78.935217307254803, 39.668797415577785 ], [ -78.933805729651624, 39.6673791385792 ], [ -78.935465870195614, 39.666401689164452 ] ] ], [ [ [ -77.184698569598353, 39.664648159781976 ], [ -77.176079264989951, 39.661199856636273 ], [ -77.172602792026936, 39.662049009261636 ], [ -77.171384638772423, 39.659012749341493 ], [ -77.168878587064754, 39.660128537772167 ], [ -77.169753641372893, 39.657398959204876 ], [ -77.159844246422026, 39.655015672568176 ], [ -77.163415658734166, 39.652041813618681 ], [ -77.158207660603125, 39.649641689690469 ], [ -77.159811819935214, 39.647715557839469 ], [ -77.16588735617043, 39.646110618519522 ], [ -77.166697625776919, 39.64723557954234 ], [ -77.161255707244209, 39.650452949981997 ], [ -77.175907373258639, 39.656185980212769 ], [ -77.176433959389996, 39.658184033005213 ], [ -77.179243192506036, 39.656839444855947 ], [ -77.181019817592912, 39.658106815067583 ], [ -77.185194159360833, 39.657559238421641 ], [ -77.183736425420037, 39.660281101137407 ], [ -77.186598709443516, 39.66031562316217 ], [ -77.184698569598353, 39.664648159781976 ] ] ], [ [ [ -77.564319375432589, 39.660738364596789 ], [ -77.563313975576719, 39.66122694333199 ], [ -77.562475681228307, 39.659522973927899 ], [ -77.564363956125192, 39.655360009564589 ], [ -77.567625522427861, 39.654864401966321 ], [ -77.566853046741983, 39.65337755785076 ], [ -77.56999575694941, 39.651233579964412 ], [ -77.56948077255997, 39.647697956485324 ], [ -77.574244375916578, 39.649878829543781 ], [ -77.573128577603853, 39.648623183885974 ], [ -77.574458952895242, 39.646376181380496 ], [ -77.57677638174944, 39.646475315770289 ], [ -77.579694624526937, 39.648854488801575 ], [ -77.576862212181595, 39.649184922756447 ], [ -77.58029543934849, 39.652092676366678 ], [ -77.582612868202716, 39.650903155800926 ], [ -77.583599920867215, 39.652588303837341 ], [ -77.585702772742778, 39.65020925929462 ], [ -77.589389637433541, 39.649459336860353 ], [ -77.588099000915392, 39.650581857178366 ], [ -77.589783083358327, 39.651051588917831 ], [ -77.583689104710331, 39.660468046419474 ], [ -77.585319887412481, 39.660996652138763 ], [ -77.583332538221228, 39.664049087453783 ], [ -77.581487178540414, 39.663057992623784 ], [ -77.580800533286677, 39.664841952391647 ], [ -77.574277400681368, 39.664676772687187 ], [ -77.569985866498129, 39.66295888270475 ], [ -77.571273326573447, 39.657243286306951 ], [ -77.566466808000754, 39.657937112208408 ], [ -77.564319375432589, 39.660738364596789 ] ], [ [ -77.563666382866046, 39.660941668746005 ], [ -77.56362016993458, 39.661031657893595 ], [ -77.563653880113918, 39.661015501127601 ], [ -77.563666382866046, 39.660941668746005 ] ] ], [ [ [ -77.322270555338392, 39.70801574792462 ], [ -77.325278979088921, 39.70623570430611 ], [ -77.32471551442022, 39.704772536216879 ], [ -77.319853190705444, 39.703873024765436 ], [ -77.320034647697895, 39.702614811302468 ], [ -77.324548099892297, 39.703580228520487 ], [ -77.324589588583677, 39.701627447028706 ], [ -77.327976049456922, 39.702090075143715 ], [ -77.329578876587462, 39.698491685024855 ], [ -77.329815864735821, 39.702070513736281 ], [ -77.327941097805862, 39.704311431345253 ], [ -77.329097208915258, 39.704551195039265 ], [ -77.336210462797027, 39.695825543155607 ], [ -77.338736396018561, 39.697230064713466 ], [ -77.333164782318391, 39.703378059601413 ], [ -77.331008561531803, 39.703243550455504 ], [ -77.330951017251337, 39.704926822759965 ], [ -77.335610029759437, 39.706500383013115 ], [ -77.334714569321278, 39.707556439439735 ], [ -77.328471853018442, 39.705607149298025 ], [ -77.322270555338392, 39.70801574792462 ] ] ], [ [ [ -78.178553425667147, 39.699881558390118 ], [ -78.146239912783045, 39.694173302449215 ], [ -78.144181557158461, 39.693627562072727 ], [ -78.144518694884596, 39.691729896145368 ], [ -78.178150943588932, 39.697627434182714 ], [ -78.189346224766723, 39.693633580587672 ], [ -78.19139247649116, 39.695258475401182 ], [ -78.187568013255074, 39.697211225605706 ], [ -78.193607056330194, 39.702034934394973 ], [ -78.191293049158887, 39.705180309791402 ], [ -78.187049588318104, 39.703872111098697 ], [ -78.184483733066998, 39.709747002695252 ], [ -78.186320513836876, 39.712456712975438 ], [ -78.181366354452294, 39.710904130075242 ], [ -78.185062134023937, 39.700899669461933 ], [ -78.181772510640002, 39.700434789173286 ], [ -78.178199791279127, 39.710969505841234 ], [ -78.180544665461909, 39.712809450659016 ], [ -78.179045605424776, 39.715077093361344 ], [ -78.174722991329361, 39.715161888817889 ], [ -78.177479199589143, 39.703748185435572 ], [ -78.178943114837395, 39.703731691715412 ], [ -78.178553425667147, 39.699881558390118 ] ] ], [ [ [ -77.487628641050293, 39.719912262823271 ], [ -77.469199828760722, 39.719917971566936 ], [ -77.480605619345567, 39.708325348310375 ], [ -77.482284975751767, 39.707377304438658 ], [ -77.483643831230921, 39.708424324025088 ], [ -77.487276865276613, 39.702281964357169 ], [ -77.492410084948446, 39.703979603006154 ], [ -77.500983590748746, 39.697342430871153 ], [ -77.498928345091656, 39.695974456931246 ], [ -77.502332897136412, 39.691287640941553 ], [ -77.506033499762822, 39.691028210638002 ], [ -77.508703582044731, 39.687433533241766 ], [ -77.511663972877031, 39.689334414159823 ], [ -77.505718443524685, 39.696421601373252 ], [ -77.512289554250998, 39.701076920610475 ], [ -77.511264822650219, 39.705371945067668 ], [ -77.507606154279586, 39.706200680684518 ], [ -77.504735067664612, 39.709732003111419 ], [ -77.502786895799517, 39.708674436811343 ], [ -77.496502410530908, 39.713873797476715 ], [ -77.49493706380899, 39.712276628078619 ], [ -77.495170986905606, 39.714485158578107 ], [ -77.492858626346234, 39.71721950452126 ], [ -77.487628641050293, 39.719912262823271 ] ] ], [ [ [ -76.785020993075619, 38.541444889068231 ], [ -76.778919730887296, 38.542078858448306 ], [ -76.77913181414273, 38.539639445480155 ], [ -76.776550372223156, 38.539500979940385 ], [ -76.77654252454083, 38.536575424869078 ], [ -76.772817851556383, 38.535517372622188 ], [ -76.770363379315697, 38.531760078401589 ], [ -76.771885139780039, 38.530290735353447 ], [ -76.776450373562355, 38.531381616964708 ], [ -76.778973274969815, 38.525296858936102 ], [ -76.777389588243039, 38.521586419925654 ], [ -76.780640278642551, 38.520529422187515 ], [ -76.782358819561452, 38.523172573714973 ], [ -76.780525977005794, 38.523289186852004 ], [ -76.781784601160496, 38.524879276667193 ], [ -76.780373953313642, 38.525541818069776 ], [ -76.78127121577225, 38.527031352253417 ], [ -76.782829270869016, 38.526391387740311 ], [ -76.784341131898927, 38.529532928552257 ], [ -76.788201400185628, 38.529227651796496 ], [ -76.789974752709881, 38.532153329998657 ], [ -76.787862114587639, 38.532420356963009 ], [ -76.787183990752709, 38.534442466896039 ], [ -76.790168969372644, 38.536217116898079 ], [ -76.792508989059627, 38.540913769978488 ], [ -76.798119511489688, 38.54112493719547 ], [ -76.800560420067896, 38.543186499768638 ], [ -76.800269577019947, 38.544351312539412 ], [ -76.794695895397993, 38.543454924010909 ], [ -76.785588005191386, 38.546682359696689 ], [ -76.785020993075619, 38.541444889068231 ] ] ], [ [ [ -76.951912241567769, 38.583922869692415 ], [ -76.960964023900047, 38.587615964402275 ], [ -76.960197212990366, 38.589525470838581 ], [ -76.958336392405172, 38.591259340431399 ], [ -76.956683201228259, 38.589808497416563 ], [ -76.952346804281419, 38.59146426592379 ], [ -76.949023696195269, 38.59381667824298 ], [ -76.95246547352707, 38.59625908866672 ], [ -76.949483876165871, 38.597365812231246 ], [ -76.953441478710218, 38.603607529789606 ], [ -76.938620980626339, 38.61165467905964 ], [ -76.935234601499801, 38.618327458047261 ], [ -76.937043406036778, 38.62025164371169 ], [ -76.928165109945439, 38.622069135277634 ], [ -76.925346820014667, 38.620395567080308 ], [ -76.924494339471295, 38.623512349355039 ], [ -76.919281092484042, 38.628561942497512 ], [ -76.922015823822036, 38.633554049947584 ], [ -76.937052337985634, 38.64654782419759 ], [ -76.934646438550672, 38.648343987697054 ], [ -76.931937882323467, 38.648015619368387 ], [ -76.931875189798092, 38.654690804481689 ], [ -76.904771649542027, 38.652157721091797 ], [ -76.894348878186065, 38.6554659128902 ], [ -76.890643018618618, 38.655235301284414 ], [ -76.889705353531795, 38.656791512556865 ], [ -76.882730179692359, 38.657106440045403 ], [ -76.878591466006938, 38.659518586406257 ], [ -76.874420801941795, 38.658024054857599 ], [ -76.860187129215603, 38.6579571402808 ], [ -76.842060616188803, 38.650863729083518 ], [ -76.845755432766452, 38.641967302510153 ], [ -76.850160522086455, 38.644414575030204 ], [ -76.849789675079293, 38.645990915280819 ], [ -76.860948870033809, 38.644292327261773 ], [ -76.861227074684052, 38.645767742449337 ], [ -76.865124647309528, 38.642584778391715 ], [ -76.868752510652428, 38.644826990707998 ], [ -76.872600879854886, 38.64478040288185 ], [ -76.875863632832022, 38.620877325262612 ], [ -76.874638511345864, 38.617010265033962 ], [ -76.881065800896877, 38.614533409186258 ], [ -76.875753227188667, 38.609502118797678 ], [ -76.878175510097776, 38.601025859808971 ], [ -76.877198798838819, 38.595485725730065 ], [ -76.890163022711164, 38.593677809430446 ], [ -76.899331984882352, 38.589463118813704 ], [ -76.902754360400664, 38.582019185310259 ], [ -76.912093478758024, 38.579943276335158 ], [ -76.914591478865802, 38.583234236692149 ], [ -76.919026853088965, 38.584464984242373 ], [ -76.926159588734279, 38.572118535078076 ], [ -76.92483206918719, 38.571619879493781 ], [ -76.925482245535321, 38.56767543158 ], [ -76.928736248921609, 38.5677713967386 ], [ -76.932381499156833, 38.571643306386079 ], [ -76.936879392530514, 38.572406623063564 ], [ -76.937342128208087, 38.574119852290437 ], [ -76.938784798299892, 38.574017640875148 ], [ -76.938753549504398, 38.577385675448774 ], [ -76.944423752408682, 38.579079183854553 ], [ -76.947533739685255, 38.583416299938897 ], [ -76.949522113854258, 38.581454986028902 ], [ -76.951912241567769, 38.583922869692415 ] ] ], [ [ [ -76.750891832288715, 38.814180343372513 ], [ -76.75643096919643, 38.813517320674414 ], [ -76.760321782897719, 38.811939932981062 ], [ -76.763992238961521, 38.817655164078815 ], [ -76.754508958069039, 38.821839502754251 ], [ -76.747942907552712, 38.821652862917873 ], [ -76.742820327527085, 38.817538349114784 ], [ -76.742105802160197, 38.814174832651226 ], [ -76.744243766485269, 38.80737751316191 ], [ -76.747631763477642, 38.806768886985374 ], [ -76.75182870506147, 38.808837771549271 ], [ -76.752959615732209, 38.811854409419958 ], [ -76.751123330832371, 38.812775667503281 ], [ -76.750891832288715, 38.814180343372513 ] ] ], [ [ [ -76.895724261768123, 38.836154196837761 ], [ -76.872049758936498, 38.830103972909463 ], [ -76.872349692036821, 38.828661128611692 ], [ -76.89151333700859, 38.817469031215751 ], [ -76.897633681210181, 38.808661900833584 ], [ -76.903155507582369, 38.806529218425197 ], [ -76.901580307240067, 38.804625232095958 ], [ -76.904083903852097, 38.801598085905226 ], [ -76.902078287419513, 38.798683953629222 ], [ -76.903255508938088, 38.799917501934139 ], [ -76.908808747599139, 38.798936849696631 ], [ -76.912097628974635, 38.801351630898168 ], [ -76.910994860725097, 38.803445610217018 ], [ -76.908175656309396, 38.803734065465449 ], [ -76.908485778101678, 38.805543531510011 ], [ -76.923521144218356, 38.824170962094776 ], [ -76.93274173706051, 38.829959482515868 ], [ -76.945455739702041, 38.831991776721942 ], [ -76.945304901786045, 38.837331259007485 ], [ -76.948057696447748, 38.83704769376839 ], [ -76.951010972622996, 38.839244440478005 ], [ -76.948778334850147, 38.841755518841396 ], [ -76.953049901281247, 38.846413780964681 ], [ -76.958442172623165, 38.84793364759571 ], [ -76.960212808641998, 38.851981492050477 ], [ -76.961858224001844, 38.85180014872865 ], [ -76.949753081493583, 38.861313149391513 ], [ -76.947582325965698, 38.860001974184314 ], [ -76.953538686305436, 38.854787846187001 ], [ -76.945116911346545, 38.850924549978629 ], [ -76.938899785351182, 38.854584310356714 ], [ -76.933093880245124, 38.853762458326173 ], [ -76.931198404452928, 38.851857052707572 ], [ -76.923917298563708, 38.853182402337204 ], [ -76.922048996808826, 38.850876969404581 ], [ -76.918771055116878, 38.851767136844522 ], [ -76.92017874481148, 38.845707653350509 ], [ -76.916197879494518, 38.84393712722337 ], [ -76.913719455473412, 38.839272298547137 ], [ -76.916269518341807, 38.832998839385731 ], [ -76.902527181855191, 38.836369022425579 ], [ -76.895724261768123, 38.836154196837761 ] ] ], [ [ [ -76.875291547031537, 38.867249554460059 ], [ -76.874796612140926, 38.857974155918747 ], [ -76.883789774909317, 38.85481806965268 ], [ -76.895904525797874, 38.852713596203991 ], [ -76.897930320188337, 38.853705568463795 ], [ -76.899756875435344, 38.851553204940807 ], [ -76.901792470445571, 38.852594763130625 ], [ -76.900226070898114, 38.854466502459907 ], [ -76.90503760925661, 38.856132365250168 ], [ -76.902918134056733, 38.857892978524731 ], [ -76.900673284585906, 38.856298972258038 ], [ -76.903056089233218, 38.86103588911692 ], [ -76.89514041612226, 38.860851230900877 ], [ -76.894230672471082, 38.862363331909691 ], [ -76.879278831709527, 38.863902420322802 ], [ -76.875291547031537, 38.867249554460059 ] ] ], [ [ [ -76.841552981815013, 38.905932690135849 ], [ -76.841570081246445, 38.903506827380845 ], [ -76.833727289352794, 38.903193892870647 ], [ -76.830618086305478, 38.892939880600515 ], [ -76.83404672936949, 38.888689787933117 ], [ -76.844945600639505, 38.885038179883672 ], [ -76.844228733364702, 38.87256975816917 ], [ -76.847829538552944, 38.869322913956729 ], [ -76.852256179354896, 38.868860006775293 ], [ -76.855656245213112, 38.870344719628861 ], [ -76.85971239653739, 38.882723164095125 ], [ -76.879866856318088, 38.880816533862394 ], [ -76.881165831897036, 38.880507553906007 ], [ -76.881358113588647, 38.877815251934848 ], [ -76.88688275258599, 38.878034186817388 ], [ -76.888000887416752, 38.880382285463128 ], [ -76.892051226641158, 38.880136012266078 ], [ -76.891163482731301, 38.875531475000109 ], [ -76.89578965193428, 38.876482911363524 ], [ -76.895002385487274, 38.873202080919739 ], [ -76.89820020104915, 38.873037201104808 ], [ -76.894427794285463, 38.871329887070132 ], [ -76.894544972327751, 38.868211367784156 ], [ -76.892819953657323, 38.868258961240734 ], [ -76.89392512579856, 38.870306923365341 ], [ -76.891337962508942, 38.868720941413969 ], [ -76.894807925381087, 38.864415545910077 ], [ -76.901351280860069, 38.863093731602866 ], [ -76.900210947760314, 38.865301487092715 ], [ -76.901709571216188, 38.8654376851119 ], [ -76.902279183056379, 38.868173725657741 ], [ -76.899448890735101, 38.869428097396465 ], [ -76.89985035502211, 38.870954632624695 ], [ -76.902985564296898, 38.872228363817769 ], [ -76.903229539541556, 38.870711961517287 ], [ -76.907150781876453, 38.874727125195207 ], [ -76.909433449522453, 38.874494102033957 ], [ -76.909692572159415, 38.876091816731332 ], [ -76.916370851899117, 38.875366085167954 ], [ -76.91598249852369, 38.877306980618791 ], [ -76.920022784701757, 38.878626432693991 ], [ -76.921602712877359, 38.881372940968021 ], [ -76.921027418294685, 38.883614685929039 ], [ -76.909527243519577, 38.892842540381984 ], [ -76.923176880157072, 38.903946887694815 ], [ -76.911657411366292, 38.90554308861909 ], [ -76.910730333823395, 38.899631867324011 ], [ -76.898977986676655, 38.903512131947984 ], [ -76.896514857371571, 38.901651134327402 ], [ -76.895860997032457, 38.902819852526171 ], [ -76.891883068308175, 38.901142686784695 ], [ -76.886935665152848, 38.902131579112236 ], [ -76.899766404763881, 38.897554962426376 ], [ -76.897000338392147, 38.894309518513069 ], [ -76.871842009154008, 38.896233779824385 ], [ -76.869127529435772, 38.897104607567215 ], [ -76.869212934964807, 38.900465442943151 ], [ -76.865975811821016, 38.90029246014884 ], [ -76.866341657907, 38.902954729388433 ], [ -76.858819131581797, 38.905526896449395 ], [ -76.856932114326312, 38.899204295134361 ], [ -76.853280111455092, 38.899415658423742 ], [ -76.849804331093154, 38.900692509180217 ], [ -76.848462310042436, 38.9062029826258 ], [ -76.845493887373166, 38.904690149888502 ], [ -76.841552981815013, 38.905932690135849 ] ] ], [ [ [ -76.872191022608192, 38.926727496169867 ], [ -76.859770727742045, 38.918265611674549 ], [ -76.861233795878988, 38.914616950980125 ], [ -76.871759844746549, 38.912747382071011 ], [ -76.869045951628195, 38.906246146645501 ], [ -76.874003462627115, 38.903876997552622 ], [ -76.875791068720005, 38.906984357978914 ], [ -76.878981345620033, 38.907319256261879 ], [ -76.882837902966287, 38.916467169960534 ], [ -76.886832493642459, 38.913861432115816 ], [ -76.887332335131177, 38.915219620854224 ], [ -76.89015865420393, 38.915124269659977 ], [ -76.889616105010006, 38.913175241761159 ], [ -76.890975088948224, 38.913288773168588 ], [ -76.892836940799356, 38.920182635823949 ], [ -76.88973790129117, 38.920584315140474 ], [ -76.887902194906374, 38.923438143384494 ], [ -76.893080727397788, 38.92421418532313 ], [ -76.898731020940431, 38.927527873359445 ], [ -76.886414070959546, 38.936984929231457 ], [ -76.88236023728868, 38.935608180984048 ], [ -76.877018294060576, 38.936482642723746 ], [ -76.878508758118727, 38.934583487670693 ], [ -76.877566809864632, 38.931995420257167 ], [ -76.871146005251646, 38.931122980025343 ], [ -76.873091060861029, 38.935566674107477 ], [ -76.869545627826895, 38.940220036128025 ], [ -76.862897370682305, 38.937682989350535 ], [ -76.861687834966318, 38.935852264069659 ], [ -76.863895412437671, 38.934429550510295 ], [ -76.859897862710966, 38.93126674983862 ], [ -76.853171850090305, 38.933719410077629 ], [ -76.852977252541891, 38.931156951538213 ], [ -76.851451725441549, 38.931047767314716 ], [ -76.849860171269526, 38.936935845283337 ], [ -76.845749186780296, 38.936353697676452 ], [ -76.843646574754928, 38.921031828195773 ], [ -76.8414689336404, 38.919286583447374 ], [ -76.848308273225712, 38.917609363620173 ], [ -76.852129386644123, 38.92063827757547 ], [ -76.853067889859119, 38.927895305321499 ], [ -76.857799953366097, 38.928967755667976 ], [ -76.859493474407714, 38.928975762774847 ], [ -76.858833870240673, 38.923061609878346 ], [ -76.863180739747094, 38.923603057173779 ], [ -76.862171241776892, 38.928108989957543 ], [ -76.864045200223103, 38.929176266501742 ], [ -76.866906788052233, 38.925760815036625 ], [ -76.869753938158141, 38.928934616103369 ], [ -76.872191022608192, 38.926727496169867 ] ], [ [ -76.874631165783299, 38.928054242908615 ], [ -76.869927143226391, 38.9301682469575 ], [ -76.870292364983257, 38.930693013338612 ], [ -76.874631165783299, 38.928054242908615 ] ] ], [ [ [ -76.878138532745737, 39.094583538268509 ], [ -76.88161573514077, 39.095436458151013 ], [ -76.880449466780448, 39.097918448680574 ], [ -76.885885376482221, 39.098175662128796 ], [ -76.88487661153728, 39.103080394982669 ], [ -76.888106450242432, 39.100509294416206 ], [ -76.889908900097069, 39.102424836134993 ], [ -76.88842991920319, 39.104389715413241 ], [ -76.876992251002179, 39.111629651442925 ], [ -76.871950478029618, 39.110794008822303 ], [ -76.873572600074127, 39.115465185238357 ], [ -76.86949904389121, 39.119067768399724 ], [ -76.863572769028664, 39.128373736766761 ], [ -76.849943675065077, 39.137439318843803 ], [ -76.836118682792545, 39.155284378759468 ], [ -76.811621795674498, 39.165443155411751 ], [ -76.804211904611208, 39.149448845321807 ], [ -76.806947835200091, 39.146957929148137 ], [ -76.805054503686463, 39.138280836105793 ], [ -76.792500482912189, 39.130181689339253 ], [ -76.789538646690588, 39.126113628345088 ], [ -76.796707346388317, 39.122689772830945 ], [ -76.811923907189396, 39.122693660891393 ], [ -76.82314348869393, 39.11838303676538 ], [ -76.825742078553972, 39.1153871894914 ], [ -76.827536895423663, 39.108559693242263 ], [ -76.840387168002223, 39.102971995941814 ], [ -76.837659795663058, 39.100162142683409 ], [ -76.841606652559975, 39.095561990083304 ], [ -76.835414965056842, 39.096523485728973 ], [ -76.839232928083547, 39.09505375787132 ], [ -76.837924159071392, 39.09405771021892 ], [ -76.842548360963903, 39.092129237967356 ], [ -76.846175981761675, 39.093857106562112 ], [ -76.847544834591602, 39.090206374496468 ], [ -76.84999099112774, 39.090447869862984 ], [ -76.848252320759926, 39.093561410865071 ], [ -76.856926647179492, 39.092086659207347 ], [ -76.858059715603559, 39.091144036824986 ], [ -76.855972046154605, 39.090551841240945 ], [ -76.858769096318795, 39.090147451464958 ], [ -76.868266724204688, 39.07647486117132 ], [ -76.87298215809912, 39.077666158820392 ], [ -76.871861365153435, 39.081809717172796 ], [ -76.869170465313104, 39.080716437912564 ], [ -76.864845559615375, 39.087366750626416 ], [ -76.859217899126321, 39.091882595245252 ], [ -76.87721011132318, 39.094392468784207 ], [ -76.878138532745737, 39.094583538268509 ] ], [ [ -76.87772310774092, 39.094521400671979 ], [ -76.877730353551996, 39.094522353728657 ], [ -76.877726550085086, 39.094521404157931 ], [ -76.87772310774092, 39.094521400671979 ] ], [ [ -76.870149216646098, 39.112619540203987 ], [ -76.872343802681812, 39.108896802401048 ], [ -76.870211871442208, 39.106392880240676 ], [ -76.872015989468338, 39.105256806862478 ], [ -76.870530220904158, 39.10384558503754 ], [ -76.865968606434137, 39.104985598778384 ], [ -76.867257664612325, 39.106371627932837 ], [ -76.863896473079464, 39.110865538453425 ], [ -76.870149216646098, 39.112619540203987 ] ], [ [ -76.863860553969445, 39.110854746862863 ], [ -76.86288822493438, 39.110305889156102 ], [ -76.86352175460199, 39.110714831321168 ], [ -76.863689704525825, 39.110803416603225 ], [ -76.863860553969445, 39.110854746862863 ] ] ], [ [ [ -76.800498069800653, 39.21082643772084 ], [ -76.806755966733505, 39.206977695578601 ], [ -76.807921329592006, 39.203182178256775 ], [ -76.817000836628907, 39.202513098456642 ], [ -76.823739992500492, 39.197020897808528 ], [ -76.829922645646789, 39.198889006468789 ], [ -76.833067161467923, 39.202245778285601 ], [ -76.829292938310715, 39.206030421157287 ], [ -76.83160692392245, 39.207809125491131 ], [ -76.830668538386774, 39.210750088664597 ], [ -76.827119387225693, 39.211544903115417 ], [ -76.822466047578615, 39.217261718637253 ], [ -76.82563344798163, 39.21939753663063 ], [ -76.821990653740386, 39.226836231462968 ], [ -76.810202635392017, 39.22354630884859 ], [ -76.800498069800653, 39.21082643772084 ] ] ], [ [ [ -76.711213021610348, 39.291809091259054 ], [ -76.711054000042111, 39.277889000333495 ], [ -76.699049810205466, 39.272560390770941 ], [ -76.692658415536584, 39.271810777137816 ], [ -76.694131133376303, 39.275277215742072 ], [ -76.700052131534875, 39.277505216516595 ], [ -76.698989129906352, 39.281257215842579 ], [ -76.697226130465708, 39.281333215612342 ], [ -76.699678100000028, 39.283990814492888 ], [ -76.69929122255661, 39.285406703889983 ], [ -76.695802801102005, 39.284646933020959 ], [ -76.693562528547545, 39.286148581574253 ], [ -76.697834782189858, 39.292936061774853 ], [ -76.694048537777505, 39.294579572423224 ], [ -76.694196369032241, 39.296285220868363 ], [ -76.696252850771145, 39.296207723894575 ], [ -76.694906123446643, 39.304098215690573 ], [ -76.686279124767822, 39.305489213702309 ], [ -76.690193122189982, 39.309687214027811 ], [ -76.690008122242062, 39.313616214467771 ], [ -76.695868197556365, 39.314897396845758 ], [ -76.697823796692219, 39.313216918966752 ], [ -76.695952319392845, 39.308287016096102 ], [ -76.707478498598789, 39.310134946303684 ], [ -76.703456986311878, 39.306146517503102 ], [ -76.706802502872762, 39.303223201416046 ], [ -76.711198978247509, 39.303058629363846 ], [ -76.711220642917198, 39.318474420719213 ], [ -76.705906521411762, 39.319551367652288 ], [ -76.700286746334257, 39.314055797598726 ], [ -76.697879839887861, 39.316031708707001 ], [ -76.705831004537401, 39.320435980029117 ], [ -76.710689786195005, 39.319502006832209 ], [ -76.711210121848609, 39.327255815956121 ], [ -76.713015307073292, 39.324878547577946 ], [ -76.719164894132334, 39.325990652080471 ], [ -76.726040906540803, 39.318750566102949 ], [ -76.729218567500965, 39.322314364400896 ], [ -76.725962144951623, 39.323781946348085 ], [ -76.729250141486574, 39.327375709359963 ], [ -76.726337917421503, 39.327986614405155 ], [ -76.726865602192433, 39.330405866321946 ], [ -76.724651645784235, 39.334292407742339 ], [ -76.728699396063973, 39.334094525750025 ], [ -76.73312903544236, 39.338237801330813 ], [ -76.730957890943969, 39.340070084454275 ], [ -76.732683945371917, 39.341299186587634 ], [ -76.74380105335706, 39.343250395582125 ], [ -76.746969887471238, 39.345263335610305 ], [ -76.747861514798061, 39.349199689296483 ], [ -76.75225550094116, 39.350727586689054 ], [ -76.756739332985688, 39.347512408018581 ], [ -76.763624245003683, 39.353113457122497 ], [ -76.770908977391713, 39.352179566809141 ], [ -76.775612140299387, 39.346575133343826 ], [ -76.791025744761399, 39.35312812620635 ], [ -76.796294690889525, 39.365601300685682 ], [ -76.801546125259492, 39.36647999118 ], [ -76.805963960775046, 39.369368511212791 ], [ -76.810520125166249, 39.364838550147965 ], [ -76.815515081539473, 39.368326728906602 ], [ -76.813633952740645, 39.372545674347514 ], [ -76.810974560410614, 39.372481376903863 ], [ -76.808821574457355, 39.379086317019073 ], [ -76.799817211493988, 39.380816014515837 ], [ -76.794055865520988, 39.378454680239933 ], [ -76.792989796145761, 39.374536072808972 ], [ -76.784283211224349, 39.371540248326696 ], [ -76.783013624029934, 39.371773042790196 ], [ -76.784396376492268, 39.372577140421264 ], [ -76.783515587339338, 39.373085478877755 ], [ -76.781428155943956, 39.372979861441891 ], [ -76.781978047068719, 39.380715614319008 ], [ -76.768933152687225, 39.376591284590859 ], [ -76.771920800201869, 39.372990060493393 ], [ -76.771407223472465, 39.370747929117258 ], [ -76.774195194364069, 39.37092969128777 ], [ -76.765526700705664, 39.36802856858403 ], [ -76.766392000208143, 39.366189304070261 ], [ -76.765007024415482, 39.362752287304886 ], [ -76.755629549792104, 39.358559124426854 ], [ -76.746551418075924, 39.360495971603576 ], [ -76.748200918973666, 39.369434354618569 ], [ -76.74385781700154, 39.378116858750914 ], [ -76.731583849610359, 39.386573339809168 ], [ -76.729471374083175, 39.384715054392053 ], [ -76.7310371672678, 39.382797392531515 ], [ -76.726771996841507, 39.378405973446952 ], [ -76.721047497066522, 39.379496548212131 ], [ -76.718246482636971, 39.378526738039675 ], [ -76.722128592561489, 39.37468626556938 ], [ -76.718602998820415, 39.369833915923934 ], [ -76.716929236223478, 39.371521325487272 ], [ -76.715515865583001, 39.370059718041105 ], [ -76.711272989545449, 39.371948142637258 ], [ -76.652811423169027, 39.371983527689011 ], [ -76.650278914279596, 39.366222309924545 ], [ -76.649663685989282, 39.356350111187453 ], [ -76.646222060472766, 39.350174083042603 ], [ -76.646996590605681, 39.345231640483334 ], [ -76.638674484625867, 39.342868520009446 ], [ -76.636332061945524, 39.343515593694491 ], [ -76.634078346102825, 39.337567253612811 ], [ -76.644468334340814, 39.334851528918065 ], [ -76.642056272462995, 39.331928430359262 ], [ -76.643718798034044, 39.331812475450995 ], [ -76.643524482556629, 39.330494280426286 ], [ -76.641178514225842, 39.327313589095475 ], [ -76.6328364342057, 39.32327748744185 ], [ -76.630766447194816, 39.319917208724895 ], [ -76.631636789839291, 39.316789694827484 ], [ -76.629330774979096, 39.31712055868055 ], [ -76.626713626823602, 39.320871181073031 ], [ -76.627734041121144, 39.321922576583177 ], [ -76.625374192920887, 39.326239327908141 ], [ -76.623187147343657, 39.326472476241669 ], [ -76.620065070540008, 39.323130844306085 ], [ -76.617508334985672, 39.323179051079279 ], [ -76.618049083057471, 39.33256412187643 ], [ -76.610014768548609, 39.331698693107612 ], [ -76.611155145665819, 39.351829566935351 ], [ -76.616166126187068, 39.351789200843299 ], [ -76.616075125950474, 39.353772200700405 ], [ -76.611193292624364, 39.35422782012872 ], [ -76.61123627251915, 39.356929679599695 ], [ -76.613294790738763, 39.359314333212879 ], [ -76.614889880679769, 39.35889734545799 ], [ -76.615359275568551, 39.360790330872653 ], [ -76.611129287660361, 39.362981734971193 ], [ -76.611085513654885, 39.37201525304107 ], [ -76.579064055825725, 39.372003262894417 ], [ -76.579652085644526, 39.380453091104691 ], [ -76.576830720780549, 39.385203924316009 ], [ -76.556239333920402, 39.380315618128904 ], [ -76.551148116776289, 39.388912895150447 ], [ -76.550820419445472, 39.397365471856197 ], [ -76.552801988876212, 39.399261734873562 ], [ -76.56233888751305, 39.396443755921005 ], [ -76.56188053202078, 39.392353507423465 ], [ -76.564970239829819, 39.393124367234442 ], [ -76.564022849581704, 39.396387914951887 ], [ -76.567863372898472, 39.394859829339147 ], [ -76.568004674299402, 39.396096361056742 ], [ -76.576221954072082, 39.395276873079411 ], [ -76.575421829140083, 39.398254298068942 ], [ -76.572535561895137, 39.398462119401806 ], [ -76.568817213050295, 39.402030713243171 ], [ -76.546282425277525, 39.399588538307903 ], [ -76.547237130506971, 39.397934453775449 ], [ -76.545518575215013, 39.395100528723241 ], [ -76.521856315522413, 39.383460156789567 ], [ -76.51717970322126, 39.373020316675422 ], [ -76.505473276155229, 39.361195318103171 ], [ -76.512728464750182, 39.35417446544335 ], [ -76.521969849099591, 39.341665414802989 ], [ -76.529708123806572, 39.342138339099606 ], [ -76.529674291456345, 39.371922360252945 ], [ -76.529676465379623, 39.371922363480074 ], [ -76.529694622127849, 39.354027428660643 ], [ -76.538321981031118, 39.347133449092617 ], [ -76.535559148594402, 39.346312185139467 ], [ -76.532105150581472, 39.341949184354398 ], [ -76.529710332763869, 39.342105398286591 ], [ -76.529717199485887, 39.336057581992087 ], [ -76.538937150032623, 39.33681518573929 ], [ -76.534392149903752, 39.339614184434303 ], [ -76.534942149724657, 39.341419184439161 ], [ -76.544270756894875, 39.342542139475484 ], [ -76.544791147345705, 39.341460186651062 ], [ -76.540602149563952, 39.337781185551734 ], [ -76.541287149104065, 39.336556186128313 ], [ -76.539314150499479, 39.336224185819283 ], [ -76.539212151290542, 39.332729185953141 ], [ -76.547666150615299, 39.329883187441361 ], [ -76.546763151515293, 39.328479186261141 ], [ -76.551648990429271, 39.325825683280371 ], [ -76.558635920520814, 39.329037437396963 ], [ -76.560820148082996, 39.325759189349661 ], [ -76.55416235442334, 39.325156489019747 ], [ -76.552006549556737, 39.31986258943715 ], [ -76.548520033428829, 39.321872537094777 ], [ -76.550341108952594, 39.324498667494183 ], [ -76.545472571591006, 39.325321205759543 ], [ -76.542692446585093, 39.322976210624098 ], [ -76.54072805833249, 39.323580954039159 ], [ -76.540436154374177, 39.321201185437687 ], [ -76.532954152848077, 39.330541184145979 ], [ -76.529722801380004, 39.331122293761446 ], [ -76.529731023659807, 39.323877131048349 ], [ -76.533896967976418, 39.320923969783927 ], [ -76.535418537099602, 39.317851436621815 ], [ -76.53646942135326, 39.319458049980433 ], [ -76.539976735276625, 39.318273169919237 ], [ -76.539825706019485, 39.313690477716825 ], [ -76.542812620508855, 39.312085975469842 ], [ -76.548155771971011, 39.316264420557438 ], [ -76.55114315538097, 39.311409187821255 ], [ -76.547833158206402, 39.311124408840541 ], [ -76.543452639606073, 39.30732261833441 ], [ -76.546400933724755, 39.302502015764929 ], [ -76.533630826802153, 39.307719025372108 ], [ -76.535801068493669, 39.308797426514857 ], [ -76.534392035817703, 39.310443206672574 ], [ -76.53229361712809, 39.308580358037268 ], [ -76.529788161901749, 39.310194161219414 ], [ -76.529935382302099, 39.240221078473162 ], [ -76.532961605271666, 39.239216692727162 ], [ -76.538732803966724, 39.245401238853383 ], [ -76.541505968825817, 39.251026800671006 ], [ -76.552724812813523, 39.257716834077769 ], [ -76.552903935982854, 39.260578790909413 ], [ -76.554826538201709, 39.260481774307003 ], [ -76.555565277657053, 39.257581225887755 ], [ -76.556094062864219, 39.260563700389575 ], [ -76.559081338476346, 39.260499385498058 ], [ -76.558853848215477, 39.256848895115851 ], [ -76.560156777279985, 39.257178295673675 ], [ -76.560438466495199, 39.261238314258108 ], [ -76.560925153953193, 39.25830946951362 ], [ -76.562852169595033, 39.261161446916596 ], [ -76.562952605735376, 39.256381470909666 ], [ -76.563665119774342, 39.259061081920642 ], [ -76.564721159459395, 39.256923331960337 ], [ -76.564962345435092, 39.260338213721909 ], [ -76.568797464487076, 39.259126680741083 ], [ -76.57122004114531, 39.260953680361773 ], [ -76.573776085895176, 39.274905355578532 ], [ -76.570797125089328, 39.276355396211059 ], [ -76.571125261696295, 39.278421253431844 ], [ -76.564372303210391, 39.278681114277006 ], [ -76.562109028394772, 39.281408305103447 ], [ -76.562793908458957, 39.285770203028463 ], [ -76.564266090902777, 39.285693628892524 ], [ -76.564030746671378, 39.282516938983008 ], [ -76.5668085091081, 39.281521784717704 ], [ -76.567180323600837, 39.279473744953478 ], [ -76.572447245824634, 39.279292172591198 ], [ -76.572998020891617, 39.286441804229561 ], [ -76.587034687686128, 39.285845698681229 ], [ -76.586888966574008, 39.283207287984652 ], [ -76.588679981773396, 39.282054396123485 ], [ -76.587136815354143, 39.279411621795937 ], [ -76.593001806249703, 39.281680682708675 ], [ -76.59292821356668, 39.280314662068925 ], [ -76.599600691087971, 39.278853654770302 ], [ -76.600725238991558, 39.279991556086202 ], [ -76.59895583007139, 39.281536400677822 ], [ -76.599157129950129, 39.284898073928979 ], [ -76.602741944228001, 39.285148088941085 ], [ -76.603939291602202, 39.287024071388316 ], [ -76.608052570388665, 39.286547309101735 ], [ -76.60787655539022, 39.284323105823034 ], [ -76.609342836800934, 39.286536982712377 ], [ -76.611766028805107, 39.285713804251145 ], [ -76.611691304244843, 39.282038977859685 ], [ -76.607701809711259, 39.281946884013948 ], [ -76.606474177433881, 39.280487895275726 ], [ -76.606016044723802, 39.275794763046605 ], [ -76.597393781064852, 39.27189905943564 ], [ -76.5996625930959, 39.271062012267272 ], [ -76.601973338484385, 39.266789465195778 ], [ -76.597981759859351, 39.261437451854647 ], [ -76.609880583601353, 39.256085536937505 ], [ -76.610375756545537, 39.254713874020254 ], [ -76.60829018286617, 39.254713872629026 ], [ -76.609482794322204, 39.249537080431651 ], [ -76.613096623285415, 39.247186514664172 ], [ -76.61528184707926, 39.240957566700509 ], [ -76.618438024829416, 39.237643534564477 ], [ -76.660101192410849, 39.255573194577941 ], [ -76.651969345116655, 39.258797079278175 ], [ -76.643830314893421, 39.264632001097318 ], [ -76.646333446178105, 39.268306509593984 ], [ -76.647069134954762, 39.26377842174692 ], [ -76.649225271299699, 39.262240516457133 ], [ -76.651698614449572, 39.261557135985072 ], [ -76.651524847035958, 39.263855019837862 ], [ -76.652855496313506, 39.265657231944729 ], [ -76.652130338486913, 39.261057866623382 ], [ -76.659446603538029, 39.259130925037077 ], [ -76.660521028143705, 39.256014596625469 ], [ -76.663230395589281, 39.256938476128077 ], [ -76.629807404000843, 39.242345898322228 ], [ -76.635925286818562, 39.229585785514061 ], [ -76.659320427969845, 39.233847711357086 ], [ -76.667162017917676, 39.233164508531154 ], [ -76.668686924282156, 39.239343020976797 ], [ -76.673828416539436, 39.244945424685454 ], [ -76.691862350091355, 39.230486307230791 ], [ -76.691219747439391, 39.238700202839972 ], [ -76.695646538260021, 39.238398953061626 ], [ -76.696135705068215, 39.240404824683523 ], [ -76.703333687149225, 39.239243842501025 ], [ -76.710079884016011, 39.23537817306967 ], [ -76.702491723182888, 39.229640500969353 ], [ -76.701945550185087, 39.220993763548051 ], [ -76.695810285864951, 39.226653533898961 ], [ -76.692640413298292, 39.227562651067096 ], [ -76.693753090863709, 39.221704774503422 ], [ -76.700617500631992, 39.218512529672218 ], [ -76.705838492893605, 39.218570869970399 ], [ -76.704528190457253, 39.219695698632421 ], [ -76.707356265736408, 39.224004484777616 ], [ -76.713426868424079, 39.223103444942595 ], [ -76.716793093847215, 39.225786132552393 ], [ -76.712099933680236, 39.230665457164321 ], [ -76.712902894593583, 39.232163374249545 ], [ -76.710079919948598, 39.235378140367324 ], [ -76.71388583198403, 39.241826107069279 ], [ -76.715566999485603, 39.242123000306911 ], [ -76.71523184703625, 39.240875603098544 ], [ -76.717942803561925, 39.242653042002679 ], [ -76.723529828759098, 39.249607922253766 ], [ -76.728767438056849, 39.245181170901013 ], [ -76.726866728679809, 39.239892875652878 ], [ -76.728391277514774, 39.238208533379222 ], [ -76.737517171756309, 39.242970578373047 ], [ -76.735057986953649, 39.247293991059863 ], [ -76.737681413434657, 39.249050184012106 ], [ -76.746342817588854, 39.249260759424011 ], [ -76.748070156607653, 39.256513615324693 ], [ -76.757075444835763, 39.257483762055998 ], [ -76.757976542202314, 39.260607754738118 ], [ -76.763689562406299, 39.263189425590483 ], [ -76.765517089630421, 39.262156304046762 ], [ -76.767444440343866, 39.264585801561473 ], [ -76.778157604691842, 39.264325688133425 ], [ -76.78044368952915, 39.263172942510067 ], [ -76.779617478419624, 39.259474810235275 ], [ -76.792001405889792, 39.265248894058963 ], [ -76.795154367671216, 39.262995774362949 ], [ -76.798313713779379, 39.264216962281751 ], [ -76.801333187706234, 39.262704273056805 ], [ -76.801916881536826, 39.265387389721539 ], [ -76.803644613119388, 39.266167054575185 ], [ -76.801723211049776, 39.267909017715233 ], [ -76.80557984026126, 39.267788787357453 ], [ -76.806822452844301, 39.26923717889678 ], [ -76.812057625911009, 39.268311976660755 ], [ -76.815075785602588, 39.269995324028486 ], [ -76.810299531271838, 39.268980977309887 ], [ -76.809104135936735, 39.26937310600713 ], [ -76.810079259872595, 39.270488407721906 ], [ -76.806815781955009, 39.270571792278417 ], [ -76.807211603923705, 39.272128849780984 ], [ -76.80559031282084, 39.273055096215387 ], [ -76.807296858535736, 39.27689383386609 ], [ -76.803580521917127, 39.274507947027061 ], [ -76.800559258546244, 39.278192491312772 ], [ -76.799618829343288, 39.276376634029276 ], [ -76.795679033204493, 39.276764679773763 ], [ -76.793683869568568, 39.273894488147384 ], [ -76.788997842024941, 39.276024591379475 ], [ -76.788596868218093, 39.277730232816396 ], [ -76.783535774280423, 39.278369824089914 ], [ -76.783215523983301, 39.28049095271296 ], [ -76.780825266014077, 39.280663992873379 ], [ -76.776710353192101, 39.280618584779106 ], [ -76.77683847361287, 39.276106214879796 ], [ -76.771403203511568, 39.277033974733001 ], [ -76.756442233171768, 39.273854362883291 ], [ -76.754634426663074, 39.280244105774081 ], [ -76.757263204408247, 39.279763420045512 ], [ -76.759965070881549, 39.280617278921362 ], [ -76.759796929616556, 39.282052923413119 ], [ -76.769864806248179, 39.284554367014906 ], [ -76.768559103186064, 39.28699771535404 ], [ -76.772924836415143, 39.286996259434396 ], [ -76.771513034233152, 39.290084361765828 ], [ -76.763822000130332, 39.286253999281698 ], [ -76.75270200046829, 39.283671999565826 ], [ -76.717179418826731, 39.291347257032754 ], [ -76.711213021610348, 39.291809091259054 ] ], [ [ -76.546652055067483, 39.30287182547351 ], [ -76.546657828539807, 39.302870513774529 ], [ -76.546650253047019, 39.302865962102572 ], [ -76.546652055067483, 39.30287182547351 ] ], [ [ -76.709244999672407, 39.261904000063282 ], [ -76.708825987694652, 39.261752515411366 ], [ -76.709601501482808, 39.262026322931341 ], [ -76.709244999672407, 39.261904000063282 ] ], [ [ -76.711440999656404, 39.244609999622362 ], [ -76.711444926677729, 39.244594761096572 ], [ -76.711218999898563, 39.245090999526376 ], [ -76.711440999656404, 39.244609999622362 ] ], [ [ -76.684668308021173, 39.266297310379784 ], [ -76.686205086520431, 39.26696744720244 ], [ -76.688775838488127, 39.268074679421005 ], [ -76.684668308021173, 39.266297310379784 ] ], [ [ -76.673234281590311, 39.261310364924952 ], [ -76.679932420385995, 39.250768936025175 ], [ -76.673824453172415, 39.244947640486401 ], [ -76.671512612737573, 39.247325004966505 ], [ -76.664826423331789, 39.24635771051225 ], [ -76.66438874975232, 39.258454992964076 ], [ -76.658547742976552, 39.262205857627329 ], [ -76.659877528074773, 39.263911468206757 ], [ -76.664877783609839, 39.260584998637498 ], [ -76.665826492584785, 39.262948641751471 ], [ -76.664188143372968, 39.26593972619068 ], [ -76.657675457276085, 39.268618663053601 ], [ -76.656985425373747, 39.26632305382828 ], [ -76.654121496534984, 39.265948238299657 ], [ -76.654731608021436, 39.270171528672243 ], [ -76.648321223865764, 39.271021646149734 ], [ -76.651931796436088, 39.271677027290593 ], [ -76.655546533596066, 39.276013034683572 ], [ -76.65912226590639, 39.274463436188768 ], [ -76.66465315088989, 39.276031836652891 ], [ -76.661749157189462, 39.27633062929506 ], [ -76.660843169394482, 39.280216793865186 ], [ -76.664198958190667, 39.276657775656069 ], [ -76.674963052523665, 39.276752959089436 ], [ -76.68469213852903, 39.266470213811552 ], [ -76.684668308021173, 39.266297310379784 ], [ -76.673234281590311, 39.261310364924952 ] ] ], [ [ [ -76.978588481090952, 39.366478943886314 ], [ -76.978574410778648, 39.362204021948287 ], [ -76.9808638822646, 39.362149298175481 ], [ -76.983530759357592, 39.363236570911148 ], [ -76.982143113771897, 39.363353969692675 ], [ -76.98409945222123, 39.367179529861595 ], [ -76.985992680428609, 39.367383687978993 ], [ -76.983757917241789, 39.376634320171391 ], [ -76.985447519832135, 39.379644877745868 ], [ -76.978379632668876, 39.380071416790493 ], [ -76.975438234916624, 39.376509454002814 ], [ -76.968909723199403, 39.375719312575448 ], [ -76.967458300821789, 39.376797138664685 ], [ -76.969122857483711, 39.379495718449114 ], [ -76.964832721977373, 39.386734546583099 ], [ -76.962664734158878, 39.387333537478533 ], [ -76.962684185379729, 39.384078773577755 ], [ -76.959378872021034, 39.382823791630088 ], [ -76.960220369761757, 39.378583714712967 ], [ -76.958536384336895, 39.376023412566639 ], [ -76.963965457859359, 39.374930799618859 ], [ -76.959536958443067, 39.372328012088268 ], [ -76.959516546024872, 39.369573215027167 ], [ -76.961993814812516, 39.369055180558398 ], [ -76.960355047884107, 39.358922284584871 ], [ -76.962423190653709, 39.358058408073397 ], [ -76.964595105906611, 39.361387627456764 ], [ -76.969778497385406, 39.364027385598966 ], [ -76.975154071741116, 39.361049646294241 ], [ -76.976993901393058, 39.36193372115347 ], [ -76.978588481090952, 39.366478943886314 ] ] ], [ [ [ -76.82484626777287, 39.454363023318486 ], [ -76.831606994889356, 39.460918523031538 ], [ -76.831384399548483, 39.468256129387804 ], [ -76.833553354852526, 39.468964048184944 ], [ -76.832099374971307, 39.470944422243051 ], [ -76.836658632262044, 39.471708827335675 ], [ -76.833543877626269, 39.474874579867667 ], [ -76.829919669528266, 39.473777732461095 ], [ -76.829725402559873, 39.475639454899465 ], [ -76.827050325644962, 39.471217021091789 ], [ -76.827933488146869, 39.468577801478631 ], [ -76.821434168083101, 39.466738004205673 ], [ -76.827811902071488, 39.464322684432673 ], [ -76.82746603631405, 39.462908837586419 ], [ -76.823500472899639, 39.463049315801513 ], [ -76.826686148628781, 39.461863863707336 ], [ -76.825868026848383, 39.45796674304686 ], [ -76.820696070024852, 39.457452348760363 ], [ -76.82484626777287, 39.454363023318486 ] ] ], [ [ [ -76.890159830098654, 39.49845353383202 ], [ -76.882957316016999, 39.499257059944199 ], [ -76.875449582249601, 39.491764417833515 ], [ -76.875451112978823, 39.489838788710962 ], [ -76.877884443369311, 39.488976328234479 ], [ -76.876362991027122, 39.488189586147485 ], [ -76.889019133181193, 39.489404766980627 ], [ -76.891021750139032, 39.49129478345489 ], [ -76.893808304387434, 39.489529842086633 ], [ -76.895267883467795, 39.490799480955985 ], [ -76.893642617319799, 39.492502970024923 ], [ -76.895409124681606, 39.494258078858593 ], [ -76.892256647990436, 39.495942378523125 ], [ -76.894904834735627, 39.499870696684482 ], [ -76.892970295703279, 39.501068731344631 ], [ -76.890159830098654, 39.49845353383202 ] ] ], [ [ [ -76.854732030601042, 39.630204284947915 ], [ -76.847271434131528, 39.625841609628722 ], [ -76.847685575443819, 39.623823362444462 ], [ -76.850616847386178, 39.624702889873291 ], [ -76.853998482509709, 39.621127138498096 ], [ -76.852125583177212, 39.617116011574836 ], [ -76.853520126027632, 39.616579567039047 ], [ -76.851418317096133, 39.615202610681578 ], [ -76.852269782543246, 39.613617505447863 ], [ -76.850814821701746, 39.614877055010126 ], [ -76.845898583798572, 39.61167577717606 ], [ -76.848261647967533, 39.6099829545484 ], [ -76.851715563335446, 39.612224920617678 ], [ -76.850386520245635, 39.607988737750723 ], [ -76.84836121453867, 39.60890404390446 ], [ -76.847570985447845, 39.607838045297775 ], [ -76.850382803915309, 39.607349089329688 ], [ -76.848851870753606, 39.604457894115576 ], [ -76.845684726370465, 39.603338430598136 ], [ -76.847821782498769, 39.603468622291203 ], [ -76.84845636499189, 39.603196085517659 ], [ -76.839688531137767, 39.603554217158916 ], [ -76.839231611153338, 39.60518196889808 ], [ -76.836566930441222, 39.605374826339293 ], [ -76.836540331325651, 39.604063795437639 ], [ -76.841361912849024, 39.603248981676394 ], [ -76.835528897486014, 39.600142903368976 ], [ -76.832827446932683, 39.593750391079936 ], [ -76.839816047890665, 39.589971098021906 ], [ -76.839169560025084, 39.587957974639977 ], [ -76.843090642459899, 39.586865027950331 ], [ -76.844251241552456, 39.58992576440415 ], [ -76.841477302345581, 39.59125399193946 ], [ -76.842628956912876, 39.593232183705659 ], [ -76.844151711812231, 39.592290949510513 ], [ -76.845653693170647, 39.593734400651087 ], [ -76.843354686067968, 39.587058023625374 ], [ -76.849003376117849, 39.585493869298965 ], [ -76.850410334583827, 39.587014686060868 ], [ -76.851676881879314, 39.586366170093349 ], [ -76.850819083309446, 39.584962043274075 ], [ -76.853228759261881, 39.586296183368226 ], [ -76.854965646473829, 39.591781224385151 ], [ -76.850532134458248, 39.596156864930599 ], [ -76.85104875108658, 39.597854083854827 ], [ -76.849148374086155, 39.598961217728686 ], [ -76.847901012110199, 39.597194512600495 ], [ -76.848095893526249, 39.599997577492346 ], [ -76.846284894405031, 39.597874265897723 ], [ -76.843298679703267, 39.599123002185138 ], [ -76.845674637391497, 39.599201389994072 ], [ -76.847338676623806, 39.602420706595439 ], [ -76.846742501600659, 39.600461974270267 ], [ -76.84830124750188, 39.600021070913634 ], [ -76.850619704927098, 39.603264133122181 ], [ -76.853560110939256, 39.602003689828727 ], [ -76.855160172157028, 39.605035184238581 ], [ -76.851649044885292, 39.60535809734391 ], [ -76.855633999333421, 39.613585671473835 ], [ -76.854615408615899, 39.610884753108124 ], [ -76.856994606527365, 39.611374345707276 ], [ -76.855268629354526, 39.606107077034096 ], [ -76.860646850147077, 39.604789187285 ], [ -76.855243779258828, 39.601886095881987 ], [ -76.85601339650546, 39.599194219785993 ], [ -76.863248895826018, 39.59453880532535 ], [ -76.864758832664592, 39.598546674049558 ], [ -76.868931621245366, 39.599091917399434 ], [ -76.860775011890368, 39.604573687648745 ], [ -76.861269432046328, 39.606729237961424 ], [ -76.865715551916907, 39.605642506325779 ], [ -76.863560619314441, 39.610781306029182 ], [ -76.855940239505344, 39.613871634857666 ], [ -76.855362021804751, 39.616953222168185 ], [ -76.859361635859983, 39.624238841807056 ], [ -76.859762381494747, 39.628124911286314 ], [ -76.857925761523333, 39.63002648867284 ], [ -76.854732030601042, 39.630204284947915 ] ] ], [ [ [ -76.880445585160103, 39.668933132085321 ], [ -76.873209018640978, 39.667179736787851 ], [ -76.870382274665076, 39.664351873720861 ], [ -76.871934892259432, 39.664820727016057 ], [ -76.876984536270498, 39.661179002196974 ], [ -76.875662506328112, 39.659996859992852 ], [ -76.876919428175341, 39.658387590870966 ], [ -76.878011177689586, 39.659067372576146 ], [ -76.878506435973733, 39.656358015989547 ], [ -76.882980334447851, 39.655355192499094 ], [ -76.886373280259122, 39.66025085017808 ], [ -76.888949501170259, 39.655197012054799 ], [ -76.89567226727948, 39.65125169846533 ], [ -76.896180874528724, 39.653175115357151 ], [ -76.894141070013077, 39.653354076314187 ], [ -76.888043375034741, 39.659114250154133 ], [ -76.891153046104321, 39.660764854660421 ], [ -76.887434390035651, 39.663500063495007 ], [ -76.8887609438938, 39.66690653468924 ], [ -76.886955856585487, 39.667781665470301 ], [ -76.885623292998076, 39.665977828945643 ], [ -76.88721259239874, 39.670686085297341 ], [ -76.882334789813314, 39.673017456660702 ], [ -76.883380723451438, 39.671524859564073 ], [ -76.880529254245658, 39.671353988606349 ], [ -76.880445585160103, 39.668933132085321 ] ] ], [ [ [ -76.490279290017241, 38.290530576456348 ], [ -76.477911040843736, 38.28671756675341 ], [ -76.475773737678736, 38.287728011383159 ], [ -76.468398804554724, 38.283849601418353 ], [ -76.469180578702066, 38.282338316736947 ], [ -76.461871645700285, 38.27976083091886 ], [ -76.463694344479762, 38.275657297811158 ], [ -76.458419160450305, 38.268720686634694 ], [ -76.45107158821321, 38.266678284217548 ], [ -76.451780033782256, 38.265807657034372 ], [ -76.436035186338998, 38.25788880394105 ], [ -76.427355054107778, 38.249435196658482 ], [ -76.425954344322903, 38.248819307356897 ], [ -76.424842286595023, 38.251458016669275 ], [ -76.421245620843621, 38.250557581433675 ], [ -76.418900256180706, 38.25928297889952 ], [ -76.412621848014993, 38.259183252620005 ], [ -76.410633854731671, 38.252346986529879 ], [ -76.420101167171637, 38.252359415665971 ], [ -76.422973080236673, 38.247777147383772 ], [ -76.420146084732494, 38.245354155418134 ], [ -76.423584939844673, 38.244729883197003 ], [ -76.425916586334878, 38.246313310949667 ], [ -76.429950928360697, 38.245275975290774 ], [ -76.432046120301806, 38.247851815748426 ], [ -76.42958157435352, 38.24883319672098 ], [ -76.431674161180339, 38.251809901064398 ], [ -76.439497234155198, 38.250502754722234 ], [ -76.440780814406779, 38.252948416295069 ], [ -76.442912462677086, 38.251797938838735 ], [ -76.444152142260748, 38.254858761055075 ], [ -76.446274446255458, 38.2536401209641 ], [ -76.445366475878672, 38.250866228000191 ], [ -76.449503878922087, 38.250961876889868 ], [ -76.449711793994595, 38.246614187580185 ], [ -76.454516656972217, 38.247539046924395 ], [ -76.456961803801946, 38.24147712930025 ], [ -76.462012792590997, 38.24280360867769 ], [ -76.464686418726728, 38.24630718017189 ], [ -76.459877640891079, 38.250630805695224 ], [ -76.462520594949751, 38.252829150657774 ], [ -76.461367970201962, 38.253746884420373 ], [ -76.462854216669854, 38.255558447575837 ], [ -76.462332590137194, 38.259074326714945 ], [ -76.46975886467466, 38.254860756674184 ], [ -76.471901513713902, 38.25436954561463 ], [ -76.475372746803885, 38.256477035673385 ], [ -76.476733032400972, 38.253862503622138 ], [ -76.481352067183963, 38.253958631078234 ], [ -76.477740184869958, 38.250028918658217 ], [ -76.485826324085878, 38.242571407832386 ], [ -76.485240901896674, 38.240451974473935 ], [ -76.488888119442393, 38.23554692985865 ], [ -76.492868761078839, 38.236257449021572 ], [ -76.494770543044353, 38.234645251808757 ], [ -76.497783258047008, 38.236950699718392 ], [ -76.502469616170643, 38.236697081009872 ], [ -76.506871079890161, 38.234366503796736 ], [ -76.507336201493132, 38.238638844478011 ], [ -76.501346922389814, 38.238259086746275 ], [ -76.507786173008824, 38.250928268402141 ], [ -76.501419162210013, 38.25026888184005 ], [ -76.501770672082358, 38.254448048213199 ], [ -76.506060268599555, 38.252958006663981 ], [ -76.506753755422466, 38.254887010805582 ], [ -76.501780827536649, 38.258996111969694 ], [ -76.503374542156948, 38.260730745621608 ], [ -76.502804474870885, 38.266614079999044 ], [ -76.496731464698271, 38.269816995916692 ], [ -76.501732384088328, 38.269673732909183 ], [ -76.502285527114424, 38.273547457891191 ], [ -76.503354064161726, 38.273414405581356 ], [ -76.502542638423463, 38.283959647292271 ], [ -76.50401636147798, 38.284670389820796 ], [ -76.494279376586348, 38.284728762910383 ], [ -76.493305256966977, 38.286592016941604 ], [ -76.491110929646027, 38.286148022474784 ], [ -76.490279290017241, 38.290530576456348 ] ] ], [ [ [ -76.638888452546752, 38.311634598922112 ], [ -76.623126458061378, 38.308983315516336 ], [ -76.627490667747736, 38.297481202003702 ], [ -76.624428556184242, 38.297323280179157 ], [ -76.626050774348485, 38.291835756012361 ], [ -76.623474410605212, 38.291361337834189 ], [ -76.623640815426768, 38.29002216873387 ], [ -76.625561872543315, 38.289208948556649 ], [ -76.618569651374727, 38.28477088565409 ], [ -76.621672595859465, 38.283760419601975 ], [ -76.623556221974766, 38.280802936905758 ], [ -76.624667511643068, 38.280047082030244 ], [ -76.623665496639177, 38.281140610527892 ], [ -76.623108533976506, 38.282474518804179 ], [ -76.624468516841347, 38.281464490421129 ], [ -76.626787716274976, 38.284323840237036 ], [ -76.629441203080347, 38.283953423792994 ], [ -76.626263762207415, 38.28970561469508 ], [ -76.630794930975838, 38.290601028993379 ], [ -76.632543009399598, 38.285408254119808 ], [ -76.634550161052971, 38.286757203552085 ], [ -76.63889835467613, 38.286029390240422 ], [ -76.641652235401025, 38.287920467038077 ], [ -76.639206601684421, 38.289122602115029 ], [ -76.639441358417614, 38.291882917188552 ], [ -76.642399901415359, 38.293260782040207 ], [ -76.640328690899068, 38.297734762250272 ], [ -76.644823885733629, 38.297319581030322 ], [ -76.657766994705241, 38.303014876521829 ], [ -76.660431247819275, 38.302597098869171 ], [ -76.66678089508197, 38.308197556347181 ], [ -76.664956167906595, 38.309304063407772 ], [ -76.661505863766109, 38.307831011125053 ], [ -76.660414218456452, 38.30907851780357 ], [ -76.6580302783386, 38.307006071945224 ], [ -76.643357944784412, 38.302337935723841 ], [ -76.638888452546752, 38.311634598922112 ] ] ], [ [ [ -76.598484622382358, 38.560990909853601 ], [ -76.591448153796136, 38.562291332323916 ], [ -76.58437292110878, 38.55966031838188 ], [ -76.580643841887877, 38.552536263229577 ], [ -76.575884918753886, 38.553206158111863 ], [ -76.575442847921096, 38.551087113057598 ], [ -76.57794798694043, 38.549486250023442 ], [ -76.575237228942456, 38.544571302671301 ], [ -76.581756477232474, 38.544833562831933 ], [ -76.583526039764578, 38.54047109736063 ], [ -76.579176265106511, 38.541456544899766 ], [ -76.576302108049916, 38.538391501336534 ], [ -76.578226480848187, 38.537994121995631 ], [ -76.576569044233253, 38.536094033386249 ], [ -76.580282451445697, 38.531791709172268 ], [ -76.57012340928749, 38.517767009476245 ], [ -76.573899924046984, 38.518810199621356 ], [ -76.572469901336092, 38.520073857181714 ], [ -76.579908354333838, 38.530271344132856 ], [ -76.581885954109325, 38.531209033739714 ], [ -76.585761206294961, 38.527809816953528 ], [ -76.593077630347878, 38.534254751463763 ], [ -76.589806908415852, 38.536034210299405 ], [ -76.59062590605366, 38.537968243803704 ], [ -76.594975416607014, 38.54114019193522 ], [ -76.604328920585345, 38.543868210974225 ], [ -76.599594078589163, 38.546805696985309 ], [ -76.598356274687816, 38.55323669688574 ], [ -76.602296724800127, 38.552947431211031 ], [ -76.602199620511186, 38.556042481216558 ], [ -76.604227437009371, 38.557247080164053 ], [ -76.604422573546969, 38.55974561567028 ], [ -76.609302190729267, 38.561911391378665 ], [ -76.600114473531576, 38.563324629676949 ], [ -76.598484622382358, 38.560990909853601 ] ] ], [ [ [ -76.088744305609097, 38.565330222153364 ], [ -76.09473756514744, 38.567351986941915 ], [ -76.084599811264823, 38.574959209850938 ], [ -76.086054842174917, 38.576643520815324 ], [ -76.081413544444246, 38.580755696047717 ], [ -76.079375187114508, 38.579224250914457 ], [ -76.078156778738474, 38.580331685102529 ], [ -76.071078296844718, 38.57485613018536 ], [ -76.074638468537714, 38.571700644508596 ], [ -76.074141167484626, 38.570387486082588 ], [ -76.071826820750161, 38.571118551578571 ], [ -76.07118053680216, 38.573505469156984 ], [ -76.069851959039667, 38.572561613336099 ], [ -76.068067835715127, 38.573889736115703 ], [ -76.063000137363474, 38.571919040250343 ], [ -76.06248302217017, 38.568379876397842 ], [ -76.058105141921828, 38.566485205306186 ], [ -76.06272578918076, 38.567301479424202 ], [ -76.064656075588545, 38.56355150646764 ], [ -76.061080169005038, 38.561457590199623 ], [ -76.057871680559259, 38.56358076386897 ], [ -76.060079740425948, 38.558157810306184 ], [ -76.050720356075786, 38.554292730818425 ], [ -76.043731279908997, 38.553468053089425 ], [ -76.041250861627972, 38.550384520639895 ], [ -76.051859759419216, 38.551968487708073 ], [ -76.05359430562153, 38.548460355389622 ], [ -76.056015451263505, 38.54978498865912 ], [ -76.057768134451422, 38.546293329917582 ], [ -76.063877768039873, 38.548777909134145 ], [ -76.061916024427461, 38.548710850463422 ], [ -76.059431661643998, 38.551660718764118 ], [ -76.06209130460401, 38.553122170972486 ], [ -76.072938336793925, 38.553228746591294 ], [ -76.068195758506519, 38.551047970184477 ], [ -76.067745137508879, 38.547629768943395 ], [ -76.064305100213787, 38.547698866055306 ], [ -76.064015724114668, 38.545630859463358 ], [ -76.067338109955315, 38.544534776224175 ], [ -76.071653624665075, 38.546449882830089 ], [ -76.071466929596212, 38.54509887408058 ], [ -76.07328502720479, 38.545834377880041 ], [ -76.073681155498988, 38.553489582106742 ], [ -76.074037748937542, 38.551101026662344 ], [ -76.091028085369388, 38.554855755288358 ], [ -76.090970477308545, 38.559857769414101 ], [ -76.089571477017685, 38.560861808136551 ], [ -76.092850251447913, 38.561280380583888 ], [ -76.092847576264987, 38.562857079923383 ], [ -76.092405572805859, 38.565263150124082 ], [ -76.089588310547782, 38.56369073978648 ], [ -76.088744305609097, 38.565330222153364 ] ] ], [ [ [ -76.683549688998454, 38.570132277961022 ], [ -76.684472521103316, 38.563900936120142 ], [ -76.692887357474945, 38.563847525945498 ], [ -76.687536724843099, 38.569395149568514 ], [ -76.684682668489302, 38.570986065942101 ], [ -76.683549688998454, 38.570132277961022 ] ] ], [ [ [ -76.059508940114625, 38.660593074171814 ], [ -76.055035105420899, 38.660842062116103 ], [ -76.054560545219232, 38.66471709767422 ], [ -76.052456941453798, 38.665639860816647 ], [ -76.054444082235904, 38.659910313106707 ], [ -76.053247458903812, 38.659081385960704 ], [ -76.05464882984873, 38.659151533276905 ], [ -76.05518781901921, 38.657292606885932 ], [ -76.04941165353894, 38.655103922151433 ], [ -76.052739919751446, 38.650638061261368 ], [ -76.057356133824442, 38.651715394421352 ], [ -76.06185541060367, 38.645405974227742 ], [ -76.060972430459756, 38.649660577752286 ], [ -76.058430736296543, 38.651350733575555 ], [ -76.057765982986297, 38.655826476340735 ], [ -76.062625867775068, 38.655307360475881 ], [ -76.061802407306942, 38.659860258623581 ], [ -76.066452609138736, 38.660412034467221 ], [ -76.065320811830802, 38.665183944043626 ], [ -76.070093702869144, 38.665086533041077 ], [ -76.065872512162542, 38.668772115645204 ], [ -76.059508940114625, 38.660593074171814 ] ] ], [ [ [ -76.170367251736948, 38.684717786342546 ], [ -76.163116287020472, 38.684743230892167 ], [ -76.166148830536372, 38.684379846860757 ], [ -76.166558911463582, 38.682446476384641 ], [ -76.163731053576726, 38.682636720287078 ], [ -76.16447625371562, 38.679568584288312 ], [ -76.169171465634719, 38.680319870732326 ], [ -76.167972601904296, 38.682294211475188 ], [ -76.16789630798722, 38.68425277554239 ], [ -76.169072506324696, 38.684202261943241 ], [ -76.168714313884948, 38.682385586588381 ], [ -76.172568492492331, 38.683882648792725 ], [ -76.173272291974712, 38.68792627576709 ], [ -76.176844003425842, 38.693198029529384 ], [ -76.172167712721574, 38.693595185242138 ], [ -76.168711683617786, 38.696532741088163 ], [ -76.167556200430752, 38.69648798663858 ], [ -76.169639060299673, 38.693780069485612 ], [ -76.167967349454827, 38.691551907440008 ], [ -76.171625708804996, 38.690432739022611 ], [ -76.16941114603398, 38.689935868391139 ], [ -76.170367251736948, 38.684717786342546 ] ], [ [ -76.168247940030469, 38.684367433061823 ], [ -76.167990681397711, 38.684384291228859 ], [ -76.167956171717748, 38.68438657932797 ], [ -76.168247940030469, 38.684367433061823 ] ] ], [ [ [ -76.092497097658566, 38.771384995481959 ], [ -76.087439036433295, 38.776364021484824 ], [ -76.086210099802102, 38.775997941220133 ], [ -76.08276839343722, 38.781419812003939 ], [ -76.080068506850793, 38.78048867648895 ], [ -76.071416242156303, 38.784165298454639 ], [ -76.068429044697609, 38.787121893875891 ], [ -76.065478768895431, 38.794071198371213 ], [ -76.065108035075966, 38.793979669175435 ], [ -76.068283612843004, 38.787041192339281 ], [ -76.071296581170557, 38.784049777955666 ], [ -76.066617249669065, 38.783875666710379 ], [ -76.068416456605533, 38.777613821593746 ], [ -76.066968773016157, 38.777633202700223 ], [ -76.066646821309902, 38.773877561322621 ], [ -76.063292390766435, 38.774958309497009 ], [ -76.062720738852235, 38.772809128681949 ], [ -76.066584704604637, 38.773041104468156 ], [ -76.065715649245945, 38.769854445803801 ], [ -76.06737121646681, 38.76978077553121 ], [ -76.068195360552863, 38.767336226882954 ], [ -76.070550060508211, 38.767223244736492 ], [ -76.068219255739407, 38.769417692773345 ], [ -76.069764964390927, 38.770572138129907 ], [ -76.075996091528296, 38.770735088405701 ], [ -76.075814049732585, 38.768264097234272 ], [ -76.077335145443627, 38.768184325504166 ], [ -76.078023662786393, 38.770640850999406 ], [ -76.079493755748857, 38.770817214755347 ], [ -76.080263317299938, 38.768850748071515 ], [ -76.085079753273362, 38.769611034899327 ], [ -76.086352748675964, 38.76830487187668 ], [ -76.084526717146801, 38.766134282470212 ], [ -76.090113279711602, 38.765763695686559 ], [ -76.09132083823566, 38.768811178424855 ], [ -76.09370661989982, 38.767004602748479 ], [ -76.094057598867863, 38.767193433747991 ], [ -76.093499503429612, 38.767294405971278 ], [ -76.093883863793593, 38.768745308109963 ], [ -76.093838399158756, 38.768332089511823 ], [ -76.094914921330613, 38.768176375221749 ], [ -76.093963970160729, 38.76939769939321 ], [ -76.088722708313043, 38.769561179745466 ], [ -76.089038032249121, 38.771099423732871 ], [ -76.092497097658566, 38.771384995481959 ] ] ], [ [ [ -76.226379540829981, 38.779442114299194 ], [ -76.226195559571579, 38.781058693945411 ], [ -76.227108335935156, 38.78140468679058 ], [ -76.228563291386749, 38.782705384591338 ], [ -76.229344637037741, 38.78377570391104 ], [ -76.229924096210055, 38.785580053834323 ], [ -76.230608256723713, 38.786467581541451 ], [ -76.229475976122174, 38.786463415907988 ], [ -76.227651626239194, 38.782002611712976 ], [ -76.221469137484561, 38.77874205093471 ], [ -76.220625860181286, 38.779522512806793 ], [ -76.221715870557134, 38.780359311020078 ], [ -76.222756461914273, 38.782071529253358 ], [ -76.225242980654414, 38.781197359210474 ], [ -76.2262366727672, 38.782997844530342 ], [ -76.224291703396091, 38.783813490822233 ], [ -76.226367505201807, 38.784238871241151 ], [ -76.226514116544394, 38.78691714152221 ], [ -76.230574118946294, 38.786937737081793 ], [ -76.231301717495498, 38.78873088567822 ], [ -76.228364472654818, 38.790234325144375 ], [ -76.228438899872728, 38.792865640050614 ], [ -76.225469954383996, 38.79326994704067 ], [ -76.225083818050692, 38.789184378400314 ], [ -76.218679220842063, 38.787864257321033 ], [ -76.222802413436, 38.787320721116345 ], [ -76.221950151183236, 38.785292786930974 ], [ -76.220369144130956, 38.785394536703038 ], [ -76.22074602961348, 38.784611470474651 ], [ -76.218924309997661, 38.783125586918736 ], [ -76.219957026723023, 38.784777562167243 ], [ -76.21891304153074, 38.785483885890784 ], [ -76.218294836223578, 38.783732173521408 ], [ -76.218316723675471, 38.783309467855275 ], [ -76.219264022295405, 38.782956725356513 ], [ -76.219504927098399, 38.783276256146415 ], [ -76.222597571500089, 38.782129801273058 ], [ -76.220202007182451, 38.781211306604014 ], [ -76.221690620711129, 38.780597244757764 ], [ -76.214552410732466, 38.778179543945683 ], [ -76.217066039729573, 38.776887759181534 ], [ -76.226379540829981, 38.779442114299194 ] ] ], [ [ [ -76.750357380508746, 39.002295658517788 ], [ -76.739949518491571, 38.9907405102662 ], [ -76.738504589136838, 38.991442087022158 ], [ -76.740653077225446, 38.9944367724949 ], [ -76.736039255366052, 38.9982371877758 ], [ -76.730974003126903, 38.998856098291853 ], [ -76.729453554202891, 38.994889256758491 ], [ -76.723284004781618, 38.993314953073828 ], [ -76.720595847497847, 38.98927593096375 ], [ -76.722670789615833, 38.98839948753978 ], [ -76.721788753601302, 38.987122950907541 ], [ -76.729626299333702, 38.984768257863429 ], [ -76.728127806133543, 38.982321004866151 ], [ -76.732062848387827, 38.979580843367849 ], [ -76.730258027879159, 38.974731959448476 ], [ -76.733414969197298, 38.9744918079925 ], [ -76.732963150745377, 38.973326998359937 ], [ -76.729711463215892, 38.973330926078226 ], [ -76.725469159405179, 38.968268148323375 ], [ -76.719520178725503, 38.964416889359335 ], [ -76.719775607490021, 38.962931103553117 ], [ -76.715940944782176, 38.963039070810375 ], [ -76.707473456355103, 38.966867922310158 ], [ -76.706298505777568, 38.964902599569278 ], [ -76.704448376940888, 38.965515561490903 ], [ -76.704378650606856, 38.963056966734207 ], [ -76.707288244404779, 38.962920063954073 ], [ -76.707869106745576, 38.964257609385172 ], [ -76.712907629613454, 38.960709896702504 ], [ -76.711277080473252, 38.959066663151468 ], [ -76.703690146738808, 38.958466290955322 ], [ -76.703694677841099, 38.957141985384624 ], [ -76.704753364861318, 38.955805631486079 ], [ -76.709486244936897, 38.955764352287929 ], [ -76.718148945360056, 38.957300774213209 ], [ -76.717872416067848, 38.962417471553678 ], [ -76.725509516219319, 38.959977530049784 ], [ -76.724192110804026, 38.953371535076009 ], [ -76.713549454324379, 38.950583047797053 ], [ -76.713403265189996, 38.946055061104438 ], [ -76.71104228780743, 38.944338793158579 ], [ -76.715528288385073, 38.944237144844251 ], [ -76.717195681028315, 38.946359616327122 ], [ -76.717059454210428, 38.949897347453842 ], [ -76.71835504224245, 38.949975210280513 ], [ -76.718290875581687, 38.941475783650219 ], [ -76.715465730606994, 38.941680737675298 ], [ -76.718386504836943, 38.940208051826446 ], [ -76.724735109155603, 38.945278002631078 ], [ -76.72579125484188, 38.94366510556177 ], [ -76.729570446580908, 38.943340863914841 ], [ -76.727416381751013, 38.940334756786648 ], [ -76.731027113323137, 38.935874323748706 ], [ -76.73982903464902, 38.936639116769918 ], [ -76.744018818456667, 38.932539591022248 ], [ -76.746300141324639, 38.936944252569617 ], [ -76.737025181543189, 38.94100483787804 ], [ -76.745058030001502, 38.94219517674621 ], [ -76.745113236865606, 38.938641863232831 ], [ -76.747102098819823, 38.938082097463401 ], [ -76.749780130293701, 38.943375310267257 ], [ -76.749481912975568, 38.947035539830715 ], [ -76.744265273051482, 38.94873094294892 ], [ -76.741292052480304, 38.947823691554056 ], [ -76.74282031135742, 38.946159710321659 ], [ -76.740683905609359, 38.943838069279991 ], [ -76.736867154409993, 38.947615683373272 ], [ -76.725646621589547, 38.946508180125328 ], [ -76.732981029016159, 38.950815161096905 ], [ -76.738158245475674, 38.951649358079507 ], [ -76.738571675322248, 38.953410410451717 ], [ -76.744829211132355, 38.956577510760333 ], [ -76.741845480272332, 38.959358814678076 ], [ -76.743544907736947, 38.959373512995867 ], [ -76.745966667826565, 38.962679252887256 ], [ -76.748327398172407, 38.963593247940992 ], [ -76.750821503185122, 38.962210969549986 ], [ -76.748278163308328, 38.958662664015392 ], [ -76.752709247177677, 38.957783030037689 ], [ -76.757406127268268, 38.968074117903065 ], [ -76.760581796663445, 38.966228077379341 ], [ -76.760580036863814, 38.969693864173252 ], [ -76.764819852341191, 38.970433959604435 ], [ -76.767445370100177, 38.969223225317414 ], [ -76.768949809249207, 38.969754535283165 ], [ -76.768506965865285, 38.971109831595896 ], [ -76.772353537538848, 38.971854619445899 ], [ -76.759455469197292, 38.973246818106816 ], [ -76.762916400407576, 38.979259965775078 ], [ -76.756155693952323, 38.98069408591568 ], [ -76.758864862830578, 39.00057943980331 ], [ -76.750357380508746, 39.002295658517788 ] ] ], [ [ [ -76.492957400542863, 38.954690142326157 ], [ -76.482635756131714, 38.95163487262954 ], [ -76.486256579377738, 38.946568046684447 ], [ -76.508526461159747, 38.95759321662802 ], [ -76.504873682144122, 38.956097720315228 ], [ -76.49635700017545, 38.960874000166839 ], [ -76.50338217873518, 38.961721820333914 ], [ -76.507975525294313, 38.964213448313338 ], [ -76.512190578710886, 38.964581714140202 ], [ -76.511663423047665, 38.962909257648334 ], [ -76.516588146436987, 38.967277999322974 ], [ -76.512921336634946, 38.967565762204899 ], [ -76.509231825507356, 38.973994696158094 ], [ -76.511154188774356, 38.973784069743751 ], [ -76.509596590021744, 38.97348958504088 ], [ -76.510730297147958, 38.972549324713057 ], [ -76.51354356100471, 38.973333541530593 ], [ -76.512937212560971, 38.976688557315072 ], [ -76.519410961181848, 38.978308808409651 ], [ -76.521769118752715, 38.974014298944645 ], [ -76.519287030503577, 38.972983600128963 ], [ -76.520738932581523, 38.97192618023832 ], [ -76.518853509835665, 38.970313029863071 ], [ -76.519799199572915, 38.969488139771578 ], [ -76.522111022939754, 38.971358719689313 ], [ -76.520778126077374, 38.971966336074843 ], [ -76.520921641825467, 38.972101478173194 ], [ -76.52452397864127, 38.973188780810638 ], [ -76.535611629969949, 38.971523747616793 ], [ -76.53503984420675, 38.974649254773894 ], [ -76.536808575797224, 38.973547966393426 ], [ -76.539581030088911, 38.977373480930453 ], [ -76.533844199140006, 38.984528944159329 ], [ -76.532543753917253, 38.983535000376364 ], [ -76.529414707983634, 38.98685791528959 ], [ -76.527870175226838, 38.985550351404846 ], [ -76.530201598036541, 38.987594340819086 ], [ -76.52767663409719, 38.988651473676576 ], [ -76.521787763286454, 38.98104249134272 ], [ -76.518083008646798, 38.980791952954419 ], [ -76.515945892331359, 38.98422574843692 ], [ -76.506066290006899, 38.980754813243387 ], [ -76.50528057315374, 38.983648491770801 ], [ -76.503498262629449, 38.984437929577275 ], [ -76.498346140607381, 38.983066345865367 ], [ -76.501273575845175, 38.980356195412085 ], [ -76.495695152016836, 38.982058914851486 ], [ -76.493822847369046, 38.984750081133342 ], [ -76.490320013344032, 38.982502315923021 ], [ -76.489439643704344, 38.983309330519148 ], [ -76.486313279241841, 38.981261249600585 ], [ -76.487169370114344, 38.980535903283211 ], [ -76.484146641591224, 38.977044469446639 ], [ -76.484861607132601, 38.976147953948001 ], [ -76.486960886408269, 38.977536637248321 ], [ -76.485092391515607, 38.9757683859183 ], [ -76.485316836487655, 38.971822666953216 ], [ -76.482772269512168, 38.972189851214971 ], [ -76.479242206652557, 38.975684713127713 ], [ -76.473825066350344, 38.971761571590463 ], [ -76.47631754361575, 38.968236733404936 ], [ -76.479747243996883, 38.969023773524484 ], [ -76.481373906126834, 38.96685875796171 ], [ -76.485401078698374, 38.966032441904183 ], [ -76.481100943146288, 38.965220900620906 ], [ -76.482093571653778, 38.963233292436996 ], [ -76.486219919130974, 38.962576219223671 ], [ -76.489574547303832, 38.963926106266968 ], [ -76.492957400542863, 38.954690142326157 ] ] ], [ [ [ -76.069137007871333, 39.050055701600428 ], [ -76.060968252395369, 39.047661177991387 ], [ -76.062556563649224, 39.044687097820344 ], [ -76.055927303177924, 39.041523915242081 ], [ -76.057879284798133, 39.039980376189291 ], [ -76.056612252412393, 39.03874916258907 ], [ -76.061889030951477, 39.04035568766939 ], [ -76.065023850357434, 39.035688342209738 ], [ -76.071076404094413, 39.038277229481615 ], [ -76.07168742737089, 39.035547900541225 ], [ -76.074599361280136, 39.037226970730053 ], [ -76.073428385747718, 39.043744828046876 ], [ -76.07546530756963, 39.052800371905263 ], [ -76.072844914699317, 39.055588455061475 ], [ -76.073051106803121, 39.053427923146536 ], [ -76.069137007871333, 39.050055701600428 ] ] ], [ [ [ -76.700743137210992, 39.118408314532523 ], [ -76.706284868453238, 39.110313601819549 ], [ -76.699982682780259, 39.107549969784635 ], [ -76.701379051007365, 39.10180801344957 ], [ -76.695615991048768, 39.101243365669376 ], [ -76.691054575106421, 39.098499612064593 ], [ -76.683252124755541, 39.083683348300006 ], [ -76.677756490562089, 39.080523291178693 ], [ -76.686546297208039, 39.077328507721894 ], [ -76.686260577252156, 39.078617780653687 ], [ -76.70003408078756, 39.083882514486604 ], [ -76.701030652000824, 39.082543566102352 ], [ -76.705296798895816, 39.082870736175387 ], [ -76.707353365974669, 39.084501854998138 ], [ -76.710452436923887, 39.080412071635109 ], [ -76.709300517353611, 39.08668000828046 ], [ -76.713726012803576, 39.087740136150252 ], [ -76.713388849924627, 39.090332319435241 ], [ -76.720168467713222, 39.095008968016053 ], [ -76.724268128938292, 39.109730262785504 ], [ -76.71847469065176, 39.111511068836997 ], [ -76.715297999872078, 39.114657054365885 ], [ -76.717679407639139, 39.116901025480423 ], [ -76.710898458547305, 39.120610162888468 ], [ -76.712501382695862, 39.125139151931286 ], [ -76.709239888258438, 39.12466022605679 ], [ -76.70303550935698, 39.127067196431582 ], [ -76.700844578566134, 39.125459869848932 ], [ -76.705177990411286, 39.122766926293821 ], [ -76.702962092743746, 39.120028812421602 ], [ -76.703504021201837, 39.118574096984702 ], [ -76.700743137210992, 39.118408314532523 ] ] ], [ [ [ -76.253524953358067, 39.146155096236356 ], [ -76.254943520752462, 39.140457623933543 ], [ -76.252064571183823, 39.140193292264023 ], [ -76.250914727620156, 39.142032653234807 ], [ -76.249306743261585, 39.139956401373084 ], [ -76.245408054928504, 39.140569529099544 ], [ -76.245965010404646, 39.143349438956989 ], [ -76.244096514613688, 39.143941636146167 ], [ -76.238455094629415, 39.141886342189679 ], [ -76.236065575973655, 39.145592794938771 ], [ -76.235760148777061, 39.143962537132403 ], [ -76.228214300390448, 39.143161328219001 ], [ -76.228468991638124, 39.136018484269094 ], [ -76.227436150945266, 39.135936836465874 ], [ -76.228640234785786, 39.133569105145497 ], [ -76.226981749836881, 39.133463187633048 ], [ -76.226845910192878, 39.132678218962639 ], [ -76.228988245720117, 39.133053755947387 ], [ -76.231978241430909, 39.131065449297836 ], [ -76.237676856251014, 39.132628691005088 ], [ -76.237763391860653, 39.133553077994094 ], [ -76.237134571161747, 39.133692438346863 ], [ -76.237170503773129, 39.133762118419831 ], [ -76.243450972674097, 39.132869340751384 ], [ -76.247529563015874, 39.135393041662191 ], [ -76.2503732240652, 39.133093990291627 ], [ -76.248617692319527, 39.131556190141346 ], [ -76.248656547150503, 39.130523719914841 ], [ -76.251348016522712, 39.133282681889312 ], [ -76.250059441638129, 39.134654075794501 ], [ -76.251094390676968, 39.136389006871255 ], [ -76.256109477397388, 39.135681633079507 ], [ -76.262273566858354, 39.140466015398829 ], [ -76.260400937020449, 39.142130193762625 ], [ -76.260895010426708, 39.146045637628646 ], [ -76.257664844734833, 39.143047762039629 ], [ -76.258251662007638, 39.141245106062435 ], [ -76.255406304040747, 39.140506823099926 ], [ -76.255882411141343, 39.144387522506698 ], [ -76.253524953358067, 39.146155096236356 ] ] ], [ [ [ -76.635930403622424, 39.116159919632508 ], [ -76.643843304532425, 39.136068669690772 ], [ -76.644941450051505, 39.159323519406414 ], [ -76.636274746735438, 39.176325445322924 ], [ -76.634353702195298, 39.174104842807687 ], [ -76.628283479494996, 39.173182909071734 ], [ -76.62224454062445, 39.177364552826724 ], [ -76.622214081448121, 39.178846221843145 ], [ -76.620321143396566, 39.178881299276966 ], [ -76.620474324118831, 39.180510025260155 ], [ -76.612888987588974, 39.182967237134633 ], [ -76.613067342698727, 39.181681035954213 ], [ -76.605919589916809, 39.177296681912473 ], [ -76.602839614455561, 39.159779998160609 ], [ -76.594474860957646, 39.150543827805855 ], [ -76.584435123154009, 39.133996771132885 ], [ -76.598419297793214, 39.136267175066912 ], [ -76.597081293110108, 39.134431954321485 ], [ -76.602129898668736, 39.134647222849168 ], [ -76.618554964818159, 39.139534477213488 ], [ -76.618177401107602, 39.12670820676388 ], [ -76.6199343503948, 39.126933876660182 ], [ -76.62265690057751, 39.132834836143999 ], [ -76.624947531788493, 39.132536961969485 ], [ -76.629380671901529, 39.130392720174271 ], [ -76.631152888955299, 39.117711034709707 ], [ -76.635930403622424, 39.116159919632508 ] ] ], [ [ [ -76.064635358641468, 39.223749445698395 ], [ -76.059386726116855, 39.223590771986018 ], [ -76.057509589431177, 39.220449564924998 ], [ -76.060725113482249, 39.217262719446978 ], [ -76.0590831000424, 39.215047778441757 ], [ -76.062709458707204, 39.213500247066278 ], [ -76.060618345117476, 39.209780779539322 ], [ -76.070417784480938, 39.199210690829283 ], [ -76.069932466953745, 39.200766074860297 ], [ -76.071833746761001, 39.202224859809633 ], [ -76.075364221049014, 39.202269545982624 ], [ -76.072469245535714, 39.204315462567386 ], [ -76.074165378878163, 39.204782309287118 ], [ -76.07303352317976, 39.207079913470245 ], [ -76.074743646884428, 39.207166376984283 ], [ -76.070138746194118, 39.208955746750703 ], [ -76.074673425578681, 39.214053920684201 ], [ -76.078211682870318, 39.215512616879707 ], [ -76.081013249763743, 39.219270550289473 ], [ -76.082460473415694, 39.219021834865408 ], [ -76.085911506089872, 39.221637423820553 ], [ -76.088064989709778, 39.224376523783981 ], [ -76.085113356553194, 39.221249570511659 ], [ -76.07930648665652, 39.2188295113518 ], [ -76.077878453713979, 39.219607259431761 ], [ -76.078796643325447, 39.221147913291027 ], [ -76.070063629968374, 39.223451840942012 ], [ -76.07270191368589, 39.229233821001372 ], [ -76.067841363245478, 39.23819029457465 ], [ -76.062166759494602, 39.230987464969445 ], [ -76.064974485237641, 39.22987653659839 ], [ -76.062425494957694, 39.225467714648715 ], [ -76.065045836624023, 39.225333449109648 ], [ -76.064635358641468, 39.223749445698395 ] ] ], [ [ [ -76.588189851971222, 39.206886195720912 ], [ -76.618892011814438, 39.206183987719314 ], [ -76.635602629934795, 39.202994812942926 ], [ -76.641622612556205, 39.205853045321717 ], [ -76.644794800979682, 39.216912067692554 ], [ -76.64158439732573, 39.225295987071682 ], [ -76.639719244165917, 39.223820900910248 ], [ -76.640358729663873, 39.221382405370065 ], [ -76.638812400276493, 39.221829372191706 ], [ -76.636722759025517, 39.219414455227138 ], [ -76.626388994544541, 39.223209155816612 ], [ -76.624847710095807, 39.228545161538435 ], [ -76.627252597129456, 39.228415644887619 ], [ -76.618532444952294, 39.237419646133048 ], [ -76.611610758601529, 39.234394547567199 ], [ -76.585977698481813, 39.210228349911119 ], [ -76.588189851971222, 39.206886195720912 ] ] ], [ [ [ -76.517021194591081, 39.232780536880909 ], [ -76.517669907583596, 39.24187098322755 ], [ -76.521186758920337, 39.240780008460106 ], [ -76.522041071128584, 39.242401177799778 ], [ -76.523826824895352, 39.242221732926218 ], [ -76.52993537421726, 39.24021964245393 ], [ -76.529758984621324, 39.298923202816432 ], [ -76.507382276084044, 39.304366604093637 ], [ -76.502851776560505, 39.300074505230107 ], [ -76.503503558198048, 39.293207049994173 ], [ -76.49988875815599, 39.288421435945288 ], [ -76.473264635292338, 39.278196730977378 ], [ -76.461983288323808, 39.267233127167231 ], [ -76.455981663673555, 39.250699033796757 ], [ -76.457176297237282, 39.247007854235989 ], [ -76.455076856264853, 39.242889349019855 ], [ -76.457084589128243, 39.233482320947822 ], [ -76.462598374680297, 39.232191938582609 ], [ -76.45994861318843, 39.228945740738993 ], [ -76.462759079691395, 39.228189672121317 ], [ -76.461966223926666, 39.226494627368339 ], [ -76.463823378487177, 39.224712179200182 ], [ -76.463158516480775, 39.221027420416107 ], [ -76.461027452115403, 39.219739406320649 ], [ -76.463020153469145, 39.218102356205549 ], [ -76.46145442136995, 39.216558622609625 ], [ -76.462714755018624, 39.215106285177775 ], [ -76.469419625789072, 39.214561180660617 ], [ -76.462644682833201, 39.21487800409286 ], [ -76.461500865168475, 39.204104411171869 ], [ -76.463006418228446, 39.205976568542468 ], [ -76.466005186886292, 39.206154385383016 ], [ -76.482277587048145, 39.204506501157901 ], [ -76.481078732300887, 39.209730140669862 ], [ -76.476293346595256, 39.212381376622005 ], [ -76.485090363119696, 39.211474342336373 ], [ -76.486328706010212, 39.20944923669277 ], [ -76.485626389646356, 39.202924562394266 ], [ -76.49194716595413, 39.20286341627849 ], [ -76.492213860490622, 39.201311730590426 ], [ -76.495605690594317, 39.201801893850941 ], [ -76.498471725084116, 39.205084899254551 ], [ -76.496294828672958, 39.207691022296721 ], [ -76.500844422786173, 39.208372963324436 ], [ -76.501132343614515, 39.210641528935206 ], [ -76.498802466805429, 39.210914534395847 ], [ -76.501136402202974, 39.210996981240513 ], [ -76.493914472833083, 39.212535788882228 ], [ -76.501161828118768, 39.213870246065525 ], [ -76.497254270718898, 39.214691900505883 ], [ -76.49764735372429, 39.217061035813884 ], [ -76.495792600360531, 39.218634299078218 ], [ -76.499677110583491, 39.218854979228887 ], [ -76.495309436095084, 39.219742776800729 ], [ -76.499636573207965, 39.220004936744431 ], [ -76.495774163337629, 39.220586663236588 ], [ -76.499971794827601, 39.220915767128872 ], [ -76.49586276147916, 39.221444480437832 ], [ -76.498991731056009, 39.223305937266296 ], [ -76.49821844059818, 39.225781370584549 ], [ -76.490970027097092, 39.227763948244515 ], [ -76.494178007096409, 39.23688931232644 ], [ -76.487983510561392, 39.243518936660813 ], [ -76.487502961291725, 39.245250696692452 ], [ -76.48940267443713, 39.246799533021047 ], [ -76.47824572706746, 39.249151350028491 ], [ -76.479816089083627, 39.251065119910749 ], [ -76.478484015976349, 39.253052770716991 ], [ -76.471493858237992, 39.250665015512503 ], [ -76.477127488930421, 39.255468633586752 ], [ -76.471946753769927, 39.258529627034633 ], [ -76.476463404865072, 39.258460877442566 ], [ -76.47717285924216, 39.260700344733266 ], [ -76.468002358256896, 39.261550962424259 ], [ -76.473457287988182, 39.262050544739658 ], [ -76.473701460862188, 39.263740448169898 ], [ -76.476333527339591, 39.262901335228058 ], [ -76.47551735670001, 39.265098557949678 ], [ -76.478210669415176, 39.264728657944815 ], [ -76.479331908823568, 39.270641338098116 ], [ -76.474563667465134, 39.273071076964825 ], [ -76.477851822103574, 39.27330023411379 ], [ -76.479782079765272, 39.271629349037759 ], [ -76.480468570508776, 39.274021064081126 ], [ -76.482101329504559, 39.27206054121644 ], [ -76.483467151418736, 39.273490836679521 ], [ -76.483963099608985, 39.272140636609151 ], [ -76.487487734847662, 39.272209089744685 ], [ -76.480666815217234, 39.270191218905829 ], [ -76.480560626265827, 39.265758559000986 ], [ -76.478202687883879, 39.261371593675065 ], [ -76.479927022038055, 39.258239629056625 ], [ -76.484680261531238, 39.259719885045037 ], [ -76.484939484779503, 39.262809838022555 ], [ -76.486327984663049, 39.261028176142034 ], [ -76.485221802815431, 39.258579221434907 ], [ -76.479820144977126, 39.256378133490635 ], [ -76.481368866578094, 39.2548408323971 ], [ -76.482643078299574, 39.255619087732576 ], [ -76.481918419936306, 39.253391427574606 ], [ -76.483596764839504, 39.252040770021104 ], [ -76.491088547222418, 39.254638752443668 ], [ -76.498626620690246, 39.262539005538763 ], [ -76.498916529490316, 39.260150777686036 ], [ -76.49516285529522, 39.258789012155738 ], [ -76.495246789383799, 39.255180252036105 ], [ -76.49667348653152, 39.254428934695916 ], [ -76.489196927897723, 39.251899752764743 ], [ -76.489326253857612, 39.249660398790823 ], [ -76.491287315648719, 39.250308907043461 ], [ -76.49417885241111, 39.247799026762962 ], [ -76.498939287409726, 39.251049150143196 ], [ -76.500968691231009, 39.248931821848494 ], [ -76.503196515830567, 39.254928612284452 ], [ -76.505813689138876, 39.255718386345933 ], [ -76.503639256806551, 39.250099308685705 ], [ -76.508789018954374, 39.254230387237882 ], [ -76.507431135452364, 39.250778092053025 ], [ -76.50390630887253, 39.248329255136063 ], [ -76.506919820680835, 39.246768962030693 ], [ -76.5060730381513, 39.245979383532941 ], [ -76.499717950691249, 39.247661627514624 ], [ -76.494232091964719, 39.244880657176353 ], [ -76.497047333911738, 39.242130386143081 ], [ -76.507293605178987, 39.24277127283576 ], [ -76.506416339218603, 39.240310766303942 ], [ -76.498581048257563, 39.23984134011409 ], [ -76.504287726355642, 39.237480146398255 ], [ -76.50064872210659, 39.237320054431223 ], [ -76.503723064232673, 39.233978190721629 ], [ -76.502863142943795, 39.232302898983129 ], [ -76.50808711222227, 39.230609816343751 ], [ -76.519794023480259, 39.222488751935735 ], [ -76.521297602941559, 39.223423307847156 ], [ -76.513832158264449, 39.229233531525786 ], [ -76.517021194591081, 39.232780536880909 ] ] ], [ [ [ -76.408390236851091, 39.336345868914499 ], [ -76.410319703097031, 39.335000728677244 ], [ -76.409365119140148, 39.328673749475534 ], [ -76.403198800060622, 39.323105968847614 ], [ -76.404509932540307, 39.322048629291302 ], [ -76.402585246229989, 39.319922270774434 ], [ -76.403921269229585, 39.316776364999967 ], [ -76.409174542450941, 39.312267006168426 ], [ -76.410049759354152, 39.315044075312152 ], [ -76.411646835470222, 39.315171974524972 ], [ -76.410926507884938, 39.316985787555772 ], [ -76.414970773599705, 39.318239325518796 ], [ -76.416736359290027, 39.320970059888246 ], [ -76.419238594056054, 39.319788209037434 ], [ -76.423427794857076, 39.322688452317173 ], [ -76.423094691464883, 39.327012310901701 ], [ -76.424573896937588, 39.328406712020289 ], [ -76.430431111117713, 39.324440523032465 ], [ -76.432138508435528, 39.324584556126474 ], [ -76.434042105896225, 39.32612419465795 ], [ -76.435685843203103, 39.326651100146464 ], [ -76.43564696501592, 39.326894806585578 ], [ -76.436162367121995, 39.327096209775661 ], [ -76.435826003743628, 39.326624144055536 ], [ -76.433320214344022, 39.324844695254839 ], [ -76.433219461098375, 39.324406514837506 ], [ -76.429655819213451, 39.323005169502139 ], [ -76.431499706555527, 39.321355957167334 ], [ -76.425956850622541, 39.316671386612022 ], [ -76.427447148492377, 39.31600867593167 ], [ -76.435865676939841, 39.318800144282569 ], [ -76.43900929175075, 39.32164757299465 ], [ -76.439543002420592, 39.324909440284038 ], [ -76.442278262866282, 39.32687924740636 ], [ -76.446287331689902, 39.328763533962601 ], [ -76.441019596490776, 39.324100899676296 ], [ -76.439888035439765, 39.321484764245277 ], [ -76.441037092977552, 39.320598872528507 ], [ -76.433214956047237, 39.31395266595063 ], [ -76.438717919595078, 39.312994137900652 ], [ -76.442957128709651, 39.316358516013331 ], [ -76.445104737347592, 39.317197387557293 ], [ -76.445347991245058, 39.316932938884229 ], [ -76.445356345577196, 39.317217704648712 ], [ -76.445820302065272, 39.317283652799823 ], [ -76.439282226883506, 39.310373377868011 ], [ -76.434807910692797, 39.31158034517906 ], [ -76.436725914435698, 39.309850755018736 ], [ -76.435506305012112, 39.309371796082488 ], [ -76.436009448707807, 39.30664017526761 ], [ -76.442593421512356, 39.306102982522127 ], [ -76.438227268770035, 39.300030960911073 ], [ -76.441574221737071, 39.297043293666285 ], [ -76.4453660132463, 39.296664696607948 ], [ -76.447515722145383, 39.293431651559175 ], [ -76.460075859548425, 39.295916071555723 ], [ -76.458192857762242, 39.29638108463692 ], [ -76.456354509432217, 39.299787582148447 ], [ -76.450411798094905, 39.300437331098031 ], [ -76.455680746917963, 39.300818668867471 ], [ -76.453172011044231, 39.303432983596281 ], [ -76.454046944978131, 39.304263015379853 ], [ -76.452403356791592, 39.304100209271134 ], [ -76.451895716129584, 39.304474296572138 ], [ -76.451576096449827, 39.305740999978738 ], [ -76.452288544013456, 39.308293654016055 ], [ -76.452315568930459, 39.304313811926008 ], [ -76.454446769839734, 39.304739440171261 ], [ -76.453689115457749, 39.303371378006268 ], [ -76.457376500273071, 39.302156123566917 ], [ -76.460448027977378, 39.295913578593449 ], [ -76.463770824348103, 39.295759433960377 ], [ -76.462874385644611, 39.298845471711893 ], [ -76.467390741194023, 39.303354719477284 ], [ -76.46559718196572, 39.304183088788527 ], [ -76.469002300847421, 39.304039498182924 ], [ -76.467911008575655, 39.299440867373207 ], [ -76.464118734671118, 39.297922261478895 ], [ -76.465968740438598, 39.296595297584638 ], [ -76.464277865833822, 39.293352604565683 ], [ -76.465569564160646, 39.291993900850251 ], [ -76.467837567707917, 39.298338388786497 ], [ -76.475606347405318, 39.300307172133529 ], [ -76.479781056584173, 39.303960611225584 ], [ -76.483896427546938, 39.302386963704251 ], [ -76.489845030934177, 39.304590742366642 ], [ -76.48576489459181, 39.309911889219222 ], [ -76.487921560044455, 39.312120063328173 ], [ -76.486121015516517, 39.314223956459358 ], [ -76.488489367169237, 39.312811908079745 ], [ -76.484859104426206, 39.320481312265557 ], [ -76.475750874656427, 39.32555366850923 ], [ -76.474037950902996, 39.328590487603933 ], [ -76.452948026009608, 39.328681554228609 ], [ -76.439039050241149, 39.332666427033558 ], [ -76.437633351213208, 39.331642341755696 ], [ -76.412124679014241, 39.340427852181293 ], [ -76.408390236851091, 39.336345868914499 ] ] ], [ [ [ -76.062498011458999, 39.364994541368915 ], [ -76.060788038671276, 39.362938464559811 ], [ -76.065808966237654, 39.362901347634903 ], [ -76.066589047959042, 39.368713792625279 ], [ -76.069779240417418, 39.369107321063495 ], [ -76.069297732645339, 39.371256390613475 ], [ -76.062693038402131, 39.371963412620872 ], [ -76.061603131332532, 39.370760534761551 ], [ -76.053561496452417, 39.37054685308852 ], [ -76.053443544062347, 39.369094772066973 ], [ -76.059002490618695, 39.368963544984659 ], [ -76.059583438299455, 39.367775125197518 ], [ -76.057813123877452, 39.367212528997527 ], [ -76.062498011458999, 39.364994541368915 ] ] ], [ [ [ -76.610425580704444, 39.413918837408509 ], [ -76.606205554214469, 39.407380175427861 ], [ -76.602788411382704, 39.409972263073058 ], [ -76.594429127726528, 39.405369673229352 ], [ -76.595822321307423, 39.400994341290357 ], [ -76.592710219396679, 39.400347015670917 ], [ -76.593682639403525, 39.39786887604901 ], [ -76.601163497374273, 39.397849697946917 ], [ -76.601198856860492, 39.395056209137259 ], [ -76.603969037516208, 39.394849516855821 ], [ -76.608471257176291, 39.396917061874724 ], [ -76.60843765479477, 39.402737985086347 ], [ -76.610868165373574, 39.402935847578838 ], [ -76.610621332588025, 39.404833876298127 ], [ -76.608450265344743, 39.403926966049234 ], [ -76.608527024589137, 39.405151263744827 ], [ -76.618876309263271, 39.412903721894239 ], [ -76.610425580704444, 39.413918837408509 ] ] ], [ [ [ -76.346930658198275, 39.441064121680398 ], [ -76.327069623223679, 39.446938355007369 ], [ -76.313910502663916, 39.454249523197554 ], [ -76.309159269108761, 39.454256222855349 ], [ -76.307013173233756, 39.452492714576344 ], [ -76.3048904434376, 39.455617201380967 ], [ -76.30462262061711, 39.451345620350097 ], [ -76.308091451611986, 39.45168348949661 ], [ -76.310261943035187, 39.447991947868353 ], [ -76.307755431390078, 39.442682738498839 ], [ -76.299841642944585, 39.444025054644001 ], [ -76.298577443845232, 39.44626776204511 ], [ -76.299512511902563, 39.448473218986805 ], [ -76.288432279759846, 39.452136178671587 ], [ -76.284974181835963, 39.45042747174525 ], [ -76.289069737760173, 39.448608881019545 ], [ -76.28772646984784, 39.446262675159602 ], [ -76.280361268173294, 39.448600247547553 ], [ -76.281159698882675, 39.443990204221024 ], [ -76.285969897853064, 39.443827808248471 ], [ -76.284454398646261, 39.441856814131143 ], [ -76.287137644840357, 39.439903232448501 ], [ -76.285827503202441, 39.438726759770482 ], [ -76.291549930564088, 39.436751322561832 ], [ -76.298219900887418, 39.438266951293727 ], [ -76.30532473845328, 39.432480329894673 ], [ -76.299789726609362, 39.432450281974326 ], [ -76.301058783797757, 39.430845157312369 ], [ -76.298142663739284, 39.429315400273168 ], [ -76.296814316843822, 39.431698381054602 ], [ -76.294012395115871, 39.432179322097404 ], [ -76.286138830533829, 39.431159431007487 ], [ -76.283113722373528, 39.435786359436207 ], [ -76.27666490200177, 39.431651718721533 ], [ -76.283063383479941, 39.42790967768336 ], [ -76.280154142719923, 39.425127392893422 ], [ -76.283993570092036, 39.427338621365479 ], [ -76.286704457447414, 39.42508064982993 ], [ -76.282583710965994, 39.421555531450714 ], [ -76.285321650187853, 39.419244458288432 ], [ -76.301893112084187, 39.411853789646869 ], [ -76.301933680900731, 39.410431189421949 ], [ -76.302708697920536, 39.411516985602177 ], [ -76.319843813131769, 39.404277131697228 ], [ -76.327376738354687, 39.415570455984771 ], [ -76.330570815128382, 39.426882708167753 ], [ -76.347634693937579, 39.440868077495551 ], [ -76.346930658198275, 39.441064121680398 ] ], [ [ -76.346930658198275, 39.441064121680398 ], [ -76.346913742921487, 39.440977874683568 ], [ -76.346824748622907, 39.44095890893243 ], [ -76.346930658198275, 39.441064121680398 ] ] ], [ [ [ -76.151312471797851, 39.514036920202827 ], [ -76.15285715996319, 39.51224618541206 ], [ -76.15050185454335, 39.510077322344188 ], [ -76.147452042712729, 39.51197583482854 ], [ -76.145688232093391, 39.510456690085952 ], [ -76.14823487956707, 39.508126118492321 ], [ -76.145585054294799, 39.505007467679114 ], [ -76.147350069554932, 39.501613671053391 ], [ -76.148908473198034, 39.500876757226784 ], [ -76.150331330047905, 39.502862463667306 ], [ -76.150696510482263, 39.501652806069124 ], [ -76.156572821947023, 39.504571944401825 ], [ -76.15937926669244, 39.498940546909054 ], [ -76.165373457783744, 39.502538671785658 ], [ -76.172042399536068, 39.493441040800853 ], [ -76.182364914414748, 39.483222356192393 ], [ -76.188172307130912, 39.488286876131106 ], [ -76.18269259108429, 39.490690707947039 ], [ -76.187171003592738, 39.492480816249248 ], [ -76.192163617159679, 39.490554947690349 ], [ -76.196129642308122, 39.493016381469829 ], [ -76.189594091392337, 39.495623684126443 ], [ -76.18281356720361, 39.494778620915255 ], [ -76.17906558383585, 39.496219135652566 ], [ -76.174907806103491, 39.500616847084949 ], [ -76.173344041314763, 39.499105625103674 ], [ -76.169520091016707, 39.501681260386327 ], [ -76.166191851753666, 39.507071637484557 ], [ -76.172767846620175, 39.509503744929802 ], [ -76.171304648227519, 39.512057470360411 ], [ -76.16947336065563, 39.511366576925397 ], [ -76.162489336614001, 39.513832129776937 ], [ -76.160358844475482, 39.512056361493386 ], [ -76.153396691716097, 39.515684650220159 ], [ -76.151312471797851, 39.514036920202827 ] ] ], [ [ [ -76.355577960599149, 39.52964646990592 ], [ -76.358733829328841, 39.53255401181196 ], [ -76.358840665067262, 39.534846781420754 ], [ -76.355373481582603, 39.537120717970915 ], [ -76.359191485931817, 39.539559515692623 ], [ -76.354562031589822, 39.543990109967702 ], [ -76.35320253651021, 39.543854144193453 ], [ -76.353867037393854, 39.539783881238684 ], [ -76.345235688174114, 39.539702978682037 ], [ -76.347178595911643, 39.538277426107364 ], [ -76.345318617946205, 39.536053831854609 ], [ -76.340206263443463, 39.537979006208126 ], [ -76.33922737376993, 39.536684071393559 ], [ -76.344723951194425, 39.534710776256873 ], [ -76.341880871355073, 39.532055507976942 ], [ -76.348011904610232, 39.530019417411843 ], [ -76.349206240831606, 39.530961319041928 ], [ -76.348862253451429, 39.529182601226204 ], [ -76.350895474214383, 39.527970400297413 ], [ -76.355577960599149, 39.52964646990592 ] ], [ [ -76.354832049892877, 39.529947981153754 ], [ -76.354834277714787, 39.529946620370012 ], [ -76.354833926473503, 39.529946354310454 ], [ -76.354832049892877, 39.529947981153754 ] ] ], [ [ [ -76.098014034500665, 39.564147299792602 ], [ -76.089233832641725, 39.55010154063342 ], [ -76.084605317039205, 39.546925397536839 ], [ -76.084417489194763, 39.545371137695639 ], [ -76.086548524814049, 39.545058894739292 ], [ -76.083595081552161, 39.543407452455661 ], [ -76.084703961938871, 39.539822449546804 ], [ -76.096112824761988, 39.536867666293212 ], [ -76.10017260078844, 39.527287945167863 ], [ -76.10445073929418, 39.531354462975436 ], [ -76.120498398938224, 39.524856112489914 ], [ -76.119848715765187, 39.526864422521477 ], [ -76.121337268208421, 39.526878697525639 ], [ -76.121670595281117, 39.530669605024812 ], [ -76.118677371923496, 39.531990933652786 ], [ -76.123228333272579, 39.533293547353686 ], [ -76.119033447932438, 39.535446330808377 ], [ -76.117397253779004, 39.533767543308599 ], [ -76.118197924886701, 39.532591458277139 ], [ -76.112150023524563, 39.537644286482056 ], [ -76.10746685082691, 39.539176552777079 ], [ -76.110714686380447, 39.542984432699491 ], [ -76.106308981714491, 39.55141648925099 ], [ -76.098014034500665, 39.564147299792602 ] ] ], [ [ [ -76.062844645276002, 39.568710792704323 ], [ -76.061274558144319, 39.564973497156693 ], [ -76.066902506992577, 39.562059243905608 ], [ -76.066323368518795, 39.560431559359209 ], [ -76.079527148822919, 39.556331491767324 ], [ -76.081381121550692, 39.559130615749645 ], [ -76.078845746137191, 39.567286122784402 ], [ -76.080392586665951, 39.571841002147792 ], [ -76.067426012800823, 39.574673175859346 ], [ -76.06716531272221, 39.577227670652334 ], [ -76.070336592050609, 39.576673416082947 ], [ -76.068505517379421, 39.580871591084616 ], [ -76.070601190817541, 39.583362807665807 ], [ -76.06682709432279, 39.582609525615659 ], [ -76.06712274515418, 39.577784086572606 ], [ -76.065810500560175, 39.576234752877788 ], [ -76.061868421802231, 39.575375460265256 ], [ -76.060740985815016, 39.571362097113834 ], [ -76.062844645276002, 39.568710792704323 ] ] ], [ [ [ -76.124252137812007, 39.617132420796622 ], [ -76.112197391689506, 39.607402075056129 ], [ -76.11435053305128, 39.604669480881824 ], [ -76.111344267952376, 39.602339859102393 ], [ -76.105428737838935, 39.606159076773089 ], [ -76.10302316089917, 39.604580337519238 ], [ -76.108563588685925, 39.59989307105505 ], [ -76.105972476402314, 39.596151480289279 ], [ -76.119437130159866, 39.605208994483455 ], [ -76.119131557436205, 39.606908991124662 ], [ -76.12159942804935, 39.6097910075516 ], [ -76.131163554622475, 39.616507357691766 ], [ -76.127531916558738, 39.619182614953075 ], [ -76.125359496452631, 39.61797094463661 ], [ -76.125442774771045, 39.620171723148644 ], [ -76.123804222539974, 39.620299790699519 ], [ -76.124252137812007, 39.617132420796622 ] ] ], [ [ [ -76.070847311239092, 39.697302949396182 ], [ -76.068418370915396, 39.698513076304522 ], [ -76.069906752678733, 39.699895040935985 ], [ -76.068935266021469, 39.700819504493523 ], [ -76.072123186640496, 39.70176514481539 ], [ -76.07124006007119, 39.698571522314381 ], [ -76.075631778866494, 39.698154018626347 ], [ -76.076088741071743, 39.702911860737046 ], [ -76.06800272851828, 39.701512547877762 ], [ -76.067945486970061, 39.703432504001164 ], [ -76.064898081726085, 39.70333599467979 ], [ -76.066197563954844, 39.709271373668358 ], [ -76.060787232882461, 39.704948689604613 ], [ -76.062299955396739, 39.704778161897494 ], [ -76.062150034660647, 39.703298435902546 ], [ -76.060370960766335, 39.703411771510268 ], [ -76.057280481304488, 39.699724392918135 ], [ -76.050722185943997, 39.700418176472951 ], [ -76.052216345671241, 39.69794667965197 ], [ -76.050702511940969, 39.697594832951147 ], [ -76.051053439705015, 39.695190538325598 ], [ -76.048647480981245, 39.695365341356499 ], [ -76.048485920774027, 39.691112526198438 ], [ -76.053376595319165, 39.692374264548334 ], [ -76.052594935257829, 39.696752571647579 ], [ -76.054530998731224, 39.698818702218091 ], [ -76.057836508820941, 39.698168144308681 ], [ -76.062574629667878, 39.693446042807686 ], [ -76.065655564529848, 39.693154486632878 ], [ -76.06508958547667, 39.694195699412134 ], [ -76.067866401987388, 39.694141651398951 ], [ -76.066041235535835, 39.69499366233439 ], [ -76.070843420635597, 39.695424273187122 ], [ -76.070847311239092, 39.697302949396182 ] ] ], [ [ [ -75.837702238304857, 37.998742326440158 ], [ -75.834499835046799, 37.998962811097265 ], [ -75.83898669082059, 37.994195427493047 ], [ -75.836036613546057, 37.993089213436008 ], [ -75.836646176161892, 37.991489703188549 ], [ -75.839671707428693, 37.991898556355544 ], [ -75.839131309699866, 37.994262732556095 ], [ -75.842862230467105, 37.991926445030252 ], [ -75.840018025038717, 37.987488729564497 ], [ -75.842243317287497, 37.984298691051833 ], [ -75.842327492124568, 37.983675841130186 ], [ -75.841035144315796, 37.983396290968052 ], [ -75.841069261431969, 37.976435377102064 ], [ -75.845376348147724, 37.97706720208393 ], [ -75.846256350376464, 37.97441392959486 ], [ -75.851183022211657, 37.97348611469387 ], [ -75.861456238445868, 37.97344964912066 ], [ -75.863825485718934, 37.975671980808826 ], [ -75.861874741078836, 37.977483812126813 ], [ -75.860789850201797, 37.975233051837805 ], [ -75.85432483859536, 37.974636071452842 ], [ -75.854912780558948, 37.978081462573883 ], [ -75.864566708117735, 37.977438219009073 ], [ -75.863423967533009, 37.978111035390071 ], [ -75.864656086895238, 37.979503571286443 ], [ -75.863713216071346, 37.982801233483876 ], [ -75.860312815141512, 37.983835366537519 ], [ -75.861160732243263, 37.985119039727337 ], [ -75.858532621946352, 37.986796438275228 ], [ -75.855871820159635, 37.983991296188272 ], [ -75.858402392281306, 37.98860056032656 ], [ -75.85621402707892, 37.989782923135657 ], [ -75.854439892122002, 37.987154391446715 ], [ -75.853590954534099, 37.990164971898047 ], [ -75.856888991538995, 37.990742385777985 ], [ -75.855737658568572, 37.993832222475888 ], [ -75.852578117526008, 37.993439694690515 ], [ -75.852852657948191, 37.992842921172453 ], [ -75.851211472755026, 37.990733656489454 ], [ -75.851779910497129, 37.995213795087281 ], [ -75.848410513122715, 37.994501112416863 ], [ -75.848011219165457, 37.997266169449532 ], [ -75.844567941647142, 37.99519537691436 ], [ -75.847507116967364, 37.994156047716046 ], [ -75.843800896277173, 37.992653872476623 ], [ -75.842044693489967, 37.992525349866995 ], [ -75.838006606387736, 37.995270437824644 ], [ -75.840089314441357, 37.998323801179566 ], [ -75.84267684154868, 37.998152709043858 ], [ -75.842275390736404, 37.999152772284695 ], [ -75.840469972848055, 38.000952048033547 ], [ -75.837702238304857, 37.998742326440158 ] ] ], [ [ [ -76.036230027486368, 37.996390782281964 ], [ -76.031298396950802, 37.99599192026313 ], [ -76.028075608224, 37.992839792028199 ], [ -76.034376347609381, 37.99403730367775 ], [ -76.034421131321224, 37.992484953986455 ], [ -76.037217676632224, 37.994673146127255 ], [ -76.036702756921486, 37.99575402875891 ], [ -76.039211459557563, 37.994480470439939 ], [ -76.041359467945824, 37.995279819990579 ], [ -76.036230027486368, 37.996390782281964 ] ] ], [ [ [ -75.551027014832414, 38.060446038042919 ], [ -75.572264644318082, 38.073335468269548 ], [ -75.570908652668066, 38.078687772819691 ], [ -75.565514979954301, 38.078744908245937 ], [ -75.564264954473515, 38.080002749609491 ], [ -75.565205207606681, 38.081690392546989 ], [ -75.563319074293418, 38.079964980777468 ], [ -75.559380749595064, 38.085816288088232 ], [ -75.563467907169695, 38.078421922084154 ], [ -75.556974318357447, 38.07287126882585 ], [ -75.55640602165083, 38.069931118081975 ], [ -75.558406992895073, 38.068273529486675 ], [ -75.549786420763795, 38.062160476365378 ], [ -75.551027014832414, 38.060446038042919 ] ] ], [ [ [ -75.401907860749802, 38.168111207286636 ], [ -75.4052452951681, 38.173115888496348 ], [ -75.400039102650766, 38.17562806942756 ], [ -75.398983721430795, 38.174721850287469 ], [ -75.394488830226805, 38.178869263082952 ], [ -75.390342105365661, 38.178672788710166 ], [ -75.389671215663725, 38.179944168337535 ], [ -75.391339662929127, 38.181593678250323 ], [ -75.38973631028415, 38.182631674200834 ], [ -75.385465206485421, 38.181886491742617 ], [ -75.386321207526393, 38.185738982719045 ], [ -75.383269210094682, 38.183457591076078 ], [ -75.376897791262778, 38.188219706243672 ], [ -75.375676342987802, 38.186395513599464 ], [ -75.376673568174581, 38.18523294713021 ], [ -75.378751810702951, 38.183637115186741 ], [ -75.380179858018536, 38.18473706167623 ], [ -75.384291293462027, 38.181084578212086 ], [ -75.381663247843832, 38.176318531422829 ], [ -75.382301296037298, 38.174467951122288 ], [ -75.387409956667611, 38.172133273461348 ], [ -75.387709297778159, 38.170325281619547 ], [ -75.384322197304428, 38.165983040139075 ], [ -75.385560874368238, 38.165047456599559 ], [ -75.382027279332931, 38.163057474234527 ], [ -75.384802751964003, 38.161812588513172 ], [ -75.386702258496896, 38.163745923002132 ], [ -75.389517532783231, 38.162332367016141 ], [ -75.388964503843184, 38.165120492893841 ], [ -75.391206948523987, 38.166715500043772 ], [ -75.395738583518053, 38.162985846366567 ], [ -75.393986645931832, 38.165178561530084 ], [ -75.395470789443664, 38.166908550884735 ], [ -75.401907860749802, 38.168111207286636 ] ] ], [ [ [ -75.697150647666916, 38.22139966252044 ], [ -75.696774793450345, 38.219553462796469 ], [ -75.689066865630295, 38.221057811981481 ], [ -75.688420107371812, 38.216339178169136 ], [ -75.693358436644459, 38.217511495229893 ], [ -75.69194489712072, 38.21249463509205 ], [ -75.693833639141545, 38.207199629439295 ], [ -75.69053987093092, 38.204515602376638 ], [ -75.690428343291757, 38.201809798665423 ], [ -75.681267507280623, 38.201872776745404 ], [ -75.68366821624987, 38.199474796345392 ], [ -75.680194164246544, 38.197213014133773 ], [ -75.677850093157645, 38.197617288476664 ], [ -75.677520085359916, 38.195601887465926 ], [ -75.682109439805942, 38.194261533539567 ], [ -75.687865877384226, 38.193102099530357 ], [ -75.689723850309974, 38.194250582021844 ], [ -75.687862832993744, 38.187208099544151 ], [ -75.689834024188002, 38.188516552941159 ], [ -75.688501490244988, 38.189502181463013 ], [ -75.689877701175419, 38.194407707055916 ], [ -75.692253366911189, 38.194086193979864 ], [ -75.69326295201796, 38.197100553756201 ], [ -75.695481633564569, 38.196518884206462 ], [ -75.693730612259941, 38.19770801620092 ], [ -75.696528943421711, 38.199504675772459 ], [ -75.696811543528625, 38.19512893906073 ], [ -75.695013732574097, 38.195609816438029 ], [ -75.693965662742229, 38.193590819936119 ], [ -75.695870358842527, 38.192686249664362 ], [ -75.695039017454405, 38.19149400468126 ], [ -75.696286000341317, 38.192522000001226 ], [ -75.70080699928242, 38.207787000398788 ], [ -75.697935000877465, 38.220683999399867 ], [ -75.697081484576557, 38.222459989206335 ], [ -75.69511362972527, 38.222201518869355 ], [ -75.697150647666916, 38.22139966252044 ] ] ], [ [ [ -75.608891089255479, 38.318578704631918 ], [ -75.612829679855167, 38.316517087708668 ], [ -75.611616311027859, 38.317241842230914 ], [ -75.613716791351067, 38.318596478880991 ], [ -75.614903818879299, 38.317845655253812 ], [ -75.614027872544071, 38.31632840044599 ], [ -75.616671821936052, 38.314664404230463 ], [ -75.617899785691776, 38.316884440442216 ], [ -75.624017201385541, 38.313572300697032 ], [ -75.624399326741099, 38.314659890472825 ], [ -75.621509111400485, 38.318434448949816 ], [ -75.617497500344612, 38.317471816824856 ], [ -75.619683297263606, 38.32080437477137 ], [ -75.618792323910313, 38.321740268962131 ], [ -75.615895159202651, 38.320536438078058 ], [ -75.611250996744531, 38.322801761773981 ], [ -75.608891089255479, 38.318578704631918 ] ] ], [ [ [ -75.204612137031603, 38.321209407487991 ], [ -75.211771885915837, 38.322103489993509 ], [ -75.218545113089505, 38.31430798778694 ], [ -75.217660924711538, 38.311810151317431 ], [ -75.219746210930012, 38.311994752986337 ], [ -75.220410931900929, 38.314939063457551 ], [ -75.222760669562632, 38.314674157723914 ], [ -75.223666934937029, 38.308711661242207 ], [ -75.230442079115505, 38.310464232650752 ], [ -75.225027564588856, 38.316017834454364 ], [ -75.228979876954497, 38.318494573784875 ], [ -75.217399245469281, 38.335300405874683 ], [ -75.214501566026954, 38.33433175177246 ], [ -75.211827585955021, 38.337761791049488 ], [ -75.209623702356097, 38.329999795708474 ], [ -75.202678264549206, 38.332225876219979 ], [ -75.20013467314412, 38.331245585625986 ], [ -75.199136683491034, 38.328949003400467 ], [ -75.200855661889477, 38.324921310994462 ], [ -75.204612137031603, 38.321209407487991 ] ] ], [ [ [ -75.088177012260232, 38.325116174720428 ], [ -75.091209739032479, 38.32782035052962 ], [ -75.090029378800281, 38.332483342134154 ], [ -75.082868904975612, 38.345339696209173 ], [ -75.084030178702974, 38.345729718434058 ], [ -75.079410231231634, 38.347056013880369 ], [ -75.080142632174358, 38.345464157284987 ], [ -75.077796485977146, 38.344631985120785 ], [ -75.088177012260232, 38.325116174720428 ] ] ], [ [ [ -75.61047257510981, 38.371466385799231 ], [ -75.608751586281741, 38.374535532752702 ], [ -75.607391479449433, 38.371913031362617 ], [ -75.605619288446803, 38.378833145676303 ], [ -75.603024534393029, 38.378205729961707 ], [ -75.602094907431365, 38.381546623978046 ], [ -75.584990726605241, 38.384375420198602 ], [ -75.579510012530349, 38.382640718261648 ], [ -75.573531068544355, 38.383409615281558 ], [ -75.572828432380277, 38.381706563588054 ], [ -75.570719506096779, 38.382646479803554 ], [ -75.570438779875559, 38.379257928066359 ], [ -75.578677243719241, 38.378719211466766 ], [ -75.57829958927887, 38.374637621011772 ], [ -75.57004701829193, 38.375885393964211 ], [ -75.570302658160529, 38.373932130169642 ], [ -75.575253214402508, 38.372866493238192 ], [ -75.575285313004244, 38.369082054675189 ], [ -75.565988709214338, 38.367280350820884 ], [ -75.570185149538219, 38.360337625919463 ], [ -75.576452163472894, 38.362121412904806 ], [ -75.574163750202345, 38.366176453768425 ], [ -75.574837270171457, 38.368160741351467 ], [ -75.579775931820748, 38.367782170298611 ], [ -75.588132977773526, 38.355141850403122 ], [ -75.585566012204751, 38.353653558122538 ], [ -75.589122160343607, 38.347771002848198 ], [ -75.610585979329585, 38.347864865647082 ], [ -75.616385048256333, 38.34896749626153 ], [ -75.61979925808869, 38.352372244701556 ], [ -75.613567856965147, 38.360291655306646 ], [ -75.615396135180859, 38.362779487573121 ], [ -75.614521057516512, 38.36445004023988 ], [ -75.615592774599918, 38.365438459659615 ], [ -75.618953621809453, 38.361966151419992 ], [ -75.621726582750995, 38.36445556868194 ], [ -75.624761281325249, 38.362213681423178 ], [ -75.629208474682628, 38.365936463140983 ], [ -75.624993214653529, 38.369105472806261 ], [ -75.619531499048577, 38.365299336123286 ], [ -75.615176656095699, 38.370605345707659 ], [ -75.616973142035164, 38.374060300714717 ], [ -75.614550784565893, 38.374405886230967 ], [ -75.614269808613017, 38.370700636079761 ], [ -75.61047257510981, 38.371466385799231 ] ] ], [ [ [ -75.345669115356813, 38.389744882467774 ], [ -75.348882089989132, 38.388610257675921 ], [ -75.348658465178929, 38.386877214141819 ], [ -75.353146806766176, 38.387214364940327 ], [ -75.353212407138116, 38.389942088963252 ], [ -75.351204360762694, 38.390674260952636 ], [ -75.353175783722307, 38.390692494888754 ], [ -75.353558943038749, 38.392453048237499 ], [ -75.350965956869459, 38.39243559415906 ], [ -75.350791685500965, 38.395097210779738 ], [ -75.353640591813232, 38.395860077593277 ], [ -75.353786422519832, 38.397477824056303 ], [ -75.34968493412147, 38.397704095605121 ], [ -75.349672565218313, 38.395261833335042 ], [ -75.346758818508846, 38.393067806496148 ], [ -75.346966686868967, 38.389728850729504 ], [ -75.345669115356813, 38.389744882467774 ] ] ], [ [ [ -75.408833980286516, 38.396574749253745 ], [ -75.404090875586348, 38.396912686304113 ], [ -75.407261928539299, 38.393462838006371 ], [ -75.406866669814292, 38.392075811787983 ], [ -75.410971970662715, 38.39335018712346 ], [ -75.41013653744848, 38.389449542059339 ], [ -75.416334912908908, 38.390808454926251 ], [ -75.415229985109448, 38.393005192702816 ], [ -75.416640340105516, 38.394335876398081 ], [ -75.418940027232864, 38.3939416023007 ], [ -75.417251194498718, 38.392054689355646 ], [ -75.418922060927173, 38.390914068846435 ], [ -75.424419750465987, 38.391350604746805 ], [ -75.418616633730579, 38.394687905025378 ], [ -75.421149882831799, 38.397053492942234 ], [ -75.415283884026493, 38.397701199945409 ], [ -75.415885755266842, 38.400397569996969 ], [ -75.412148763684911, 38.40024268984449 ], [ -75.412499106645711, 38.397229500854237 ], [ -75.410370099422366, 38.398700910233728 ], [ -75.408833980286516, 38.396574749253745 ] ] ], [ [ [ -75.691240140034239, 38.420119988971429 ], [ -75.684178684808387, 38.422445667597962 ], [ -75.681853041759226, 38.420322488274955 ], [ -75.684496319211391, 38.419166457502939 ], [ -75.681845089872326, 38.417071865995844 ], [ -75.683836337751927, 38.415527506091529 ], [ -75.682723141858588, 38.41482643949076 ], [ -75.686279724782025, 38.413768293164303 ], [ -75.688551821952046, 38.416177880532622 ], [ -75.694271076464119, 38.414189723363201 ], [ -75.689932094165869, 38.418192551043482 ], [ -75.6915892819475, 38.418574910168346 ], [ -75.691240140034239, 38.420119988971429 ] ] ], [ [ [ -75.76263910209704, 38.463208342033056 ], [ -75.753169555546947, 38.463085812474944 ], [ -75.748406468721598, 38.461709517457663 ], [ -75.757330656147559, 38.458491667249412 ], [ -75.756316892078061, 38.456111122839829 ], [ -75.757392707275812, 38.45491479843043 ], [ -75.759040466340224, 38.455888973583541 ], [ -75.758135023822632, 38.45691629314571 ], [ -75.759395351183102, 38.459456774092516 ], [ -75.761841212173479, 38.458908702406333 ], [ -75.760898921661251, 38.459971854770458 ], [ -75.76263910209704, 38.463208342033056 ] ] ], [ [ [ -75.830257001230081, 38.482018570221719 ], [ -75.827992220838027, 38.484505271627306 ], [ -75.830991717131269, 38.487212203193522 ], [ -75.82787433671993, 38.489074658090622 ], [ -75.822020975414048, 38.48480236178338 ], [ -75.824469393908032, 38.481248887167865 ], [ -75.828240241196397, 38.480811354462432 ], [ -75.830257001230081, 38.482018570221719 ] ] ], [ [ [ -75.718513770001138, 38.544899302140742 ], [ -75.715966928491369, 38.54506112750456 ], [ -75.714637062544739, 38.539972601622253 ], [ -75.72400196614403, 38.535144793457192 ], [ -75.72614417950038, 38.539086589317876 ], [ -75.718513770001138, 38.544899302140742 ] ] ], [ [ [ -75.919662982420576, 38.599388351912935 ], [ -75.916183492914826, 38.599880334057111 ], [ -75.913485211617839, 38.595674907337973 ], [ -75.915541445421695, 38.594104684817893 ], [ -75.919224710563142, 38.59531831075806 ], [ -75.921625456363316, 38.593174680067229 ], [ -75.928351547137396, 38.591452660328954 ], [ -75.928582371944586, 38.594481611284799 ], [ -75.929732118490207, 38.594198312455752 ], [ -75.929427652490972, 38.600101855994623 ], [ -75.926784563685018, 38.601672560204975 ], [ -75.919662982420576, 38.599388351912935 ] ] ], [ [ [ -75.860267544542765, 38.636318008862268 ], [ -75.860101571810873, 38.632481838664475 ], [ -75.854061726540223, 38.631130698261934 ], [ -75.85407190804564, 38.629916153085119 ], [ -75.858799145802948, 38.629329930640587 ], [ -75.855129172134454, 38.620727229397218 ], [ -75.860036213085749, 38.620605079494084 ], [ -75.862125230007621, 38.622245746440448 ], [ -75.862712547642047, 38.628619492716929 ], [ -75.870179547302911, 38.629376126399059 ], [ -75.86819659805991, 38.630780384514267 ], [ -75.871663724950707, 38.633741879316965 ], [ -75.867998987562018, 38.637270646613196 ], [ -75.871576273059503, 38.641123640084992 ], [ -75.865930133326714, 38.642198542693521 ], [ -75.866161788177251, 38.644381534468664 ], [ -75.863302709342676, 38.644773971891738 ], [ -75.861408165103427, 38.636324137478375 ], [ -75.860267544542765, 38.636318008862268 ] ] ], [ [ [ -75.788913494650913, 38.699579486151066 ], [ -75.779736992021228, 38.699289783150974 ], [ -75.783343125117412, 38.701309484820776 ], [ -75.784793171275993, 38.700664603711338 ], [ -75.783235475505336, 38.702680486512953 ], [ -75.774956960274693, 38.701290810690409 ], [ -75.775531421220791, 38.699718496202188 ], [ -75.772697322737656, 38.696494686416663 ], [ -75.765989123709105, 38.700671022671749 ], [ -75.76387929012715, 38.699499629265546 ], [ -75.7626757273095, 38.695471916943511 ], [ -75.760190710552507, 38.697020284014371 ], [ -75.760099770503047, 38.693154221635311 ], [ -75.756717864088287, 38.692441757819687 ], [ -75.75729766641706, 38.690737524162792 ], [ -75.754402266898936, 38.691401846010031 ], [ -75.752466320206551, 38.688028079498622 ], [ -75.750462528252328, 38.688275620143436 ], [ -75.75069711700057, 38.68535295703753 ], [ -75.749156967124037, 38.684514916118616 ], [ -75.751181485008502, 38.684066812029201 ], [ -75.751790302022641, 38.680071388111081 ], [ -75.75808210227261, 38.684982475551614 ], [ -75.767096883896642, 38.688202490458849 ], [ -75.777091616104556, 38.682734012041394 ], [ -75.783612406801922, 38.682326414091271 ], [ -75.781421030446694, 38.687641592394449 ], [ -75.782405650473436, 38.691033819055505 ], [ -75.785049952005011, 38.692837393446844 ], [ -75.781986470510716, 38.693803410918214 ], [ -75.786277960676514, 38.694019040635069 ], [ -75.78647711448005, 38.696540706359258 ], [ -75.789463673236568, 38.695969596067378 ], [ -75.788913494650913, 38.699579486151066 ] ] ], [ [ [ -75.830045033857317, 38.874502207601608 ], [ -75.838614961667815, 38.875530257434285 ], [ -75.835390009797834, 38.878586344971858 ], [ -75.836189510400686, 38.884977828557609 ], [ -75.837779528453581, 38.88451631836746 ], [ -75.839495310646257, 38.886306401761075 ], [ -75.837689696925182, 38.888746716228255 ], [ -75.832937609072175, 38.887977571718253 ], [ -75.829622825673781, 38.889403978574201 ], [ -75.830449275735177, 38.893137672666583 ], [ -75.828437049498731, 38.893221573649853 ], [ -75.822274606649671, 38.890837348767221 ], [ -75.823253770309364, 38.889410970694122 ], [ -75.821987145758769, 38.888229292656455 ], [ -75.823999371995185, 38.888404098338754 ], [ -75.822930376807093, 38.88682383933866 ], [ -75.819759323854143, 38.886970679045781 ], [ -75.818546598220593, 38.884180672709824 ], [ -75.814396381607963, 38.884446392319553 ], [ -75.815591140935837, 38.880747206268097 ], [ -75.821367308212729, 38.87846046753117 ], [ -75.823154955628112, 38.872641889151154 ], [ -75.825490575366828, 38.872872683183544 ], [ -75.824412597025884, 38.875593198777672 ], [ -75.830045033857317, 38.874502207601608 ] ] ], [ [ [ -75.947099755426223, 38.918006487197736 ], [ -75.937460522508857, 38.917482722900921 ], [ -75.936506179300466, 38.916181164356686 ], [ -75.939147721207505, 38.916141576608688 ], [ -75.9380907041554, 38.914127171389929 ], [ -75.943768835590376, 38.914312123134366 ], [ -75.943993889620188, 38.916578462974428 ], [ -75.947099755426223, 38.918006487197736 ] ] ], [ [ [ -75.811077860319656, 38.974440909799782 ], [ -75.81822138473153, 38.975996827853201 ], [ -75.819344179123689, 38.978426860626946 ], [ -75.816442621654289, 38.981192212148621 ], [ -75.814412430010506, 38.980465968487813 ], [ -75.81237325521387, 38.983608314627141 ], [ -75.809408815674573, 38.980640546971003 ], [ -75.805114869514824, 38.985996403549755 ], [ -75.805456229322786, 38.988140029347896 ], [ -75.798952428462385, 38.985340035876057 ], [ -75.798018180566899, 38.987413856958426 ], [ -75.79290676839689, 38.985151503610659 ], [ -75.792304898054851, 38.983007787313333 ], [ -75.799554299702748, 38.984481163298959 ], [ -75.803084677871027, 38.978831893014693 ], [ -75.801746188996006, 38.977218730936208 ], [ -75.803461970290357, 38.976038515675306 ], [ -75.803129593635219, 38.973566284279222 ], [ -75.794218308711706, 38.974369419290639 ], [ -75.793212196491808, 38.972420927163363 ], [ -75.79505374192594, 38.972525686205763 ], [ -75.794236275915708, 38.971233647186651 ], [ -75.796041888738458, 38.969787933041566 ], [ -75.799473452225499, 38.969299037287371 ], [ -75.802958914629556, 38.970891428196673 ], [ -75.807082179987034, 38.968642515521928 ], [ -75.811077860319656, 38.974440909799782 ] ] ], [ [ [ -75.782960011615046, 39.036962796842502 ], [ -75.772408203556722, 39.033811007321788 ], [ -75.772108791479255, 39.031139500585496 ], [ -75.776689655947521, 39.023753158005299 ], [ -75.787201722537674, 39.022938033073423 ], [ -75.786996472766617, 39.028352786668627 ], [ -75.790333570316676, 39.033664714443873 ], [ -75.790545917676795, 39.039701443044649 ], [ -75.789680721480579, 39.040979456915771 ], [ -75.785599267309678, 39.03984256581397 ], [ -75.785220586993233, 39.041870035463447 ], [ -75.783629250213508, 39.041759745759073 ], [ -75.782960011615046, 39.036962796842502 ] ] ], [ [ [ -75.977700363421505, 39.151566984574004 ], [ -75.977939929734745, 39.150106560942845 ], [ -75.970390315610473, 39.147063680059524 ], [ -75.97411968498723, 39.143805228493839 ], [ -75.976617841401861, 39.144401866066644 ], [ -75.981193988816571, 39.139229845071789 ], [ -75.979699627866722, 39.138094751233147 ], [ -75.984994562255991, 39.135081813929446 ], [ -75.989504819142951, 39.138806339811659 ], [ -75.985613735048744, 39.144827644409517 ], [ -75.988881002060197, 39.146246521196403 ], [ -75.988321798999181, 39.148022086298283 ], [ -75.984128508168681, 39.150647480643016 ], [ -75.981225122627691, 39.149151138967099 ], [ -75.980693662237613, 39.153316439683593 ], [ -75.977700363421505, 39.151566984574004 ] ] ], [ [ [ -75.83521450863573, 39.261568367468627 ], [ -75.833328530730995, 39.257642562230963 ], [ -75.836686291329229, 39.257255767665512 ], [ -75.838795402665667, 39.254112218153963 ], [ -75.839461294141401, 39.257757991767868 ], [ -75.844984227237987, 39.257958502567888 ], [ -75.84504247489933, 39.260097390180164 ], [ -75.840099739390226, 39.264451069085624 ], [ -75.837713848131585, 39.26385267387829 ], [ -75.837788930221336, 39.265371624910081 ], [ -75.834437680612297, 39.26407335301009 ], [ -75.83521450863573, 39.261568367468627 ] ] ], [ [ [ -75.877655743915653, 39.340421475757722 ], [ -75.876020810098552, 39.337336713657379 ], [ -75.879093048370251, 39.337635469093279 ], [ -75.879018771170976, 39.340211981644039 ], [ -75.882569528519781, 39.34036589566287 ], [ -75.883879786938692, 39.347583129228973 ], [ -75.874296044753038, 39.347959116671291 ], [ -75.874225715649445, 39.340992033445012 ], [ -75.877655743915653, 39.340421475757722 ] ] ], [ [ [ -75.871570027971643, 39.398110833312927 ], [ -75.873409320431037, 39.404706498617564 ], [ -75.8706397739859, 39.40620873763185 ], [ -75.868475364157206, 39.404765187111799 ], [ -75.863209722931003, 39.406546443956451 ], [ -75.861951138302175, 39.405586777810825 ], [ -75.863461113768309, 39.404285945579268 ], [ -75.858474343742301, 39.403307064784464 ], [ -75.865279019137418, 39.403163680527463 ], [ -75.866774622457328, 39.400510774955642 ], [ -75.871570027971643, 39.398110833312927 ] ] ], [ [ [ -75.814814127859478, 39.531974062230567 ], [ -75.799217208689001, 39.534960913510716 ], [ -75.795557960905015, 39.52789088082644 ], [ -75.810535782741226, 39.524549003226475 ], [ -75.809244299111768, 39.523045716101457 ], [ -75.814977282576322, 39.522120205341253 ], [ -75.817358924803671, 39.523313806229012 ], [ -75.818047452027898, 39.521352646425299 ], [ -75.820580396600235, 39.522274758842556 ], [ -75.818480715777653, 39.520683187784023 ], [ -75.820018091656578, 39.51889400264664 ], [ -75.819236106405114, 39.520768930622253 ], [ -75.822568640513524, 39.522642954287612 ], [ -75.820010412857513, 39.525042592082542 ], [ -75.82117672523529, 39.525398988554521 ], [ -75.818214579094942, 39.528505655303491 ], [ -75.818399024782337, 39.530258647241595 ], [ -75.814835498780084, 39.531125293663798 ], [ -75.818390588703494, 39.532531437780449 ], [ -75.814814127859478, 39.531974062230567 ] ] ], [ [ [ -75.986687686242263, 39.574263339335126 ], [ -75.983776922837833, 39.573977914517911 ], [ -75.980544035250631, 39.577971398833121 ], [ -75.977825419688855, 39.578719051732179 ], [ -75.967689185755688, 39.574632394571026 ], [ -75.970925271345308, 39.573271827664414 ], [ -75.971202088996762, 39.57192596234669 ], [ -75.969015205116264, 39.570767752318517 ], [ -75.97745050421176, 39.571594733590302 ], [ -75.981091454211708, 39.569123144566944 ], [ -75.988038575461474, 39.572415963290297 ], [ -75.986687686242263, 39.574263339335126 ] ] ], [ [ [ -75.947601626209163, 39.60840609704325 ], [ -75.945800672947769, 39.605207826198765 ], [ -75.940742185921053, 39.606764649073185 ], [ -75.942152132183651, 39.607433893879303 ], [ -75.941270807634822, 39.610387201125327 ], [ -75.947809716453136, 39.609566104434371 ], [ -75.946222009765492, 39.612548676313438 ], [ -75.948097056969814, 39.617731321860951 ], [ -75.940218388160346, 39.612958154913272 ], [ -75.943277778726838, 39.611979185886511 ], [ -75.942244364908831, 39.610867255878595 ], [ -75.936665496414406, 39.610465256452812 ], [ -75.939381567048997, 39.607547561877219 ], [ -75.936955769032181, 39.607898833907448 ], [ -75.937284541646378, 39.605255166627899 ], [ -75.933079888025844, 39.604624387358214 ], [ -75.93878119419854, 39.602296922157009 ], [ -75.937666433439972, 39.598369733657144 ], [ -75.936577629501542, 39.599706066537465 ], [ -75.933704466879973, 39.59923396428367 ], [ -75.933093248669067, 39.596891444730254 ], [ -75.937190803344805, 39.595572055408837 ], [ -75.939306277448395, 39.590048907071754 ], [ -75.94083021902226, 39.590179207509529 ], [ -75.940602522148879, 39.592027093789675 ], [ -75.949343962601617, 39.593141081832897 ], [ -75.943855970376305, 39.596809225080449 ], [ -75.946505661799591, 39.599134385654551 ], [ -75.950372046715074, 39.599338318745829 ], [ -75.948530394381407, 39.600052592729504 ], [ -75.951006274373626, 39.606054077166696 ], [ -75.954125728994967, 39.604059745132474 ], [ -75.956508644135084, 39.60507608467374 ], [ -75.947601626209163, 39.60840609704325 ] ] ], [ [ [ -75.824446511122815, 39.590969512100585 ], [ -75.825049403747641, 39.5950839168624 ], [ -75.822389713176932, 39.593903317540118 ], [ -75.820487759633195, 39.597511416690175 ], [ -75.825576616004739, 39.599232950944639 ], [ -75.82687842037852, 39.598119944092055 ], [ -75.827881009405857, 39.599945966275875 ], [ -75.826156326705345, 39.594687286012615 ], [ -75.827933895023264, 39.597265558444306 ], [ -75.829639370844689, 39.596939133480653 ], [ -75.828871575381456, 39.593794779383458 ], [ -75.826077079127614, 39.594476993655924 ], [ -75.824974914545962, 39.591088167114506 ], [ -75.831069072857019, 39.589779047789065 ], [ -75.833281483264628, 39.591394840691009 ], [ -75.833167938009339, 39.595874839017952 ], [ -75.829538663413132, 39.599208789310296 ], [ -75.833763684536095, 39.601788086008042 ], [ -75.833503781263161, 39.598475569300192 ], [ -75.83977555806544, 39.593374566570482 ], [ -75.841077070486733, 39.593364848352401 ], [ -75.841140619106568, 39.5980118326978 ], [ -75.844581193594209, 39.601230896584937 ], [ -75.850783347368719, 39.597414409145721 ], [ -75.849055731668798, 39.600904948515804 ], [ -75.852062085700922, 39.603325436539684 ], [ -75.847863553200739, 39.608450869747649 ], [ -75.847287967563901, 39.611013509826584 ], [ -75.849360368347959, 39.611627141471345 ], [ -75.84722678061496, 39.613471528968574 ], [ -75.84959424742712, 39.617117118763183 ], [ -75.844673129875318, 39.620484941199123 ], [ -75.845704002359398, 39.626418913791255 ], [ -75.840931592818052, 39.627062784373393 ], [ -75.839776674671342, 39.622433615079999 ], [ -75.832841160553386, 39.625166192405771 ], [ -75.832129020213586, 39.621623327649168 ], [ -75.828583597959238, 39.621330104514676 ], [ -75.82812921122391, 39.618416356818216 ], [ -75.818964244759101, 39.616954355654954 ], [ -75.820442482746259, 39.61265173667072 ], [ -75.811122577556176, 39.611144145227918 ], [ -75.80643403922133, 39.611992750641342 ], [ -75.811116325281802, 39.603124168825147 ], [ -75.813296021741706, 39.604131210973762 ], [ -75.811687967314541, 39.607834406312229 ], [ -75.813150127254715, 39.60686125387145 ], [ -75.815970832755298, 39.608212955986325 ], [ -75.818487314801729, 39.606150611669769 ], [ -75.81531592048897, 39.604226550787168 ], [ -75.814938614594908, 39.604896220166637 ], [ -75.814075368641184, 39.605119736232545 ], [ -75.814364618077818, 39.603707225793343 ], [ -75.805225355108234, 39.601738257018681 ], [ -75.812498076122608, 39.598387510224569 ], [ -75.803781036607901, 39.600916957400166 ], [ -75.804214302154278, 39.599158541085309 ], [ -75.809826769436938, 39.596564763966846 ], [ -75.817430154917503, 39.595926968268195 ], [ -75.815512979421271, 39.594695911034826 ], [ -75.816453999715691, 39.590876166422966 ], [ -75.822843857367118, 39.592046212860154 ], [ -75.824446511122815, 39.590969512100585 ] ] ] ] } }
]
}
