{
"type": "FeatureCollection",
"name": "nourish_md_eligibility",
"crs": { "type": "name", "properties": { "name": "urn:ogc:def:crs:OGC:1.3:CRS84" } },
"features": [
{ "type": "Feature", "properties": { }, "geometry": { "type": "MultiPolygon", "coordinates": [ [ [ [ -77.542837336816007, 39.274119829673616 ], [ -77.538301335111342, 39.280803830677684 ], [ -77.530782333775335, 39.286327832674097 ], [ -77.515691330501511, 39.308262837380404 ], [ -77.505282330318863, 39.351906846704857 ], [ -77.5050083306825, 39.364651848741296 ], [ -77.502532330316001, 39.36659084935205 ], [ -77.509610331611086, 39.363413848655583 ], [ -77.521900334828388, 39.363405847757903 ], [ -77.534206338837549, 39.359156846410173 ], [ -77.567692349000154, 39.356598844342926 ], [ -77.575527352500316, 39.354694844150842 ], [ -77.58812235621447, 39.356672844543176 ], [ -77.615652364465149, 39.351648842165964 ], [ -77.610409363479064, 39.36298684460337 ], [ -77.612683364179162, 39.36516284512053 ], [ -77.636687370853636, 39.367015844444062 ], [ -77.639259373276204, 39.368563844666063 ], [ -77.641370373769703, 39.382983847537908 ], [ -77.629554371103623, 39.393962850017601 ], [ -77.63815937363438, 39.398121850598116 ], [ -77.637600374490972, 39.403255852188664 ], [ -77.640070375009657, 39.405774852340222 ], [ -77.651554376516415, 39.375119845634934 ], [ -77.660350378842878, 39.363688842842166 ], [ -77.666889380187669, 39.350739840286906 ], [ -77.67344438232432, 39.344232838555293 ], [ -77.677166381922476, 39.324541834541762 ], [ -77.681724383368447, 39.323895833996694 ], [ -77.686502384024124, 39.320206833258851 ], [ -77.693010386305104, 39.318444833103108 ], [ -77.707676391228119, 39.321735832776994 ], [ -77.72484239680702, 39.321439832249325 ], [ -77.734694400191046, 39.327073832444199 ], [ -77.758196407623473, 39.335537833640288 ], [ -77.760935408654007, 39.340319834320546 ], [ -77.759829409164396, 39.344463835812569 ], [ -77.747598405498294, 39.351334837402909 ], [ -77.743386404557072, 39.361146839582354 ], [ -77.743842405564948, 39.365109840483505 ], [ -77.752311407653281, 39.377405841775989 ], [ -77.752979408373292, 39.381686843169511 ], [ -77.749178407335762, 39.384360844066165 ], [ -77.736611404109041, 39.38715584418199 ], [ -77.735871403418997, 39.391179845586507 ], [ -77.738409405506388, 39.398983847284718 ], [ -77.746405408665012, 39.409376848720399 ], [ -77.754190411936449, 39.424250851495948 ], [ -77.763685414945073, 39.428355852550482 ], [ -77.77440141886764, 39.42780485168214 ], [ -77.794318424274337, 39.430932851737616 ], [ -77.80157242709312, 39.434950852253813 ], [ -77.803271427857965, 39.437997852556705 ], [ -77.800913427492262, 39.440681853532034 ], [ -77.788241423785223, 39.442957853900232 ], [ -77.785267423476355, 39.44541085418733 ], [ -77.786123423619031, 39.447447855332761 ], [ -77.798271427444433, 39.456138855954926 ], [ -77.79800842767871, 39.460776857313974 ], [ -77.792676426105842, 39.462071858127537 ], [ -77.780603422623514, 39.459851857932847 ], [ -77.777607420776718, 39.462260857993286 ], [ -77.795386427722377, 39.471254859132515 ], [ -77.798006428028884, 39.475239860377407 ], [ -77.797198429363434, 39.480146861112175 ], [ -77.787812426134764, 39.485470862812726 ], [ -77.767280420609822, 39.49127886437708 ], [ -77.76554341931184, 39.493434865529451 ], [ -77.766342420451409, 39.496245866127268 ], [ -77.770911421768005, 39.498942865571784 ], [ -77.782155424871874, 39.499043865612862 ], [ -77.791572427164368, 39.490965863080092 ], [ -77.802893431159447, 39.489467862641838 ], [ -77.819363436429285, 39.493555863453459 ], [ -77.827567439102054, 39.493093862558233 ], [ -77.845380444586269, 39.498116863598263 ], [ -77.847848446353453, 39.501827863254206 ], [ -77.846602445325146, 39.504566864550341 ], [ -77.825795439440597, 39.516717867620144 ], [ -77.823500439722395, 39.52379286907496 ], [ -77.824741439829538, 39.528491869805642 ], [ -77.832272442657739, 39.532347870211375 ], [ -77.836963445071419, 39.532119870231497 ], [ -77.840562445544236, 39.529149869297974 ], [ -77.841947444693105, 39.518435867218457 ], [ -77.849439447163277, 39.515602866489054 ], [ -77.861178450734769, 39.514300866196017 ], [ -77.864756452189525, 39.515877866180794 ], [ -77.866140453310095, 39.518406866072077 ], [ -77.865277453494727, 39.538419870590765 ], [ -77.871648455508364, 39.544288871163552 ], [ -77.886025460726358, 39.551695872171017 ], [ -77.888738461817624, 39.555417872190098 ], [ -77.886920462125403, 39.559977874182351 ], [ -77.878550458872965, 39.563415874287372 ], [ -77.843223448553587, 39.564471876474322 ], [ -77.836089446283722, 39.566669876772721 ], [ -77.833354446349475, 39.571159877893081 ], [ -77.829687446104586, 39.591090882130239 ], [ -77.832209446501821, 39.601452884449294 ], [ -77.838597450030505, 39.606176885254186 ], [ -77.863931457398877, 39.608806884835303 ], [ -77.874267461379858, 39.614086884800201 ], [ -77.885060464397014, 39.615818884640696 ], [ -77.88699946536137, 39.613607884877965 ], [ -77.881178462270327, 39.606376883089787 ], [ -77.881153463054289, 39.600986882289234 ], [ -77.8845254637464, 39.597958881317354 ], [ -77.890329465322367, 39.59755488128112 ], [ -77.922722475515883, 39.604718880726082 ], [ -77.928356478110828, 39.613637882892839 ], [ -77.932762479220827, 39.617616883792913 ], [ -77.94108748226742, 39.619042883506985 ], [ -77.944791484118866, 39.615573883047624 ], [ -77.938737481399329, 39.612895882178591 ], [ -77.935863479751276, 39.60937288218075 ], [ -77.936039479478382, 39.596754879389579 ], [ -77.939117479544308, 39.587006877681162 ], [ -77.942358480715157, 39.584860876727397 ], [ -77.946104481501081, 39.584799876817335 ], [ -77.951035483215961, 39.589535877175784 ], [ -77.952278484769536, 39.595682878524883 ], [ -77.95057148450708, 39.603843879860392 ], [ -77.955042485914404, 39.608085881357944 ], [ -77.960960487293193, 39.608885881090266 ], [ -77.967160490500902, 39.607116879471164 ], [ -77.973181491811872, 39.60132487823897 ], [ -77.977614491787733, 39.599615878534173 ], [ -78.00261450104189, 39.600561876997148 ], [ -78.01011150263659, 39.603051877613893 ], [ -78.023501508190691, 39.621706880972127 ], [ -78.037323513564914, 39.636990883124021 ], [ -78.048151516742166, 39.643512884106521 ], [ -78.054213519857626, 39.650993884946907 ], [ -78.080558529874295, 39.670509888725249 ], [ -78.089522532430266, 39.67145288803799 ], [ -78.097046534687479, 39.678223889078389 ], [ -78.10531653748248, 39.681689889351965 ], [ -78.131522545785359, 39.686795889963612 ], [ -78.139817548694737, 39.689823889781131 ], [ -78.154303553692685, 39.690630889584298 ], [ -78.162656556328372, 39.69392589024698 ], [ -78.176544560926516, 39.695986889611007 ], [ -78.18276056312942, 39.6951178898805 ], [ -78.191010564934643, 39.690307888532253 ], [ -78.196027565964926, 39.682676886899557 ], [ -78.20220656745964, 39.676863884884682 ], [ -78.227081575243673, 39.676254884171925 ], [ -78.23257057717538, 39.673590883617791 ], [ -78.233002576995517, 39.67066988238669 ], [ -78.22425557327621, 39.663521881224739 ], [ -78.223827572755724, 39.660546881348658 ], [ -78.22721357458984, 39.657092880230095 ], [ -78.238109577539163, 39.652159879127467 ], [ -78.254069581374424, 39.640191875460282 ], [ -78.262340583096048, 39.630502873205614 ], [ -78.26286558280259, 39.622486871572427 ], [ -78.266090584079919, 39.619062871157823 ], [ -78.286032589600964, 39.621199870985031 ], [ -78.310859598602775, 39.63061687139156 ], [ -78.33523960681751, 39.63736687213872 ], [ -78.355325613176916, 39.640670872624028 ], [ -78.35801561380363, 39.63979087163839 ], [ -78.35925661480907, 39.637215871460327 ], [ -78.353459612007484, 39.630576869549053 ], [ -78.355508612576685, 39.62611886944277 ], [ -78.360512613188192, 39.62544186906964 ], [ -78.373783618018265, 39.630380868627164 ], [ -78.382365620982824, 39.627800868666483 ], [ -78.383357620669599, 39.622920867523014 ], [ -78.372044616172133, 39.611876865708268 ], [ -78.375613617406046, 39.608314864946969 ], [ -78.383943620475506, 39.608988864543406 ], [ -78.396457623998828, 39.616443865386806 ], [ -78.420509633048809, 39.624080865564792 ], [ -78.430141635426466, 39.623423865548332 ], [ -78.433301636406483, 39.620706864567246 ], [ -78.433549636103606, 39.61821486448153 ], [ -78.425488632647628, 39.607679862751077 ], [ -78.411619628316075, 39.597449861014603 ], [ -78.398886623611332, 39.591599860553764 ], [ -78.396205622307122, 39.589287860505443 ], [ -78.394846622199211, 39.585159859280225 ], [ -78.39971562309151, 39.580709858164028 ], [ -78.407385625836881, 39.578614857998332 ], [ -78.418301628877671, 39.580939857941537 ], [ -78.426090632347069, 39.586144858718882 ], [ -78.44350063742516, 39.591338858425978 ], [ -78.450410640287359, 39.590558858158133 ], [ -78.456774640831654, 39.587615857350741 ], [ -78.458042640702971, 39.579715855483606 ], [ -78.454281639848446, 39.574089855123226 ], [ -78.437399633951628, 39.563144853801624 ], [ -78.426322630354051, 39.559229853640907 ], [ -78.417021626615863, 39.548567851731313 ], [ -78.41948262691372, 39.545609850507581 ], [ -78.424531628629381, 39.545187850685998 ], [ -78.431514631286504, 39.552291852290971 ], [ -78.437719632720473, 39.553373851318753 ], [ -78.439116634259832, 39.550798850595996 ], [ -78.436556632431135, 39.548256851282162 ], [ -78.434627631512527, 39.542196849365446 ], [ -78.437860632287467, 39.53852384899735 ], [ -78.450362637013512, 39.549837849851606 ], [ -78.461119640045652, 39.550840850428727 ], [ -78.46194864042414, 39.548957850262056 ], [ -78.460536639714476, 39.546196849389652 ], [ -78.449921636972547, 39.54339284903272 ], [ -78.448524635433188, 39.540373848688368 ], [ -78.450190636586086, 39.538018848854101 ], [ -78.458006638921319, 39.538356847777614 ], [ -78.462369639475313, 39.536369847436085 ], [ -78.461174639398934, 39.523919845352587 ], [ -78.467252640611278, 39.517228843822629 ], [ -78.474014642437169, 39.516049842479873 ], [ -78.483896645060071, 39.519559843228301 ], [ -78.490005647132875, 39.51765784299765 ], [ -78.503281651087519, 39.518589842660191 ], [ -78.523088658685992, 39.524861842890161 ], [ -78.566117670639485, 39.519378839998964 ], [ -78.578601674923888, 39.526738840883219 ], [ -78.587608678035863, 39.527728840724016 ], [ -78.592200679817012, 39.531704840863391 ], [ -78.590004678934733, 39.53582284212294 ], [ -78.591635679927492, 39.536898842724298 ], [ -78.603423683004479, 39.532014840889552 ], [ -78.606877684610666, 39.535213841198164 ], [ -78.623103690381342, 39.539702841514355 ], [ -78.628653692412414, 39.539397841588134 ], [ -78.630300692400397, 39.537137841011322 ], [ -78.653488699115186, 39.534578839741975 ], [ -78.663825702921073, 39.536859839795127 ], [ -78.667911704363931, 39.540208840143869 ], [ -78.675583706759141, 39.54021484014654 ], [ -78.681192709239767, 39.543820840064569 ], [ -78.689805711268122, 39.545963840240127 ], [ -78.691709712072395, 39.551056841349812 ], [ -78.695026713411224, 39.553842841682595 ], [ -78.707462717116726, 39.555846841811174 ], [ -78.714580719493085, 39.562824843026377 ], [ -78.724591722885748, 39.563926842682832 ], [ -78.731596726182488, 39.574617844805289 ], [ -78.733392727930024, 39.586465846691709 ], [ -78.740243730342669, 39.586413846705071 ], [ -78.743100730475675, 39.581004845052192 ], [ -78.746334731075507, 39.579785845392699 ], [ -78.751055732728091, 39.581812845403171 ], [ -78.756988734175494, 39.580856844614928 ], [ -78.764392736782114, 39.585170845580251 ], [ -78.767614738584697, 39.588238845520841 ], [ -78.770312739607348, 39.595008847019393 ], [ -78.778148742034091, 39.601458848007368 ], [ -78.777086742027095, 39.60390284822774 ], [ -78.767765739095765, 39.608799849884434 ], [ -78.760766737443404, 39.61009285077099 ], [ -78.751219734556258, 39.609968850973864 ], [ -78.748946733681066, 39.605981850611286 ], [ -78.746835733187595, 39.605668850697938 ], [ -78.733576728951391, 39.613782852815504 ], [ -78.734372730616201, 39.619310853175072 ], [ -78.736798730753947, 39.622194853308009 ], [ -78.747207733631555, 39.626794853715971 ], [ -78.763439738351693, 39.618834851749632 ], [ -78.777624743949076, 39.622007852281541 ], [ -78.7781607435263, 39.625351852278222 ], [ -78.772637742157741, 39.636892855845396 ], [ -78.768494741711748, 39.639322855774225 ], [ -78.764660740163976, 39.6458998577465 ], [ -78.765983742083506, 39.64845085772096 ], [ -78.77531974418514, 39.648562857119366 ], [ -78.773552744546549, 39.650604857571075 ], [ -78.779267745535748, 39.651389857757756 ], [ -78.784545747580268, 39.650044857321141 ], [ -78.780865746916575, 39.65374285790768 ], [ -78.774759745216812, 39.652989857993191 ], [ -78.76961874254134, 39.65457585881245 ], [ -78.780211746440258, 39.661706859757089 ], [ -78.782355747444029, 39.66748486109045 ], [ -78.790972750568685, 39.670523861028386 ], [ -78.79355975216157, 39.673371861762931 ], [ -78.793576751879996, 39.676572862275236 ], [ -78.785840749910705, 39.689967865672799 ], [ -78.789880751322784, 39.690689865549814 ], [ -78.80392075535859, 39.678222862376998 ], [ -78.806446755953772, 39.677741862494983 ], [ -78.808833756631785, 39.679799861900925 ], [ -78.808789758047482, 39.686429863181658 ], [ -78.813574758375864, 39.688506864086669 ], [ -78.816656760436373, 39.694395865119311 ], [ -78.820768760920174, 39.69577386518062 ], [ -78.825627762665036, 39.695526865145673 ], [ -78.842493765973344, 39.667468858652349 ], [ -78.847604767613277, 39.664122857735983 ], [ -78.853113769636465, 39.657485856721642 ], [ -78.86154377136674, 39.642518853049765 ], [ -78.873961775528883, 39.644122852679004 ], [ -78.87733877624386, 39.643017852181337 ], [ -78.876107775284169, 39.642839852958268 ], [ -78.876923775243853, 39.638311851836093 ], [ -78.868094772407105, 39.633617850646999 ], [ -78.868681772936242, 39.627374850372696 ], [ -78.877430773610428, 39.611503846159714 ], [ -78.864071768916801, 39.604616846044394 ], [ -78.864182769244891, 39.600751845093868 ], [ -78.861462768480919, 39.598913844617798 ], [ -78.848736763448883, 39.597654844960665 ], [ -78.845423763206327, 39.600538845428986 ], [ -78.835144760025059, 39.59770584529916 ], [ -78.834522759335826, 39.595794844987687 ], [ -78.821146757618706, 39.62989385136612 ], [ -78.812440754805593, 39.640292853957945 ], [ -78.799598751219222, 39.6404908550332 ], [ -78.788008747610633, 39.645412857058787 ], [ -78.797065750951347, 39.63794085503298 ], [ -78.794956750107659, 39.637219854797088 ], [ -78.794099749241781, 39.634566853983706 ], [ -78.797655750955201, 39.629144852972871 ], [ -78.801603751407512, 39.627903852347018 ], [ -78.79578774833935, 39.613409849765191 ], [ -78.796464748381851, 39.605909848222495 ], [ -78.799825749203308, 39.605042848010982 ], [ -78.801577749671608, 39.606770848178691 ], [ -78.809030751783709, 39.608189848065393 ], [ -78.811873753469612, 39.598001846562958 ], [ -78.818401754943764, 39.594066845752735 ], [ -78.817867754118055, 39.591867844374811 ], [ -78.819334754181, 39.589896843664413 ], [ -78.825724756461213, 39.589184844293527 ], [ -78.82614075548949, 39.577167841089754 ], [ -78.819907754466442, 39.576340841134453 ], [ -78.814855752377781, 39.571294840803404 ], [ -78.813280750563166, 39.566874840288577 ], [ -78.817253752028108, 39.561691839256682 ], [ -78.821240752838435, 39.560586837861216 ], [ -78.829461756127969, 39.565001838968428 ], [ -78.838280758020673, 39.567256838733677 ], [ -78.84326275978917, 39.562791837483388 ], [ -78.850285762629284, 39.560749837322007 ], [ -78.853483762345803, 39.549274834320521 ], [ -78.861433764575352, 39.540972832850834 ], [ -78.870689767209356, 39.53877483224521 ], [ -78.8713817673205, 39.5356918319249 ], [ -78.869359766515458, 39.531800830434562 ], [ -78.875151767497556, 39.52267282815049 ], [ -78.878746767772427, 39.521281828370604 ], [ -78.89188877362939, 39.524785828780544 ], [ -78.893612772711961, 39.522913828098361 ], [ -78.891155771713755, 39.518377827492699 ], [ -78.892393772346139, 39.513286826402719 ], [ -78.905515776314999, 39.511552825913625 ], [ -78.904083774615529, 39.504079824357071 ], [ -78.907769776025305, 39.497846821962611 ], [ -78.913246777363128, 39.494601821947853 ], [ -78.916722777812311, 39.486327819687688 ], [ -78.931680782813345, 39.486801819314742 ], [ -78.940682785004171, 39.482470818370992 ], [ -78.942614785397495, 39.480030817494502 ], [ -78.938522784106866, 39.47457981714863 ], [ -78.940089784627233, 39.471412816174244 ], [ -78.946147785748096, 39.466271815337194 ], [ -78.959010790149179, 39.462684813934104 ], [ -78.958964789220119, 39.459765813144244 ], [ -78.954295787446071, 39.454710811756755 ], [ -78.960547789633992, 39.451043811056529 ], [ -78.955955787852844, 39.447846810325814 ], [ -78.956214787420606, 39.440601809611685 ], [ -78.965683789591665, 39.438477808660004 ], [ -78.969436791846903, 39.443266808949339 ], [ -78.977737793705742, 39.448340810035191 ], [ -79.010926806462365, 39.461128811071298 ], [ -79.01803380806976, 39.467663812209871 ], [ -79.030878812029158, 39.465261810806751 ], [ -79.03542281323142, 39.469500811833669 ], [ -79.037025814635115, 39.476660813605463 ], [ -79.044434817264587, 39.479802814283097 ], [ -79.047027817806935, 39.483353814797987 ], [ -79.052750820090367, 39.481685813698142 ], [ -79.05496781999075, 39.472295812211456 ], [ -79.05690682095512, 39.470679811615689 ], [ -79.060979821979188, 39.471884811466126 ], [ -79.066344824062313, 39.479978813300242 ], [ -79.068035824431249, 39.479015812402714 ], [ -79.06931782454626, 39.473974812181652 ], [ -79.083019828473255, 39.471480810022371 ], [ -79.091132831807741, 39.47252781064396 ], [ -79.099962834469409, 39.476956811452069 ], [ -79.102385835132438, 39.476401810729428 ], [ -79.105494835160485, 39.473951810689023 ], [ -79.104422835107769, 39.47077281003908 ], [ -79.097280832441982, 39.468463809282696 ], [ -79.094544831784503, 39.464856809006164 ], [ -79.096314831796164, 39.462428808510268 ], [ -79.105176835143183, 39.463019807458949 ], [ -79.107881835838526, 39.461228807681799 ], [ -79.108332835925225, 39.457131806427356 ], [ -79.101808832852399, 39.457172806570128 ], [ -79.102818832980859, 39.450489805751076 ], [ -79.107780834657873, 39.445903804264873 ], [ -79.113890836555584, 39.443528803705114 ], [ -79.116862836316287, 39.438865802806355 ], [ -79.112122835295452, 39.435518802464088 ], [ -79.110823834563675, 39.431861801662762 ], [ -79.112734835040655, 39.430861801415809 ], [ -79.124038838418954, 39.433211801640404 ], [ -79.129049839601464, 39.429549801183562 ], [ -79.127444839446255, 39.418184798282866 ], [ -79.129828838852916, 39.417310797696828 ], [ -79.136501841888631, 39.418894798062333 ], [ -79.141845843157057, 39.417105798072193 ], [ -79.141140842627138, 39.408689795890091 ], [ -79.143753842362656, 39.405209795690816 ], [ -79.146736843790663, 39.404547795386279 ], [ -79.149981845159473, 39.406084795470363 ], [ -79.149561845933221, 39.413734796983469 ], [ -79.1512438460813, 39.416975796626907 ], [ -79.155352847988709, 39.418306797316809 ], [ -79.15946884956881, 39.417043797146249 ], [ -79.15941884844176, 39.409550795087561 ], [ -79.164514850013077, 39.405686794478953 ], [ -79.166707849624004, 39.400950793177472 ], [ -79.165450849623383, 39.395479792487976 ], [ -79.161480847633143, 39.390909791643836 ], [ -79.162273848026601, 39.388136790763745 ], [ -79.1660678484931, 39.387450790214892 ], [ -79.17457185163984, 39.395386791390109 ], [ -79.179186853885554, 39.396502791522536 ], [ -79.181130853974452, 39.39440179185867 ], [ -79.176961852690908, 39.389035790322168 ], [ -79.18557185434625, 39.385215789303452 ], [ -79.193305857564056, 39.388639789442557 ], [ -79.197693859130709, 39.388380790314784 ], [ -79.202446859672023, 39.378809787112075 ], [ -79.212587862761026, 39.370255785679547 ], [ -79.214282862429599, 39.363489784213442 ], [ -79.230957867738837, 39.36491278400262 ], [ -79.232921867919231, 39.359629782915782 ], [ -79.234965868465579, 39.358684781860006 ], [ -79.242612870746427, 39.359422782904844 ], [ -79.250603872983874, 39.355479781279854 ], [ -79.256310875373785, 39.357234781744033 ], [ -79.256870875240423, 39.355400780765414 ], [ -79.253482873756496, 39.347903779455002 ], [ -79.257356874588922, 39.34191477755914 ], [ -79.253852872754024, 39.337151777844554 ], [ -79.260176874911977, 39.334304776781288 ], [ -79.268682876810232, 39.336170776395036 ], [ -79.27042787760584, 39.328889775157755 ], [ -79.282134881390277, 39.323280773724427 ], [ -79.284228880368715, 39.315489771715441 ], [ -79.283886880960267, 39.30985177049358 ], [ -79.29016388236424, 39.303523769475447 ], [ -79.290397881817668, 39.299459768022565 ], [ -79.303433885572787, 39.299630768303601 ], [ -79.313946889105793, 39.304713768533176 ], [ -79.317049890184364, 39.304045768096245 ], [ -79.321267891871713, 39.30001276738588 ], [ -79.326248892916993, 39.301084767536516 ], [ -79.332649895067831, 39.300137767486348 ], [ -79.340377896641243, 39.293678765562987 ], [ -79.346013898886028, 39.293967765253527 ], [ -79.34739189836219, 39.29110976388575 ], [ -79.343658897995056, 39.287125763856714 ], [ -79.34491789764553, 39.284976763347075 ], [ -79.351310899400474, 39.285078763329864 ], [ -79.352298899787613, 39.280209761801338 ], [ -79.357527901428313, 39.276312761311544 ], [ -79.376016907130122, 39.273224760405959 ], [ -79.378811907338829, 39.271825759530465 ], [ -79.38185990816585, 39.266872758177215 ], [ -79.387340909701635, 39.267827758134189 ], [ -79.387378909336448, 39.263556757533891 ], [ -79.390260910482112, 39.261371756430499 ], [ -79.393287911392719, 39.261634756850846 ], [ -79.395006911350734, 39.25708175570562 ], [ -79.399562912248555, 39.255049755763608 ], [ -79.398390911738403, 39.253415754621791 ], [ -79.399667912728859, 39.251512754695774 ], [ -79.40945491491722, 39.246206752992435 ], [ -79.408337914658645, 39.24507775344582 ], [ -79.412219915887007, 39.240200752258332 ], [ -79.420263918726206, 39.238890751294754 ], [ -79.420682918127554, 39.235431751257089 ], [ -79.42522391895676, 39.234484750086835 ], [ -79.424056918469475, 39.227405748620946 ], [ -79.425715919051356, 39.22532174835748 ], [ -79.432986920690254, 39.223894747883932 ], [ -79.440649922864637, 39.216513746477347 ], [ -79.447426924759128, 39.215689745602035 ], [ -79.453306926503089, 39.210477744499386 ], [ -79.460557928050505, 39.211563743950649 ], [ -79.467389930196589, 39.208772743717439 ], [ -79.469606930995297, 39.207223743158941 ], [ -79.469795931141164, 39.203741742937666 ], [ -79.473344932283595, 39.202136742488676 ], [ -79.486877937054501, 39.205903742673563 ], [ -79.485876939841845, 39.264912754464056 ], [ -79.48727693995761, 39.265212753915335 ], [ -79.487653941322804, 39.279940756494995 ], [ -79.486074945598446, 39.344307770262148 ], [ -79.484355944742134, 39.345051769809686 ], [ -79.482368956673596, 39.531696807315164 ], [ -79.478868955036646, 39.531696807315164 ], [ -79.477766962033215, 39.642289829053716 ], [ -79.476563962459252, 39.6427458287476 ], [ -79.476664966334852, 39.721085843996228 ], [ -78.736253737244127, 39.723044874208632 ], [ -77.874721468127831, 39.722224906534812 ], [ -77.506812352588867, 39.719877919835106 ], [ -76.957820180018743, 39.72040893971802 ], [ -76.958325180532128, 39.719059939744753 ], [ -76.956144179718436, 39.716679939405601 ], [ -76.955366178495254, 39.705492937515224 ], [ -76.962785181170474, 39.700320935835407 ], [ -76.960984179400086, 39.69390493439947 ], [ -76.963675179851705, 39.688535933031467 ], [ -76.963558179675843, 39.676020930919371 ], [ -76.961118177497752, 39.659694927401198 ], [ -76.956736175778886, 39.654897926621615 ], [ -76.956585176166129, 39.652847926260939 ], [ -76.959978176774641, 39.650602925770798 ], [ -76.964641176904266, 39.641767924414253 ], [ -76.972332179566067, 39.632971922670905 ], [ -76.972159179313707, 39.629410921011171 ], [ -76.971185179170277, 39.626415920632986 ], [ -76.966514176848079, 39.622798920152349 ], [ -76.964129176718203, 39.623398920095418 ], [ -76.945241169011581, 39.602498916945173 ], [ -76.9654961754254, 39.592774914172274 ], [ -76.982768179512917, 39.581901911446671 ], [ -76.98842918187205, 39.580495910653944 ], [ -76.995898183877671, 39.575116909096863 ], [ -76.987156180181245, 39.566564908720395 ], [ -76.988448181240315, 39.564025907505858 ], [ -76.986689180200997, 39.559487907230334 ], [ -76.993599181266575, 39.54409290309443 ], [ -76.994543180374464, 39.537619902468229 ], [ -77.010952186443234, 39.542752902837655 ], [ -77.018526188030862, 39.542652902225591 ], [ -77.016538188459322, 39.551983903697874 ], [ -77.007352186145496, 39.558604905830784 ], [ -77.00471718577036, 39.566304907144648 ], [ -76.995987183566143, 39.575204909814744 ], [ -77.004498187283886, 39.583514911029226 ], [ -77.008770188499582, 39.584411911009447 ], [ -77.011271188082105, 39.57722790952733 ], [ -77.020583190792607, 39.5678899075996 ], [ -77.029102194007962, 39.573056907869436 ], [ -77.028590193821884, 39.580886909436202 ], [ -77.04963820062919, 39.585115909908964 ], [ -77.059855202987848, 39.568907906529624 ], [ -77.118046221055181, 39.568726903858838 ], [ -77.121891222473636, 39.561324901517906 ], [ -77.118974221167875, 39.55770990175229 ], [ -77.122128222300105, 39.556380901143932 ], [ -77.13331022547969, 39.559657901428835 ], [ -77.143396229215412, 39.565135902519764 ], [ -77.142920229014337, 39.56092790153162 ], [ -77.14779823102576, 39.558341900472477 ], [ -77.151292231018303, 39.553905899608928 ], [ -77.154973232405197, 39.547361897947475 ], [ -77.155034231606251, 39.541168897017087 ], [ -77.159664232123916, 39.534466895636875 ], [ -77.158858231311683, 39.533049895239422 ], [ -77.154944231194577, 39.533620895598041 ], [ -77.15185322981155, 39.532115895398441 ], [ -77.150029228474921, 39.521995892909864 ], [ -77.138404224706235, 39.520497893223371 ], [ -77.136953224536796, 39.517410892830398 ], [ -77.137826224397912, 39.515166891942762 ], [ -77.133543223311548, 39.508548891831595 ], [ -77.129757221444351, 39.509567891057387 ], [ -77.127731221339673, 39.508556891324595 ], [ -77.113270215557762, 39.497770889199991 ], [ -77.110000214972914, 39.497487889859322 ], [ -77.107396213661602, 39.49420288886612 ], [ -77.106749212857991, 39.491866888968239 ], [ -77.110202213740962, 39.486011887009326 ], [ -77.117688216363319, 39.478626886133583 ], [ -77.117075215894914, 39.475479884882347 ], [ -77.118913216576942, 39.473044884569958 ], [ -77.119985215731347, 39.465429883074052 ], [ -77.118943214917522, 39.463112883392313 ], [ -77.090136205676401, 39.459008883245694 ], [ -77.046954191765408, 39.443459881399001 ], [ -77.012731180387505, 39.434611880629525 ], [ -77.006142177915663, 39.431614880490145 ], [ -77.009062178696155, 39.4264698800974 ], [ -77.012160178853563, 39.411660876686568 ], [ -77.01670318023092, 39.406780874938057 ], [ -77.01921417985919, 39.387016871555545 ], [ -77.018419178917569, 39.377778868976002 ], [ -77.01560617736888, 39.37148386798615 ], [ -77.01823617772115, 39.367450867356538 ], [ -77.015679176265508, 39.352844864666416 ], [ -77.020907178081302, 39.353541864231929 ], [ -77.022972178544052, 39.350630863075203 ], [ -77.028341179926826, 39.352447863825894 ], [ -77.030959181481833, 39.351339863140673 ], [ -77.033613182123545, 39.355345864814645 ], [ -77.048895186989697, 39.362233864694396 ], [ -77.051037187445317, 39.361175865301121 ], [ -77.051182188108598, 39.359113863957496 ], [ -77.061279190816663, 39.359186864099222 ], [ -77.070887194701513, 39.369272865520351 ], [ -77.076610196086605, 39.369491865114526 ], [ -77.080099197852888, 39.373910866834244 ], [ -77.083516198750857, 39.372927866186068 ], [ -77.08757020040666, 39.373963866179984 ], [ -77.090729201561743, 39.379288866893219 ], [ -77.090533201743185, 39.3832208676953 ], [ -77.078075198296361, 39.392343869365654 ], [ -77.07903219872135, 39.396071870468489 ], [ -77.075820197862825, 39.401244872217177 ], [ -77.075326198118418, 39.405153872893415 ], [ -77.090482203486175, 39.412365873676713 ], [ -77.099989206190358, 39.414860874147159 ], [ -77.107749209347432, 39.420327874347493 ], [ -77.134196218573081, 39.431697875243188 ], [ -77.126574216406539, 39.444824878747831 ], [ -77.139896221290257, 39.453762880357807 ], [ -77.164564229385093, 39.455200879252772 ], [ -77.17748723316231, 39.458868879601816 ], [ -77.185892235676533, 39.456455878697909 ], [ -77.195012239664734, 39.458095879415929 ], [ -77.19780323967548, 39.46142187956923 ], [ -77.203313241523574, 39.460992878674624 ], [ -77.204898242485612, 39.454931877851443 ], [ -77.21709824529124, 39.449157876353141 ], [ -77.226078248639041, 39.450291876378479 ], [ -77.232619249633672, 39.446626875244561 ], [ -77.238362252008599, 39.44576787474243 ], [ -77.247034254486536, 39.44679887441184 ], [ -77.25370625679902, 39.450598875386866 ], [ -77.254866256715303, 39.452861875533749 ], [ -77.257501257988736, 39.451846875011782 ], [ -77.259440258953092, 39.453472875959015 ], [ -77.26890426199958, 39.450242874999326 ], [ -77.265841261103972, 39.44524487367034 ], [ -77.269169261415129, 39.445169874093821 ], [ -77.271020261617622, 39.442799873207619 ], [ -77.275185262703204, 39.444049873168147 ], [ -77.277943264000314, 39.447044873264971 ], [ -77.277063264466506, 39.453104875215544 ], [ -77.280346265470172, 39.456101875307432 ], [ -77.283260266402877, 39.466954878089197 ], [ -77.287474268790575, 39.474136878496047 ], [ -77.286073268849862, 39.478714880251843 ], [ -77.283029267322505, 39.480836880653698 ], [ -77.279726268023992, 39.48724688198017 ], [ -77.284120268540121, 39.487499881513038 ], [ -77.284245269111921, 39.493151882504677 ], [ -77.288506270456949, 39.499023883549668 ], [ -77.295203272883825, 39.497560883127306 ], [ -77.306239276473548, 39.498055883058143 ], [ -77.308784277335306, 39.495907882672526 ], [ -77.308344276220922, 39.494249882231742 ], [ -77.313259278042281, 39.491362881267285 ], [ -77.321477280958746, 39.493138881659675 ], [ -77.329137282760087, 39.492116880357159 ], [ -77.327357281804396, 39.489677879990879 ], [ -77.328180282335097, 39.487263880045745 ], [ -77.32598328162787, 39.480103878319198 ], [ -77.330428283095927, 39.477740877265383 ], [ -77.334763283162502, 39.469519875910919 ], [ -77.330998281211691, 39.453728873398887 ], [ -77.347464286283568, 39.451895872487533 ], [ -77.367237292648525, 39.454094871831984 ], [ -77.370230294122265, 39.452527870799273 ], [ -77.371493293970715, 39.456863872296253 ], [ -77.379248296206598, 39.462516873050895 ], [ -77.385708298807003, 39.462645873367968 ], [ -77.392592300831609, 39.465454872893311 ], [ -77.393823301791301, 39.463222872983295 ], [ -77.401556303387579, 39.464253872866557 ], [ -77.399368302901195, 39.454059871077696 ], [ -77.404316303436175, 39.440919868106867 ], [ -77.41029830528737, 39.435535866590456 ], [ -77.411880305876352, 39.448768869203583 ], [ -77.416549308548724, 39.459195870369122 ], [ -77.412497307441058, 39.471437873883019 ], [ -77.419291309952314, 39.467189872866811 ], [ -77.425489311713577, 39.469764872173968 ], [ -77.438047315617808, 39.469550871755168 ], [ -77.439201315686319, 39.466278871683038 ], [ -77.451766320161539, 39.465371871206806 ], [ -77.461036322140941, 39.459364870020075 ], [ -77.464406324081565, 39.459658869772937 ], [ -77.476210327052058, 39.468834870954844 ], [ -77.481658329874193, 39.469891870899325 ], [ -77.495719333826401, 39.466881869336412 ], [ -77.492511333165822, 39.478054872074949 ], [ -77.49892633645868, 39.484363873545433 ], [ -77.500553336355196, 39.489831873407361 ], [ -77.49872133641928, 39.499392875990452 ], [ -77.501153337303137, 39.505696877335261 ], [ -77.499976338566739, 39.515141879789702 ], [ -77.496383337043369, 39.52174688071613 ], [ -77.501192340356155, 39.548874885917805 ], [ -77.50692034266244, 39.543660884150277 ], [ -77.506078341865162, 39.539689884017115 ], [ -77.510743342542938, 39.532208881629145 ], [ -77.510636341514513, 39.525496881253517 ], [ -77.518553344132087, 39.523655880475481 ], [ -77.518123343961776, 39.520593879577575 ], [ -77.521520344768248, 39.518437879627342 ], [ -77.52683334607454, 39.518429878500065 ], [ -77.531680348123828, 39.51489687774832 ], [ -77.534028348443783, 39.509951877379748 ], [ -77.537858349793609, 39.512871877136774 ], [ -77.541417350981789, 39.510465876567295 ], [ -77.543797351987095, 39.510821876561465 ], [ -77.545373352728291, 39.517506877906797 ], [ -77.548132352951981, 39.518429877807058 ], [ -77.543322352509264, 39.52688288052677 ], [ -77.542910352780609, 39.53434588165171 ], [ -77.5496853559236, 39.551312884797397 ], [ -77.549127355706773, 39.556420885596857 ], [ -77.552187357127664, 39.567803887799357 ], [ -77.551066357569439, 39.573384889068798 ], [ -77.556123359680996, 39.578507889747058 ], [ -77.558797360414204, 39.591623892623012 ], [ -77.556134361348285, 39.609091895596436 ], [ -77.557833362113143, 39.614783896564091 ], [ -77.557131362854577, 39.620145897731085 ], [ -77.559099363232946, 39.623041898558867 ], [ -77.57018436722646, 39.620005896979983 ], [ -77.575029366930977, 39.611277895304852 ], [ -77.578180367690152, 39.598018892971119 ], [ -77.585306368665783, 39.583304889385474 ], [ -77.586763367784656, 39.571372886867977 ], [ -77.58931036919455, 39.567099886176706 ], [ -77.594438370552908, 39.56345388513261 ], [ -77.595453370704249, 39.551806883200967 ], [ -77.599374371392358, 39.550200882873384 ], [ -77.597706369691338, 39.540788880956505 ], [ -77.602656370774454, 39.539325880854705 ], [ -77.608792373509758, 39.534165878596355 ], [ -77.613137374520377, 39.527892877717875 ], [ -77.616655375700674, 39.527420877361678 ], [ -77.619871375858864, 39.524317876821478 ], [ -77.626431378018395, 39.528482877635277 ], [ -77.630772379729365, 39.526407876518199 ], [ -77.63809738179495, 39.529806877300942 ], [ -77.636127381766769, 39.53279387724497 ], [ -77.635833382038896, 39.541033879636153 ], [ -77.637622382317105, 39.546027880653469 ], [ -77.635922382625665, 39.551117881342385 ], [ -77.642702384893212, 39.552107881223009 ], [ -77.644882384983674, 39.551097881010321 ], [ -77.647052386825024, 39.554807881693172 ], [ -77.656562389003938, 39.551127880467256 ], [ -77.665622391819397, 39.550577880742573 ], [ -77.669352392711787, 39.553807880739981 ], [ -77.676072395603171, 39.554917880682488 ], [ -77.680512397048361, 39.559177881700997 ], [ -77.683532397387978, 39.558797881156906 ], [ -77.689992400886695, 39.567317882475741 ], [ -77.689470400654869, 39.571473883372214 ], [ -77.692452401359645, 39.568169882028052 ], [ -77.696702402834035, 39.568371882143829 ], [ -77.693110401135584, 39.563891881975032 ], [ -77.701470404342288, 39.562075880860355 ], [ -77.695945402425565, 39.557865880317379 ], [ -77.703748404342036, 39.556735880359007 ], [ -77.700612402753165, 39.553674879944047 ], [ -77.702617403839767, 39.548921878324343 ], [ -77.71042240540605, 39.551439878622261 ], [ -77.707010404530962, 39.549045877945282 ], [ -77.706925405040479, 39.544935877881308 ], [ -77.711660406038447, 39.540746876424819 ], [ -77.709473404478643, 39.538279875778372 ], [ -77.712507405960281, 39.536122875820901 ], [ -77.706198403870928, 39.532268874691134 ], [ -77.707651404588489, 39.529580874133693 ], [ -77.712799406038329, 39.528456873918422 ], [ -77.702671401571493, 39.522737873328609 ], [ -77.701332401555064, 39.517527871960922 ], [ -77.696822399789681, 39.519267872728456 ], [ -77.678132393348093, 39.515737872345362 ], [ -77.676996392822957, 39.51048787144525 ], [ -77.671092390789553, 39.505197871581956 ], [ -77.669631389676098, 39.500477870553297 ], [ -77.660513388032641, 39.503784870742372 ], [ -77.661852387150759, 39.496017868940719 ], [ -77.660222386881202, 39.485017867003016 ], [ -77.661782386830552, 39.483287866780977 ], [ -77.668412389310276, 39.482377866785427 ], [ -77.67469239018898, 39.47573786495289 ], [ -77.660492385421307, 39.471577864031516 ], [ -77.655742383456413, 39.472957865178707 ], [ -77.639332379359345, 39.473067865559521 ], [ -77.62832237481058, 39.470957865498974 ], [ -77.622812373860796, 39.472497865988551 ], [ -77.619042371887133, 39.470217865386886 ], [ -77.615374370919, 39.4704828661067 ], [ -77.609131368951893, 39.464728865541048 ], [ -77.604764367301627, 39.463099864448189 ], [ -77.601413365627607, 39.45471286346578 ], [ -77.595115363408908, 39.452244863533664 ], [ -77.598698363988206, 39.447471862412222 ], [ -77.598923365017427, 39.44464686089983 ], [ -77.596214363225826, 39.437470860066981 ], [ -77.601504364965891, 39.434130859243915 ], [ -77.6036313644546, 39.429551857797115 ], [ -77.599680363629261, 39.429141858481486 ], [ -77.597869363609732, 39.426650857363263 ], [ -77.581115357759472, 39.420728857648839 ], [ -77.581391357943986, 39.418695856616438 ], [ -77.578374357079127, 39.417173856759717 ], [ -77.581433357776788, 39.412571855415862 ], [ -77.575228355444509, 39.409744854922835 ], [ -77.565256351511593, 39.408869855258679 ], [ -77.563800351319315, 39.411820856728092 ], [ -77.553137347998486, 39.40999585622103 ], [ -77.549889347154959, 39.411347856651211 ], [ -77.545951345850085, 39.409423857036685 ], [ -77.543452345019077, 39.410602856665577 ], [ -77.539994343214929, 39.398051854606493 ], [ -77.525940338935442, 39.398184854774705 ], [ -77.523409338317379, 39.396755854328454 ], [ -77.520559336958769, 39.392269853508296 ], [ -77.519816335895712, 39.380210851800882 ], [ -77.506076331435565, 39.379022851895868 ], [ -77.503848330766218, 39.385416853633174 ], [ -77.495604328808767, 39.386191853790478 ], [ -77.492710327967544, 39.390588854249252 ], [ -77.486430326190515, 39.389754854719136 ], [ -77.487672327020874, 39.398899856317506 ], [ -77.492492328407664, 39.401886856429712 ], [ -77.478833325036689, 39.411980858611741 ], [ -77.473951323725643, 39.412616859987544 ], [ -77.466071320019623, 39.405368859044259 ], [ -77.447866314898278, 39.402361858706698 ], [ -77.437123311211522, 39.398665857692187 ], [ -77.444054312193472, 39.37987385398786 ], [ -77.447676313130842, 39.377455854011849 ], [ -77.445682312813204, 39.372909852728839 ], [ -77.441176311245783, 39.375791853028602 ], [ -77.434582308751061, 39.374731853585843 ], [ -77.432631308091146, 39.376577854367866 ], [ -77.430474308465222, 39.375896853751463 ], [ -77.430763308170242, 39.374023853402221 ], [ -77.425387305318125, 39.373111853872267 ], [ -77.422799305696955, 39.378316854752605 ], [ -77.421497304592151, 39.376817855069852 ], [ -77.422402304240279, 39.374939854001454 ], [ -77.420273305101759, 39.373808853987001 ], [ -77.419312304478808, 39.376251854893532 ], [ -77.417033303755815, 39.373583853550791 ], [ -77.417536303721064, 39.371650854022619 ], [ -77.414744302088778, 39.37126985380462 ], [ -77.417869303807009, 39.369487852513629 ], [ -77.41673530293167, 39.364562852087076 ], [ -77.425944304811708, 39.348710848605251 ], [ -77.432161306839546, 39.358469849820978 ], [ -77.435299308078257, 39.360354851129614 ], [ -77.432838307780386, 39.363223851395681 ], [ -77.434868308083026, 39.364599851451288 ], [ -77.443363311008937, 39.360811850063008 ], [ -77.450685313599777, 39.366268851451515 ], [ -77.463535316683775, 39.362354849645513 ], [ -77.472455318858792, 39.3468708461643 ], [ -77.488805322681401, 39.329111842704179 ], [ -77.488288322472442, 39.321448840749923 ], [ -77.491040323023455, 39.318229840549499 ], [ -77.489621322641085, 39.307732837917655 ], [ -77.487325320403031, 39.302293837239183 ], [ -77.49050332182469, 39.29973283592188 ], [ -77.488248320492843, 39.287653834220102 ], [ -77.493667322104343, 39.283408832923243 ], [ -77.492259320694316, 39.276670831493803 ], [ -77.495448321986657, 39.271648830231577 ], [ -77.48540431808371, 39.263878829271732 ], [ -77.477375315313125, 39.259851828413325 ], [ -77.479919315451653, 39.252110826732697 ], [ -77.482779315957686, 39.24996882660907 ], [ -77.484017316590084, 39.250647826888489 ], [ -77.475468313237499, 39.243598826038877 ], [ -77.478554314597659, 39.243228825812338 ], [ -77.480334315553364, 39.241177825317145 ], [ -77.484733316092345, 39.246059825963165 ], [ -77.490540318939694, 39.249119826316921 ], [ -77.510670324781728, 39.253263825910643 ], [ -77.520626328821095, 39.258420827504949 ], [ -77.540182335451078, 39.26489482792887 ], [ -77.546473337098774, 39.272235828265472 ], [ -77.542837336816007, 39.274119829673616 ] ], [ [ -77.38251530719819, 39.614359903259313 ], [ -77.396385312252974, 39.615406902662833 ], [ -77.401036313585365, 39.619707904185056 ], [ -77.411585317103359, 39.623705904501833 ], [ -77.410946317593996, 39.635519906601957 ], [ -77.416219319615635, 39.631107905303594 ], [ -77.418523318656341, 39.625138904073282 ], [ -77.422021320643466, 39.623851903680723 ], [ -77.422035319988851, 39.621617903471154 ], [ -77.426306321379641, 39.620303903023014 ], [ -77.426372321501873, 39.617428902995194 ], [ -77.42882332175401, 39.615253901889979 ], [ -77.429261321421919, 39.609445900386703 ], [ -77.424999320251942, 39.60732989973733 ], [ -77.430717321614196, 39.598778898803424 ], [ -77.435452321713854, 39.583424895105765 ], [ -77.43391232095766, 39.582652895013297 ], [ -77.434078321537328, 39.58455389522554 ], [ -77.430271320652025, 39.585272895063234 ], [ -77.414627315387634, 39.585471896107322 ], [ -77.400957311247709, 39.587843897886337 ], [ -77.393502309485783, 39.599038900396039 ], [ -77.372049301724232, 39.584664897969482 ], [ -77.38251530719819, 39.614359903259313 ] ], [ [ -77.763482428030201, 39.626517892051311 ], [ -77.756022424448787, 39.623367891183143 ], [ -77.755162423209853, 39.61216788875123 ], [ -77.752345423259825, 39.609082888958497 ], [ -77.754407423349534, 39.606392887210383 ], [ -77.729244414787061, 39.605305888678039 ], [ -77.7308924163966, 39.613797890540106 ], [ -77.727962416468685, 39.624087892043548 ], [ -77.738332418988222, 39.630147892647798 ], [ -77.735892418606767, 39.637077894842655 ], [ -77.758692425882344, 39.630277892784761 ], [ -77.763482428030201, 39.626517892051311 ] ], [ [ -77.722022416246887, 39.65060789740712 ], [ -77.717782414818259, 39.653237898232319 ], [ -77.707102411779005, 39.649647898097243 ], [ -77.700472409299294, 39.651567898602856 ], [ -77.688802405324779, 39.651497899621866 ], [ -77.688632406343771, 39.657827900563419 ], [ -77.704802411139624, 39.662377900942872 ], [ -77.719376416001126, 39.670144901322907 ], [ -77.719042415191964, 39.66655790085516 ], [ -77.72712241891449, 39.668913901487805 ], [ -77.72666341933018, 39.67132190185319 ], [ -77.729927419168945, 39.669689901738394 ], [ -77.733830420313708, 39.670467901270058 ], [ -77.722022416246887, 39.65060789740712 ] ], [ [ -77.716292413392466, 39.640097896072746 ], [ -77.705052409588248, 39.635207895328506 ], [ -77.701331408916701, 39.631238894368032 ], [ -77.698785407331698, 39.632723894826228 ], [ -77.693819406355047, 39.631861894864059 ], [ -77.690805404964905, 39.634480895514102 ], [ -77.690522405107686, 39.638501896900067 ], [ -77.686896403972369, 39.637869896585642 ], [ -77.685973403882556, 39.638651896536089 ], [ -77.687652404555905, 39.640771897461775 ], [ -77.683582403904907, 39.642590897598168 ], [ -77.713872413102493, 39.643137896237235 ], [ -77.716292413392466, 39.640097896072746 ] ] ], [ [ [ -77.63138336617493, 39.307773832774743 ], [ -77.627944365535654, 39.314436833900736 ], [ -77.627367365950562, 39.324449836211862 ], [ -77.625055365615623, 39.326794837530663 ], [ -77.617286363136046, 39.323744836420047 ], [ -77.611699361295024, 39.317453836021386 ], [ -77.607200359400323, 39.320006836274736 ], [ -77.60236735759473, 39.315559835883413 ], [ -77.590843354108372, 39.313251835434023 ], [ -77.589025352619544, 39.310535834370739 ], [ -77.589915353995707, 39.307501834691237 ], [ -77.586827352087397, 39.309359834803999 ], [ -77.582990351064879, 39.303523834121393 ], [ -77.592622353442536, 39.301208833539377 ], [ -77.606268358191357, 39.303767832448294 ], [ -77.61591236116287, 39.302555832526188 ], [ -77.63138336617493, 39.307773832774743 ] ] ], [ [ [ -77.418236306024738, 39.413162861784997 ], [ -77.40349830203003, 39.413007862398288 ], [ -77.404278302004712, 39.415515862879793 ], [ -77.381682295841969, 39.428068866883329 ], [ -77.379041294720722, 39.433470867421029 ], [ -77.378491294001506, 39.424887865761264 ], [ -77.371759292312859, 39.425937866081703 ], [ -77.367603290549781, 39.429195867085888 ], [ -77.363117289073841, 39.424914865818941 ], [ -77.362217289448566, 39.42150686584781 ], [ -77.363066289020225, 39.41211786319046 ], [ -77.366141288713081, 39.406834862000977 ], [ -77.365421288114561, 39.400219861643926 ], [ -77.367273289040284, 39.398401860935017 ], [ -77.386319296032326, 39.404553861240601 ], [ -77.409349302563342, 39.399861859387585 ], [ -77.411789303843136, 39.407763861050597 ], [ -77.422084307816235, 39.411373861834775 ], [ -77.418236306024738, 39.413162861784997 ] ] ], [ [ [ -77.4587193199865, 39.429773863456525 ], [ -77.448714316441638, 39.430400864162593 ], [ -77.449308316643467, 39.427191863578145 ], [ -77.44782231631396, 39.424223862977541 ], [ -77.450914316623582, 39.418204861165933 ], [ -77.461279320018562, 39.419467861813054 ], [ -77.47193932296635, 39.424774861628215 ], [ -77.478924326171608, 39.426041861518577 ], [ -77.463870321809395, 39.433420864116869 ], [ -77.4587193199865, 39.429773863456525 ] ] ], [ [ [ -77.247669201695643, 38.546745693112726 ], [ -77.231814197442347, 38.562440696264787 ], [ -77.222084194257107, 38.562396696723823 ], [ -77.184588185514542, 38.604245706280565 ], [ -77.169281180534057, 38.609609707946937 ], [ -77.148152173535905, 38.609612708816385 ], [ -77.134346169851838, 38.615602710662102 ], [ -77.123914167408032, 38.623988712787522 ], [ -77.116705165693418, 38.627702713989905 ], [ -77.113943165096657, 38.636807716194035 ], [ -77.114404166127443, 38.645553717163736 ], [ -77.116705166591728, 38.649267718789083 ], [ -77.120233168716084, 38.669155722411432 ], [ -77.117932168251784, 38.674905723515693 ], [ -77.112870167913968, 38.677181723924186 ], [ -77.109035165642965, 38.683891725520127 ], [ -77.101518164855065, 38.68892272631507 ], [ -77.078465157859497, 38.693781728367483 ], [ -77.086393160347768, 38.706234731591621 ], [ -77.080006158440611, 38.708954731826012 ], [ -77.080802159207124, 38.711132731939898 ], [ -77.07923415796354, 38.713059732908029 ], [ -77.074306157520027, 38.712909732725862 ], [ -77.07143515624503, 38.709988732265366 ], [ -77.053547151316067, 38.7098097325607 ], [ -77.046198148062714, 38.71443873402611 ], [ -77.043346147952633, 38.71844773452883 ], [ -77.041471147460655, 38.725854737049758 ], [ -77.041592148732818, 38.736824738887201 ], [ -77.043480149643543, 38.739248739569724 ], [ -77.042270148600252, 38.741162740324924 ], [ -77.041562149493885, 38.759794743214748 ], [ -77.027906144699344, 38.759600744048505 ], [ -77.028258145051851, 38.764704744522639 ], [ -77.024925144717798, 38.764898744522441 ], [ -77.02523014521465, 38.767882745057783 ], [ -77.016293142422853, 38.771948746682028 ], [ -77.010828140780603, 38.778353747533252 ], [ -77.0060141392416, 38.777313748169682 ], [ -77.006490140340972, 38.779562748091614 ], [ -76.998322136754894, 38.779323749256228 ], [ -76.992740135835106, 38.78191574971936 ], [ -76.989495135364592, 38.789436750820045 ], [ -76.982837133295789, 38.798025753288591 ], [ -76.970465130062706, 38.808784755998367 ], [ -76.993850137319299, 38.805813754280045 ], [ -77.020080145013296, 38.794163751066591 ], [ -77.037574150655274, 38.792775750486939 ], [ -76.909395115714332, 38.892859775122034 ], [ -76.941925127073461, 38.918591778883155 ], [ -76.938509126898737, 38.922761780380235 ], [ -76.939442127932608, 38.933276781865651 ], [ -76.944803129817814, 38.941074784384291 ], [ -76.943846130291107, 38.943697784103144 ], [ -76.940141128614755, 38.945816784739726 ], [ -76.933750126509651, 38.943253784478465 ], [ -76.923582124554784, 38.953962787214287 ], [ -76.916163120981238, 38.953255787638547 ], [ -76.916785121670486, 38.951188787085137 ], [ -76.915260121881232, 38.95033478672277 ], [ -76.918619122154539, 38.947477785938233 ], [ -76.916305121271463, 38.946692785462368 ], [ -76.918212121550454, 38.939330784549085 ], [ -76.908226118272154, 38.939115784488024 ], [ -76.8998331163518, 38.944802786015273 ], [ -76.892031114260263, 38.94705278656398 ], [ -76.909424119619899, 38.953116787632425 ], [ -76.90604011833392, 38.957456788078545 ], [ -76.905547119312715, 38.961219789413093 ], [ -76.919854123312206, 38.960524788622664 ], [ -76.918541123235045, 38.966545789267983 ], [ -76.913459121907437, 38.974905792242822 ], [ -76.913048122003715, 38.979985792339477 ], [ -76.90866812173131, 38.987951795007888 ], [ -76.901526119963819, 38.995152796844991 ], [ -76.912077123131638, 38.997889796204362 ], [ -76.910243122647572, 39.001469797867074 ], [ -76.90332811976252, 39.000806797791292 ], [ -76.901309120228845, 39.007299799013467 ], [ -76.904629121940729, 39.009106799284481 ], [ -76.901696119843137, 39.00989479929239 ], [ -76.908747123170642, 39.015045799741962 ], [ -76.907072122695254, 39.023094801911604 ], [ -76.901407121036456, 39.023058802427663 ], [ -76.901335121964749, 39.028945803552844 ], [ -76.898600121132176, 39.033480804024336 ], [ -76.898697121216557, 39.040836805621865 ], [ -76.890728119618728, 39.048762808001626 ], [ -76.897449121436736, 39.0506948075219 ], [ -76.904619123691617, 39.057820808447964 ], [ -76.93088513137063, 39.050741806275113 ], [ -76.939136133000744, 39.037165803438967 ], [ -76.947701136246863, 39.029671800904069 ], [ -76.953419136710792, 39.010891797346261 ], [ -76.958368137969003, 39.004416795596221 ], [ -76.956512136845333, 39.002952796019045 ], [ -76.955420136701107, 39.005244796334871 ], [ -76.9501041359201, 39.006663796458938 ], [ -76.953257136329086, 39.002801795558348 ], [ -76.944746133509639, 39.000905796589315 ], [ -76.941881132980754, 39.005534796499049 ], [ -76.936927131699647, 39.004570797133248 ], [ -76.937612130341449, 39.001372796448742 ], [ -76.941092131886919, 39.000447795875452 ], [ -76.932624129623505, 38.998676795770095 ], [ -76.933009128689662, 38.99555279541368 ], [ -76.93562912989448, 38.992593794452986 ], [ -76.934654129027834, 38.989614793416685 ], [ -76.937150130384111, 38.985557793509003 ], [ -76.93092412723712, 38.983194793244117 ], [ -76.92615012677939, 38.984272792787266 ], [ -76.928693127093027, 38.978156791657668 ], [ -76.939858130554171, 38.978152790881666 ], [ -76.94658213274522, 38.981549791539287 ], [ -76.948875133711894, 38.984832792863777 ], [ -76.95571413553067, 38.985657791907734 ], [ -76.956796136527444, 38.991512793663638 ], [ -76.961254138414304, 38.995328793393874 ], [ -76.963638139617601, 39.000511795086418 ], [ -76.977280144168446, 39.010954796627281 ], [ -76.971894143067217, 39.018361798134187 ], [ -76.976778144028103, 39.01906679796982 ], [ -76.977519144543038, 39.022203798304886 ], [ -76.988947149566556, 39.036082801557299 ], [ -76.99141415061051, 39.041233802424216 ], [ -76.991968150629376, 39.043322802315117 ], [ -76.979409146900238, 39.051075804870614 ], [ -76.977892146608596, 39.054210805538773 ], [ -76.978288147342013, 39.059184806482087 ], [ -76.981126148106739, 39.061332807147068 ], [ -76.976472147299617, 39.065436808182305 ], [ -76.977357146856292, 39.068671809016145 ], [ -76.975061146414873, 39.069991808518225 ], [ -76.974702147287971, 39.075518809991848 ], [ -76.978151148871291, 39.079272810495631 ], [ -76.976877148253891, 39.08270981154827 ], [ -76.972833146643822, 39.08315581147906 ], [ -76.964433144152466, 39.088336812860341 ], [ -76.954514141719642, 39.086297812719252 ], [ -76.945131137965689, 39.079478811184316 ], [ -76.938417135820401, 39.083109812617252 ], [ -76.945587138973593, 39.086111812961228 ], [ -76.937858136676979, 39.095554815421771 ], [ -76.930101134791258, 39.09093081419018 ], [ -76.93111613404426, 39.084437813289462 ], [ -76.928848133191934, 39.076764811788827 ], [ -76.92101913043787, 39.075513811895306 ], [ -76.919340129764521, 39.080660812973811 ], [ -76.908682126466587, 39.080030812799606 ], [ -76.901975124892274, 39.082550813910153 ], [ -76.900414124219694, 39.086447814820971 ], [ -76.892176121211733, 39.08340381446709 ], [ -76.886303119140479, 39.077585813700168 ], [ -76.885711119486785, 39.074976812584566 ], [ -76.889029119752209, 39.067703811453249 ], [ -76.884896118453682, 39.067631811887978 ], [ -76.880939117780571, 39.065363811005355 ], [ -76.885036118195771, 39.062115810453477 ], [ -76.870760113260104, 39.056357809328716 ], [ -76.851729107234988, 39.054885810411328 ], [ -76.848843106789673, 39.058279810314801 ], [ -76.849872107184709, 39.060303811398875 ], [ -76.847770106013726, 39.062975811940966 ], [ -76.847649107436553, 39.067753813277932 ], [ -76.860731111222421, 39.063390810845569 ], [ -76.864353111261465, 39.060786810715612 ], [ -76.867396112963931, 39.06937281279685 ], [ -76.87669511615394, 39.068182811883496 ], [ -76.86559511299015, 39.075546813831252 ], [ -76.859078110488326, 39.073300813565382 ], [ -76.847864107521701, 39.073670813764181 ], [ -76.840640104840148, 39.067417813056586 ], [ -76.83864910309893, 39.058718811358737 ], [ -76.8256621006459, 39.075655815023239 ], [ -76.810185096684421, 39.088141818356135 ], [ -76.80742609556242, 39.084745817367576 ], [ -76.795996090889091, 39.079658816703109 ], [ -76.79170708995494, 39.082292817572288 ], [ -76.785534088308026, 39.083152817966401 ], [ -76.781252087046582, 39.086589818952447 ], [ -76.776004085139306, 39.084489819116342 ], [ -76.77209508414677, 39.084870818869923 ], [ -76.771335084263569, 39.091358819890296 ], [ -76.764969082272827, 39.093141821213422 ], [ -76.764406082033119, 39.094687821466508 ], [ -76.767708083303347, 39.097136821428862 ], [ -76.777739087685788, 39.1142588248645 ], [ -76.764292084026934, 39.125401827872828 ], [ -76.755447082194962, 39.140062830975076 ], [ -76.735750075099673, 39.128170829401157 ], [ -76.732225074246685, 39.128650828946313 ], [ -76.730023073516605, 39.131509829847474 ], [ -76.727011073572911, 39.136055830866304 ], [ -76.726085073110056, 39.141027831620228 ], [ -76.713477068977085, 39.135072831643406 ], [ -76.69749306395407, 39.137315832645932 ], [ -76.695701062404495, 39.124617830017122 ], [ -76.699707063481412, 39.107682825750622 ], [ -76.70343506472399, 39.109741826647053 ], [ -76.710668067626372, 39.120654828453667 ], [ -76.716658068076882, 39.117663827557273 ], [ -76.713565067942341, 39.114909827571694 ], [ -76.72421207047131, 39.109694825358339 ], [ -76.720007068304454, 39.094806822101901 ], [ -76.713332065618886, 39.090486821933098 ], [ -76.713447066144937, 39.088415821661414 ], [ -76.708874064630351, 39.087360821133494 ], [ -76.710392064746898, 39.081516820202921 ], [ -76.727448068924332, 39.068230817271704 ], [ -76.736181070603308, 39.055011814215057 ], [ -76.739477071127439, 39.045737812884667 ], [ -76.751260074181573, 39.034721809255082 ], [ -76.747734073503665, 39.033654809316822 ], [ -76.74992307471328, 39.03001080832459 ], [ -76.746303072527425, 39.028590808398548 ], [ -76.743132071676769, 39.023706807082846 ], [ -76.742786071172048, 39.02047780738075 ], [ -76.744519071373759, 39.017127806243266 ], [ -76.740284069967998, 39.012788805312944 ], [ -76.737691069425637, 39.01240380578453 ], [ -76.73644106909768, 39.010863805558628 ], [ -76.760330076144427, 39.005905803034793 ], [ -76.762559076638681, 38.999584801974514 ], [ -76.772293079123585, 38.996216801199211 ], [ -76.774316079753561, 38.992659799698508 ], [ -76.779928080810564, 38.991131799870416 ], [ -76.788636084171813, 38.990293799572875 ], [ -76.79169808524253, 38.99491880062066 ], [ -76.800053087528056, 38.99409479969497 ], [ -76.791695084869474, 38.981792797459008 ], [ -76.790071083549392, 38.976960796068809 ], [ -76.785270081530854, 38.971666795767369 ], [ -76.795565083707345, 38.962263793199668 ], [ -76.805523087396537, 38.957498791376722 ], [ -76.828393094093997, 38.955954790215991 ], [ -76.840456097530605, 38.949278789287909 ], [ -76.839077097331199, 38.947115788874335 ], [ -76.812468089520522, 38.946669790166048 ], [ -76.792403082179206, 38.943706790052794 ], [ -76.76362307360057, 38.945961791425859 ], [ -76.750824070570204, 38.950650791920545 ], [ -76.748457068187051, 38.936311790153667 ], [ -76.742456066069266, 38.92527278752577 ], [ -76.732919063227854, 38.925745788275989 ], [ -76.734411063405176, 38.930489788550169 ], [ -76.730517062481226, 38.9380847910776 ], [ -76.727461062156621, 38.940687791227433 ], [ -76.72301605979024, 38.934939790213221 ], [ -76.717905059048633, 38.935312790630668 ], [ -76.717471059578671, 38.955173794882633 ], [ -76.693914052792948, 38.955852796007228 ], [ -76.693281051334736, 38.951439794861692 ], [ -76.695435052384241, 38.948224793771914 ], [ -76.691176050689023, 38.941582792143677 ], [ -76.692164050177851, 38.936283791233045 ], [ -76.689943049181181, 38.933956791440785 ], [ -76.681427047237193, 38.931272790962396 ], [ -76.682834047025665, 38.926523790395315 ], [ -76.690329049868879, 38.924883789758198 ], [ -76.690594049284428, 38.923463789366409 ], [ -76.686206047717803, 38.917965787770115 ], [ -76.68319904689865, 38.919092788656187 ], [ -76.679373044848489, 38.916520788150869 ], [ -76.677943045493777, 38.913714787103167 ], [ -76.678520045078855, 38.910546787054869 ], [ -76.670335041774351, 38.907278786280621 ], [ -76.669517042164827, 38.904433785384946 ], [ -76.671507042284517, 38.899426784813762 ], [ -76.676261043549061, 38.895956783709941 ], [ -76.67630304338185, 38.891917783123986 ], [ -76.671788040695262, 38.887575782697738 ], [ -76.675506042790431, 38.885436782084952 ], [ -76.676781042334426, 38.875494779472511 ], [ -76.680658042641596, 38.872286778897418 ], [ -76.68252504363592, 38.867347778151476 ], [ -76.688411045227653, 38.864353777452997 ], [ -76.691529045476557, 38.859807776256545 ], [ -76.691053045275495, 38.854702774939142 ], [ -76.697505047479979, 38.844793773080788 ], [ -76.68817304377967, 38.845506773272511 ], [ -76.686950043215859, 38.837277771361805 ], [ -76.681375041968764, 38.836132771621692 ], [ -76.674528038855755, 38.828521770502149 ], [ -76.662004034388389, 38.820531769223052 ], [ -76.648422030111988, 38.820848769446684 ], [ -76.637721026258035, 38.816356769170234 ], [ -76.631179024540174, 38.815569769285233 ], [ -76.621584022870763, 38.827039771802731 ], [ -76.610243018784203, 38.833149774047818 ], [ -76.606806017794767, 38.841268775130068 ], [ -76.607404019092897, 38.855311777701829 ], [ -76.609886021103776, 38.857940778252349 ], [ -76.618760023248058, 38.861734779493517 ], [ -76.619301023746445, 38.866527780253705 ], [ -76.605059020044294, 38.878190782755709 ], [ -76.596835018178353, 38.892042786513009 ], [ -76.581208014429023, 38.908786789540017 ], [ -76.568496011437304, 38.926809794146081 ], [ -76.560449009123374, 38.925303793788373 ], [ -76.552878006112181, 38.918068792621611 ], [ -76.54589700400318, 38.923740794173888 ], [ -76.54632700417352, 38.927076794559262 ], [ -76.55182000630316, 38.929033795054963 ], [ -76.553289006914227, 38.931925796022938 ], [ -76.5564040076884, 38.930410794615796 ], [ -76.561168009897003, 38.934080795636653 ], [ -76.558592009073095, 38.936958796921004 ], [ -76.550792006631369, 38.936670796547048 ], [ -76.541040003704794, 38.945190798417485 ], [ -76.555062009095579, 38.951405799532658 ], [ -76.547325006403014, 38.961156801735207 ], [ -76.538878004954299, 38.978723805972322 ], [ -76.529223002112104, 38.977093806356947 ], [ -76.512772996035451, 38.963869804037095 ], [ -76.513553995835039, 38.954194802124071 ], [ -76.516003996262256, 38.953061801330421 ], [ -76.515653996457885, 38.948141800354236 ], [ -76.520865997481835, 38.945405798921165 ], [ -76.522383997598396, 38.940919797886359 ], [ -76.521183997499151, 38.938519798297342 ], [ -76.52518399782997, 38.934619797695902 ], [ -76.497894988705397, 38.915780794415156 ], [ -76.497372988473586, 38.910990792920764 ], [ -76.505382990079283, 38.907320792043194 ], [ -76.507231990631965, 38.901460791042737 ], [ -76.517079992919676, 38.901065790326513 ], [ -76.518383994572631, 38.896141789788523 ], [ -76.52838599684614, 38.894465789127288 ], [ -76.527194996967722, 38.891781788270691 ], [ -76.523895995172239, 38.890162788080453 ], [ -76.524899994554602, 38.886905787120426 ], [ -76.51992899265673, 38.88037978616196 ], [ -76.520631992638528, 38.875122785018256 ], [ -76.516209991634994, 38.872134785171532 ], [ -76.514919991124074, 38.86649478359918 ], [ -76.510481990227021, 38.867421784004563 ], [ -76.506582988381908, 38.862822783326656 ], [ -76.529882995249665, 38.852222780363377 ], [ -76.535582996170263, 38.841723777814636 ], [ -76.539281997100517, 38.839722777837672 ], [ -76.544633997866541, 38.833105775583867 ], [ -76.551003000230338, 38.833355775591421 ], [ -76.552529001641133, 38.835211775821158 ], [ -76.554734001845972, 38.834354775989709 ], [ -76.558891002535631, 38.838360776223219 ], [ -76.564397005084075, 38.84047477658946 ], [ -76.571953008026654, 38.838178776133212 ], [ -76.581684010138503, 38.831569774371239 ], [ -76.586942011193216, 38.831081774154988 ], [ -76.586751011397496, 38.828680773662498 ], [ -76.578158007663987, 38.817469771730657 ], [ -76.575532006611368, 38.80736676997379 ], [ -76.575464006839297, 38.79929076770437 ], [ -76.572256004382083, 38.792982766435735 ], [ -76.597255012014713, 38.785515764027032 ], [ -76.620236019040249, 38.780935762268882 ], [ -76.62022501827127, 38.772311760528638 ], [ -76.624135019987051, 38.766564759530539 ], [ -76.634840023140654, 38.766687759403432 ], [ -76.641439025658229, 38.769194759194221 ], [ -76.646729026499997, 38.768954759069146 ], [ -76.654343029168885, 38.764530757656928 ], [ -76.658882030348281, 38.764772757703177 ], [ -76.663485031101771, 38.76183575656696 ], [ -76.666642032607029, 38.762058757269919 ], [ -76.6677020329642, 38.761109757005194 ], [ -76.666700032333367, 38.759921756627726 ], [ -76.67206503351818, 38.755724755759069 ], [ -76.678978036753421, 38.75552175495406 ], [ -76.680946037131775, 38.757641755751003 ], [ -76.682943036924144, 38.755730755763722 ], [ -76.68521703852258, 38.756094755102765 ], [ -76.684233037435092, 38.751309753961692 ], [ -76.686360037822112, 38.748482753752469 ], [ -76.68458803726233, 38.745865753054098 ], [ -76.684020036999755, 38.738355751023434 ], [ -76.687011037925359, 38.735904750708642 ], [ -76.69499803996483, 38.73508275043352 ], [ -76.695557039108252, 38.731551749614319 ], [ -76.693591038379736, 38.72476874802198 ], [ -76.701962040558755, 38.710871745259354 ], [ -76.694948037939497, 38.702475743548973 ], [ -76.698527038320833, 38.692250742079459 ], [ -76.697433037628471, 38.687804741049064 ], [ -76.686984034567899, 38.680641739627148 ], [ -76.690463035390152, 38.673690737826824 ], [ -76.699263037016266, 38.671116736759593 ], [ -76.701005037438819, 38.66836973642701 ], [ -76.697175036987304, 38.664670736013484 ], [ -76.687372033108787, 38.663800736491858 ], [ -76.683331031871788, 38.66118573627918 ], [ -76.685129032370824, 38.654778734611071 ], [ -76.692126033475034, 38.646610732797214 ], [ -76.692855033396086, 38.636444730207955 ], [ -76.686593031162388, 38.630486729354885 ], [ -76.685205030742182, 38.633397730351788 ], [ -76.681835029699897, 38.634071730522713 ], [ -76.682560030321298, 38.636278730693945 ], [ -76.681274030008311, 38.638165731298109 ], [ -76.676000028161795, 38.638386731557951 ], [ -76.675739028944193, 38.637254731646919 ], [ -76.672614027225961, 38.638062731163281 ], [ -76.672370026828503, 38.640409732169552 ], [ -76.670601026641776, 38.6393217320799 ], [ -76.670164026798759, 38.640742732584002 ], [ -76.6662470254103, 38.64152373276017 ], [ -76.662067025154428, 38.648424733742353 ], [ -76.655621022797718, 38.652179734753211 ], [ -76.648531020908791, 38.65077873506641 ], [ -76.64540801973871, 38.654180735626639 ], [ -76.643757019552766, 38.659296736600197 ], [ -76.630182015847367, 38.66610773854751 ], [ -76.617100012061485, 38.669106739078252 ], [ -76.607072008052072, 38.660377738653608 ], [ -76.597503005423647, 38.672051740786316 ], [ -76.59579100513831, 38.677632742214584 ], [ -76.596969006394559, 38.682273742799929 ], [ -76.607080010244644, 38.698934746484113 ], [ -76.607979010943311, 38.711528748536836 ], [ -76.604571011164523, 38.721129751370967 ], [ -76.53558598845845, 38.721487753212472 ], [ -76.52846798608212, 38.712750751689484 ], [ -76.522777984308973, 38.712638752099146 ], [ -76.523436983011507, 38.679994745101006 ], [ -76.520637980808203, 38.654577739574208 ], [ -76.517358979104216, 38.641656737948693 ], [ -76.511916977028164, 38.631449735677506 ], [ -76.511523975769478, 38.625678734365607 ], [ -76.507063974232793, 38.615119732939306 ], [ -76.510998974266286, 38.590885727300794 ], [ -76.509949971983147, 38.557146720344136 ], [ -76.51367897215232, 38.53668971574286 ], [ -76.499675966129814, 38.500128708730365 ], [ -76.483913959068005, 38.479041705565024 ], [ -76.469551954816936, 38.469398703651919 ], [ -76.451255947662332, 38.453202701346925 ], [ -76.448828946801356, 38.446204699357956 ], [ -76.430985940281602, 38.434545697906231 ], [ -76.431040939634883, 38.431508697650195 ], [ -76.411625933470191, 38.41491369477594 ], [ -76.408479931835572, 38.408459693743694 ], [ -76.398663927538294, 38.396908691615785 ], [ -76.391505925877283, 38.392461690785872 ], [ -76.377025920727121, 38.388881690573982 ], [ -76.376211920417262, 38.384597689498626 ], [ -76.385810923182945, 38.375432686852932 ], [ -76.381743921108338, 38.362308684191134 ], [ -76.403056925534557, 38.334161678969338 ], [ -76.413261928197642, 38.315363674510195 ], [ -76.402786925197802, 38.318904674885616 ], [ -76.374010915918817, 38.306906673431143 ], [ -76.364510911989029, 38.299444672542727 ], [ -76.364510911989029, 38.296460671918503 ], [ -76.379711915765981, 38.284024668936482 ], [ -76.38826191804516, 38.271339665928991 ], [ -76.389528918091571, 38.263381664095725 ], [ -76.387628916586962, 38.253929662139669 ], [ -76.378480912111343, 38.226306656351262 ], [ -76.337288897421701, 38.17471364786369 ], [ -76.321481891052372, 38.157800644287029 ], [ -76.312629886852761, 38.140887641046255 ], [ -76.312629886852761, 38.136410640297214 ], [ -76.32559189008974, 38.120741636526034 ], [ -76.325418889837366, 38.112984635330676 ], [ -76.321633887795073, 38.105727633794601 ], [ -76.321821888116034, 38.089903630681796 ], [ -76.319943886352746, 38.074079626841318 ], [ -76.308861880037327, 38.039474620922931 ], [ -76.316937882663609, 38.028678618060809 ], [ -76.325578885179354, 38.028678617353201 ], [ -76.329146886588362, 38.032671618016501 ], [ -76.330461888111955, 38.041988620664277 ], [ -76.337411889360524, 38.046276621209444 ], [ -76.35665689654418, 38.046439619752867 ], [ -76.367465899454857, 38.053522620886433 ], [ -76.381364905720289, 38.081178626646867 ], [ -76.39603291029313, 38.090568628219884 ], [ -76.395938910581805, 38.098702629665951 ], [ -76.400448912347173, 38.100624630059116 ], [ -76.405240914144869, 38.101881629843341 ], [ -76.421496919154464, 38.101733629380128 ], [ -76.425255920359163, 38.103656629455109 ], [ -76.430329923087484, 38.110680630699143 ], [ -76.445645927390515, 38.112455630692871 ], [ -76.455793930152197, 38.109793630152772 ], [ -76.471589934854251, 38.097949626959803 ], [ -76.476428936507617, 38.099517627215839 ], [ -76.482905938826448, 38.107076628256095 ], [ -76.487673940334687, 38.117378630774198 ], [ -76.502984946411487, 38.133308633289545 ], [ -76.51565794994346, 38.136555633315801 ], [ -76.526052953475656, 38.129836631952138 ], [ -76.531890955386814, 38.131068632116012 ], [ -76.536874956805136, 38.135435632858368 ], [ -76.547126961120526, 38.152233636304842 ], [ -76.553107964045125, 38.164775637681004 ], [ -76.554469964526078, 38.175190639694875 ], [ -76.559527967360879, 38.184653642127124 ], [ -76.565725969122155, 38.190364642783621 ], [ -76.596637979907314, 38.2102966460264 ], [ -76.62376398882526, 38.218976646915024 ], [ -76.634343991407079, 38.220823646769979 ], [ -76.648645996281999, 38.220208646415053 ], [ -76.673136004101593, 38.228981647470796 ], [ -76.702523013300862, 38.230981646549935 ], [ -76.720351019752002, 38.229134645614664 ], [ -76.728552022051744, 38.230563645608591 ], [ -76.74446102583336, 38.201966639135811 ], [ -76.749146027500942, 38.206587639590772 ], [ -76.754049029626714, 38.218823642226923 ], [ -76.762960032479228, 38.220823642535493 ], [ -76.771972034715787, 38.220669641688254 ], [ -76.783337038193466, 38.224132642606435 ], [ -76.797542043882331, 38.231674643411665 ], [ -76.812835049517446, 38.24713464635829 ], [ -76.831935055139539, 38.244433645297001 ], [ -76.846569060275499, 38.250605645599769 ], [ -76.873121069083084, 38.270208648815675 ], [ -76.88977207500119, 38.273917649568311 ], [ -76.913850083092157, 38.286102650670827 ], [ -76.926901086915876, 38.287162650643495 ], [ -76.929376088355767, 38.289987651144742 ], [ -76.930276088879381, 38.29546265218908 ], [ -76.928476088730491, 38.311532655846769 ], [ -76.935677091845832, 38.321246657416438 ], [ -76.945577094910391, 38.326720658046327 ], [ -76.962229100653417, 38.331842658841673 ], [ -76.968304103289341, 38.336963659250053 ], [ -76.982256106563284, 38.338023659406979 ], [ -76.983156107985195, 38.346323661147729 ], [ -76.981581107967216, 38.350031661843204 ], [ -76.983831108377885, 38.356742663074186 ], [ -76.99080611153741, 38.367868664656797 ], [ -76.989240110841948, 38.372852666343704 ], [ -76.989736112032816, 38.378309667240288 ], [ -76.994989113962959, 38.395441669998675 ], [ -77.004234117624634, 38.409772672646397 ], [ -77.007176119044743, 38.41899667550075 ], [ -77.020623125398572, 38.440246679178664 ], [ -77.033651128757782, 38.441399679144745 ], [ -77.042266131334316, 38.438269677762563 ], [ -77.054242134732249, 38.431515676211561 ], [ -77.079037141252059, 38.413396671528197 ], [ -77.084710143306765, 38.405324669482702 ], [ -77.09332514588327, 38.402030668079817 ], [ -77.122321154371974, 38.40203066667182 ], [ -77.126524155092397, 38.393958665260854 ], [ -77.141022158887594, 38.382592662674725 ], [ -77.15089816256102, 38.379462662223091 ], [ -77.182814170931906, 38.362374656931713 ], [ -77.203978177191843, 38.356484655026797 ], [ -77.214004180653092, 38.356266654849598 ], [ -77.232105186017392, 38.366737655743236 ], [ -77.242687190045672, 38.37022865663792 ], [ -77.254940194351391, 38.378299657527613 ], [ -77.259674196422765, 38.383971659572062 ], [ -77.261623197432883, 38.395533661582114 ], [ -77.271092201400535, 38.414731664760829 ], [ -77.269978200616691, 38.419312665507164 ], [ -77.26329419950693, 38.430219668327915 ], [ -77.263573200064513, 38.432401668654236 ], [ -77.270256202247666, 38.440036670485775 ], [ -77.270813203537898, 38.44701767137613 ], [ -77.26858520286855, 38.45072667171285 ], [ -77.276661206393115, 38.464033674285247 ], [ -77.276104206001193, 38.467742675560032 ], [ -77.273041205105571, 38.471232676261785 ], [ -77.280838208970891, 38.483449678800831 ], [ -77.263573205454406, 38.524897687549085 ], [ -77.249304201988068, 38.538803691047868 ], [ -77.247669201695643, 38.546745693112726 ] ], [ [ -76.979234146998039, 39.050826805083723 ], [ -76.973291145504902, 39.047366803987821 ], [ -76.972337144554643, 39.042781803093604 ], [ -76.969453143759168, 39.041976802967177 ], [ -76.967813143443848, 39.043231803366524 ], [ -76.968439143432761, 39.037604802459462 ], [ -76.962099140482948, 39.031215801003995 ], [ -76.95558213887945, 39.039945803785912 ], [ -76.947700136421986, 39.039749804103771 ], [ -76.937688134102714, 39.047125805109879 ], [ -76.938536133849439, 39.048672805316578 ], [ -76.936745133921406, 39.051216806554372 ], [ -76.946313136724953, 39.05242280630803 ], [ -76.935885134479108, 39.066620809771543 ], [ -76.938852135115255, 39.067595809985434 ], [ -76.943132136726888, 39.074420810967432 ], [ -76.952320139588835, 39.078087811250612 ], [ -76.964391142523041, 39.06057680747616 ], [ -76.979234146998039, 39.050826805083723 ] ], [ [ -76.747998061416212, 38.821842766278728 ], [ -76.756474064973858, 38.828732767378881 ], [ -76.759333064756675, 38.828819767560617 ], [ -76.760354065654084, 38.832487768393229 ], [ -76.766763068200873, 38.83348276853841 ], [ -76.765708067866584, 38.835785768150537 ], [ -76.767094067738654, 38.838059769040868 ], [ -76.775243071058156, 38.839628768776073 ], [ -76.773196070138781, 38.837359768568881 ], [ -76.769773068494729, 38.826570766814903 ], [ -76.763662065873788, 38.819229764872134 ], [ -76.754536062936097, 38.821830766194125 ], [ -76.747998061416212, 38.821842766278728 ] ], [ [ -76.957855127178249, 38.834904761977015 ], [ -76.960766128636209, 38.836696762272588 ], [ -76.960272127993491, 38.838407762015095 ], [ -76.962760129852157, 38.841323763399323 ], [ -76.96593913109875, 38.842957763211672 ], [ -76.966420130424353, 38.839599762635586 ], [ -76.963407129757456, 38.837612762436862 ], [ -76.96705413080916, 38.834807761421132 ], [ -76.964865129599559, 38.83293876087312 ], [ -76.96992113188621, 38.82971076030968 ], [ -76.964397129794406, 38.826294759589885 ], [ -76.950905125031383, 38.827924760707923 ], [ -76.955438126363006, 38.828656760400392 ], [ -76.959926128387082, 38.833144761627935 ], [ -76.957855127178249, 38.834904761977015 ] ], [ [ -76.946167111982277, 38.618965718387059 ], [ -76.947048112239287, 38.611105716699193 ], [ -76.952243112646499, 38.609741716601221 ], [ -76.95356811331753, 38.610796715749458 ], [ -76.95600511422424, 38.607297715196751 ], [ -76.946946111233729, 38.603674715544948 ], [ -76.937920107855149, 38.59710971354199 ], [ -76.936472108058794, 38.601042715127377 ], [ -76.919100103513884, 38.618295718664875 ], [ -76.928305106992582, 38.620987719476894 ], [ -76.934893108741178, 38.618682718344999 ], [ -76.940686110446478, 38.620495718517731 ], [ -76.946167111982277, 38.618965718387059 ] ], [ [ -76.982241117274455, 38.514337695466388 ], [ -76.984690116978427, 38.50470469382941 ], [ -76.981732116563109, 38.50484469274744 ], [ -76.980865116549808, 38.500651691884855 ], [ -76.965162110835863, 38.499425692450679 ], [ -76.957151109405231, 38.504594693785634 ], [ -76.952917107824376, 38.504558693964889 ], [ -76.925628097801479, 38.490663693023656 ], [ -76.925253097882774, 38.496746693916464 ], [ -76.921676098049559, 38.50012869466979 ], [ -76.914360096204803, 38.513374697481908 ], [ -76.921030097969179, 38.514794697623799 ], [ -76.927166100704483, 38.523837698846876 ], [ -76.928277101115285, 38.527959700184077 ], [ -76.927100101480562, 38.543520703223187 ], [ -76.950126108711956, 38.537716701587215 ], [ -76.959370110752076, 38.531419699593656 ], [ -76.968654113873512, 38.531837699270518 ], [ -76.975556116339789, 38.529133698441349 ], [ -76.975002115422598, 38.520132696219704 ], [ -76.97704411542081, 38.513973695090023 ], [ -76.982241117274455, 38.514337695466388 ] ], [ [ -76.863123108330029, 39.007231799829924 ], [ -76.87366811075178, 39.007259800035484 ], [ -76.872861111012895, 39.005009798940506 ], [ -76.874852111855802, 39.004145798904091 ], [ -76.881702113545231, 39.006038798726763 ], [ -76.892547117339234, 39.006334798948629 ], [ -76.895230118293256, 39.002669797642454 ], [ -76.873539109982019, 38.978255793508815 ], [ -76.866933107791752, 38.980231794519362 ], [ -76.866931108141927, 38.984319795209643 ], [ -76.862841107399433, 38.986052795722991 ], [ -76.86019810662836, 38.991501796920993 ], [ -76.880910112976679, 38.994910796773809 ], [ -76.867427108434484, 39.000547798369496 ], [ -76.863123108330029, 39.007231799829924 ] ], [ [ -76.877766102907046, 38.847447766808912 ], [ -76.900156111002119, 38.854935768536755 ], [ -76.901795111492504, 38.860659768918467 ], [ -76.90524311325089, 38.865145769942785 ], [ -76.91578311654807, 38.864991769607101 ], [ -76.916504116971524, 38.863754768431306 ], [ -76.914590116121531, 38.860570768632122 ], [ -76.917015117332681, 38.861598768837936 ], [ -76.918860116789091, 38.860250768191349 ], [ -76.906042112593852, 38.850481766495044 ], [ -76.874231102008309, 38.840972766228674 ], [ -76.874048102608526, 38.844570766694659 ], [ -76.877766102907046, 38.847447766808912 ] ], [ [ -76.890925103092556, 38.78362375357721 ], [ -76.896799105887027, 38.786628754048344 ], [ -76.901630108941106, 38.79895175625937 ], [ -76.905350108889436, 38.790216753946048 ], [ -76.922256114177372, 38.784495753229919 ], [ -76.923903113267059, 38.780627751826799 ], [ -76.923698114125955, 38.778977751216665 ], [ -76.912922109928914, 38.782522752766489 ], [ -76.910712109701208, 38.780621751814806 ], [ -76.910981110213044, 38.779033752600036 ], [ -76.905298108112589, 38.780041752473451 ], [ -76.904032106992787, 38.777502751469747 ], [ -76.899751106454573, 38.777941752707633 ], [ -76.900254106419837, 38.772837750917375 ], [ -76.905830107491852, 38.769501749515719 ], [ -76.918697111192571, 38.767050748891485 ], [ -76.914579110860956, 38.767194749824746 ], [ -76.914384110867317, 38.761609748057154 ], [ -76.898095105347451, 38.765259749681803 ], [ -76.895019104033025, 38.756606748229018 ], [ -76.879461098084022, 38.750457747322827 ], [ -76.879359098875099, 38.758181748752747 ], [ -76.890925103092556, 38.78362375357721 ] ], [ [ -76.924699122118426, 38.913237778594436 ], [ -76.915187118493023, 38.917116779569717 ], [ -76.914403119218704, 38.919828780828546 ], [ -76.908711116897422, 38.924677781521247 ], [ -76.908614117711352, 38.927448781783461 ], [ -76.910790118502177, 38.928247781827984 ], [ -76.911292118642521, 38.932000783490111 ], [ -76.917025120971687, 38.935245783017606 ], [ -76.925134123209915, 38.930858781671382 ], [ -76.929473124372748, 38.925496780509945 ], [ -76.924038121969417, 38.919302780166312 ], [ -76.924699122118426, 38.913237778594436 ] ], [ [ -76.854743101438601, 38.930654785177531 ], [ -76.849752098550951, 38.909650780771415 ], [ -76.850539097300029, 38.900680778965295 ], [ -76.847346096708051, 38.892171777133001 ], [ -76.83048709217411, 38.8988467791266 ], [ -76.82270908857538, 38.899098779643445 ], [ -76.822836089695286, 38.902303780742621 ], [ -76.82722709163501, 38.905617781009397 ], [ -76.832152092603764, 38.91663678287636 ], [ -76.817182088805467, 38.919443783862171 ], [ -76.81990408921925, 38.921104784294968 ], [ -76.820215089563845, 38.924126785379656 ], [ -76.823458091282845, 38.928666785489931 ], [ -76.827977092370759, 38.929347785464252 ], [ -76.828099092569488, 38.930892786154551 ], [ -76.841080096971339, 38.935913785891096 ], [ -76.84744809951026, 38.936606786445047 ], [ -76.848506099319266, 38.931196785272114 ], [ -76.854743101438601, 38.930654785177531 ] ], [ [ -76.835996098688867, 38.990920797825616 ], [ -76.839045099340794, 38.985807796921797 ], [ -76.83570809880878, 38.984643796292126 ], [ -76.835265098219679, 38.981135795154344 ], [ -76.831659096277534, 38.979292795501721 ], [ -76.816262092681967, 38.987306797570866 ], [ -76.828409096682478, 38.990971797980393 ], [ -76.835996098688867, 38.990920797825616 ] ], [ [ -76.486365952856829, 38.353524679386474 ], [ -76.483131951358658, 38.342453676855015 ], [ -76.489212952045747, 38.327382673812309 ], [ -76.487576951928418, 38.326264674487497 ], [ -76.478045948934778, 38.327067673901915 ], [ -76.471713947279227, 38.324874674477435 ], [ -76.465982945498169, 38.313709671275355 ], [ -76.461610942926754, 38.308547670764931 ], [ -76.453454940832856, 38.30506467079298 ], [ -76.447254938523457, 38.305181671022275 ], [ -76.446475939272005, 38.315395672957251 ], [ -76.452567940728059, 38.323331674269994 ], [ -76.448209940196961, 38.334085677380209 ], [ -76.435200936206002, 38.336108677943443 ], [ -76.432215935128198, 38.338715678084881 ], [ -76.430524935657573, 38.343039678584155 ], [ -76.426203934038071, 38.345835679971884 ], [ -76.428187935208257, 38.348631680514664 ], [ -76.427021934545905, 38.354820681198518 ], [ -76.43306693614629, 38.356165681852993 ], [ -76.435301938284979, 38.365897683830994 ], [ -76.444309941221874, 38.37446468499374 ], [ -76.438904939854083, 38.380701686178774 ], [ -76.436374939959236, 38.386409687561567 ], [ -76.437164939979667, 38.393313688903845 ], [ -76.440910941663901, 38.398620690329452 ], [ -76.444392942859196, 38.401373690297852 ], [ -76.449353943812966, 38.398920690462759 ], [ -76.451970944644742, 38.392579688398698 ], [ -76.45692694647397, 38.387309686951454 ], [ -76.458117946352388, 38.378845685540909 ], [ -76.472794950247732, 38.371626684340413 ], [ -76.478305951022449, 38.358195680487405 ], [ -76.486365952856829, 38.353524679386474 ] ], [ [ -76.520203960676994, 38.30346366785497 ], [ -76.525568962760147, 38.297645666585034 ], [ -76.523354961436183, 38.293290665243028 ], [ -76.526116962032916, 38.28995166557462 ], [ -76.523199961625465, 38.285462664558956 ], [ -76.518035959383795, 38.283112663343644 ], [ -76.514371957715312, 38.274853662147351 ], [ -76.51115495683392, 38.272939661776661 ], [ -76.503722953739896, 38.273140662508354 ], [ -76.484779949374953, 38.27917966430369 ], [ -76.477910947418934, 38.286717665468245 ], [ -76.492826951688897, 38.291249666028868 ], [ -76.520203960676994, 38.30346366785497 ] ], [ [ -76.475009945108397, 38.256797660122594 ], [ -76.456755937786596, 38.241765657795533 ], [ -76.453684937393376, 38.250084659299603 ], [ -76.452770937524392, 38.259835661221217 ], [ -76.45503493907708, 38.264794662286278 ], [ -76.475009945108397, 38.256797660122594 ] ] ], [ [ [ -76.987835143940956, 38.954272785274398 ], [ -76.98729814453884, 38.958603786312658 ], [ -76.978722140523757, 38.954176785204297 ], [ -76.967039137028763, 38.951327785283674 ], [ -76.967507136833902, 38.949760784625312 ], [ -76.971400138831228, 38.947921783560915 ], [ -76.970064137391262, 38.945572784161399 ], [ -76.973715138640912, 38.943236783455667 ], [ -76.987835143940956, 38.954272785274398 ] ] ], [ [ [ -76.980150142025281, 38.963059786524013 ], [ -76.979676142372355, 38.972170788482394 ], [ -76.96984313925492, 38.962277786832736 ], [ -76.966213137921628, 38.955653785782644 ], [ -76.962272136243726, 38.955899785857738 ], [ -76.966492137580886, 38.952510785385613 ], [ -76.973700139470608, 38.955388786063963 ], [ -76.974203140334183, 38.958642786649108 ], [ -76.980150142025281, 38.963059786524013 ] ] ], [ [ [ -76.985235146420877, 39.019628797958291 ], [ -76.976778144028103, 39.01906679796982 ], [ -76.980263144698114, 39.00720879556426 ], [ -76.983631146090588, 39.002274794416614 ], [ -76.98916714787795, 39.005664794694297 ], [ -76.989179147573523, 39.012271797167486 ], [ -76.994108149638564, 39.017547797555885 ], [ -76.985235146420877, 39.019628797958291 ] ] ], [ [ [ -77.07103617579979, 39.049563801033599 ], [ -77.065253174140224, 39.055585802887762 ], [ -77.066225174633857, 39.05734180327557 ], [ -77.064951174914739, 39.059069803338616 ], [ -77.059999173283472, 39.059539803479751 ], [ -77.052051169805438, 39.057672803965247 ], [ -77.058717171371839, 39.052649802280051 ], [ -77.060060172484526, 39.04949180180418 ], [ -77.065103173454091, 39.045041800024201 ], [ -77.07103617579979, 39.049563801033599 ] ] ], [ [ [ -77.076540180495044, 39.093806810193485 ], [ -77.070345178208512, 39.091941809656994 ], [ -77.074618179249129, 39.085530808263947 ], [ -77.077670180274097, 39.083750807439188 ], [ -77.079675181360699, 39.091686808745166 ], [ -77.079457180902494, 39.093175809810461 ], [ -77.076540180495044, 39.093806810193485 ] ] ], [ [ [ -77.062351175598025, 39.100912811227211 ], [ -77.056376173419523, 39.103475812809407 ], [ -77.057740175346936, 39.106847813184245 ], [ -77.06447817778168, 39.112410814112444 ], [ -77.060120176352257, 39.112324813979129 ], [ -77.053755174186406, 39.10721181346883 ], [ -77.054132173754937, 39.103656813192167 ], [ -77.044638169672936, 39.095581811554737 ], [ -77.044906170359852, 39.090604810311447 ], [ -77.064897176284703, 39.091376809552877 ], [ -77.062351175598025, 39.100912811227211 ] ] ], [ [ [ -77.018579164378096, 39.127280818481829 ], [ -77.006944160563677, 39.133422820410232 ], [ -76.988939155458837, 39.138659822093466 ], [ -76.977899152569492, 39.138259821951728 ], [ -76.96297514790362, 39.145847824456453 ], [ -76.950750144085305, 39.145329825064913 ], [ -76.94994614382118, 39.143970824371713 ], [ -76.952883144320111, 39.142770824049585 ], [ -76.95306914409295, 39.138977823131356 ], [ -76.958735145576654, 39.134322822398744 ], [ -76.948581142068861, 39.129604821901658 ], [ -76.945988141526527, 39.129590821657246 ], [ -76.942755140751586, 39.132498822623361 ], [ -76.9382801391463, 39.132786823161673 ], [ -76.929104136878223, 39.138399824454567 ], [ -76.926440135292466, 39.135313823519901 ], [ -76.918983132982405, 39.132138823081398 ], [ -76.926419134477754, 39.122434821110971 ], [ -76.931742135829793, 39.11861182012548 ], [ -76.932982136112003, 39.114911819560149 ], [ -76.932055135824228, 39.111257818525253 ], [ -76.939285138353569, 39.107152817514418 ], [ -76.943198138645755, 39.106875817830613 ], [ -76.962151145751378, 39.116091818218258 ], [ -76.963182144897914, 39.101268815499566 ], [ -76.965021145404833, 39.097991814438707 ], [ -76.969232146521165, 39.095225814122493 ], [ -76.973817148629635, 39.099147814910779 ], [ -76.998007156873555, 39.108685815908359 ], [ -77.001544157422117, 39.106170815334835 ], [ -77.011186160743819, 39.111327815632919 ], [ -77.025064165296229, 39.121524816913386 ], [ -77.027571167421485, 39.125344818630481 ], [ -77.018579164378096, 39.127280818481829 ] ] ], [ [ [ -77.194132219469694, 39.13798181511126 ], [ -77.192626219947016, 39.150865817710375 ], [ -77.187585217728966, 39.149527817666623 ], [ -77.182892216563801, 39.143546816046864 ], [ -77.183554216537701, 39.139953815077533 ], [ -77.179124214239934, 39.137629815256282 ], [ -77.188842217729629, 39.132224813662567 ], [ -77.194132219469694, 39.13798181511126 ] ] ], [ [ [ -77.33509126346263, 39.131713808362122 ], [ -77.333231263039309, 39.135306809681445 ], [ -77.329187261429226, 39.135707809061131 ], [ -77.324831260547953, 39.140506810558705 ], [ -77.314630258082801, 39.146880811940086 ], [ -77.308321255095137, 39.145990812467552 ], [ -77.295725251556064, 39.1526188137235 ], [ -77.288507250518919, 39.161387815939044 ], [ -77.284656249252706, 39.163597816628531 ], [ -77.275481245911223, 39.159073815783053 ], [ -77.278312246104946, 39.151263813779906 ], [ -77.269645243649904, 39.140107813064908 ], [ -77.272272243629118, 39.137530812258269 ], [ -77.267564242395324, 39.137267811570709 ], [ -77.267244242728168, 39.133273810862669 ], [ -77.275728244885116, 39.132132810251996 ], [ -77.280336245661488, 39.133960810769253 ], [ -77.279802245734103, 39.126815809012442 ], [ -77.286020247586848, 39.124514808565785 ], [ -77.288751248221459, 39.124846808468945 ], [ -77.290269249236331, 39.128070809630316 ], [ -77.29289424956572, 39.128539809351317 ], [ -77.299715251841164, 39.125155808194535 ], [ -77.303972252988245, 39.127822808347602 ], [ -77.307130253420112, 39.125151807374522 ], [ -77.315981257794789, 39.127959807936215 ], [ -77.322534258484978, 39.127726807571634 ], [ -77.327173261020107, 39.128924807911467 ], [ -77.32828726090564, 39.131938807907417 ], [ -77.33509126346263, 39.131713808362122 ] ] ], [ [ [ -77.271501249265157, 39.238971832211462 ], [ -77.267480249017922, 39.237433832258041 ], [ -77.258409245433526, 39.226996830288677 ], [ -77.259607244984636, 39.221522829106711 ], [ -77.267038246457119, 39.215586827548492 ], [ -77.270738247212279, 39.214682826768048 ], [ -77.271349248030873, 39.212645826811979 ], [ -77.26938824732521, 39.210711826752586 ], [ -77.270738247212279, 39.207377825685008 ], [ -77.27771925021959, 39.205958825327137 ], [ -77.27748325021804, 39.203399824592744 ], [ -77.281137250044139, 39.199740824120859 ], [ -77.282892250885482, 39.199923823537468 ], [ -77.283182250415393, 39.202201823722383 ], [ -77.284822251629009, 39.201594824416723 ], [ -77.284746251461016, 39.198901824082469 ], [ -77.287695252553831, 39.196672823174438 ], [ -77.287266252208425, 39.191393822479782 ], [ -77.284171251525748, 39.191125821554095 ], [ -77.285773251307916, 39.188845821165245 ], [ -77.283546250463488, 39.188708821024974 ], [ -77.28553625148146, 39.186335820950411 ], [ -77.291955253175644, 39.183928819632406 ], [ -77.295305254126461, 39.188404820918734 ], [ -77.299062255681335, 39.189507820778417 ], [ -77.302407256609271, 39.188344820742401 ], [ -77.300159255848413, 39.185977820088901 ], [ -77.301521255431055, 39.184549820223069 ], [ -77.296308253683918, 39.183730820520772 ], [ -77.300142255231663, 39.178790819196699 ], [ -77.299905254506882, 39.174979817878295 ], [ -77.301958256172384, 39.179747819075992 ], [ -77.312944259533396, 39.183657819100389 ], [ -77.326402263961214, 39.195151821198124 ], [ -77.326433265719999, 39.206229823390593 ], [ -77.33397826879191, 39.225367827625668 ], [ -77.327463266838237, 39.235667829331888 ], [ -77.321695266145611, 39.239447830740744 ], [ -77.322191265539828, 39.242850831207036 ], [ -77.326315267515838, 39.242316830243738 ], [ -77.326814267283126, 39.247351831591658 ], [ -77.319192266014952, 39.256343833466936 ], [ -77.327409269106511, 39.263488834970644 ], [ -77.319528267372235, 39.273482837312663 ], [ -77.326616268713039, 39.277357838410573 ], [ -77.334244271625622, 39.276988838265829 ], [ -77.168803223802328, 39.35350985889108 ], [ -77.183812228856951, 39.345466856830811 ], [ -77.187115229053788, 39.34060285622656 ], [ -77.1868062292573, 39.338210855264634 ], [ -77.181491227402887, 39.329301853511126 ], [ -77.173278223610964, 39.320488852462383 ], [ -77.170349222609644, 39.313116850435136 ], [ -77.166779220652487, 39.312143850798236 ], [ -77.164592219991022, 39.307451850225291 ], [ -77.162335219907646, 39.307929849894023 ], [ -77.144671213488053, 39.294714848317582 ], [ -77.157449217500329, 39.289706846437802 ], [ -77.161028217881665, 39.289771846464077 ], [ -77.165048220100601, 39.299979848438078 ], [ -77.172556222464294, 39.299228848020761 ], [ -77.18325222629538, 39.304942848574896 ], [ -77.186853227316334, 39.302749848488894 ], [ -77.197549230249123, 39.30179984712985 ], [ -77.197748230440737, 39.307120848204114 ], [ -77.205560233476362, 39.309741848905297 ], [ -77.219773236866189, 39.286676843556172 ], [ -77.209985233056301, 39.284694842990525 ], [ -77.206178232171027, 39.288329844131972 ], [ -77.201715231159611, 39.287680844261033 ], [ -77.205080230382393, 39.267451840673722 ], [ -77.202684229483538, 39.260066838897991 ], [ -77.215143232755267, 39.259974838587894 ], [ -77.221506235271292, 39.262095838281532 ], [ -77.21861423407988, 39.264640839556172 ], [ -77.222055236165602, 39.26790184045354 ], [ -77.230218237932178, 39.269824839730404 ], [ -77.235535240334741, 39.268774839756269 ], [ -77.235994239919052, 39.265738838311243 ], [ -77.242799242300947, 39.262717837834828 ], [ -77.248064243028352, 39.256671836190087 ], [ -77.2530152448347, 39.254340836291206 ], [ -77.254266244987576, 39.25141883573022 ], [ -77.265108247510227, 39.245120833809096 ], [ -77.271501249265157, 39.238971832211462 ] ] ], [ [ [ -76.946488167169875, 39.569746910423618 ], [ -76.935468165270308, 39.597991915801394 ], [ -76.933188164722395, 39.593704915259764 ], [ -76.931136164678463, 39.59441291629642 ], [ -76.911769159990996, 39.613187920300909 ], [ -76.868683147237775, 39.640113926984789 ], [ -76.87666715070084, 39.646718928314705 ], [ -76.890218155913402, 39.668904932370133 ], [ -76.89251015795351, 39.684710935841743 ], [ -76.906467162148616, 39.700253937501074 ], [ -76.917070166991607, 39.709509939091646 ], [ -76.9160061673348, 39.720609942144996 ], [ -76.787098126184603, 39.720807946623616 ], [ -76.803399129603378, 39.678009937310712 ], [ -76.868139147264671, 39.639499927394517 ], [ -76.853198141083723, 39.613203922155186 ], [ -76.841807135870141, 39.583207916641577 ], [ -76.839808133733001, 39.559562912360803 ], [ -76.837550132028113, 39.557365911302952 ], [ -76.823822128161837, 39.552446911440001 ], [ -76.811483123642418, 39.550459911375498 ], [ -76.804235121569732, 39.54456291075978 ], [ -76.790661117689254, 39.541943910407156 ], [ -76.777298111899341, 39.526680907872951 ], [ -76.774674111394873, 39.521494906663953 ], [ -76.754853104451001, 39.522710908437446 ], [ -76.750954102605888, 39.507223905389729 ], [ -76.742012098892928, 39.503977904236102 ], [ -76.739330098662123, 39.497741903688805 ], [ -76.739530098678671, 39.493347902149146 ], [ -76.74363709913959, 39.491212902385001 ], [ -76.753123102825725, 39.491524902214998 ], [ -76.75764310373853, 39.488953900185763 ], [ -76.760749104291861, 39.486781900288811 ], [ -76.765144104632881, 39.476737898268894 ], [ -76.789445113204906, 39.482179898436193 ], [ -76.799455115874338, 39.478596897647186 ], [ -76.806562117481718, 39.478608897203557 ], [ -76.803862117707567, 39.482277897793381 ], [ -76.793760114976621, 39.485083898656711 ], [ -76.795988115645983, 39.492227900697642 ], [ -76.795210116219437, 39.495483901116152 ], [ -76.801328117614759, 39.497751900797489 ], [ -76.809114120711129, 39.495629900102571 ], [ -76.814701121653798, 39.492210898992909 ], [ -76.815044120887137, 39.489203899275481 ], [ -76.818401122408943, 39.486810897995916 ], [ -76.819001122458587, 39.480110897207524 ], [ -76.821280123181552, 39.477608896332328 ], [ -76.823017123581224, 39.482131897115835 ], [ -76.829777125757303, 39.484263897701638 ], [ -76.829013124777831, 39.475510896100033 ], [ -76.83227212639035, 39.475903896195497 ], [ -76.836374127726742, 39.473237894551758 ], [ -76.854755133473503, 39.48057089528649 ], [ -76.862762136502781, 39.487353897344583 ], [ -76.868706138719148, 39.489111896764427 ], [ -76.866702139254116, 39.500909898962973 ], [ -76.857533137557056, 39.529008905862071 ], [ -76.865092140872662, 39.549983909168866 ], [ -76.870747142485712, 39.552186909576157 ], [ -76.872445143425651, 39.554406909634622 ], [ -76.879523145619032, 39.554817909376091 ], [ -76.885855147274597, 39.558068909845517 ], [ -76.910486155559497, 39.560763909364326 ], [ -76.916903157603883, 39.559656909673109 ], [ -76.918258158412144, 39.556500909148731 ], [ -76.930754162392091, 39.560651909152945 ], [ -76.946488167169875, 39.569746910423618 ] ] ], [ [ [ -76.779141089248043, 39.147175831097876 ], [ -76.774385088333659, 39.145349831094485 ], [ -76.774169087525294, 39.142769830539351 ], [ -76.768599086301066, 39.142072830891308 ], [ -76.77264408773604, 39.139393829691109 ], [ -76.773695087872369, 39.136564829307872 ], [ -76.769473085987059, 39.132820828876866 ], [ -76.769360086009158, 39.130142828885745 ], [ -76.781630089134993, 39.122720826433955 ], [ -76.781841089920491, 39.130669827405889 ], [ -76.779944088788938, 39.132635828445963 ], [ -76.78046908939379, 39.139856829623021 ], [ -76.782623091341634, 39.143819830648461 ], [ -76.779141089248043, 39.147175831097876 ] ] ], [ [ [ -76.796513105471064, 39.305052863198625 ], [ -76.792486103579435, 39.311143863758531 ], [ -76.794720104994894, 39.314284864435749 ], [ -76.792730104875218, 39.316322865101604 ], [ -76.786247101810289, 39.317162865723844 ], [ -76.783254102133171, 39.320242866499392 ], [ -76.777751099957783, 39.321887866669385 ], [ -76.777740100087129, 39.325990867497744 ], [ -76.785071102898783, 39.332996869069731 ], [ -76.792487105200976, 39.335180869091737 ], [ -76.791262104987368, 39.339946869652501 ], [ -76.795569107261485, 39.354257871887974 ], [ -76.803392109269438, 39.349116871446562 ], [ -76.822243114471178, 39.343469869977739 ], [ -76.842508121829056, 39.344600869453949 ], [ -76.851173124634315, 39.343226868096089 ], [ -76.870124129395151, 39.331604864954826 ], [ -76.874793131169184, 39.331961865131802 ], [ -76.878365131877842, 39.336295865453252 ], [ -76.875199131948378, 39.337653866828163 ], [ -76.875136131300891, 39.339754866723865 ], [ -76.878255132272997, 39.342427867440449 ], [ -76.882276134316825, 39.350192868567333 ], [ -76.880082133084358, 39.349839868937117 ], [ -76.879799134125449, 39.356816869581905 ], [ -76.874563131913732, 39.355846870114242 ], [ -76.873380131532926, 39.357157870440737 ], [ -76.880703134846996, 39.360476871438969 ], [ -76.881669134594532, 39.362945870995965 ], [ -76.877955134493973, 39.364191871851155 ], [ -76.879415134884212, 39.366105872284834 ], [ -76.881718134998309, 39.364386871136098 ], [ -76.885022135918376, 39.365169871426644 ], [ -76.886808137620164, 39.369691872629645 ], [ -76.888951137900705, 39.37057687282703 ], [ -76.890995138447053, 39.376738873828899 ], [ -76.888666137495363, 39.380462874535809 ], [ -76.891163138676546, 39.379866874294628 ], [ -76.8914691398966, 39.381270874286045 ], [ -76.888354138224159, 39.384136874677367 ], [ -76.885796136943583, 39.383521875129262 ], [ -76.88343813657788, 39.385497875331183 ], [ -76.88471413774343, 39.388415876136634 ], [ -76.879221135613761, 39.387892876450117 ], [ -76.878658135374067, 39.390505877197661 ], [ -76.874865134732488, 39.388616877093412 ], [ -76.873366133984177, 39.388789876876452 ], [ -76.877619135831623, 39.390958876407616 ], [ -76.877450134878885, 39.392560877033766 ], [ -76.879523135737557, 39.391740876832742 ], [ -76.880055136913427, 39.395057877318038 ], [ -76.885519138730771, 39.397628877621621 ], [ -76.878930137157255, 39.40391087913855 ], [ -76.884430138061305, 39.404610879134523 ], [ -76.881431137638089, 39.41741088221503 ], [ -76.875931135835742, 39.41761088287641 ], [ -76.874531135719963, 39.4191108827318 ], [ -76.875331136684437, 39.420510882806155 ], [ -76.886494140495742, 39.421752882547459 ], [ -76.886267139816724, 39.425925883118438 ], [ -76.888574141027107, 39.42552088356026 ], [ -76.890680141497711, 39.428658883546596 ], [ -76.88938814133698, 39.430190884364322 ], [ -76.895255142662137, 39.428499883734503 ], [ -76.895226143248124, 39.430573884509663 ], [ -76.893123143150547, 39.431195884394135 ], [ -76.894824143565216, 39.431959884372681 ], [ -76.895056143368819, 39.434147884856436 ], [ -76.891140141805266, 39.433190884812092 ], [ -76.89064514223594, 39.435406885419738 ], [ -76.894302143333405, 39.439809885441342 ], [ -76.886059141200889, 39.440491886954923 ], [ -76.880430139527121, 39.435105886103642 ], [ -76.870480135335526, 39.43109188554741 ], [ -76.842598126732327, 39.426000885373995 ], [ -76.840375126085817, 39.423473884975159 ], [ -76.839669125730993, 39.418959884119104 ], [ -76.835432123777082, 39.414179883461657 ], [ -76.835524122940271, 39.409877882072671 ], [ -76.830125120521942, 39.399079880570319 ], [ -76.826500120109856, 39.399088881146 ], [ -76.821602118006936, 39.403631882123065 ], [ -76.818565117948907, 39.404462881700297 ], [ -76.815326117326194, 39.411257883318989 ], [ -76.799205112035821, 39.409924883804621 ], [ -76.802479112818631, 39.405892882711335 ], [ -76.799978111439486, 39.403265881614175 ], [ -76.801273111973288, 39.400360881414144 ], [ -76.807689114192755, 39.397978880518984 ], [ -76.809554113740646, 39.392345879174655 ], [ -76.816146115687218, 39.387255878252056 ], [ -76.789194106846537, 39.38248187805916 ], [ -76.790528107738396, 39.374750876938947 ], [ -76.783100103944022, 39.372531875991953 ], [ -76.780873103997891, 39.372736876776081 ], [ -76.78121510430465, 39.380534878186168 ], [ -76.769993100942116, 39.376941877700062 ], [ -76.769075100875156, 39.379433877813163 ], [ -76.76258209866279, 39.377646878425075 ], [ -76.755568096043518, 39.378129878301635 ], [ -76.751724094449983, 39.375676878475971 ], [ -76.746679092932311, 39.377258878894224 ], [ -76.74395009284585, 39.375814878608821 ], [ -76.743124091942093, 39.371397877948645 ], [ -76.738681090123862, 39.368894877428815 ], [ -76.740043090604814, 39.365472876298604 ], [ -76.745681091601099, 39.361096876089924 ], [ -76.744912092395396, 39.359865875948607 ], [ -76.721528084963737, 39.363131876881695 ], [ -76.719126083318784, 39.357149875772272 ], [ -76.711188080784794, 39.354390875634564 ], [ -76.711027079329696, 39.336340871974471 ], [ -76.688582071881342, 39.329191871454732 ], [ -76.690868073175338, 39.331020871576797 ], [ -76.689363072579241, 39.333984872236286 ], [ -76.689381073020897, 39.340761873000254 ], [ -76.682918071844085, 39.34144287440828 ], [ -76.677966070212833, 39.339932873799007 ], [ -76.6767120696869, 39.341848874864716 ], [ -76.682298070804663, 39.342133874045025 ], [ -76.690061073436468, 39.347592874890104 ], [ -76.672583069484645, 39.356756877302324 ], [ -76.665966067423724, 39.357620877568834 ], [ -76.663491065983848, 39.355411877031557 ], [ -76.66041006554488, 39.35520087749525 ], [ -76.659554064503908, 39.345589875722609 ], [ -76.657173063673667, 39.342600874689687 ], [ -76.65841206323266, 39.340839874345718 ], [ -76.654034061711755, 39.330298872473769 ], [ -76.644893058705463, 39.330912872533489 ], [ -76.640016057417256, 39.326743872464334 ], [ -76.633344055104743, 39.324072871740931 ], [ -76.630447052992167, 39.319859871467322 ], [ -76.629685052560831, 39.316979871158608 ], [ -76.636905055044423, 39.31692187056332 ], [ -76.641851055929607, 39.314039869986637 ], [ -76.643633057433448, 39.315800869790614 ], [ -76.646318058037281, 39.313255869335023 ], [ -76.642516056276563, 39.310096869268783 ], [ -76.633660053675612, 39.310348869724564 ], [ -76.630763052461347, 39.30795486906861 ], [ -76.636831054526269, 39.303428867800186 ], [ -76.638969054783942, 39.303385867760468 ], [ -76.638464054270571, 39.294196865864009 ], [ -76.627690051519991, 39.294637866838663 ], [ -76.627768051337796, 39.288981865854076 ], [ -76.64241505509591, 39.288380864296499 ], [ -76.641990054948451, 39.281611864041331 ], [ -76.637845053954365, 39.282795863613771 ], [ -76.63798605441967, 39.285594864319975 ], [ -76.629021051140484, 39.286016865013885 ], [ -76.628885050698045, 39.283801864049508 ], [ -76.633495052022553, 39.283625864035997 ], [ -76.630345051088284, 39.281264863175814 ], [ -76.634599051862324, 39.277976862617855 ], [ -76.628733050362072, 39.273474862284523 ], [ -76.633474051207841, 39.269552861121085 ], [ -76.625857049064194, 39.268196860772136 ], [ -76.627207048951291, 39.265115859874868 ], [ -76.623795048076204, 39.265082860536687 ], [ -76.623291047387738, 39.260113860072863 ], [ -76.608290042728967, 39.254713859412568 ], [ -76.609091042620051, 39.249913858485904 ], [ -76.612491043799565, 39.246613857042398 ], [ -76.614644044125853, 39.241099856198893 ], [ -76.595554037651183, 39.239150856812664 ], [ -76.596956039213424, 39.2409848570355 ], [ -76.593107037597022, 39.241056856854435 ], [ -76.585041034118206, 39.232409854745761 ], [ -76.580589032977443, 39.230913855084935 ], [ -76.577389031814462, 39.224913854074643 ], [ -76.566188027470005, 39.221113854230225 ], [ -76.529687016092339, 39.217314854793948 ], [ -76.529245015328158, 39.208296852438366 ], [ -76.531185015219108, 39.207151852714006 ], [ -76.531555015114947, 39.204289851588456 ], [ -76.527307014188708, 39.203287851602788 ], [ -76.523706013167754, 39.195416850050826 ], [ -76.526384013200584, 39.192053849362402 ], [ -76.530539014240404, 39.191124849613608 ], [ -76.526569013148503, 39.190408848903459 ], [ -76.51969501027132, 39.178418846476475 ], [ -76.51287400799589, 39.1741498463158 ], [ -76.514830008678672, 39.172496846327796 ], [ -76.514947008854548, 39.169994845282893 ], [ -76.520620010010958, 39.168319844711242 ], [ -76.532055013808844, 39.15592484125763 ], [ -76.539073015727752, 39.151793840565112 ], [ -76.54699401674668, 39.150224840328868 ], [ -76.549991018418382, 39.146939839418025 ], [ -76.558354020201492, 39.143817838084011 ], [ -76.563986022248343, 39.144394838502926 ], [ -76.567508023626573, 39.142018838001555 ], [ -76.56925002404914, 39.145409838698946 ], [ -76.568979024785804, 39.15524084064235 ], [ -76.573659025532194, 39.155258840468733 ], [ -76.573882026013251, 39.156791840367163 ], [ -76.578722027491537, 39.153228839924566 ], [ -76.583349028534471, 39.156123839547369 ], [ -76.584805030523384, 39.15897884045021 ], [ -76.590457031763393, 39.155877840133712 ], [ -76.590012031524466, 39.152447839422166 ], [ -76.592107031226107, 39.151575838666588 ], [ -76.58849702998431, 39.145765837621425 ], [ -76.590485030454161, 39.144032836857413 ], [ -76.58857402997721, 39.140846837352392 ], [ -76.595167031748687, 39.14023283624347 ], [ -76.59914503323651, 39.144323836870079 ], [ -76.592913032038368, 39.147968837824493 ], [ -76.598975034255517, 39.156039839725338 ], [ -76.594034032494903, 39.161023840665536 ], [ -76.591238032461305, 39.161760840649571 ], [ -76.586790030620193, 39.16771684226152 ], [ -76.583190030322442, 39.177416843831303 ], [ -76.573489028347808, 39.193516848350562 ], [ -76.580289030706851, 39.206614850062316 ], [ -76.584079032772024, 39.20792885101659 ], [ -76.611681041891018, 39.234394855112384 ], [ -76.613273042525748, 39.229272853568254 ], [ -76.619566044721566, 39.229640853069803 ], [ -76.624910045989992, 39.224410852663709 ], [ -76.625779045653147, 39.207298848687593 ], [ -76.631846046994838, 39.202717847808749 ], [ -76.641681050660395, 39.206354848788699 ], [ -76.644739051533151, 39.216680849878983 ], [ -76.641944051324458, 39.222081850977801 ], [ -76.641894051095733, 39.226234852101335 ], [ -76.645550053266604, 39.228579852314667 ], [ -76.656724056948576, 39.230721852231241 ], [ -76.665563059831072, 39.230191851905573 ], [ -76.668677060780311, 39.239168853940086 ], [ -76.665319060331925, 39.244214854957626 ], [ -76.66396505934857, 39.252550857243513 ], [ -76.649836056522631, 39.260321858647103 ], [ -76.651679056329201, 39.26097785941726 ], [ -76.65185105765498, 39.264238858947117 ], [ -76.65428805856169, 39.267123859874836 ], [ -76.655182059237504, 39.275877862436452 ], [ -76.659303059942147, 39.274653861043838 ], [ -76.661577060642273, 39.276406861105762 ], [ -76.665024061677443, 39.275041860698039 ], [ -76.671565064468709, 39.275940860748378 ], [ -76.664324060272079, 39.257449858355329 ], [ -76.711056076947045, 39.277896860122894 ], [ -76.705384074717244, 39.280850861581563 ], [ -76.692933070943113, 39.281476861133548 ], [ -76.697995073077564, 39.29306786334763 ], [ -76.685997069938281, 39.293718864177123 ], [ -76.686277069422459, 39.299224864753008 ], [ -76.688141070942066, 39.299179865629426 ], [ -76.690094071251792, 39.302313866008603 ], [ -76.689584071613879, 39.305106866371233 ], [ -76.69424607281691, 39.304936865819641 ], [ -76.694868072607846, 39.30202386571807 ], [ -76.700542074487458, 39.301893866108699 ], [ -76.705960076274053, 39.299543864693312 ], [ -76.705523075532739, 39.302481864706827 ], [ -76.711193078112714, 39.30296286580041 ], [ -76.714681079155767, 39.310778866465107 ], [ -76.717686080325066, 39.312824866824201 ], [ -76.724424082759825, 39.312845867004818 ], [ -76.725869083081449, 39.31564986724932 ], [ -76.743477088526262, 39.321857867705432 ], [ -76.749861090958674, 39.322456867469185 ], [ -76.758386094021816, 39.320551866932632 ], [ -76.757113093229322, 39.318191866605723 ], [ -76.760056093576026, 39.314323865640297 ], [ -76.768882096938057, 39.316124866236237 ], [ -76.766459096275042, 39.312643864675003 ], [ -76.769626096029398, 39.31003786487171 ], [ -76.770533097124002, 39.307014864141031 ], [ -76.786468101743239, 39.307384863394752 ], [ -76.796513105471064, 39.305052863198625 ] ], [ [ -76.758406096808258, 39.366470875974002 ], [ -76.767320100033842, 39.367312876387885 ], [ -76.781239103695782, 39.371452877112731 ], [ -76.788752106082327, 39.369980875685151 ], [ -76.791253106563175, 39.365965875034874 ], [ -76.765621098370644, 39.356358874166744 ], [ -76.758406096808258, 39.366470875974002 ] ], [ [ -76.633917049101996, 39.232789853903824 ], [ -76.639945050983954, 39.224369852162944 ], [ -76.630676047931132, 39.224194852539739 ], [ -76.618614045217782, 39.237405855204592 ], [ -76.629855048846892, 39.242345855883038 ], [ -76.633917049101996, 39.232789853903824 ] ] ], [ [ [ -76.810786117220189, 39.434314888139546 ], [ -76.806092115331779, 39.440877889916017 ], [ -76.801767114412655, 39.441504889896805 ], [ -76.801426114829098, 39.443917890768986 ], [ -76.799461113925489, 39.443440889962133 ], [ -76.797968113923289, 39.455324892912891 ], [ -76.786397109682952, 39.449464891460046 ], [ -76.783307109023156, 39.443229890837578 ], [ -76.766927104165006, 39.447194892577585 ], [ -76.7681721035718, 39.44160589079317 ], [ -76.765197103438027, 39.44169189142724 ], [ -76.762476101950853, 39.437629890053472 ], [ -76.753931098796215, 39.439559890617531 ], [ -76.751802097861074, 39.433965889800611 ], [ -76.765899102696579, 39.43062688869194 ], [ -76.764060102189646, 39.424305887417823 ], [ -76.76127210075532, 39.421928886797218 ], [ -76.772151103986204, 39.413764885592727 ], [ -76.773942103914237, 39.415017885510146 ], [ -76.778196105586588, 39.412000884414041 ], [ -76.778806105681966, 39.406815883485756 ], [ -76.792438110187064, 39.412498884721508 ], [ -76.816130118488616, 39.434502887945634 ], [ -76.810786117220189, 39.434314888139546 ] ] ], [ [ [ -76.699800077740903, 39.36237087737851 ], [ -76.696714076380729, 39.360129876797451 ], [ -76.68814607455819, 39.355767876960869 ], [ -76.695357075922644, 39.351261875597345 ], [ -76.702448078534815, 39.356253876015629 ], [ -76.700832077610627, 39.357898877076934 ], [ -76.703230079057619, 39.359709876746031 ], [ -76.699800077740903, 39.36237087737851 ] ] ], [ [ [ -76.624900041452662, 39.140242835802859 ], [ -76.618642039416969, 39.139825835830827 ], [ -76.620292040676318, 39.151049837453506 ], [ -76.614557038697328, 39.153696838937186 ], [ -76.597447032296571, 39.134826835294454 ], [ -76.611077036253548, 39.138019835825794 ], [ -76.618046038667003, 39.137060834926814 ], [ -76.619179038819084, 39.126526832825526 ], [ -76.625848041656852, 39.136048834521169 ], [ -76.629823041873323, 39.134490834762893 ], [ -76.633386043259449, 39.13749083476781 ], [ -76.631633042966257, 39.144429836278881 ], [ -76.624900041452662, 39.140242835802859 ] ] ], [ [ [ -76.571010032099863, 39.27834486526924 ], [ -76.564502030717208, 39.278602865601179 ], [ -76.562479029188964, 39.280700865589928 ], [ -76.535706021346712, 39.281800866979815 ], [ -76.529594019799177, 39.284859867745133 ], [ -76.529790019617764, 39.269729865257453 ], [ -76.524237017213636, 39.268894865347747 ], [ -76.512833012479589, 39.26006186363675 ], [ -76.509680012070589, 39.260243863514305 ], [ -76.510587012266882, 39.259106863589516 ], [ -76.502684009892974, 39.254652862743619 ], [ -76.500933008351296, 39.249087861544105 ], [ -76.499067008080175, 39.249238862254145 ], [ -76.498591007879114, 39.251261862807951 ], [ -76.493456006848049, 39.247973861779826 ], [ -76.489933004746575, 39.25053386249688 ], [ -76.48534900336135, 39.246790862058823 ], [ -76.459418995242999, 39.242377861297719 ], [ -76.456187995016208, 39.245580862734251 ], [ -76.455237994263896, 39.242422862125856 ], [ -76.457298994528671, 39.233546860317539 ], [ -76.464597996654987, 39.231670859470533 ], [ -76.468862997299681, 39.226502858258463 ], [ -76.469023997856468, 39.223403857095356 ], [ -76.462484995613366, 39.223914858219999 ], [ -76.458583993220117, 39.215814856469187 ], [ -76.452783990943786, 39.213114856542411 ], [ -76.44788399008938, 39.213314856720501 ], [ -76.448328990328292, 39.211573855872004 ], [ -76.444444988551794, 39.20967485563969 ], [ -76.445987989681029, 39.209486855446087 ], [ -76.448220989474947, 39.204004854335132 ], [ -76.450150990218475, 39.204432854454446 ], [ -76.450483989406109, 39.20201485397682 ], [ -76.449483989323383, 39.191214852216781 ], [ -76.446483987278626, 39.181814850181411 ], [ -76.514486009620413, 39.202413851922628 ], [ -76.566889029598599, 39.254313860001922 ], [ -76.571889031808752, 39.256512861311521 ], [ -76.577588034701051, 39.271613863108705 ], [ -76.570879032578617, 39.276428864528917 ], [ -76.571010032099863, 39.27834486526924 ] ] ], [ [ [ -76.594155040055256, 39.294692868018643 ], [ -76.606739044797081, 39.290692866387296 ], [ -76.610915045753316, 39.294183866824113 ], [ -76.61135204649463, 39.304722868856089 ], [ -76.59807104251712, 39.30522986938729 ], [ -76.597831042317623, 39.301751868922366 ], [ -76.588081039040858, 39.302145869687685 ], [ -76.587871038080252, 39.298654869314376 ], [ -76.594410041221707, 39.298380868465003 ], [ -76.594155040055256, 39.294692868018643 ] ] ], [ [ [ -76.62757205241752, 39.304291868701185 ], [ -76.62512005054387, 39.303189868295775 ], [ -76.620725050202822, 39.304358868918854 ], [ -76.620407049287195, 39.301563867994332 ], [ -76.626161050634465, 39.296660866830301 ], [ -76.631734052231735, 39.301188867711588 ], [ -76.62757205241752, 39.304291868701185 ] ] ], [ [ [ -76.529687022380543, 39.33115787737394 ], [ -76.530343020710049, 39.296593870367182 ], [ -76.532787021289465, 39.295421869591756 ], [ -76.547494026220349, 39.295815869139808 ], [ -76.551812026568484, 39.292105868567276 ], [ -76.562746030949299, 39.29160286791852 ], [ -76.562829029891631, 39.292761868661451 ], [ -76.569415032888728, 39.292494867931914 ], [ -76.56991303283111, 39.299357869624927 ], [ -76.57279103467711, 39.299241869759378 ], [ -76.573048034595061, 39.309345871056671 ], [ -76.59828004275451, 39.308432870167088 ], [ -76.598479042946138, 39.311999870626451 ], [ -76.609499045743988, 39.311412870138732 ], [ -76.609511047236197, 39.319526871758093 ], [ -76.601491044686455, 39.31879787243949 ], [ -76.593931042444211, 39.326232873752389 ], [ -76.595147042436992, 39.328354874675973 ], [ -76.589313040723795, 39.3283718746886 ], [ -76.589336041188332, 39.327304873895244 ], [ -76.584578039725827, 39.327054873933584 ], [ -76.594869042602639, 39.317245872242246 ], [ -76.582166038035126, 39.314250872153558 ], [ -76.563670031762314, 39.313649872755178 ], [ -76.555026029771795, 39.317963873091038 ], [ -76.548138027549228, 39.316263874294528 ], [ -76.540461025131137, 39.321225874634258 ], [ -76.532979023605023, 39.330565876994079 ], [ -76.529687022380543, 39.33115787737394 ] ] ], [ [ [ -76.567545034216295, 39.326413874793367 ], [ -76.561614032418717, 39.33110287636206 ], [ -76.551671029696436, 39.3258518752938 ], [ -76.548444027870971, 39.32183787510666 ], [ -76.555026029771795, 39.317963873091038 ], [ -76.55697703043171, 39.321190874583941 ], [ -76.56031603151186, 39.321000874402159 ], [ -76.562607032828737, 39.324677874603189 ], [ -76.567545034216295, 39.326413874793367 ] ] ], [ [ [ -76.609542048096642, 39.346183877427343 ], [ -76.599731044720542, 39.345156877885316 ], [ -76.600213045667701, 39.340071876920611 ], [ -76.609602048371116, 39.340188876239957 ], [ -76.609542048096642, 39.346183877427343 ] ] ], [ [ [ -76.589563042765676, 39.355425880204386 ], [ -76.581958042114252, 39.372112883841297 ], [ -76.569999037536405, 39.37212888433524 ], [ -76.574050038819166, 39.367547882978045 ], [ -76.573017037327872, 39.353910880391133 ], [ -76.589563042765676, 39.355425880204386 ] ] ], [ [ [ -76.627223056929637, 39.395202886713356 ], [ -76.60693005088099, 39.397171887800049 ], [ -76.603866049262152, 39.395274887652008 ], [ -76.605987049801385, 39.387626885912965 ], [ -76.608638050070056, 39.38784588555891 ], [ -76.611092051593531, 39.384812885445349 ], [ -76.610454051010763, 39.383535885163965 ], [ -76.61709205298807, 39.386212885394897 ], [ -76.620638053757446, 39.382982883811067 ], [ -76.62055905411475, 39.386154885307946 ], [ -76.624473056028449, 39.386369885579896 ], [ -76.624609056470916, 39.388043885408031 ], [ -76.628448057143245, 39.39022588584902 ], [ -76.627223056929637, 39.395202886713356 ] ] ], [ [ [ -76.56134603712168, 39.402052890954174 ], [ -76.553316033627851, 39.399635890585053 ], [ -76.555875034733347, 39.396899889717901 ], [ -76.558395034582432, 39.388493888151324 ], [ -76.565398037331036, 39.391627888395156 ], [ -76.563046036813134, 39.396131889367503 ], [ -76.566106037335729, 39.401391889406547 ], [ -76.56134603712168, 39.402052890954174 ] ] ], [ [ [ -76.608107055007281, 39.459790900708988 ], [ -76.614005056294587, 39.459173900183252 ], [ -76.615267057216414, 39.456355899506377 ], [ -76.614450056533514, 39.461661900420999 ], [ -76.630463061868838, 39.462705900143085 ], [ -76.630779062236343, 39.474238902694708 ], [ -76.620510059999148, 39.473563903179254 ], [ -76.616018057777111, 39.476365903827222 ], [ -76.601565053289448, 39.469194903100792 ], [ -76.603553053759271, 39.466464902361572 ], [ -76.601440052717649, 39.459397900457915 ], [ -76.605248053427843, 39.453670899638794 ], [ -76.608107055007281, 39.459790900708988 ] ] ], [ [ [ -76.698536098728795, 39.719135948746064 ], [ -76.696896098413475, 39.721109949240009 ], [ -75.937112859222538, 39.721885976464762 ], [ -75.933089855732234, 39.702836972848374 ], [ -75.926157854027053, 39.691204971464721 ], [ -75.925754852722605, 39.688118970748498 ], [ -75.905241845667604, 39.672640967310713 ], [ -75.876625836222189, 39.678443969951758 ], [ -75.872596835579046, 39.680729971266139 ], [ -75.875843837496006, 39.683661970573986 ], [ -75.874742837130952, 39.68779697206017 ], [ -75.876250838100091, 39.690374972559937 ], [ -75.874046836821876, 39.692039973285723 ], [ -75.866929835168762, 39.692370973555782 ], [ -75.860822832745754, 39.684464971915197 ], [ -75.860243831714229, 39.678559970841597 ], [ -75.853210828828395, 39.663309968194277 ], [ -75.8394108249921, 39.666757968968916 ], [ -75.836166823448195, 39.662860968307882 ], [ -75.831843822178868, 39.662526968456135 ], [ -75.825286819494082, 39.65787896722113 ], [ -75.819938817129383, 39.656190967354441 ], [ -75.813658815352355, 39.656283967694094 ], [ -75.815513817549444, 39.676863972000461 ], [ -75.814091818590654, 39.699554976139439 ], [ -75.822818822218494, 39.716652980179617 ], [ -75.82141482280305, 39.722007980509716 ], [ -75.788597811388712, 39.722206982147647 ], [ -75.788636807255202, 39.64957596741823 ], [ -75.693671710625068, 38.460087727544511 ], [ -75.410881621704689, 38.452304736767637 ], [ -75.078486516981172, 38.451315746675768 ], [ -75.080305516498299, 38.427828742240294 ], [ -75.085152517649277, 38.421877740296033 ], [ -75.069514512232658, 38.420284740342062 ], [ -75.070412512208108, 38.415345739456697 ], [ -75.064583510517778, 38.414087739500609 ], [ -75.062729509942244, 38.415144739493819 ], [ -75.063423510601496, 38.414259738952076 ], [ -75.060380509797369, 38.412782739343619 ], [ -75.05819450896081, 38.412627739323192 ], [ -75.056246508673937, 38.423412741468582 ], [ -75.054108507517952, 38.42325874180024 ], [ -75.054955508338097, 38.418596740639273 ], [ -75.052350507201865, 38.418258740274567 ], [ -75.069040509884786, 38.358364728302213 ], [ -75.083737512074975, 38.324024719825758 ], [ -75.090645514389038, 38.32440471982882 ], [ -75.09294951522638, 38.327253720847658 ], [ -75.094719516136323, 38.326967720792787 ], [ -75.102027517585157, 38.319311718406667 ], [ -75.106247518922316, 38.317625718273852 ], [ -75.111878520245924, 38.310346716514893 ], [ -75.11415252004771, 38.302355714658766 ], [ -75.126961524022136, 38.288141711087498 ], [ -75.12543552261134, 38.277040709610873 ], [ -75.142083526359755, 38.250120702723507 ], [ -75.193588539175963, 38.191346689312589 ], [ -75.199898541988532, 38.192966689423756 ], [ -75.198227541711091, 38.200891690344058 ], [ -75.198598542330174, 38.209351693020544 ], [ -75.202868543896074, 38.214554693504603 ], [ -75.203177543692533, 38.220729694364827 ], [ -75.200440544108474, 38.23007469710042 ], [ -75.209498546375769, 38.235091697711738 ], [ -75.209324547196815, 38.239059698184953 ], [ -75.20340154579516, 38.240336698711239 ], [ -75.199569543897198, 38.248682700719492 ], [ -75.202007544628827, 38.249001700288595 ], [ -75.206188546506269, 38.245946700113571 ], [ -75.216525549413845, 38.244167699057222 ], [ -75.219602550553176, 38.24133969819173 ], [ -75.222738551243708, 38.241020698863601 ], [ -75.225701551681922, 38.233769697326132 ], [ -75.239169556155474, 38.232127696071828 ], [ -75.241026557104078, 38.230485695848991 ], [ -75.241665556613441, 38.229390694889148 ], [ -75.236963555227419, 38.223917694747506 ], [ -75.241200556283033, 38.217258692370173 ], [ -75.246193557922183, 38.215616691750853 ], [ -75.247644557193283, 38.212925691694217 ], [ -75.246425557725786, 38.209322690779786 ], [ -75.247294557388898, 38.206768689982368 ], [ -75.25855156091157, 38.203302689158278 ], [ -75.256230559457492, 38.199699689120507 ], [ -75.257797560876156, 38.196825688080992 ], [ -75.257275559746034, 38.193724687666617 ], [ -75.252517557385204, 38.188525686514438 ], [ -75.259016559445342, 38.185788685473142 ], [ -75.260118560533627, 38.179448683989428 ], [ -75.266835561255334, 38.173353683119267 ], [ -75.262689560436328, 38.162346680433949 ], [ -75.244009554040503, 38.16067268085979 ], [ -75.246208554397541, 38.152551679118346 ], [ -75.25915155826624, 38.151536678130874 ], [ -75.264884560595419, 38.158741679878048 ], [ -75.270932561670534, 38.154752678217619 ], [ -75.281954565914873, 38.152221677486558 ], [ -75.286538566401788, 38.144973676693979 ], [ -75.287220566467184, 38.134234673889992 ], [ -75.294680567353652, 38.125835671516079 ], [ -75.294972567431714, 38.123074672000079 ], [ -75.290000565708965, 38.113486669457004 ], [ -75.291804566055774, 38.106237667802191 ], [ -75.29555756651439, 38.101290666753442 ], [ -75.296435566398372, 38.093773665259448 ], [ -75.301599568640057, 38.094041664518883 ], [ -75.303090568992445, 38.098312665762492 ], [ -75.313001572825982, 38.099717665628368 ], [ -75.310516571340372, 38.094003664688955 ], [ -75.314025571401487, 38.088864663540448 ], [ -75.309590570877504, 38.084722662723365 ], [ -75.298920566985686, 38.080848662248563 ], [ -75.288346563353329, 38.081308662524172 ], [ -75.28790856368542, 38.075862662360841 ], [ -75.290246563959613, 38.072372661286522 ], [ -75.293706564515276, 38.071912660668822 ], [ -75.298237566197059, 38.073983660755886 ], [ -75.303597568257317, 38.070800660146539 ], [ -75.30661856842184, 38.070915659668422 ], [ -75.312785571119278, 38.076696660892509 ], [ -75.310209570295385, 38.080840661400394 ], [ -75.313513572113735, 38.081060662132522 ], [ -75.321410574639856, 38.088068663195799 ], [ -75.32370757490618, 38.088465662947343 ], [ -75.324043575365167, 38.091286663819822 ], [ -75.319450573759099, 38.092608664177888 ], [ -75.319394574580926, 38.097898665368952 ], [ -75.327459576438216, 38.103628666675654 ], [ -75.336980579386093, 38.097677664796379 ], [ -75.335916579729272, 38.093975664280677 ], [ -75.338717579785765, 38.090845662727673 ], [ -75.333025577464483, 38.081957661136421 ], [ -75.328769576142292, 38.079841661477182 ], [ -75.32703357466923, 38.070849659768143 ], [ -75.33495657803293, 38.071819659102403 ], [ -75.344280581337316, 38.075632659598647 ], [ -75.341228580312347, 38.082751661215632 ], [ -75.344084581518729, 38.0853956617837 ], [ -75.345736581529593, 38.083125660988934 ], [ -75.353239584768716, 38.080701660754073 ], [ -75.357102584832191, 38.076204659424185 ], [ -75.363093586904228, 38.075764659901104 ], [ -75.363401586875824, 38.074265659467144 ], [ -75.36076958597539, 38.073604658370535 ], [ -75.360965585793977, 38.069989658495444 ], [ -75.355282584591848, 38.068733657657667 ], [ -75.354435583771689, 38.063958657094673 ], [ -75.350775582301168, 38.063080656765756 ], [ -75.350351581978671, 38.058799656254052 ], [ -75.337394577866249, 38.052043655360343 ], [ -75.332127575692411, 38.052444654939904 ], [ -75.33008857606724, 38.057127656120983 ], [ -75.323376573571764, 38.061776657642916 ], [ -75.315475570847696, 38.062311658373879 ], [ -75.315135570190748, 38.058297656699629 ], [ -75.331308575359643, 38.046442653935507 ], [ -75.329478574175241, 38.038080652592939 ], [ -75.33369457621275, 38.037015652480505 ], [ -75.337910577351977, 38.039708653356691 ], [ -75.34296057889253, 38.038393652035005 ], [ -75.35294358179776, 38.030657650535517 ], [ -75.361650583537468, 38.026272649441317 ], [ -75.364234584757298, 38.027305649460153 ], [ -75.364354585306216, 38.031001649773522 ], [ -75.366342585776053, 38.033037650512881 ], [ -75.375526588440039, 38.031377649791608 ], [ -75.377872589110183, 38.029153649574653 ], [ -75.378668588978385, 38.023046647605923 ], [ -75.37512658750866, 38.01542164632508 ], [ -75.624450663662969, 37.994202633594909 ], [ -75.625612665025685, 37.989805632321584 ], [ -75.630869666255464, 37.987823631850347 ], [ -75.633833666518584, 37.984524631317953 ], [ -75.628854665123143, 37.977802630352748 ], [ -75.62953366571378, 37.975970629907778 ], [ -75.632009666080265, 37.976025629808866 ], [ -75.635736667497937, 37.979541630571433 ], [ -75.638223667735048, 37.979402630178143 ], [ -75.648229670206533, 37.966778627200576 ], [ -75.64770166922861, 37.946970623320674 ], [ -75.655682671420294, 37.945440622270425 ], [ -75.665301675175797, 37.949518623022705 ], [ -75.691322682632432, 37.955503622883448 ], [ -75.704635687295323, 37.95470562288417 ], [ -75.761643704083525, 37.941373618410609 ], [ -75.80124171579368, 37.912181610675916 ], [ -75.882940741141269, 37.911342608301943 ], [ -75.952673762238305, 37.90683460496566 ], [ -75.943694761410356, 37.94614061359681 ], [ -75.993339778294811, 37.953494612494509 ], [ -76.05196579565704, 37.953585611692525 ], [ -76.055614799053529, 37.989259618031781 ], [ -76.053478799343992, 37.997298619967623 ], [ -76.053706798949605, 38.00012862086141 ], [ -76.054894799353292, 38.00012862086141 ], [ -76.053759798653061, 38.000784620325049 ], [ -76.054947799955059, 38.017335624249426 ], [ -76.049761798870392, 38.029405627130622 ], [ -76.044576797610617, 38.03423362826225 ], [ -76.035041795317326, 38.038421629858171 ], [ -76.013279788657641, 38.04204063078884 ], [ -76.004749786469915, 38.040075631273695 ], [ -76.004567785996727, 38.036748630066022 ], [ -75.999655784548438, 38.0358016298701 ], [ -75.986199779770416, 38.02676062838021 ], [ -75.968414773875296, 38.022790627951117 ], [ -75.965746772989888, 38.016716627433965 ], [ -75.964857771438631, 38.0041036244791 ], [ -75.980864776027872, 38.001534623712018 ], [ -75.979382774998015, 37.996629623158213 ], [ -75.972595773057776, 37.987938620810972 ], [ -75.974046773227187, 37.985650620681227 ], [ -75.979085774897086, 37.985650620681227 ], [ -75.988867777960877, 37.980278618711651 ], [ -75.990053777816428, 37.972336617212072 ], [ -75.985310775524212, 37.963226615290019 ], [ -75.986054775513892, 37.961132614989715 ], [ -75.941863761299359, 37.957564615813823 ], [ -75.914727753234004, 37.958541616729434 ], [ -75.905467751300321, 37.979886621688763 ], [ -75.89144174840655, 38.000128625816608 ], [ -75.902762752401614, 38.016029629101766 ], [ -75.908732756353871, 38.045303635280774 ], [ -75.908706755516306, 38.049433636141465 ], [ -75.901218753244095, 38.049561635953367 ], [ -75.907688759483491, 38.110718648715604 ], [ -75.90737075946619, 38.120892651482478 ], [ -75.927551766260152, 38.120893650775514 ], [ -75.932596766879527, 38.11014964724869 ], [ -75.938235768599057, 38.108046646732063 ], [ -75.943874770318573, 38.108046646732063 ], [ -75.948029772256731, 38.110382647870992 ], [ -75.95218477329658, 38.116689648265101 ], [ -75.959604775796691, 38.116689648265101 ], [ -75.959777776947377, 38.125128649720658 ], [ -76.005801790922732, 38.125128648307303 ], [ -76.003323790008125, 38.114687646774676 ], [ -75.999657788689831, 38.109866645432575 ], [ -75.99965678706829, 38.081015639007639 ], [ -76.010264789239201, 38.069914637338599 ], [ -76.013388790234202, 38.068300635908656 ], [ -76.024702793658264, 38.068506636042251 ], [ -76.035619797422285, 38.072856636601735 ], [ -76.059426805351578, 38.088454638976373 ], [ -76.063142806898583, 38.093343639486477 ], [ -76.071618808659608, 38.075541635717194 ], [ -76.095566817952516, 38.098204640098302 ], [ -76.102326820128582, 38.107180641467842 ], [ -76.107964822921502, 38.124476645237962 ], [ -76.109299823638281, 38.143351648774868 ], [ -76.108063826248966, 38.184596657331049 ], [ -76.114083827735001, 38.192225658901634 ], [ -76.116585829837376, 38.200877660518763 ], [ -76.117372831281386, 38.234728667002244 ], [ -76.132420835795799, 38.229582665803505 ], [ -76.138181837714058, 38.229114665422038 ], [ -76.157651844130314, 38.232858665302551 ], [ -76.169770848541731, 38.239254666223161 ], [ -76.194207857556194, 38.267335671183915 ], [ -76.21069786381581, 38.29635267684322 ], [ -76.261702881531406, 38.322341680756956 ], [ -76.268058884374739, 38.339526684624929 ], [ -76.267891883970165, 38.343855685524616 ], [ -76.264511883780443, 38.346361685827986 ], [ -76.245139878171784, 38.351487686784104 ], [ -76.253043881268908, 38.360550688759083 ], [ -76.271777887193096, 38.370185689782481 ], [ -76.27423388836641, 38.37237369060724 ], [ -76.276890889381164, 38.37904069152885 ], [ -76.281541890713569, 38.381019692118912 ], [ -76.285261892458522, 38.389353694083937 ], [ -76.284331892696002, 38.405499697772363 ], [ -76.286058893948265, 38.413520698124891 ], [ -76.289464894975566, 38.418716700074789 ], [ -76.300291899226224, 38.427692701430438 ], [ -76.307502902387313, 38.441368703128347 ], [ -76.327472909294073, 38.460906706429817 ], [ -76.335793912142705, 38.472629709087464 ], [ -76.338567914231646, 38.486305711479652 ], [ -76.338290914222213, 38.49216771284464 ], [ -76.334367912985968, 38.496829714078899 ], [ -76.343558917119296, 38.504102715064498 ], [ -76.345173918218549, 38.521558718343627 ], [ -76.340257916572298, 38.526327720154306 ], [ -76.330646914111043, 38.526694720724855 ], [ -76.332113914173988, 38.512681717948659 ], [ -76.330801912125111, 38.501067714797955 ], [ -76.319152909863604, 38.502587716035428 ], [ -76.31110890612608, 38.500199715890268 ], [ -76.280598897718775, 38.508665718060065 ], [ -76.284159899455076, 38.523954721338477 ], [ -76.282038899814168, 38.531662722973451 ], [ -76.28256389952071, 38.537165724331587 ], [ -76.279047898888578, 38.548832727179942 ], [ -76.283798901576688, 38.557898728217978 ], [ -76.289405903509163, 38.563323729889241 ], [ -76.294346905269776, 38.565329729777453 ], [ -76.31126091005531, 38.561836728564927 ], [ -76.31449091135552, 38.566221728930792 ], [ -76.314680911326306, 38.570605729896656 ], [ -76.298595907817571, 38.581221732590187 ], [ -76.294507905826592, 38.585829734390302 ], [ -76.274634899902509, 38.597124737351514 ], [ -76.283952905155743, 38.613696739992129 ], [ -76.28914090678856, 38.627551742550068 ], [ -76.285635905128743, 38.628977742794071 ], [ -76.247046893722128, 38.628323744436223 ], [ -76.231847888696663, 38.630540745405042 ], [ -76.229983888075381, 38.62660974463428 ], [ -76.229145887476065, 38.617584742571239 ], [ -76.211813882215793, 38.61248974218914 ], [ -76.176311871994244, 38.633233747561121 ], [ -76.164134868754829, 38.637970748664046 ], [ -76.152825864455338, 38.63180074789522 ], [ -76.148331863481772, 38.634125748783802 ], [ -76.151924864106817, 38.636514749526761 ], [ -76.15796286693282, 38.654361753199872 ], [ -76.175780873338212, 38.667612754814883 ], [ -76.180216875483765, 38.673165755734964 ], [ -76.184911876298784, 38.673088755363274 ], [ -76.183124876568684, 38.684663758542698 ], [ -76.178849875878257, 38.692652759880147 ], [ -76.135837863643204, 38.71159376530786 ], [ -76.125874860829455, 38.714035766256863 ], [ -76.116275857165434, 38.712930766009173 ], [ -76.106145853947098, 38.709505766120991 ], [ -76.098187851321626, 38.71237676715468 ], [ -76.096736852050526, 38.714788766895218 ], [ -76.081377846293179, 38.710319766769786 ], [ -76.074136844791482, 38.711690767438888 ], [ -76.064025840941397, 38.710492766999977 ], [ -76.069589844114503, 38.737896772380232 ], [ -76.060416843117792, 38.765637779036602 ], [ -76.060133845955505, 38.812687788158286 ], [ -76.065336845860301, 38.794717784153512 ], [ -76.077597849663633, 38.787906783187459 ], [ -76.088155853402469, 38.79283978378966 ], [ -76.101594857563725, 38.790417782340086 ], [ -76.117320861945572, 38.784861780770328 ], [ -76.119369862514773, 38.788836781334474 ], [ -76.126326864334331, 38.794579782314919 ], [ -76.122014863833982, 38.797962783213023 ], [ -76.122620863731399, 38.80225678460355 ], [ -76.126339866549756, 38.807628784438741 ], [ -76.123641865527105, 38.817075787328548 ], [ -76.123799865710865, 38.820227787688566 ], [ -76.12645986709866, 38.82249678812763 ], [ -76.125755867291957, 38.825412788434193 ], [ -76.117789864270549, 38.831079790262365 ], [ -76.109990862552067, 38.841162792975233 ], [ -76.106515861029479, 38.841749793353138 ], [ -76.095562859077063, 38.8515467946482 ], [ -76.101814860366687, 38.852060795022943 ], [ -76.105089861872727, 38.855994795795105 ], [ -76.109302862638884, 38.85758879558859 ], [ -76.109637863272965, 38.863140796887969 ], [ -76.126019869577547, 38.876466798586613 ], [ -76.121401868755456, 38.882427800433263 ], [ -76.114320866189018, 38.880845800815479 ], [ -76.103513862928168, 38.882315801451803 ], [ -76.102676863052082, 38.890174803210556 ], [ -76.110235865469377, 38.902597805511306 ], [ -76.113358866639487, 38.904524805564371 ], [ -76.111464866779258, 38.911013806776275 ], [ -76.11550386836646, 38.91372380734483 ], [ -76.110742866530899, 38.920605808562861 ], [ -76.110973868306232, 38.926658810205744 ], [ -76.103675866004821, 38.939009811971914 ], [ -76.100875864874922, 38.941985813352133 ], [ -76.098243863974531, 38.942031813264215 ], [ -76.097334864128413, 38.944109813859868 ], [ -76.090484862438998, 38.94510981499549 ], [ -76.088598861178085, 38.942467813561358 ], [ -76.084343859680814, 38.941189813883653 ], [ -76.081138858494981, 38.9426478145879 ], [ -76.07833185769239, 38.940196814445706 ], [ -76.065395854394694, 38.939838814585727 ], [ -75.949336816503546, 38.918340813475034 ], [ -75.94947381677089, 38.923849814926271 ], [ -75.952785818086852, 38.929582815965617 ], [ -75.94797581674581, 38.931902816901001 ], [ -75.948025816974521, 38.936192817374092 ], [ -75.953375818989059, 38.938253817784513 ], [ -75.94707881749359, 38.939990817842471 ], [ -75.947353816954887, 38.9416548188007 ], [ -75.95035381810132, 38.941098818370548 ], [ -75.951292818982964, 38.945967819420716 ], [ -75.944835816755614, 38.947491819519165 ], [ -75.942332815726644, 38.9497888208398 ], [ -75.941931816766981, 38.956621821890025 ], [ -75.938111815462875, 38.959131823005109 ], [ -75.943142817635177, 38.966107823547716 ], [ -75.936779815119152, 38.971843824979032 ], [ -75.937242815799749, 38.974329825611932 ], [ -75.940934817057311, 38.976588825588934 ], [ -75.934530815431714, 38.980318826424735 ], [ -75.933214814981511, 38.986223827942908 ], [ -75.928738813551334, 38.988360828964886 ], [ -75.929378813783913, 38.991013829581931 ], [ -75.9219948121671, 38.994429830520822 ], [ -75.919642811649197, 39.000119831298811 ], [ -75.910620808468579, 39.004463832808881 ], [ -75.908682809125764, 39.010741833633347 ], [ -75.90410180811358, 39.010433834058837 ], [ -75.904871808042515, 39.016283834962529 ], [ -75.901680807100377, 39.01710583537524 ], [ -75.898183805836481, 39.014150834858278 ], [ -75.890646803160479, 39.018437836659047 ], [ -75.890530803707861, 39.023007837266121 ], [ -75.887198802300404, 39.026612837944782 ], [ -75.88281880202797, 39.027917837697423 ], [ -75.883360802351277, 39.032507839248197 ], [ -75.876853800793526, 39.041194841306407 ], [ -75.876006799973396, 39.04335684212078 ], [ -75.878449801626203, 39.047232842337401 ], [ -75.876282801056206, 39.0475158423653 ], [ -75.869681799787131, 39.057354844780633 ], [ -75.862067797118243, 39.059983845410869 ], [ -75.852773794849412, 39.067943847368483 ], [ -75.863808798614187, 39.074473848639492 ], [ -75.883499804963392, 39.075935848189552 ], [ -75.884062805203087, 39.078598849109277 ], [ -75.888868807244506, 39.08399985009045 ], [ -75.891293806659036, 39.079832848402233 ], [ -75.943520823316845, 39.077050846229085 ], [ -75.946851824001087, 39.078940846243583 ], [ -75.971581832020178, 39.07611984542983 ], [ -75.979622835384646, 39.079739845640049 ], [ -75.984878835891209, 39.07620584439988 ], [ -75.994639839936923, 39.076931844226685 ], [ -75.998544840731498, 39.073532843169829 ], [ -76.008763843638306, 39.06900684219481 ], [ -76.00973684395683, 39.062559841065621 ], [ -76.013274844330297, 39.059035840161769 ], [ -76.018181845755706, 39.048940837314191 ], [ -76.016775844893829, 39.045332836972236 ], [ -76.007973841821254, 39.046875837697065 ], [ -76.026284846349526, 39.027510832877063 ], [ -76.052025855220293, 39.033545833987233 ], [ -76.058676857616419, 39.040746835398814 ], [ -76.066449860293972, 39.04481283516683 ], [ -76.072318862167265, 39.040227834562621 ], [ -76.077033863073751, 39.03143583257765 ], [ -76.076313861576892, 39.014657828646961 ], [ -76.098884868523626, 39.013005827956945 ], [ -76.110450871842744, 39.017208828776518 ], [ -76.115963874962205, 39.021284829305728 ], [ -76.128314878278886, 39.021552829112252 ], [ -76.136652880845986, 39.01983782859498 ], [ -76.140098882056236, 39.027331829094329 ], [ -76.138378881375004, 39.029637829870886 ], [ -76.138281882188934, 39.036573831694021 ], [ -76.165093891287526, 39.053334833965401 ], [ -76.16491789245876, 39.068953836680961 ], [ -76.162062891975594, 39.069678837068402 ], [ -76.151922889609821, 39.085042840695827 ], [ -76.148324888063584, 39.091899842938062 ], [ -76.147413888567655, 39.099755844183086 ], [ -76.156945891386215, 39.094989842173092 ], [ -76.178956897567957, 39.075808838459466 ], [ -76.19526790103248, 39.056514833282343 ], [ -76.19954090207311, 39.047583831410364 ], [ -76.200501902696061, 39.039122829766178 ], [ -76.186585895813892, 39.018210825681933 ], [ -76.182145894368716, 39.008372824357814 ], [ -76.181931894108445, 39.004103823967895 ], [ -76.186554895851756, 39.000109821640415 ], [ -76.200745899500262, 38.993560820266971 ], [ -76.214966904184351, 38.992987820495735 ], [ -76.232697909652799, 38.997863819698004 ], [ -76.26023091917483, 39.011823822199901 ], [ -76.25799691865771, 39.01182582268337 ], [ -76.264746921686324, 39.027865825081278 ], [ -76.235412913987133, 39.056287832294871 ], [ -76.237000914423902, 39.063188833791678 ], [ -76.236047915993481, 39.080687836425113 ], [ -76.242713918458207, 39.100651841182511 ], [ -76.250331922223381, 39.113468843312077 ], [ -76.250649922240697, 39.11913684405463 ], [ -76.248109922300131, 39.123326845289441 ], [ -76.249062922527159, 39.127763846373206 ], [ -76.260489926827447, 39.132199846755292 ], [ -76.264933928470612, 39.137868847453966 ], [ -76.283344934354602, 39.138854847562534 ], [ -76.285883935368588, 39.149699849599394 ], [ -76.279299933817938, 39.170360853701418 ], [ -76.26797893161951, 39.186719857236447 ], [ -76.258343929767108, 39.196253858856551 ], [ -76.242285926022561, 39.229621866781827 ], [ -76.233186924645693, 39.241227869608096 ], [ -76.229975923612074, 39.254906872698847 ], [ -76.221143921300566, 39.268377875611009 ], [ -76.208564918378244, 39.277082878044702 ], [ -76.201874916522399, 39.283714879604396 ], [ -76.191436914230806, 39.287859880076105 ], [ -76.185281912127238, 39.293662881978243 ], [ -76.182872911707904, 39.305476884748451 ], [ -76.191436915129145, 39.310450885570972 ], [ -76.190901915376827, 39.320191886929337 ], [ -76.186887913903973, 39.323714888286545 ], [ -76.1788589120317, 39.326201888515264 ], [ -76.174576910770256, 39.333870890541739 ], [ -76.163335908039457, 39.338429891798853 ], [ -76.15181490402783, 39.339619892573452 ], [ -76.14539190303401, 39.344646893239791 ], [ -76.138691900234065, 39.353558895629625 ], [ -76.12100389532165, 39.363092898036669 ], [ -76.115107894582493, 39.375942900668683 ], [ -76.08535988480989, 39.374698901751117 ], [ -76.063919878365439, 39.375942902057446 ], [ -76.044355872237844, 39.37386990310808 ], [ -76.018814863383597, 39.368272903024668 ], [ -75.998226857782171, 39.372768903862514 ], [ -75.993933856650088, 39.37585590507851 ], [ -76.026864866968907, 39.375628904420978 ], [ -76.046715874049994, 39.379763904295999 ], [ -76.064583878887461, 39.390021906301854 ], [ -76.079926885649627, 39.405513908086611 ], [ -76.124695898375833, 39.389975903385142 ], [ -76.141213903326246, 39.380420900898514 ], [ -76.287690942376656, 39.254111870349945 ], [ -76.342280961219686, 39.28131487398889 ], [ -76.344280961385095, 39.28251487386455 ], [ -76.34378096179293, 39.284514875022381 ], [ -76.381636973978829, 39.294197874613864 ], [ -76.407483982256494, 39.305513876469199 ], [ -76.401283981743717, 39.319513879507078 ], [ -76.409051984398403, 39.331251881226734 ], [ -76.409243984917339, 39.33496388247508 ], [ -76.410834984828824, 39.335569882646986 ], [ -76.404699983715062, 39.337528883027197 ], [ -76.409302985366892, 39.341554883897189 ], [ -76.438853994597693, 39.33273388090138 ], [ -76.453601998638135, 39.334621880478991 ], [ -76.467964003787515, 39.342979881813747 ], [ -76.454261000035615, 39.353158884871483 ], [ -76.460526001744029, 39.355692884609176 ], [ -76.454065001115367, 39.360484885868708 ], [ -76.445980998093177, 39.370678887618617 ], [ -76.435941995111435, 39.364711887023262 ], [ -76.426782993460108, 39.377805890747673 ], [ -76.424951992450787, 39.378455891225954 ], [ -76.422928990922529, 39.376119889925612 ], [ -76.415813988919226, 39.375143890129941 ], [ -76.399066983639955, 39.363577887692344 ], [ -76.389757980404184, 39.362508888529902 ], [ -76.375019975511165, 39.363777889226455 ], [ -76.368644974197878, 39.362411888828007 ], [ -76.34587796833091, 39.38997889563754 ], [ -76.348392969055439, 39.394543896643476 ], [ -76.34618996850044, 39.3955128969558 ], [ -76.348274969054657, 39.39872689687337 ], [ -76.342235968200384, 39.410118899567216 ], [ -76.345799969411416, 39.413197900441908 ], [ -76.347140969975968, 39.418525901208028 ], [ -76.35042397097962, 39.418806901115708 ], [ -76.354420972734019, 39.42296990228499 ], [ -76.353863973240422, 39.425905902256339 ], [ -76.355685973130605, 39.429004903319679 ], [ -76.365234976565901, 39.427094901725525 ], [ -76.373494978416858, 39.421425900543298 ], [ -76.375930979498662, 39.423778901692849 ], [ -76.380145980812955, 39.424606901471272 ], [ -76.380978981389404, 39.429507902874022 ], [ -76.378274980518981, 39.432664902952311 ], [ -76.37763898138266, 39.436181904609711 ], [ -76.37147997908113, 39.440432905246524 ], [ -76.364861977195289, 39.442219905770571 ], [ -76.340759969713233, 39.442990905997021 ], [ -76.285617953196123, 39.467033913894241 ], [ -76.270137949759871, 39.476798916228418 ], [ -76.243794942087959, 39.48767691900526 ], [ -76.23286893900142, 39.498550921054616 ], [ -76.214650933461257, 39.506357923408792 ], [ -76.200741929845037, 39.51906292725247 ], [ -76.193855928170592, 39.512391926029501 ], [ -76.197257927203296, 39.500621923066163 ], [ -76.196246927249945, 39.497917922464318 ], [ -76.192240925274731, 39.496918922242436 ], [ -76.192031925037327, 39.490833921108077 ], [ -76.184145923280198, 39.494019922226954 ], [ -76.174971920661946, 39.49065592178961 ], [ -76.1709859187782, 39.494904922352795 ], [ -76.168411917604104, 39.49382992235234 ], [ -76.162489916925693, 39.500063924737709 ], [ -76.165252917347331, 39.501752924651221 ], [ -76.16535891765254, 39.50263392466416 ], [ -76.159444915573417, 39.498838924247771 ], [ -76.156514914747191, 39.504569925353202 ], [ -76.152539913632395, 39.503422925778139 ], [ -76.169258919322573, 39.511336926212806 ], [ -76.159069916553022, 39.51622492784567 ], [ -76.164956917969647, 39.520122927953757 ], [ -76.169879920186915, 39.5221909283011 ], [ -76.184643925019188, 39.523017928125988 ], [ -76.191887927792237, 39.526591928190477 ], [ -76.177511924195784, 39.533451930884681 ], [ -76.168523921350371, 39.545284933412987 ], [ -76.146755915741181, 39.562109937330902 ], [ -76.143073914529367, 39.555933936127417 ], [ -76.142640913986, 39.550975935311115 ], [ -76.147297914267838, 39.543170932875363 ], [ -76.150630915500216, 39.54203293345406 ], [ -76.149308914303916, 39.534479931704787 ], [ -76.140302911915143, 39.524497930354386 ], [ -76.142427911754027, 39.522838929559548 ], [ -76.138283909686521, 39.517016927756849 ], [ -76.14143091114606, 39.517107928689867 ], [ -76.146327912525734, 39.513801927083044 ], [ -76.139956909613801, 39.509298926586894 ], [ -76.129990906426968, 39.512676927849597 ], [ -76.13070490717773, 39.503591926125729 ], [ -76.127202904992672, 39.490510923819009 ], [ -76.124674903849339, 39.488296923128971 ], [ -76.038630876592791, 39.483864924715469 ], [ -76.046967881131607, 39.503670929313529 ], [ -76.092955896918582, 39.523857931913 ], [ -76.112059902738622, 39.537081934088732 ], [ -76.122546906332346, 39.532173931957281 ], [ -76.123384906033351, 39.533333932403259 ], [ -76.112983903551665, 39.540466934006325 ], [ -76.099745900130173, 39.562977939536736 ], [ -76.0932308981765, 39.566395939731244 ], [ -76.085973896781297, 39.559018939102657 ], [ -76.06447288754255, 39.527219933136642 ], [ -76.046171883060012, 39.544720937459267 ], [ -76.033166879267029, 39.562894941404053 ], [ -76.03292088011807, 39.567375942225809 ], [ -76.030500878929757, 39.56988894268671 ], [ -76.031186880091425, 39.572559943453044 ], [ -76.029468879060005, 39.575705943930913 ], [ -76.031244879817763, 39.576721944086678 ], [ -76.031915880910788, 39.582546945192675 ], [ -76.02497987900766, 39.59414794794975 ], [ -76.027170879867086, 39.596156947994857 ], [ -76.026972879500363, 39.600291948613467 ], [ -76.028798880486804, 39.601522949303423 ], [ -76.030206880998506, 39.606126950070617 ], [ -76.033360882130722, 39.605530950284262 ], [ -76.046478885901635, 39.59982594833221 ], [ -76.063249891470349, 39.595348947388963 ], [ -76.076600894869742, 39.586673945246645 ], [ -76.094907900098349, 39.585566943143768 ], [ -76.106084903255066, 39.580532942834104 ], [ -76.135975915837761, 39.614115947684844 ], [ -76.144919918302236, 39.617779949125129 ], [ -76.145508918481198, 39.616410948348843 ], [ -76.147971918428908, 39.616405947958235 ], [ -76.146779918725571, 39.61460494721014 ], [ -76.149721919247369, 39.613497947177123 ], [ -76.15920492256042, 39.623368949144478 ], [ -76.163920925088448, 39.623182949056726 ], [ -76.167621925668541, 39.618004948039328 ], [ -76.170930926611447, 39.621250948780045 ], [ -76.178401929165204, 39.620185947813795 ], [ -76.183186930391884, 39.621398948029906 ], [ -76.184373930970665, 39.620256947926819 ], [ -76.182357930013396, 39.617164947207861 ], [ -76.200755936376936, 39.617673946461501 ], [ -76.20284793660386, 39.614245946108369 ], [ -76.21031293930983, 39.616729945674635 ], [ -76.215585940433158, 39.621932947245867 ], [ -76.229031944267106, 39.615002944902166 ], [ -76.235347946927476, 39.618991945245085 ], [ -76.238563947983963, 39.61795794502045 ], [ -76.2428739488345, 39.60903694359822 ], [ -76.248962950815823, 39.605232942238324 ], [ -76.251193950061605, 39.598968941008032 ], [ -76.262252954115851, 39.601521940842893 ], [ -76.266585955430912, 39.598036940272301 ], [ -76.269805956685374, 39.603040940522291 ], [ -76.274404958139215, 39.606243941608795 ], [ -76.273329957713457, 39.611175942261838 ], [ -76.274479958482303, 39.613284943120149 ], [ -76.280237960925831, 39.614999942945985 ], [ -76.28979596368363, 39.612700942586059 ], [ -76.29600096601591, 39.618308942796439 ], [ -76.296220966123926, 39.620285943868431 ], [ -76.298769967183659, 39.621027943557237 ], [ -76.299017966880783, 39.625052944959812 ], [ -76.295771966585363, 39.624920944366913 ], [ -76.293744965757455, 39.627431945817243 ], [ -76.296037966724157, 39.630551946046879 ], [ -76.299162967544035, 39.630398946237406 ], [ -76.303924969204516, 39.623218944046009 ], [ -76.306659969138764, 39.622175943223645 ], [ -76.311989971960116, 39.629547944997853 ], [ -76.315412971807532, 39.629492944895013 ], [ -76.316399973268076, 39.628306944683331 ], [ -76.314314971815534, 39.624893944466216 ], [ -76.31828897310541, 39.625291943882978 ], [ -76.323035974697262, 39.621883943021679 ], [ -76.316487972233318, 39.619796942958743 ], [ -76.315158971364312, 39.615908942896439 ], [ -76.322827974284806, 39.614628941540523 ], [ -76.334624977582621, 39.622600942472424 ], [ -76.336128979252109, 39.627123943561216 ], [ -76.343912981800329, 39.62587494285976 ], [ -76.351388984376953, 39.634401944381629 ], [ -76.364535988460162, 39.634099944278205 ], [ -76.364525988414428, 39.630831943338706 ], [ -76.36968299008511, 39.631521943391711 ], [ -76.373436990368631, 39.628685942132734 ], [ -76.379394992828693, 39.630430942675794 ], [ -76.384107994085355, 39.62599494125152 ], [ -76.388713996110212, 39.625069941809926 ], [ -76.391840996579944, 39.62623494156216 ], [ -76.391457996265302, 39.619672940476605 ], [ -76.396273997454131, 39.61754893956045 ], [ -76.399404999020135, 39.617955939649832 ], [ -76.400066999892331, 39.62646394122671 ], [ -76.401655999255695, 39.627241940912434 ], [ -76.411305002250103, 39.62048693957685 ], [ -76.42488900707464, 39.622905939722251 ], [ -76.444301011967937, 39.611846936826851 ], [ -76.449945014608673, 39.615489937563645 ], [ -76.457204017450323, 39.626309938807402 ], [ -76.466293020578064, 39.628362939269053 ], [ -76.474807022872241, 39.627226938627608 ], [ -76.476259022866572, 39.622531937547336 ], [ -76.478155023274894, 39.623507937719779 ], [ -76.483753024986541, 39.621986937584268 ], [ -76.483805025763388, 39.620264936619947 ], [ -76.4911050268163, 39.616621935993734 ], [ -76.491475026712166, 39.613821935668192 ], [ -76.497289029232192, 39.613741935378691 ], [ -76.500675030167997, 39.610737934862136 ], [ -76.506514031904061, 39.612689935046632 ], [ -76.522293036887675, 39.613628934284577 ], [ -76.532091039845, 39.612270933758481 ], [ -76.538929041838841, 39.614253933419199 ], [ -76.545653044029905, 39.618122934644923 ], [ -76.550676046704595, 39.624173935386494 ], [ -76.555031047760963, 39.634756937010195 ], [ -76.56609705238624, 39.636228937712417 ], [ -76.565794050640903, 39.625544935138798 ], [ -76.578981055805386, 39.634135936355669 ], [ -76.582075057561482, 39.634380935883847 ], [ -76.598715060913989, 39.62530093388191 ], [ -76.618288068160723, 39.624042932254284 ], [ -76.61782406675691, 39.620748932070221 ], [ -76.618707067562056, 39.619115931647954 ], [ -76.62036006739784, 39.619902931991511 ], [ -76.62305206857269, 39.614162930475985 ], [ -76.62547906943368, 39.617440931157546 ], [ -76.627310070443002, 39.6163899309282 ], [ -76.630179071169863, 39.617595931093334 ], [ -76.631045072256597, 39.618828931898527 ], [ -76.629662070960933, 39.621508931997688 ], [ -76.634586073003106, 39.626512933212922 ], [ -76.64014407453179, 39.627156932995923 ], [ -76.65806607979593, 39.623065931480561 ], [ -76.656685079946712, 39.619209930545338 ], [ -76.661430080092117, 39.613215929598688 ], [ -76.672308085294702, 39.633393933321386 ], [ -76.662479084171906, 39.654228938161509 ], [ -76.665024084135339, 39.660463938558173 ], [ -76.667962085357502, 39.657724937922453 ], [ -76.67543408773615, 39.660037938181254 ], [ -76.670907086252328, 39.664461939455506 ], [ -76.67398308846505, 39.668196939558555 ], [ -76.675107088396317, 39.67332294030853 ], [ -76.667094086417563, 39.675969941968987 ], [ -76.665513085653501, 39.681232942917198 ], [ -76.665828086196086, 39.684019943593803 ], [ -76.671163088141995, 39.686404943912578 ], [ -76.671157088294237, 39.687701943731597 ], [ -76.667707087784294, 39.688937944685598 ], [ -76.667049087110044, 39.692586945556712 ], [ -76.677612090871747, 39.698752945159569 ], [ -76.676274090680238, 39.702242946698931 ], [ -76.68368309330971, 39.705428947070928 ], [ -76.689364094862043, 39.710239947120343 ], [ -76.689474095365199, 39.713580948309648 ], [ -76.698536098728795, 39.719135948746064 ] ], [ [ -76.086481877006477, 39.235117874049102 ], [ -76.104901883111324, 39.234037872902164 ], [ -76.117891886835693, 39.229897871304892 ], [ -76.125544888066031, 39.216903869084682 ], [ -76.10777188276478, 39.213747867741688 ], [ -76.099661880701646, 39.210787867505751 ], [ -76.089961877653622, 39.21629786960181 ], [ -76.080511874850856, 39.219147870982361 ], [ -76.076573873545996, 39.213783870150003 ], [ -76.077674873012725, 39.210125868624878 ], [ -76.074546871819763, 39.210043868314365 ], [ -76.074757872605275, 39.207207868518772 ], [ -76.073025871330159, 39.207092868804217 ], [ -76.074463871979106, 39.204729868097374 ], [ -76.072643871738734, 39.20421986755013 ], [ -76.075074871899361, 39.201700867009926 ], [ -76.072052871011635, 39.202189867118562 ], [ -76.063775868543914, 39.199263867098743 ], [ -76.056557866608458, 39.210345869731768 ], [ -76.028222859167073, 39.226188872913909 ], [ -76.030671858871059, 39.22901487484917 ], [ -76.036902862040904, 39.230048874358808 ], [ -76.036035861129278, 39.233540875638838 ], [ -76.040298863022457, 39.235832874914045 ], [ -76.036267861831192, 39.236630875256822 ], [ -76.036470862220781, 39.23829687608653 ], [ -76.045380865248376, 39.241694875811433 ], [ -76.041075863522408, 39.242185876595521 ], [ -76.03833986286493, 39.245712877234666 ], [ -76.042817863944961, 39.247030877709818 ], [ -76.039283863769441, 39.251479879037419 ], [ -76.041483864849724, 39.256157879482501 ], [ -76.04368086465864, 39.256316879511481 ], [ -76.046745866102384, 39.261546879638651 ], [ -76.049211867321432, 39.259651880166416 ], [ -76.053911869057615, 39.261007879605714 ], [ -76.066958871785104, 39.239643875688927 ], [ -76.086481877006477, 39.235117874049102 ] ], [ [ -76.443637995999453, 39.346941884106123 ], [ -76.441256995169226, 39.347355883144139 ], [ -76.442847996877347, 39.351813884797139 ], [ -76.450399998723654, 39.348261883597317 ], [ -76.448325997141765, 39.340453881711596 ], [ -76.440634995378289, 39.34357888267202 ], [ -76.443637995999453, 39.346941884106123 ] ], [ [ -76.328679964761562, 39.422948902580153 ], [ -76.310479958764745, 39.425150903888913 ], [ -76.302868957367224, 39.43702190596791 ], [ -76.337374967704008, 39.431776903896328 ], [ -76.330962965682502, 39.427321903562394 ], [ -76.328679964761562, 39.422948902580153 ] ], [ [ -75.643820685791468, 38.289206694411192 ], [ -75.633089682698582, 38.288992694816613 ], [ -75.626491680904238, 38.282560694047433 ], [ -75.612628676420442, 38.278587693134718 ], [ -75.449079625214225, 38.286487699829621 ], [ -75.447572624968316, 38.294870701707325 ], [ -75.452289626422967, 38.301616702978734 ], [ -75.462393629702021, 38.306192704455626 ], [ -75.484857637416923, 38.310632703903146 ], [ -75.510025645103937, 38.311366703762054 ], [ -75.517730648009433, 38.314042703363199 ], [ -75.527761651493591, 38.321417704918169 ], [ -75.535862654234194, 38.331741707461298 ], [ -75.549363659218031, 38.341332708454487 ], [ -75.570651665326537, 38.332337705502709 ], [ -75.595381672447289, 38.313148701185249 ], [ -75.606908675408405, 38.306837699414636 ], [ -75.626602681232342, 38.30265169733228 ], [ -75.631520682528404, 38.29865169740075 ], [ -75.636720683856765, 38.298569697181314 ], [ -75.643820685791468, 38.289206694411192 ] ], [ [ -75.204407553810483, 38.392599730625321 ], [ -75.177131544206404, 38.383786729347541 ], [ -75.164717541140504, 38.377471728935539 ], [ -75.163154539919788, 38.37399572812474 ], [ -75.168946540901871, 38.35834772386464 ], [ -75.155876536811547, 38.354097723345532 ], [ -75.136872530550619, 38.35630672490241 ], [ -75.13247052963861, 38.359247725785409 ], [ -75.117661525498775, 38.376314729636107 ], [ -75.106559522685117, 38.382303731341302 ], [ -75.124626528612538, 38.397016733987762 ], [ -75.161042540499707, 38.409509735547182 ], [ -75.176148545638753, 38.407030733922994 ], [ -75.212215556648133, 38.405175732806768 ], [ -75.204407553810483, 38.392599730625321 ] ], [ [ -75.625752683632399, 38.346798707542753 ], [ -75.61636468075389, 38.350003707667838 ], [ -75.615359680648325, 38.348199707796915 ], [ -75.608341677831078, 38.346883707321666 ], [ -75.607625677430505, 38.349271708106436 ], [ -75.600982676328627, 38.348498708120509 ], [ -75.595113675353645, 38.36521471154105 ], [ -75.600846676784514, 38.363064711627871 ], [ -75.604559677060138, 38.364751711258606 ], [ -75.600215676772734, 38.376699713847607 ], [ -75.606083678821122, 38.37761571355378 ], [ -75.607645679318622, 38.371811712556948 ], [ -75.614937680873922, 38.370582712641159 ], [ -75.614132681683202, 38.369638711813167 ], [ -75.617729682506209, 38.367559711287178 ], [ -75.611858680084779, 38.362166711088975 ], [ -75.619687681940519, 38.353413708431425 ], [ -75.620608681482182, 38.350056708577867 ], [ -75.627071683557318, 38.348384707131949 ], [ -75.625752683632399, 38.346798707542753 ] ], [ [ -75.846588780930503, 38.858566804678688 ], [ -75.840889778936514, 38.858981805007737 ], [ -75.837311777481759, 38.854846804458766 ], [ -75.834832776742246, 38.856578805004531 ], [ -75.833031776768465, 38.853518804410271 ], [ -75.831337776026501, 38.854239804746634 ], [ -75.827508774501581, 38.852111804141273 ], [ -75.824692773478162, 38.853152804990017 ], [ -75.819298771981011, 38.852153804750721 ], [ -75.81865577137539, 38.854121804599892 ], [ -75.823067774129797, 38.862722806795496 ], [ -75.825806775160316, 38.873278808923274 ], [ -75.823212773894753, 38.877528809491594 ], [ -75.815171772326892, 38.881383810747643 ], [ -75.813729772378352, 38.89065481242833 ], [ -75.814972773033588, 38.893317812849844 ], [ -75.831494778181977, 38.896479813345266 ], [ -75.831838778138547, 38.890580812588034 ], [ -75.839361779672515, 38.887544810996403 ], [ -75.84009078049192, 38.885230810389558 ], [ -75.837067778880936, 38.879500809911796 ], [ -75.840691779468131, 38.872519807896843 ], [ -75.841366778962495, 38.866105807170946 ], [ -75.846324780441549, 38.859911804905927 ], [ -75.846588780930503, 38.858566804678688 ] ], [ [ -75.816292814105935, 39.612199959363551 ], [ -75.815768813325988, 39.608866958372793 ], [ -75.821862816228503, 39.608654957420832 ], [ -75.825928816681554, 39.60512995665934 ], [ -75.826191817345588, 39.602940956238953 ], [ -75.82812181808913, 39.605443957030417 ], [ -75.83103681794843, 39.606096957798478 ], [ -75.833711818506529, 39.602060956398567 ], [ -75.8154118129506, 39.598338955861465 ], [ -75.789503805471881, 39.605581958665127 ], [ -75.791819806004796, 39.610806959158609 ], [ -75.792297807652304, 39.619701960881805 ], [ -75.816292814105935, 39.612199959363551 ] ] ], [ [ [ -76.315872924504362, 38.799443776796195 ], [ -76.312289924823375, 38.815843780571832 ], [ -76.306640923058112, 38.827846783580227 ], [ -76.300329922217259, 38.832452783987037 ], [ -76.291427918687248, 38.83333178419953 ], [ -76.289633918386173, 38.838610785760736 ], [ -76.280133916252993, 38.848803788412887 ], [ -76.257870910176152, 38.865984792532011 ], [ -76.252620908619065, 38.866553793015989 ], [ -76.248898907224273, 38.864172792326301 ], [ -76.247772906744885, 38.856099791190047 ], [ -76.249035906593306, 38.853926790316585 ], [ -76.259134909849507, 38.849165788864852 ], [ -76.25268990731773, 38.841351787878992 ], [ -76.251343906730298, 38.836725786389891 ], [ -76.238253902548493, 38.839446788022194 ], [ -76.23904690204364, 38.832167786464659 ], [ -76.237046901878244, 38.830360786146578 ], [ -76.232431900530884, 38.828951785514654 ], [ -76.221455896317281, 38.8291497864438 ], [ -76.214294895181553, 38.826229786382768 ], [ -76.208407891069953, 38.812004783432478 ], [ -76.208237891190649, 38.800775780873188 ], [ -76.193015885700646, 38.783946778421011 ], [ -76.200436887127367, 38.777002776550127 ], [ -76.202124888021572, 38.772671775689211 ], [ -76.20110588767227, 38.76972477458677 ], [ -76.202714887127115, 38.768620775108126 ], [ -76.207183888884643, 38.770201774007255 ], [ -76.213032890666454, 38.764089773575066 ], [ -76.218282892223542, 38.763067772436841 ], [ -76.22171189371538, 38.76819777325322 ], [ -76.225669894213397, 38.768970774324572 ], [ -76.22913089549229, 38.763360772398421 ], [ -76.233972896620386, 38.762951772275002 ], [ -76.233926896589637, 38.751115769562531 ], [ -76.241612898330231, 38.735626765954677 ], [ -76.248998900495181, 38.73611876583071 ], [ -76.264052903959069, 38.724574763005712 ], [ -76.266723904319207, 38.707735760087559 ], [ -76.264647903985804, 38.702667758315492 ], [ -76.266163903554244, 38.69916075776095 ], [ -76.270495905044385, 38.698104757541195 ], [ -76.274447906592968, 38.700090758517824 ], [ -76.276614907162951, 38.708202759775808 ], [ -76.281705909609713, 38.710906759903196 ], [ -76.299357915435436, 38.714244760220936 ], [ -76.302604915555747, 38.717615760742468 ], [ -76.30445391700674, 38.728634762715714 ], [ -76.30880691841331, 38.729702762794567 ], [ -76.312773920030494, 38.727310762073223 ], [ -76.323062922359142, 38.715947760155686 ], [ -76.326966923328825, 38.706096757685799 ], [ -76.322729921374915, 38.69687175615087 ], [ -76.316708919165663, 38.691127754160377 ], [ -76.316597918837559, 38.67816075196022 ], [ -76.320499919259106, 38.674331750939011 ], [ -76.334548922617415, 38.666585749153263 ], [ -76.341282925752509, 38.665934748797333 ], [ -76.345326927362578, 38.669453749280393 ], [ -76.348441928136751, 38.675404749858906 ], [ -76.351888930070231, 38.68916875352555 ], [ -76.34957092988752, 38.696284755064532 ], [ -76.350565929947336, 38.701614755018532 ], [ -76.349172930402545, 38.712843758256739 ], [ -76.344581930242953, 38.725254760547152 ], [ -76.357586934035922, 38.73135476131516 ], [ -76.384488942647891, 38.737267761613452 ], [ -76.396423947834606, 38.762486766683722 ], [ -76.395860948493237, 38.773170768256186 ], [ -76.391918946990401, 38.778879770399215 ], [ -76.381968945493753, 38.786197771368776 ], [ -76.372679942349464, 38.787294772516226 ], [ -76.329580928279142, 38.781074773009593 ], [ -76.315872924504362, 38.799443776796195 ] ] ], [ [ [ -76.314342929183809, 38.897757797047333 ], [ -76.310244930740325, 38.945743806547902 ], [ -76.307450931254849, 38.954965808970115 ], [ -76.30047992919161, 38.959565809768073 ], [ -76.298330928164958, 38.964135811371072 ], [ -76.302547930027387, 38.967555812199343 ], [ -76.303732930058018, 38.972058813070312 ], [ -76.302706930934363, 38.974757812452538 ], [ -76.34067394255004, 38.983502813642232 ], [ -76.336968941772, 38.989823815006581 ], [ -76.329553940193051, 38.99601681594288 ], [ -76.326807939489839, 39.000821817715256 ], [ -76.326458940408699, 39.019269821772291 ], [ -76.322373939689058, 39.029681823824596 ], [ -76.312733937813803, 39.040220826612341 ], [ -76.305544935292346, 39.042886827065665 ], [ -76.300478933858273, 39.042886827065644 ], [ -76.298191932739357, 39.040093826580801 ], [ -76.29590393179555, 39.03361782504642 ], [ -76.297047931818298, 39.028284824476344 ], [ -76.295577931382311, 39.023459823346336 ], [ -76.292962930200346, 39.019904822510348 ], [ -76.291002928421264, 39.009618820825423 ], [ -76.285757926887044, 38.999313818189194 ], [ -76.271550921548368, 38.988667817239218 ], [ -76.260601917997278, 38.986000817252645 ], [ -76.240502912117392, 38.985492817865989 ], [ -76.231024908827209, 38.983461817327324 ], [ -76.223017905797931, 38.980667816789548 ], [ -76.218442904633548, 38.974572815804798 ], [ -76.207820901320602, 38.976985816525364 ], [ -76.198179897823806, 38.980667817487813 ], [ -76.194047897248481, 38.983877818841925 ], [ -76.180912891962521, 38.971368816523956 ], [ -76.179673891505246, 38.96824281538003 ], [ -76.177074891115112, 38.969421816090737 ], [ -76.171637889061955, 38.96327581547564 ], [ -76.169938886500461, 38.939621810745933 ], [ -76.18986389230308, 38.934695809500745 ], [ -76.200001895917339, 38.938411809056355 ], [ -76.210218899174322, 38.928210806748702 ], [ -76.217328901154744, 38.932703807927993 ], [ -76.217865901455184, 38.936148807911238 ], [ -76.227257905429965, 38.938132807965253 ], [ -76.247250911004627, 38.936253807150841 ], [ -76.247518910793232, 38.932599806191263 ], [ -76.23705290711591, 38.909947802524286 ], [ -76.237052906217599, 38.904310801035514 ], [ -76.246042908712823, 38.900239799358481 ], [ -76.254630910626844, 38.898986799254814 ], [ -76.257045911792275, 38.902431799874698 ], [ -76.256240912601555, 38.908172801617155 ], [ -76.271536917711387, 38.923100803790668 ], [ -76.272878918100872, 38.930824805124111 ], [ -76.274488919177259, 38.931138805075307 ], [ -76.289925922955788, 38.921461802422158 ], [ -76.293271924606941, 38.917046801746551 ], [ -76.287907922348708, 38.906816799544124 ], [ -76.28777392245442, 38.901805798356889 ], [ -76.275316917035894, 38.897000798346966 ], [ -76.280187919374598, 38.893668797079656 ], [ -76.290723922473816, 38.898465797362611 ], [ -76.305474926887328, 38.893245796544484 ], [ -76.312448928425312, 38.894185796487754 ], [ -76.314342929183809, 38.897757797047333 ] ] ], [ [ [ -76.48852698861333, 38.96736380461698 ], [ -76.492631989424453, 38.955417802230123 ], [ -76.484509986767435, 38.956478803433285 ], [ -76.484527987209106, 38.961670803998508 ], [ -76.478619985876065, 38.966283805700577 ], [ -76.475986985150755, 38.964404805076015 ], [ -76.47641498477293, 38.961632804184418 ], [ -76.480727985098198, 38.960110803441097 ], [ -76.48194798528894, 38.952691802507822 ], [ -76.487024987491992, 38.947049801257151 ], [ -76.507336993807215, 38.956589802451042 ], [ -76.512772996035451, 38.963869804037095 ], [ -76.512819995891121, 38.967611804883859 ], [ -76.51023299519656, 38.9717718045558 ], [ -76.501909992698103, 38.969574804939803 ], [ -76.496383991854799, 38.971719805823412 ], [ -76.499814992996448, 38.972989806009622 ], [ -76.496721991065272, 38.978536807785602 ], [ -76.50404499437937, 38.979259806556598 ], [ -76.497324991487957, 38.982948807643751 ], [ -76.492090990722687, 38.979468807744752 ], [ -76.493201991133475, 38.97827380709888 ], [ -76.489040989347558, 38.976059807224765 ], [ -76.487085988489682, 38.977381807300929 ], [ -76.485893988786344, 38.975120807354472 ], [ -76.485554987954302, 38.972984806246046 ], [ -76.489383989479222, 38.972719806396896 ], [ -76.488438988749792, 38.97089780537096 ], [ -76.490016989140813, 38.970006805688278 ], [ -76.48852698861333, 38.96736380461698 ] ] ], [ [ [ -76.500787993314972, 38.98677980880602 ], [ -76.498640992836471, 38.991768809917701 ], [ -76.488584990136289, 38.994118810811536 ], [ -76.471683983972923, 38.979219808487478 ], [ -76.483837987646126, 38.97680380695806 ], [ -76.489458989822296, 38.983218808058496 ], [ -76.49447899122562, 38.985191808359879 ], [ -76.496649991993607, 38.983135808144098 ], [ -76.500787993314972, 38.98677980880602 ] ] ], [ [ [ -76.500440009330106, 39.263493864934397 ], [ -76.499640009263942, 39.26619286483843 ], [ -76.488343005558306, 39.262007864968801 ], [ -76.486895004863626, 39.258987864575175 ], [ -76.48252900303828, 39.256539863882509 ], [ -76.483760003997972, 39.255291863325695 ], [ -76.479085002376166, 39.254013863989584 ], [ -76.484486003545996, 39.249614862084172 ], [ -76.500440009330106, 39.263493864934397 ] ] ], [ [ [ -76.47920600274999, 39.27676186764419 ], [ -76.472265000823953, 39.272987867846709 ], [ -76.461780996704974, 39.256496864265735 ], [ -76.477486002068744, 39.261114865329212 ], [ -76.480572003428904, 39.272789867398146 ], [ -76.47920600274999, 39.27676186764419 ] ] ], [ [ [ -76.461804999689363, 39.295633872666031 ], [ -76.453612996712167, 39.303235874851488 ], [ -76.454589997228638, 39.304673874321757 ], [ -76.452226996840068, 39.304394874175998 ], [ -76.452266997023031, 39.308540876119842 ], [ -76.454216997858055, 39.309651875967532 ], [ -76.448741996170057, 39.313037876406547 ], [ -76.429183988991937, 39.292597872690187 ], [ -76.430917989916892, 39.291851872459134 ], [ -76.434195989101013, 39.285337870805719 ], [ -76.443483992420411, 39.28081387004034 ], [ -76.455884995965832, 39.281913869655625 ], [ -76.466084999504346, 39.287913870787143 ], [ -76.461804999689363, 39.295633872666031 ] ] ], [ [ [ -76.439396993847581, 39.330021879794366 ], [ -76.42928499017259, 39.32341487949693 ], [ -76.42328498787974, 39.315014878227153 ], [ -76.431683990546176, 39.31481387740704 ], [ -76.438853993699368, 39.320096877901719 ], [ -76.443009995462432, 39.327313879555817 ], [ -76.439396993847581, 39.330021879794366 ] ] ] ] } }
]
}
