{
"type": "FeatureCollection",
"name": "laundry",
"crs": { "type": "name", "properties": { "name": "urn:ogc:def:crs:OGC:1.3:CRS84" } },
"features": [
{ "type": "Feature", "properties": { "name": "Lenox Cleaners", "type": "laundry", "tag": "dry_cleaning", "type_label": "Laundry", "tag_label": "Dry Cleaning", "GEOID20": "24031702604", "grantee": false }, "geometry": { "type": "Point", "coordinates": [ -77.0330646, 38.9935064 ] } },
{ "type": "Feature", "properties": { "name": "Kessler's Cleaners", "type": "laundry", "tag": "laundry", "type_label": "Laundry", "tag_label": "Laundry", "GEOID20": "24031702603", "grantee": false }, "geometry": { "type": "Point", "coordinates": [ -77.0320795, 38.9925465 ] } },
{ "type": "Feature", "properties": { "name": "Seminary Cleaners", "type": "laundry", "tag": "dry_cleaning", "type_label": "Laundry", "tag_label": "Dry Cleaning", "GEOID20": "24031702800", "grantee": false }, "geometry": { "type": "Point", "coordinates": [ -77.0420737, 39.0105894 ] } },
{ "type": "Feature", "properties": { "name": "Eco Cleaners", "type": "laundry", "tag": "dry_cleaning", "type_label": "Laundry", "tag_label": "Dry Cleaning", "GEOID20": "24031701312", "grantee": false }, "geometry": { "type": "Point", "coordinates": [ -77.0686827, 39.1533872 ] } },
{ "type": "Feature", "properties": { "name": "Sargent Cleaners", "type": "laundry", "tag": "dry_cleaning", "type_label": "Laundry", "tag_label": "Dry Cleaning", "GEOID20": "24031701315", "grantee": false }, "geometry": { "type": "Point", "coordinates": [ -77.0646093, 39.1528985 ] } },
{ "type": "Feature", "properties": { "name": "Unnamed dry_cleaning", "type": "laundry", "tag": "dry_cleaning", "type_label": "Laundry", "tag_label": "Dry Cleaning", "GEOID20": "24005492402", "grantee": false }, "geometry": { "type": "Point", "coordinates": [ -76.8100998, 39.4065753 ] } },
{ "type": "Feature", "properties": { "name": "Unnamed dry_cleaning", "type": "laundry", "tag": "dry_cleaning", "type_label": "Laundry", "tag_label": "Dry Cleaning", "GEOID20": "24031703000", "grantee": false }, "geometry": { "type": "Point", "coordinates": [ -77.0186835, 39.016438 ] } },
{ "type": "Feature", "properties": { "name": "Kim's Tailor & Cleaners", "type": "laundry", "tag": "dry_cleaning", "type_label": "Laundry", "tag_label": "Dry Cleaning", "GEOID20": "24031701304", "grantee": false }, "geometry": { "type": "Point", "coordinates": [ -77.0673575, 39.1547097 ] } },
{ "type": "Feature", "properties": { "name": "Colesville Cleaners", "type": "laundry", "tag": "dry_cleaning", "type_label": "Laundry", "tag_label": "Dry Cleaning", "GEOID20": "24031701507", "grantee": false }, "geometry": { "type": "Point", "coordinates": [ -77.0029819, 39.0773401 ] } },
{ "type": "Feature", "properties": { "name": "Dryclean Direct", "type": "laundry", "tag": "dry_cleaning", "type_label": "Laundry", "tag_label": "Dry Cleaning", "GEOID20": "24031702900", "grantee": false }, "geometry": { "type": "Point", "coordinates": [ -77.0395776, 39.0076954 ] } },
{ "type": "Feature", "properties": { "name": "Georgetown Valet", "type": "laundry", "tag": "dry_cleaning", "type_label": "Laundry", "tag_label": "Dry Cleaning", "GEOID20": "24031705501", "grantee": false }, "geometry": { "type": "Point", "coordinates": [ -77.0883865, 38.962187 ] } },
{ "type": "Feature", "properties": { "name": "Montpelier Cleaners", "type": "laundry", "tag": "dry_cleaning", "type_label": "Laundry", "tag_label": "Dry Cleaning", "GEOID20": "24027605105", "grantee": false }, "geometry": { "type": "Point", "coordinates": [ -76.8919227, 39.1604944 ] } },
{ "type": "Feature", "properties": { "name": "Glenmont Cleaners", "type": "laundry", "tag": "dry_cleaning", "type_label": "Laundry", "tag_label": "Dry Cleaning", "GEOID20": "24031703222", "grantee": false }, "geometry": { "type": "Point", "coordinates": [ -77.0493996, 39.0608856 ] } },
{ "type": "Feature", "properties": { "name": "Town Cleaners", "type": "laundry", "tag": "dry_cleaning", "type_label": "Laundry", "tag_label": "Dry Cleaning", "GEOID20": "24031701315", "grantee": false }, "geometry": { "type": "Point", "coordinates": [ -77.061343, 39.152634 ] } },
{ "type": "Feature", "properties": { "name": "Kensington Cleaners", "type": "laundry", "tag": "dry_cleaning", "type_label": "Laundry", "tag_label": "Dry Cleaning", "GEOID20": "24031703601", "grantee": false }, "geometry": { "type": "Point", "coordinates": [ -77.07391, 39.0331815 ] } },
{ "type": "Feature", "properties": { "name": "Dry Cleaning", "type": "laundry", "tag": "laundry", "type_label": "Laundry", "tag_label": "Laundry", "GEOID20": "24005400100", "grantee": false }, "geometry": { "type": "Point", "coordinates": [ -76.6994644, 39.2663027 ] } },
{ "type": "Feature", "properties": { "name": "Drycleaner", "type": "laundry", "tag": "laundry", "type_label": "Laundry", "tag_label": "Laundry", "GEOID20": "24031700105", "grantee": false }, "geometry": { "type": "Point", "coordinates": [ -77.172253, 39.1673309 ] } },
{ "type": "Feature", "properties": { "name": "Zips Dry Cleaning", "type": "laundry", "tag": "dry_cleaning", "type_label": "Laundry", "tag_label": "Dry Cleaning", "GEOID20": "24035811000", "grantee": false }, "geometry": { "type": "Point", "coordinates": [ -76.267578500000013, 38.973369 ] } },
{ "type": "Feature", "properties": { "name": "Natural Cleaners", "type": "laundry", "tag": "dry_cleaning", "type_label": "Laundry", "tag_label": "Dry Cleaning", "GEOID20": "24005403803", "grantee": false }, "geometry": { "type": "Point", "coordinates": [ -76.6877222, 39.384876 ] } },
{ "type": "Feature", "properties": { "name": "Sun Brite Cleaners", "type": "laundry", "tag": "dry_cleaning", "type_label": "Laundry", "tag_label": "Dry Cleaning", "GEOID20": "24003707002", "grantee": false }, "geometry": { "type": "Point", "coordinates": [ -76.5445387, 38.7955661 ] } },
{ "type": "Feature", "properties": { "name": "Kings Valet Cleaners", "type": "laundry", "tag": "laundry", "type_label": "Laundry", "tag_label": "Laundry", "GEOID20": "24005492401", "grantee": false }, "geometry": { "type": "Point", "coordinates": [ -76.8244656, 39.3829395 ] } },
{ "type": "Feature", "properties": { "name": "Zips", "type": "laundry", "tag": "laundry", "type_label": "Laundry", "tag_label": "Laundry", "GEOID20": "24033807102", "grantee": false }, "geometry": { "type": "Point", "coordinates": [ -76.9376099, 38.978269 ] } },
{ "type": "Feature", "properties": { "name": "Surf \"\"N\"\" Suds", "type": "laundry", "tag": "laundry", "type_label": "Laundry", "tag_label": "Laundry", "GEOID20": "24033806100", "grantee": false }, "geometry": { "type": "Point", "coordinates": [ -76.9615406, 38.9557967 ] } },
{ "type": "Feature", "properties": { "name": "Unnamed laundry", "type": "laundry", "tag": "laundry", "type_label": "Laundry", "tag_label": "Laundry", "GEOID20": "24033804900", "grantee": false }, "geometry": { "type": "Point", "coordinates": [ -76.9701049, 38.9519918 ] } },
{ "type": "Feature", "properties": { "name": "Crisp N Clean Laundromat", "type": "laundry", "tag": "laundry", "type_label": "Laundry", "tag_label": "Laundry", "GEOID20": "24047950100", "grantee": false }, "geometry": { "type": "Point", "coordinates": [ -75.0668471, 38.386969 ] } },
{ "type": "Feature", "properties": { "name": "Unnamed dry_cleaning", "type": "laundry", "tag": "dry_cleaning", "type_label": "Laundry", "tag_label": "Dry Cleaning", "GEOID20": "24003750400", "grantee": false }, "geometry": { "type": "Point", "coordinates": [ -76.6550287, 39.2000776 ] } },
{ "type": "Feature", "properties": { "name": "Unnamed dry_cleaning", "type": "laundry", "tag": "dry_cleaning", "type_label": "Laundry", "tag_label": "Dry Cleaning", "GEOID20": "24510250103", "grantee": false }, "geometry": { "type": "Point", "coordinates": [ -76.6756458, 39.2728783 ] } },
{ "type": "Feature", "properties": { "name": "Shady Side Laundrymat", "type": "laundry", "tag": "laundry", "type_label": "Laundry", "tag_label": "Laundry", "GEOID20": "24003707001", "grantee": false }, "geometry": { "type": "Point", "coordinates": [ -76.5121294, 38.8325489 ] } },
{ "type": "Feature", "properties": { "name": "Aspen Hill Laundromat and Cleaners", "type": "laundry", "tag": "laundry", "type_label": "Laundry", "tag_label": "Laundry", "GEOID20": "24031703213", "grantee": false }, "geometry": { "type": "Point", "coordinates": [ -77.0773432, 39.0847812 ] } },
{ "type": "Feature", "properties": { "name": "Fresh Start Laundry Company", "type": "laundry", "tag": "laundry", "type_label": "Laundry", "tag_label": "Laundry", "GEOID20": "24003707002", "grantee": false }, "geometry": { "type": "Point", "coordinates": [ -76.5371875, 38.8045747 ] } },
{ "type": "Feature", "properties": { "name": "Bergman's Dry Cleaners", "type": "laundry", "tag": "dry_cleaning", "type_label": "Laundry", "tag_label": "Dry Cleaning", "GEOID20": "24009860103", "grantee": false }, "geometry": { "type": "Point", "coordinates": [ -76.66244, 38.718651 ] } },
{ "type": "Feature", "properties": { "name": "Zips Dry Cleaning", "type": "laundry", "tag": "dry_cleaning", "type_label": "Laundry", "tag_label": "Dry Cleaning", "GEOID20": "24003740704", "grantee": false }, "geometry": { "type": "Point", "coordinates": [ -76.6979946, 39.0212749 ] } },
{ "type": "Feature", "properties": { "name": "Unnamed laundry", "type": "laundry", "tag": "laundry", "type_label": "Laundry", "tag_label": "Laundry", "GEOID20": "24033805801", "grantee": false }, "geometry": { "type": "Point", "coordinates": [ -76.9705997, 38.9850244 ] } },
{ "type": "Feature", "properties": { "name": "Carousel Cleaners", "type": "laundry", "tag": "dry_cleaning", "type_label": "Laundry", "tag_label": "Dry Cleaning", "GEOID20": "24005490304", "grantee": false }, "geometry": { "type": "Point", "coordinates": [ -76.6077061, 39.4085642 ] } },
{ "type": "Feature", "properties": { "name": "Marcy's Laundry", "type": "laundry", "tag": "laundry", "type_label": "Laundry", "tag_label": "Laundry", "GEOID20": "24043011400", "grantee": false }, "geometry": { "type": "Point", "coordinates": [ -77.6543878, 39.5099395 ] } },
{ "type": "Feature", "properties": { "name": "Super Cleaners USA at Bethesda Row", "type": "laundry", "tag": "dry_cleaning", "type_label": "Laundry", "tag_label": "Dry Cleaning", "GEOID20": "24031704804", "grantee": false }, "geometry": { "type": "Point", "coordinates": [ -77.096652, 38.9825377 ] } },
{ "type": "Feature", "properties": { "name": "TLC Laundry", "type": "laundry", "tag": "laundry", "type_label": "Laundry", "tag_label": "Laundry", "GEOID20": "24005490303", "grantee": false }, "geometry": { "type": "Point", "coordinates": [ -76.6109352, 39.411831 ] } },
{ "type": "Feature", "properties": { "name": "Perry Hall Crossing Dry Cleaners", "type": "laundry", "tag": "dry_cleaning", "type_label": "Laundry", "tag_label": "Dry Cleaning", "GEOID20": "24005411408", "grantee": false }, "geometry": { "type": "Point", "coordinates": [ -76.4879215, 39.3934932 ] } },
{ "type": "Feature", "properties": { "name": "Ultra Clean", "type": "laundry", "tag": "dry_cleaning", "type_label": "Laundry", "tag_label": "Dry Cleaning", "GEOID20": "24037875602", "grantee": false }, "geometry": { "type": "Point", "coordinates": [ -76.5336248, 38.3089014 ] } },
{ "type": "Feature", "properties": { "name": "Unnamed dry_cleaning", "type": "laundry", "tag": "dry_cleaning", "type_label": "Laundry", "tag_label": "Dry Cleaning", "GEOID20": "24005408100", "grantee": false }, "geometry": { "type": "Point", "coordinates": [ -76.6422999, 39.5113737 ] } },
{ "type": "Feature", "properties": { "name": "Ashland Cleaners & Tailor", "type": "laundry", "tag": "dry_cleaning", "type_label": "Laundry", "tag_label": "Dry Cleaning", "GEOID20": "24005408900", "grantee": false }, "geometry": { "type": "Point", "coordinates": [ -76.648348, 39.4923663 ] } },
{ "type": "Feature", "properties": { "name": "Cleaners", "type": "laundry", "tag": "dry_cleaning", "type_label": "Laundry", "tag_label": "Dry Cleaning", "GEOID20": "24005408304", "grantee": false }, "geometry": { "type": "Point", "coordinates": [ -76.6643991, 39.4584216 ] } },
{ "type": "Feature", "properties": { "name": "Unnamed dry_cleaning", "type": "laundry", "tag": "dry_cleaning", "type_label": "Laundry", "tag_label": "Dry Cleaning", "GEOID20": "24005408601", "grantee": false }, "geometry": { "type": "Point", "coordinates": [ -76.6214345, 39.4319701 ] } },
{ "type": "Feature", "properties": { "name": "Charles Cleaners", "type": "laundry", "tag": "dry_cleaning", "type_label": "Laundry", "tag_label": "Dry Cleaning", "GEOID20": "24005408702", "grantee": false }, "geometry": { "type": "Point", "coordinates": [ -76.6446351, 39.4105051 ] } },
{ "type": "Feature", "properties": { "name": "AW Cleaners", "type": "laundry", "tag": "dry_cleaning", "type_label": "Laundry", "tag_label": "Dry Cleaning", "GEOID20": "24005410200", "grantee": false }, "geometry": { "type": "Point", "coordinates": [ -76.5586327, 39.5156433 ] } },
{ "type": "Feature", "properties": { "name": "Glyndon Lord Baltimore Cleaners", "type": "laundry", "tag": "dry_cleaning", "type_label": "Laundry", "tag_label": "Dry Cleaning", "GEOID20": "24005404402", "grantee": false }, "geometry": { "type": "Point", "coordinates": [ -76.819514, 39.4762035 ] } },
{ "type": "Feature", "properties": { "name": "Cleaners Plus", "type": "laundry", "tag": "dry_cleaning", "type_label": "Laundry", "tag_label": "Dry Cleaning", "GEOID20": "24005411309", "grantee": false }, "geometry": { "type": "Point", "coordinates": [ -76.4428084, 39.4046955 ] } },
{ "type": "Feature", "properties": { "name": "DryClean 4 Less", "type": "laundry", "tag": "dry_cleaning", "type_label": "Laundry", "tag_label": "Dry Cleaning", "GEOID20": "24005411408", "grantee": false }, "geometry": { "type": "Point", "coordinates": [ -76.4914365, 39.3899212 ] } },
{ "type": "Feature", "properties": { "name": "Unnamed dry_cleaning", "type": "laundry", "tag": "dry_cleaning", "type_label": "Laundry", "tag_label": "Dry Cleaning", "GEOID20": "24005411406", "grantee": false }, "geometry": { "type": "Point", "coordinates": [ -76.4636096, 39.4148262 ] } },
{ "type": "Feature", "properties": { "name": "Fluf 'n Fold", "type": "laundry", "tag": "laundry", "type_label": "Laundry", "tag_label": "Laundry", "GEOID20": "24005411406", "grantee": false }, "geometry": { "type": "Point", "coordinates": [ -76.4621669, 39.4147488 ] } },
{ "type": "Feature", "properties": { "name": "Happy Cleaners", "type": "laundry", "tag": "dry_cleaning", "type_label": "Laundry", "tag_label": "Dry Cleaning", "GEOID20": "24005411406", "grantee": false }, "geometry": { "type": "Point", "coordinates": [ -76.4604843, 39.4161593 ] } },
{ "type": "Feature", "properties": { "name": "ZIPS Dry Cleaner", "type": "laundry", "tag": "dry_cleaning", "type_label": "Laundry", "tag_label": "Dry Cleaning", "GEOID20": "24005491500", "grantee": false }, "geometry": { "type": "Point", "coordinates": [ -76.5752533, 39.3854076 ] } },
{ "type": "Feature", "properties": { "name": "Betty Brite Cleaners", "type": "laundry", "tag": "dry_cleaning", "type_label": "Laundry", "tag_label": "Dry Cleaning", "GEOID20": "24005491701", "grantee": false }, "geometry": { "type": "Point", "coordinates": [ -76.551256, 39.4006209 ] } },
{ "type": "Feature", "properties": { "name": "Unnamed laundry", "type": "laundry", "tag": "laundry", "type_label": "Laundry", "tag_label": "Laundry", "GEOID20": "24005492102", "grantee": false }, "geometry": { "type": "Point", "coordinates": [ -76.5649859, 39.3724938 ] } },
{ "type": "Feature", "properties": { "name": "Dry Cleaners", "type": "laundry", "tag": "dry_cleaning", "type_label": "Laundry", "tag_label": "Dry Cleaning", "GEOID20": "24005491401", "grantee": false }, "geometry": { "type": "Point", "coordinates": [ -76.5763726, 39.3834524 ] } },
{ "type": "Feature", "properties": { "name": "Sparks Cleaners", "type": "laundry", "tag": "dry_cleaning", "type_label": "Laundry", "tag_label": "Dry Cleaning", "GEOID20": "24005490602", "grantee": false }, "geometry": { "type": "Point", "coordinates": [ -76.6076598, 39.3832054 ] } },
{ "type": "Feature", "properties": { "name": "Mount Washington Dry Cleaners & Tailors", "type": "laundry", "tag": "dry_cleaning", "type_label": "Laundry", "tag_label": "Dry Cleaning", "GEOID20": "24005490500", "grantee": false }, "geometry": { "type": "Point", "coordinates": [ -76.6446268, 39.3977983 ] } },
{ "type": "Feature", "properties": { "name": "Towson Cleaners", "type": "laundry", "tag": "dry_cleaning", "type_label": "Laundry", "tag_label": "Dry Cleaning", "GEOID20": "24005491201", "grantee": false }, "geometry": { "type": "Point", "coordinates": [ -76.5636038, 39.3953663 ] } },
{ "type": "Feature", "properties": { "name": "Parkville Laundromat", "type": "laundry", "tag": "laundry", "type_label": "Laundry", "tag_label": "Laundry", "GEOID20": "24005491701", "grantee": false }, "geometry": { "type": "Point", "coordinates": [ -76.5435685, 39.4011567 ] } },
{ "type": "Feature", "properties": { "name": "Ruxton Cleaners", "type": "laundry", "tag": "dry_cleaning", "type_label": "Laundry", "tag_label": "Dry Cleaning", "GEOID20": "24005490304", "grantee": false }, "geometry": { "type": "Point", "coordinates": [ -76.6068922, 39.4076108 ] } },
{ "type": "Feature", "properties": { "name": "Dry Cleaners", "type": "laundry", "tag": "dry_cleaning", "type_label": "Laundry", "tag_label": "Dry Cleaning", "GEOID20": "24005491300", "grantee": false }, "geometry": { "type": "Point", "coordinates": [ -76.579204, 39.3851435 ] } },
{ "type": "Feature", "properties": { "name": "Laundromat", "type": "laundry", "tag": "laundry", "type_label": "Laundry", "tag_label": "Laundry", "GEOID20": "24005491300", "grantee": false }, "geometry": { "type": "Point", "coordinates": [ -76.5786582, 39.3839612 ] } },
{ "type": "Feature", "properties": { "name": "Tropix Laundromat", "type": "laundry", "tag": "laundry", "type_label": "Laundry", "tag_label": "Laundry", "GEOID20": "24005451100", "grantee": false }, "geometry": { "type": "Point", "coordinates": [ -76.4375189, 39.2986885 ] } },
{ "type": "Feature", "properties": { "name": "Unnamed dry_cleaning", "type": "laundry", "tag": "dry_cleaning", "type_label": "Laundry", "tag_label": "Dry Cleaning", "GEOID20": "24005451802", "grantee": false }, "geometry": { "type": "Point", "coordinates": [ -76.3992189, 39.3359668 ] } },
{ "type": "Feature", "properties": { "name": "Golden Ring Dry Cleaners", "type": "laundry", "tag": "dry_cleaning", "type_label": "Laundry", "tag_label": "Dry Cleaning", "GEOID20": "24005451500", "grantee": false }, "geometry": { "type": "Point", "coordinates": [ -76.4401846, 39.3272661 ] } },
{ "type": "Feature", "properties": { "name": "Big Laundromat Lavanderia", "type": "laundry", "tag": "laundry", "type_label": "Laundry", "tag_label": "Laundry", "GEOID20": "24005450300", "grantee": false }, "geometry": { "type": "Point", "coordinates": [ -76.4772795, 39.308133 ] } },
{ "type": "Feature", "properties": { "name": "Country Laundry", "type": "laundry", "tag": "laundry", "type_label": "Laundry", "tag_label": "Laundry", "GEOID20": "24005451200", "grantee": false }, "geometry": { "type": "Point", "coordinates": [ -76.4871544, 39.3383495 ] } },
{ "type": "Feature", "properties": { "name": "Cleaners", "type": "laundry", "tag": "dry_cleaning", "type_label": "Laundry", "tag_label": "Dry Cleaning", "GEOID20": "24005451200", "grantee": false }, "geometry": { "type": "Point", "coordinates": [ -76.4866218, 39.3377576 ] } },
{ "type": "Feature", "properties": { "name": "Lavandería La Bendicion", "type": "laundry", "tag": "laundry", "type_label": "Laundry", "tag_label": "Laundry", "GEOID20": "24005451701", "grantee": false }, "geometry": { "type": "Point", "coordinates": [ -76.4501588, 39.3490908 ] } },
{ "type": "Feature", "properties": { "name": "Coin Laundry", "type": "laundry", "tag": "laundry", "type_label": "Laundry", "tag_label": "Laundry", "GEOID20": "24005441102", "grantee": false }, "geometry": { "type": "Point", "coordinates": [ -76.5184348, 39.3297815 ] } },
{ "type": "Feature", "properties": { "name": "Cleaners", "type": "laundry", "tag": "dry_cleaning", "type_label": "Laundry", "tag_label": "Dry Cleaning", "GEOID20": "24005441102", "grantee": false }, "geometry": { "type": "Point", "coordinates": [ -76.5187163, 39.3298474 ] } },
{ "type": "Feature", "properties": { "name": "Roh's Cleaners", "type": "laundry", "tag": "dry_cleaning", "type_label": "Laundry", "tag_label": "Dry Cleaning", "GEOID20": "24005420303", "grantee": false }, "geometry": { "type": "Point", "coordinates": [ -76.5024984, 39.2701022 ] } },
{ "type": "Feature", "properties": { "name": "Unnamed dry_cleaning", "type": "laundry", "tag": "dry_cleaning", "type_label": "Laundry", "tag_label": "Dry Cleaning", "GEOID20": "24005401504", "grantee": false }, "geometry": { "type": "Point", "coordinates": [ -76.7638681, 39.2880919 ] } },
{ "type": "Feature", "properties": { "name": "Unnamed dry_cleaning", "type": "laundry", "tag": "dry_cleaning", "type_label": "Laundry", "tag_label": "Dry Cleaning", "GEOID20": "24005401507", "grantee": false }, "geometry": { "type": "Point", "coordinates": [ -76.757734, 39.3133244 ] } },
{ "type": "Feature", "properties": { "name": "Cleaners", "type": "laundry", "tag": "dry_cleaning", "type_label": "Laundry", "tag_label": "Dry Cleaning", "GEOID20": "24510010400", "grantee": false }, "geometry": { "type": "Point", "coordinates": [ -76.5831382, 39.282618 ] } },
{ "type": "Feature", "properties": { "name": "Dry Clean Direct", "type": "laundry", "tag": "dry_cleaning", "type_label": "Laundry", "tag_label": "Dry Cleaning", "GEOID20": "24031701408", "grantee": false }, "geometry": { "type": "Point", "coordinates": [ -76.9335814, 39.11301910000001 ] } },
{ "type": "Feature", "properties": { "name": "Unnamed laundry", "type": "laundry", "tag": "laundry", "type_label": "Laundry", "tag_label": "Laundry", "GEOID20": "24021750801", "grantee": false }, "geometry": { "type": "Point", "coordinates": [ -77.4110382, 39.4322731 ] } },
{ "type": "Feature", "properties": { "name": "Zips Dry Cleaning", "type": "laundry", "tag": "dry_cleaning", "type_label": "Laundry", "tag_label": "Dry Cleaning", "GEOID20": "24031701425", "grantee": false }, "geometry": { "type": "Point", "coordinates": [ -76.96746060000001, 39.0560239 ] } },
{ "type": "Feature", "properties": { "name": "Calvert Cleaners and Tailoring", "type": "laundry", "tag": "dry_cleaning", "type_label": "Laundry", "tag_label": "Dry Cleaning", "GEOID20": "24009860701", "grantee": false }, "geometry": { "type": "Point", "coordinates": [ -76.6001974, 38.5562301 ] } },
{ "type": "Feature", "properties": { "name": "Unnamed laundry", "type": "laundry", "tag": "laundry", "type_label": "Laundry", "tag_label": "Laundry", "GEOID20": "24009860403", "grantee": false }, "geometry": { "type": "Point", "coordinates": [ -76.5353708, 38.6925041 ] } },
{ "type": "Feature", "properties": { "name": "Big Laundromat", "type": "laundry", "tag": "laundry", "type_label": "Laundry", "tag_label": "Laundry", "GEOID20": "24510260900", "grantee": false }, "geometry": { "type": "Point", "coordinates": [ -76.5658115, 39.28679 ] } },
{ "type": "Feature", "properties": { "name": "Sudsville", "type": "laundry", "tag": "laundry", "type_label": "Laundry", "tag_label": "Laundry", "GEOID20": "24510090400", "grantee": true }, "geometry": { "type": "Point", "coordinates": [ -76.6091213, 39.3246801 ] } },
{ "type": "Feature", "properties": { "name": "Zips Dry Cleaning", "type": "laundry", "tag": "dry_cleaning", "type_label": "Laundry", "tag_label": "Dry Cleaning", "GEOID20": "24510020300", "grantee": false }, "geometry": { "type": "Point", "coordinates": [ -76.5984383, 39.2852126 ] } },
{ "type": "Feature", "properties": { "name": "Harbor East Cleaners", "type": "laundry", "tag": "dry_cleaning", "type_label": "Laundry", "tag_label": "Dry Cleaning", "GEOID20": "24510030200", "grantee": false }, "geometry": { "type": "Point", "coordinates": [ -76.6000394, 39.2835288 ] } },
{ "type": "Feature", "properties": { "name": "SK Cleaners", "type": "laundry", "tag": "dry_cleaning", "type_label": "Laundry", "tag_label": "Dry Cleaning", "GEOID20": "24510010100", "grantee": false }, "geometry": { "type": "Point", "coordinates": [ -76.5756948, 39.2799343 ] } },
{ "type": "Feature", "properties": { "name": "Chanan's Laundromat", "type": "laundry", "tag": "laundry", "type_label": "Laundry", "tag_label": "Laundry", "GEOID20": "24510260501", "grantee": false }, "geometry": { "type": "Point", "coordinates": [ -76.5383849, 39.2880653 ] } },
{ "type": "Feature", "properties": { "name": "Unnamed dry_cleaning", "type": "laundry", "tag": "dry_cleaning", "type_label": "Laundry", "tag_label": "Dry Cleaning", "GEOID20": "24027602202", "grantee": false }, "geometry": { "type": "Point", "coordinates": [ -76.8252263, 39.2777329 ] } },
{ "type": "Feature", "properties": { "name": "Village Tailor and Cleaners", "type": "laundry", "tag": "dry_cleaning", "type_label": "Laundry", "tag_label": "Dry Cleaning", "GEOID20": "24009860703", "grantee": false }, "geometry": { "type": "Point", "coordinates": [ -76.5841725, 38.5335613 ] } },
{ "type": "Feature", "properties": { "name": "Unnamed dry_cleaning", "type": "laundry", "tag": "dry_cleaning", "type_label": "Laundry", "tag_label": "Dry Cleaning", "GEOID20": "24017850706", "grantee": false }, "geometry": { "type": "Point", "coordinates": [ -76.955746, 38.6480943 ] } },
{ "type": "Feature", "properties": { "name": "Unnamed laundry", "type": "laundry", "tag": "laundry", "type_label": "Laundry", "tag_label": "Laundry", "GEOID20": "24003750900", "grantee": false }, "geometry": { "type": "Point", "coordinates": [ -76.6262385, 39.1658615 ] } },
{ "type": "Feature", "properties": { "name": "Preserve Cleaners", "type": "laundry", "tag": "dry_cleaning", "type_label": "Laundry", "tag_label": "Dry Cleaning", "GEOID20": "24003740107", "grantee": false }, "geometry": { "type": "Point", "coordinates": [ -76.7419485, 39.1550252 ] } },
{ "type": "Feature", "properties": { "name": "Towne Square Cleaners", "type": "laundry", "tag": "dry_cleaning", "type_label": "Laundry", "tag_label": "Dry Cleaning", "GEOID20": "24027603004", "grantee": false }, "geometry": { "type": "Point", "coordinates": [ -76.8972776, 39.2975551 ] } },
{ "type": "Feature", "properties": { "name": "Cleaners", "type": "laundry", "tag": "dry_cleaning", "type_label": "Laundry", "tag_label": "Dry Cleaning", "GEOID20": "24510130700", "grantee": false }, "geometry": { "type": "Point", "coordinates": [ -76.6345734, 39.3377517 ] } },
{ "type": "Feature", "properties": { "name": "The Village Washtub", "type": "laundry", "tag": "laundry", "type_label": "Laundry", "tag_label": "Laundry", "GEOID20": "24510280401", "grantee": false }, "geometry": { "type": "Point", "coordinates": [ -76.6902282, 39.2942681 ] } },
{ "type": "Feature", "properties": { "name": "Town Cleaners", "type": "laundry", "tag": "dry_cleaning", "type_label": "Laundry", "tag_label": "Dry Cleaning", "GEOID20": "24037875400", "grantee": false }, "geometry": { "type": "Point", "coordinates": [ -76.6350295, 38.291258 ] } },
{ "type": "Feature", "properties": { "name": "Global Cleaners", "type": "laundry", "tag": "dry_cleaning", "type_label": "Laundry", "tag_label": "Dry Cleaning", "GEOID20": "24031701222", "grantee": false }, "geometry": { "type": "Point", "coordinates": [ -77.111714, 39.0431554 ] } },
{ "type": "Feature", "properties": { "name": "Unnamed dry_cleaning", "type": "laundry", "tag": "dry_cleaning", "type_label": "Laundry", "tag_label": "Dry Cleaning", "GEOID20": "24027604003", "grantee": false }, "geometry": { "type": "Point", "coordinates": [ -77.0198475, 39.3033791 ] } },
{ "type": "Feature", "properties": { "name": "Amber Meadow Cleaners", "type": "laundry", "tag": "dry_cleaning", "type_label": "Laundry", "tag_label": "Dry Cleaning", "GEOID20": "24021750701", "grantee": false }, "geometry": { "type": "Point", "coordinates": [ -77.4075315, 39.4412853 ] } },
{ "type": "Feature", "properties": { "name": "Crest Advanced Dry Cleaners", "type": "laundry", "tag": "dry_cleaning", "type_label": "Laundry", "tag_label": "Dry Cleaning", "GEOID20": "24031701221", "grantee": false }, "geometry": { "type": "Point", "coordinates": [ -77.2020891, 39.0911482 ] } },
{ "type": "Feature", "properties": { "name": "Unnamed dry_cleaning", "type": "laundry", "tag": "dry_cleaning", "type_label": "Laundry", "tag_label": "Dry Cleaning", "GEOID20": "24031700316", "grantee": false }, "geometry": { "type": "Point", "coordinates": [ -77.2762137, 39.2380911 ] } },
{ "type": "Feature", "properties": { "name": "Riverside Cleaners", "type": "laundry", "tag": "dry_cleaning", "type_label": "Laundry", "tag_label": "Dry Cleaning", "GEOID20": "24510240300", "grantee": false }, "geometry": { "type": "Point", "coordinates": [ -76.6084553, 39.2729558 ] } },
{ "type": "Feature", "properties": { "name": "Zips Dry Cleaning", "type": "laundry", "tag": "dry_cleaning", "type_label": "Laundry", "tag_label": "Dry Cleaning", "GEOID20": "24027605602", "grantee": false }, "geometry": { "type": "Point", "coordinates": [ -76.8737297, 39.2141302 ] } },
{ "type": "Feature", "properties": { "name": "Metro Cleaners", "type": "laundry", "tag": "dry_cleaning", "type_label": "Laundry", "tag_label": "Dry Cleaning", "GEOID20": "24005408900", "grantee": false }, "geometry": { "type": "Point", "coordinates": [ -76.6469106, 39.4914632 ] } },
{ "type": "Feature", "properties": { "name": "Jasmine Cleaners", "type": "laundry", "tag": "dry_cleaning", "type_label": "Laundry", "tag_label": "Dry Cleaning", "GEOID20": "24003702601", "grantee": false }, "geometry": { "type": "Point", "coordinates": [ -76.4936112, 38.9496224 ] } },
{ "type": "Feature", "properties": { "name": "Bay Ridge Laundromat", "type": "laundry", "tag": "laundry", "type_label": "Laundry", "tag_label": "Laundry", "GEOID20": "24003702601", "grantee": false }, "geometry": { "type": "Point", "coordinates": [ -76.4935046, 38.94947040000001 ] } },
{ "type": "Feature", "properties": { "name": "Bless Cleaners", "type": "laundry", "tag": "dry_cleaning", "type_label": "Laundry", "tag_label": "Dry Cleaning", "GEOID20": "24003702602", "grantee": false }, "geometry": { "type": "Point", "coordinates": [ -76.4902245, 38.9485342 ] } },
{ "type": "Feature", "properties": { "name": "Zips Dry Cleaning", "type": "laundry", "tag": "dry_cleaning", "type_label": "Laundry", "tag_label": "Dry Cleaning", "GEOID20": "24003706500", "grantee": false }, "geometry": { "type": "Point", "coordinates": [ -76.5287129, 38.9809067 ] } },
{ "type": "Feature", "properties": { "name": "Annapolis Fast Laundry", "type": "laundry", "tag": "laundry", "type_label": "Laundry", "tag_label": "Laundry", "GEOID20": "24003706500", "grantee": false }, "geometry": { "type": "Point", "coordinates": [ -76.524329, 38.9739664 ] } },
{ "type": "Feature", "properties": { "name": "Bergman Cleaners & Tailors", "type": "laundry", "tag": "dry_cleaning", "type_label": "Laundry", "tag_label": "Dry Cleaning", "GEOID20": "24003731003", "grantee": false }, "geometry": { "type": "Point", "coordinates": [ -76.4391493, 39.0391085 ] } },
{ "type": "Feature", "properties": { "name": "Severn Dry Cleaners", "type": "laundry", "tag": "dry_cleaning", "type_label": "Laundry", "tag_label": "Dry Cleaning", "GEOID20": "24003740103", "grantee": false }, "geometry": { "type": "Point", "coordinates": [ -76.7367484, 39.1306463 ] } },
{ "type": "Feature", "properties": { "name": "Dry Cleaning Express", "type": "laundry", "tag": "dry_cleaning", "type_label": "Laundry", "tag_label": "Dry Cleaning", "GEOID20": "24510040100", "grantee": false }, "geometry": { "type": "Point", "coordinates": [ -76.6157642, 39.2920018 ] } },
{ "type": "Feature", "properties": { "name": "Top Flight Cleaners", "type": "laundry", "tag": "dry_cleaning", "type_label": "Laundry", "tag_label": "Dry Cleaning", "GEOID20": "24033801904", "grantee": false }, "geometry": { "type": "Point", "coordinates": [ -76.8923215, 38.818783 ] } },
{ "type": "Feature", "properties": { "name": "Sammy Laundry", "type": "laundry", "tag": "laundry", "type_label": "Laundry", "tag_label": "Laundry", "GEOID20": "24033801904", "grantee": false }, "geometry": { "type": "Point", "coordinates": [ -76.8960696, 38.8147696 ] } },
{ "type": "Feature", "properties": { "name": "Cleaners", "type": "laundry", "tag": "dry_cleaning", "type_label": "Laundry", "tag_label": "Dry Cleaning", "GEOID20": "24510271200", "grantee": false }, "geometry": { "type": "Point", "coordinates": [ -76.6104454, 39.3714312 ] } },
{ "type": "Feature", "properties": { "name": "Remington Cleaners", "type": "laundry", "tag": "dry_cleaning", "type_label": "Laundry", "tag_label": "Dry Cleaning", "GEOID20": "24510120700", "grantee": false }, "geometry": { "type": "Point", "coordinates": [ -76.6211621, 39.3206526 ] } },
{ "type": "Feature", "properties": { "name": "Callahans Laundry", "type": "laundry", "tag": "laundry", "type_label": "Laundry", "tag_label": "Laundry", "GEOID20": "24035810400", "grantee": false }, "geometry": { "type": "Point", "coordinates": [ -76.0646705, 39.0440326 ] } },
{ "type": "Feature", "properties": { "name": "Cleaners 4 Less", "type": "laundry", "tag": "dry_cleaning", "type_label": "Laundry", "tag_label": "Dry Cleaning", "GEOID20": "24025301202", "grantee": false }, "geometry": { "type": "Point", "coordinates": [ -76.3264144, 39.4984299 ] } },
{ "type": "Feature", "properties": { "name": "Unnamed laundry", "type": "laundry", "tag": "laundry", "type_label": "Laundry", "tag_label": "Laundry", "GEOID20": "24021775400", "grantee": false }, "geometry": { "type": "Point", "coordinates": [ -77.6233697, 39.3234277 ] } },
{ "type": "Feature", "properties": { "name": "Spot Out Cleaners", "type": "laundry", "tag": "dry_cleaning", "type_label": "Laundry", "tag_label": "Dry Cleaning", "GEOID20": "24009860702", "grantee": false }, "geometry": { "type": "Point", "coordinates": [ -76.5930834, 38.5535146 ] } },
{ "type": "Feature", "properties": { "name": "Station Cleaners", "type": "laundry", "tag": "dry_cleaning", "type_label": "Laundry", "tag_label": "Dry Cleaning", "GEOID20": "24003740900", "grantee": false }, "geometry": { "type": "Point", "coordinates": [ -76.7004885, 39.0842118 ] } },
{ "type": "Feature", "properties": { "name": "Covenant Cleaners", "type": "laundry", "tag": "dry_cleaning", "type_label": "Laundry", "tag_label": "Dry Cleaning", "GEOID20": "24005408704", "grantee": false }, "geometry": { "type": "Point", "coordinates": [ -76.6683475, 39.4199021 ] } },
{ "type": "Feature", "properties": { "name": "Reliable Cleaners", "type": "laundry", "tag": "dry_cleaning", "type_label": "Laundry", "tag_label": "Dry Cleaning", "GEOID20": "24031702301", "grantee": true }, "geometry": { "type": "Point", "coordinates": [ -77.0040947, 38.9991271 ] } },
{ "type": "Feature", "properties": { "name": "American laundromat", "type": "laundry", "tag": "laundry", "type_label": "Laundry", "tag_label": "Laundry", "GEOID20": "24510030200", "grantee": false }, "geometry": { "type": "Point", "coordinates": [ -76.6007818, 39.2853934 ] } },
{ "type": "Feature", "properties": { "name": "Cleaners Lobby Shop", "type": "laundry", "tag": "dry_cleaning", "type_label": "Laundry", "tag_label": "Dry Cleaning", "GEOID20": "24510040100", "grantee": false }, "geometry": { "type": "Point", "coordinates": [ -76.6121734, 39.2913037 ] } },
{ "type": "Feature", "properties": { "name": "Sunny Dry Cleaners", "type": "laundry", "tag": "dry_cleaning", "type_label": "Laundry", "tag_label": "Dry Cleaning", "GEOID20": "24025301105", "grantee": false }, "geometry": { "type": "Point", "coordinates": [ -76.3097587, 39.4794785 ] } },
{ "type": "Feature", "properties": { "name": "Clean Spin Laundromat", "type": "laundry", "tag": "laundry", "type_label": "Laundry", "tag_label": "Laundry", "GEOID20": "24037875400", "grantee": false }, "geometry": { "type": "Point", "coordinates": [ -76.6602804, 38.3043257 ] } },
{ "type": "Feature", "properties": { "name": "Love Cleaners", "type": "laundry", "tag": "dry_cleaning", "type_label": "Laundry", "tag_label": "Dry Cleaning", "GEOID20": "24027606804", "grantee": false }, "geometry": { "type": "Point", "coordinates": [ -76.8493906, 39.1618083 ] } },
{ "type": "Feature", "properties": { "name": "Crownsville Cleaners", "type": "laundry", "tag": "dry_cleaning", "type_label": "Laundry", "tag_label": "Dry Cleaning", "GEOID20": "24003702100", "grantee": false }, "geometry": { "type": "Point", "coordinates": [ -76.6035302, 39.0305877 ] } },
{ "type": "Feature", "properties": { "name": "Family Cleaners", "type": "laundry", "tag": "dry_cleaning", "type_label": "Laundry", "tag_label": "Dry Cleaning", "GEOID20": "24021751801", "grantee": false }, "geometry": { "type": "Point", "coordinates": [ -77.2584049, 39.3837774 ] } },
{ "type": "Feature", "properties": { "name": "Unnamed dry_cleaning", "type": "laundry", "tag": "dry_cleaning", "type_label": "Laundry", "tag_label": "Dry Cleaning", "GEOID20": "24021751801", "grantee": false }, "geometry": { "type": "Point", "coordinates": [ -77.2582221, 39.38596 ] } },
{ "type": "Feature", "properties": { "name": "Town Center Cleaners", "type": "laundry", "tag": "dry_cleaning", "type_label": "Laundry", "tag_label": "Dry Cleaning", "GEOID20": "24009860103", "grantee": false }, "geometry": { "type": "Point", "coordinates": [ -76.657342, 38.7245248 ] } },
{ "type": "Feature", "properties": { "name": "Speedy Cleaners", "type": "laundry", "tag": "dry_cleaning", "type_label": "Laundry", "tag_label": "Dry Cleaning", "GEOID20": "24003751200", "grantee": false }, "geometry": { "type": "Point", "coordinates": [ -76.6649622, 39.2243688 ] } },
{ "type": "Feature", "properties": { "name": "Zips Dry Cleaning", "type": "laundry", "tag": "dry_cleaning", "type_label": "Laundry", "tag_label": "Dry Cleaning", "GEOID20": "24027605105", "grantee": false }, "geometry": { "type": "Point", "coordinates": [ -76.9006253, 39.1465655 ] } },
{ "type": "Feature", "properties": { "name": "Unnamed laundry", "type": "laundry", "tag": "laundry", "type_label": "Laundry", "tag_label": "Laundry", "GEOID20": "24031702604", "grantee": false }, "geometry": { "type": "Point", "coordinates": [ -77.0347971, 38.9954677 ] } },
{ "type": "Feature", "properties": { "name": "Fluf 'n Fold", "type": "laundry", "tag": "laundry", "type_label": "Laundry", "tag_label": "Laundry", "GEOID20": "24025306100", "grantee": false }, "geometry": { "type": "Point", "coordinates": [ -76.1006683, 39.5524269 ] } },
{ "type": "Feature", "properties": { "name": "Prestige Cleaners", "type": "laundry", "tag": "dry_cleaning", "type_label": "Laundry", "tag_label": "Dry Cleaning", "GEOID20": "24031701205", "grantee": false }, "geometry": { "type": "Point", "coordinates": [ -77.1273173, 39.0258364 ] } },
{ "type": "Feature", "properties": { "name": "Sudsville Laundry", "type": "laundry", "tag": "laundry", "type_label": "Laundry", "tag_label": "Laundry", "GEOID20": "24510272007", "grantee": false }, "geometry": { "type": "Point", "coordinates": [ -76.7108165, 39.3629355 ] } },
{ "type": "Feature", "properties": { "name": "Sunflower Cleaners", "type": "laundry", "tag": "dry_cleaning", "type_label": "Laundry", "tag_label": "Dry Cleaning", "GEOID20": "24009860702", "grantee": false }, "geometry": { "type": "Point", "coordinates": [ -76.5876765, 38.5447711 ] } },
{ "type": "Feature", "properties": { "name": "Falkland Chase North Laundry Room", "type": "laundry", "tag": "laundry", "type_label": "Laundry", "tag_label": "Laundry", "GEOID20": "24031702604", "grantee": false }, "geometry": { "type": "Point", "coordinates": [ -77.0347915, 38.9954047 ] } },
{ "type": "Feature", "properties": { "name": "Village Cleaners", "type": "laundry", "tag": "dry_cleaning", "type_label": "Laundry", "tag_label": "Dry Cleaning", "GEOID20": "24003740108", "grantee": false }, "geometry": { "type": "Point", "coordinates": [ -76.7235953, 39.1520391 ] } },
{ "type": "Feature", "properties": { "name": "Unnamed dry_cleaning", "type": "laundry", "tag": "dry_cleaning", "type_label": "Laundry", "tag_label": "Dry Cleaning", "GEOID20": "24033803514", "grantee": false }, "geometry": { "type": "Point", "coordinates": [ -76.8289449, 38.906157 ] } },
{ "type": "Feature", "properties": { "name": "Super Clean Laundromat", "type": "laundry", "tag": "laundry", "type_label": "Laundry", "tag_label": "Laundry", "GEOID20": "24033805201", "grantee": false }, "geometry": { "type": "Point", "coordinates": [ -76.9992451, 38.9690832 ] } },
{ "type": "Feature", "properties": { "name": "Unnamed laundry", "type": "laundry", "tag": "laundry", "type_label": "Laundry", "tag_label": "Laundry", "GEOID20": "24033806501", "grantee": false }, "geometry": { "type": "Point", "coordinates": [ -76.9204953, 38.9586949 ] } },
{ "type": "Feature", "properties": { "name": "Dunkirk Cleaners", "type": "laundry", "tag": "dry_cleaning", "type_label": "Laundry", "tag_label": "Dry Cleaning", "GEOID20": "24009860103", "grantee": false }, "geometry": { "type": "Point", "coordinates": [ -76.6625684, 38.7194873 ] } },
{ "type": "Feature", "properties": { "name": "40 West Dry Cleaners", "type": "laundry", "tag": "dry_cleaning", "type_label": "Laundry", "tag_label": "Dry Cleaning", "GEOID20": "24027602900", "grantee": false }, "geometry": { "type": "Point", "coordinates": [ -76.8057309, 39.2848038 ] } },
{ "type": "Feature", "properties": { "name": "Jarrettsville Cleaners", "type": "laundry", "tag": "dry_cleaning", "type_label": "Laundry", "tag_label": "Dry Cleaning", "GEOID20": "24025304202", "grantee": false }, "geometry": { "type": "Point", "coordinates": [ -76.4775146, 39.6054775 ] } },
{ "type": "Feature", "properties": { "name": "Unnamed dry_cleaning", "type": "laundry", "tag": "dry_cleaning", "type_label": "Laundry", "tag_label": "Dry Cleaning", "GEOID20": "24027606708", "grantee": false }, "geometry": { "type": "Point", "coordinates": [ -76.8427421, 39.177561 ] } },
{ "type": "Feature", "properties": { "name": "Super Laundromat & Dry Cleaners", "type": "laundry", "tag": "dry_cleaning", "type_label": "Laundry", "tag_label": "Dry Cleaning", "GEOID20": "24510120202", "grantee": false }, "geometry": { "type": "Point", "coordinates": [ -76.6157385, 39.3263551 ] } },
{ "type": "Feature", "properties": { "name": "Noble Cleaners", "type": "laundry", "tag": "dry_cleaning", "type_label": "Laundry", "tag_label": "Dry Cleaning", "GEOID20": "24025301205", "grantee": false }, "geometry": { "type": "Point", "coordinates": [ -76.3132842, 39.4667439 ] } },
{ "type": "Feature", "properties": { "name": "Zips Dry Cleaners", "type": "laundry", "tag": "dry_cleaning", "type_label": "Laundry", "tag_label": "Dry Cleaning", "GEOID20": "24005450400", "grantee": false }, "geometry": { "type": "Point", "coordinates": [ -76.4846434, 39.3033763 ] } },
{ "type": "Feature", "properties": { "name": "York Cleaners and Tailors", "type": "laundry", "tag": "dry_cleaning", "type_label": "Laundry", "tag_label": "Dry Cleaning", "GEOID20": "24005490703", "grantee": false }, "geometry": { "type": "Point", "coordinates": [ -76.6036028, 39.3972002 ] } },
{ "type": "Feature", "properties": { "name": "East Gate Cleaners", "type": "laundry", "tag": "dry_cleaning", "type_label": "Laundry", "tag_label": "Dry Cleaning", "GEOID20": "24033800413", "grantee": false }, "geometry": { "type": "Point", "coordinates": [ -76.823235200000013, 38.9879914 ] } },
{ "type": "Feature", "properties": { "name": "Sudsville", "type": "laundry", "tag": "laundry", "type_label": "Laundry", "tag_label": "Laundry", "GEOID20": "24510260302", "grantee": false }, "geometry": { "type": "Point", "coordinates": [ -76.5703451, 39.3140685 ] } },
{ "type": "Feature", "properties": { "name": "Parkside Laundromat", "type": "laundry", "tag": "laundry", "type_label": "Laundry", "tag_label": "Laundry", "GEOID20": "24510260201", "grantee": false }, "geometry": { "type": "Point", "coordinates": [ -76.547622, 39.3226821 ] } },
{ "type": "Feature", "properties": { "name": "Cleaners", "type": "laundry", "tag": "dry_cleaning", "type_label": "Laundry", "tag_label": "Dry Cleaning", "GEOID20": "24013507602", "grantee": false }, "geometry": { "type": "Point", "coordinates": [ -76.973041, 39.5630755 ] } },
{ "type": "Feature", "properties": { "name": "Lyndwood Cleaners", "type": "laundry", "tag": "dry_cleaning", "type_label": "Laundry", "tag_label": "Dry Cleaning", "GEOID20": "24027601103", "grantee": false }, "geometry": { "type": "Point", "coordinates": [ -76.7791048, 39.2098665 ] } },
{ "type": "Feature", "properties": { "name": "Prestige Cleaners", "type": "laundry", "tag": "laundry", "type_label": "Laundry", "tag_label": "Laundry", "GEOID20": "24031702800", "grantee": false }, "geometry": { "type": "Point", "coordinates": [ -77.0409555, 39.0093431 ] } },
{ "type": "Feature", "properties": { "name": "White Oak Dry Cleaner", "type": "laundry", "tag": "dry_cleaning", "type_label": "Laundry", "tag_label": "Dry Cleaning", "GEOID20": "24031701509", "grantee": false }, "geometry": { "type": "Point", "coordinates": [ -76.989789700000017, 39.0406294 ] } },
{ "type": "Feature", "properties": { "name": "Milestone Cleaners", "type": "laundry", "tag": "dry_cleaning", "type_label": "Laundry", "tag_label": "Dry Cleaning", "GEOID20": "24031701221", "grantee": false }, "geometry": { "type": "Point", "coordinates": [ -77.2065156, 39.0958882 ] } },
{ "type": "Feature", "properties": { "name": "Unnamed dry_cleaning", "type": "laundry", "tag": "dry_cleaning", "type_label": "Laundry", "tag_label": "Dry Cleaning", "GEOID20": "24025302801", "grantee": false }, "geometry": { "type": "Point", "coordinates": [ -76.1823467, 39.525416 ] } },
{ "type": "Feature", "properties": { "name": "Geco", "type": "laundry", "tag": "dry_cleaning", "type_label": "Laundry", "tag_label": "Dry Cleaning", "GEOID20": "24025302802", "grantee": false }, "geometry": { "type": "Point", "coordinates": [ -76.1898901, 39.520542 ] } },
{ "type": "Feature", "properties": { "name": "Aberdeen Laundromat", "type": "laundry", "tag": "laundry", "type_label": "Laundry", "tag_label": "Laundry", "GEOID20": "24025302902", "grantee": false }, "geometry": { "type": "Point", "coordinates": [ -76.1644708, 39.5085225 ] } },
{ "type": "Feature", "properties": { "name": "Unnamed dry_cleaning", "type": "laundry", "tag": "dry_cleaning", "type_label": "Laundry", "tag_label": "Dry Cleaning", "GEOID20": "24027605602", "grantee": false }, "geometry": { "type": "Point", "coordinates": [ -76.8845594, 39.2113503 ] } },
{ "type": "Feature", "properties": { "name": "Sun Cleaners", "type": "laundry", "tag": "dry_cleaning", "type_label": "Laundry", "tag_label": "Dry Cleaning", "GEOID20": "24025301302", "grantee": true }, "geometry": { "type": "Point", "coordinates": [ -76.3068292, 39.4347463 ] } },
{ "type": "Feature", "properties": { "name": "Wash-n-Fold Express", "type": "laundry", "tag": "laundry", "type_label": "Laundry", "tag_label": "Laundry", "GEOID20": "24025301602", "grantee": false }, "geometry": { "type": "Point", "coordinates": [ -76.2994349, 39.4273649 ] } },
{ "type": "Feature", "properties": { "name": "Kings Contrivance Cleaners", "type": "laundry", "tag": "dry_cleaning", "type_label": "Laundry", "tag_label": "Dry Cleaning", "GEOID20": "24027606803", "grantee": false }, "geometry": { "type": "Point", "coordinates": [ -76.8647695, 39.1694466 ] } },
{ "type": "Feature", "properties": { "name": "Lee's Cleaners", "type": "laundry", "tag": "dry_cleaning", "type_label": "Laundry", "tag_label": "Dry Cleaning", "GEOID20": "24025303502", "grantee": false }, "geometry": { "type": "Point", "coordinates": [ -76.3606323, 39.523808 ] } },
{ "type": "Feature", "properties": { "name": "The Cumberland Corner Laundry", "type": "laundry", "tag": "laundry", "type_label": "Laundry", "tag_label": "Laundry", "GEOID20": "24001001000", "grantee": false }, "geometry": { "type": "Point", "coordinates": [ -78.764972, 39.6538597 ] } },
{ "type": "Feature", "properties": { "name": "Zips Dry Cleaning", "type": "laundry", "tag": "dry_cleaning", "type_label": "Laundry", "tag_label": "Dry Cleaning", "GEOID20": "24025303900", "grantee": false }, "geometry": { "type": "Point", "coordinates": [ -76.3467951, 39.5332805 ] } },
{ "type": "Feature", "properties": { "name": "Providence Cleaners", "type": "laundry", "tag": "dry_cleaning", "type_label": "Laundry", "tag_label": "Dry Cleaning", "GEOID20": "24025303201", "grantee": false }, "geometry": { "type": "Point", "coordinates": [ -76.3852631, 39.578013 ] } },
{ "type": "Feature", "properties": { "name": "Amyclae Cleaners", "type": "laundry", "tag": "dry_cleaning", "type_label": "Laundry", "tag_label": "Dry Cleaning", "GEOID20": "24025303603", "grantee": false }, "geometry": { "type": "Point", "coordinates": [ -76.3144313, 39.5473838 ] } },
{ "type": "Feature", "properties": { "name": "Joy Cleaners", "type": "laundry", "tag": "dry_cleaning", "type_label": "Laundry", "tag_label": "Dry Cleaning", "GEOID20": "24025303102", "grantee": false }, "geometry": { "type": "Point", "coordinates": [ -76.2544043, 39.559478 ] } },
{ "type": "Feature", "properties": { "name": "Best Cleaners", "type": "laundry", "tag": "dry_cleaning", "type_label": "Laundry", "tag_label": "Dry Cleaning", "GEOID20": "24025303501", "grantee": false }, "geometry": { "type": "Point", "coordinates": [ -76.3520271, 39.52633860000001 ] } },
{ "type": "Feature", "properties": { "name": "Fresh Dry Cleaners", "type": "laundry", "tag": "dry_cleaning", "type_label": "Laundry", "tag_label": "Dry Cleaning", "GEOID20": "24033807500", "grantee": false }, "geometry": { "type": "Point", "coordinates": [ -76.9399662, 38.9560832 ] } },
{ "type": "Feature", "properties": { "name": "Superdeal Wash and Fold", "type": "laundry", "tag": "laundry", "type_label": "Laundry", "tag_label": "Laundry", "GEOID20": "24033807500", "grantee": false }, "geometry": { "type": "Point", "coordinates": [ -76.9401005, 38.9606724 ] } },
{ "type": "Feature", "properties": { "name": "Wash & Fold", "type": "laundry", "tag": "laundry", "type_label": "Laundry", "tag_label": "Laundry", "GEOID20": "24025303802", "grantee": false }, "geometry": { "type": "Point", "coordinates": [ -76.350546, 39.5485098 ] } },
{ "type": "Feature", "properties": { "name": "Unnamed laundry", "type": "laundry", "tag": "laundry", "type_label": "Laundry", "tag_label": "Laundry", "GEOID20": "24510130200", "grantee": true }, "geometry": { "type": "Point", "coordinates": [ -76.6328446, 39.3108505 ] } },
{ "type": "Feature", "properties": { "name": "Biomedical Recovery Systems", "type": "laundry", "tag": "laundry", "type_label": "Laundry", "tag_label": "Laundry", "GEOID20": "24025303203", "grantee": false }, "geometry": { "type": "Point", "coordinates": [ -76.3642078, 39.567138300000011 ] } },
{ "type": "Feature", "properties": { "name": "Sun Cleaners", "type": "laundry", "tag": "dry_cleaning", "type_label": "Laundry", "tag_label": "Dry Cleaning", "GEOID20": "24015031202", "grantee": false }, "geometry": { "type": "Point", "coordinates": [ -76.0687869, 39.5708239 ] } },
{ "type": "Feature", "properties": { "name": "Organic Dry Cleaners", "type": "laundry", "tag": "dry_cleaning", "type_label": "Laundry", "tag_label": "Dry Cleaning", "GEOID20": "24025303203", "grantee": false }, "geometry": { "type": "Point", "coordinates": [ -76.3712145, 39.5607421 ] } },
{ "type": "Feature", "properties": { "name": "Angel Cleaners", "type": "laundry", "tag": "dry_cleaning", "type_label": "Laundry", "tag_label": "Dry Cleaning", "GEOID20": "24025303203", "grantee": false }, "geometry": { "type": "Point", "coordinates": [ -76.3848813, 39.5737041 ] } },
{ "type": "Feature", "properties": { "name": "Unnamed dry_cleaning", "type": "laundry", "tag": "dry_cleaning", "type_label": "Laundry", "tag_label": "Dry Cleaning", "GEOID20": "24035810901", "grantee": false }, "geometry": { "type": "Point", "coordinates": [ -76.313263, 38.975789 ] } },
{ "type": "Feature", "properties": { "name": "Unnamed dry_cleaning", "type": "laundry", "tag": "dry_cleaning", "type_label": "Laundry", "tag_label": "Dry Cleaning", "GEOID20": "24025301602", "grantee": false }, "geometry": { "type": "Point", "coordinates": [ -76.2987387, 39.427875 ] } },
{ "type": "Feature", "properties": { "name": "Bubbles", "type": "laundry", "tag": "laundry", "type_label": "Laundry", "tag_label": "Laundry", "GEOID20": "24027602800", "grantee": false }, "geometry": { "type": "Point", "coordinates": [ -76.8173779, 39.2770824 ] } },
{ "type": "Feature", "properties": { "name": "Unnamed dry_cleaning", "type": "laundry", "tag": "dry_cleaning", "type_label": "Laundry", "tag_label": "Dry Cleaning", "GEOID20": "24025301704", "grantee": false }, "geometry": { "type": "Point", "coordinates": [ -76.247336, 39.4793458 ] } },
{ "type": "Feature", "properties": { "name": "Spring Ridge Cleaners", "type": "laundry", "tag": "dry_cleaning", "type_label": "Laundry", "tag_label": "Dry Cleaning", "GEOID20": "24021751902", "grantee": false }, "geometry": { "type": "Point", "coordinates": [ -77.3456885, 39.3985737 ] } },
{ "type": "Feature", "properties": { "name": "Unnamed laundry", "type": "laundry", "tag": "laundry", "type_label": "Laundry", "tag_label": "Laundry", "GEOID20": "24047951700", "grantee": false }, "geometry": { "type": "Point", "coordinates": [ -75.1186922, 38.3024781 ] } },
{ "type": "Feature", "properties": { "name": "Unnamed laundry", "type": "laundry", "tag": "laundry", "type_label": "Laundry", "tag_label": "Laundry", "GEOID20": "24047951700", "grantee": false }, "geometry": { "type": "Point", "coordinates": [ -75.121731, 38.30382860000001 ] } },
{ "type": "Feature", "properties": { "name": "Unnamed laundry", "type": "laundry", "tag": "laundry", "type_label": "Laundry", "tag_label": "Laundry", "GEOID20": "24047951700", "grantee": false }, "geometry": { "type": "Point", "coordinates": [ -75.1202414, 38.3039913 ] } },
{ "type": "Feature", "properties": { "name": "Unnamed laundry", "type": "laundry", "tag": "laundry", "type_label": "Laundry", "tag_label": "Laundry", "GEOID20": "24047951700", "grantee": false }, "geometry": { "type": "Point", "coordinates": [ -75.1203879, 38.3017119 ] } },
{ "type": "Feature", "properties": { "name": "Unnamed laundry", "type": "laundry", "tag": "laundry", "type_label": "Laundry", "tag_label": "Laundry", "GEOID20": "24047951700", "grantee": false }, "geometry": { "type": "Point", "coordinates": [ -75.1201358, 38.3029463 ] } },
{ "type": "Feature", "properties": { "name": "Empire Cleaners", "type": "laundry", "tag": "dry_cleaning", "type_label": "Laundry", "tag_label": "Dry Cleaning", "GEOID20": "24033800521", "grantee": false }, "geometry": { "type": "Point", "coordinates": [ -76.7898087, 38.8997339 ] } },
{ "type": "Feature", "properties": { "name": "Unnamed dry_cleaning", "type": "laundry", "tag": "dry_cleaning", "type_label": "Laundry", "tag_label": "Dry Cleaning", "GEOID20": "24025306100", "grantee": false }, "geometry": { "type": "Point", "coordinates": [ -76.106861800000019, 39.5446148 ] } },
{ "type": "Feature", "properties": { "name": "Unnamed dry_cleaning", "type": "laundry", "tag": "dry_cleaning", "type_label": "Laundry", "tag_label": "Dry Cleaning", "GEOID20": "24025306100", "grantee": false }, "geometry": { "type": "Point", "coordinates": [ -76.1090698, 39.5449584 ] } },
{ "type": "Feature", "properties": { "name": "Dry Clean Express", "type": "laundry", "tag": "dry_cleaning", "type_label": "Laundry", "tag_label": "Dry Cleaning", "GEOID20": "24510020300", "grantee": false }, "geometry": { "type": "Point", "coordinates": [ -76.5922631, 39.2834687 ] } },
{ "type": "Feature", "properties": { "name": "Elkton Cleaners", "type": "laundry", "tag": "dry_cleaning", "type_label": "Laundry", "tag_label": "Dry Cleaning", "GEOID20": "24015030508", "grantee": false }, "geometry": { "type": "Point", "coordinates": [ -75.8291698, 39.6034563 ] } },
{ "type": "Feature", "properties": { "name": "Cleaners Plus", "type": "laundry", "tag": "dry_cleaning", "type_label": "Laundry", "tag_label": "Dry Cleaning", "GEOID20": "24027602306", "grantee": false }, "geometry": { "type": "Point", "coordinates": [ -76.8424543, 39.2428525 ] } },
{ "type": "Feature", "properties": { "name": "Sunshine Dry Cleaners", "type": "laundry", "tag": "dry_cleaning", "type_label": "Laundry", "tag_label": "Dry Cleaning", "GEOID20": "24033806711", "grantee": false }, "geometry": { "type": "Point", "coordinates": [ -76.8527718, 38.990381 ] } },
{ "type": "Feature", "properties": { "name": "Sun Cleaners", "type": "laundry", "tag": "dry_cleaning", "type_label": "Laundry", "tag_label": "Dry Cleaning", "GEOID20": "24015030508", "grantee": false }, "geometry": { "type": "Point", "coordinates": [ -75.8315774, 39.6040777 ] } },
{ "type": "Feature", "properties": { "name": "Unnamed dry_cleaning", "type": "laundry", "tag": "dry_cleaning", "type_label": "Laundry", "tag_label": "Dry Cleaning", "GEOID20": "24015030508", "grantee": false }, "geometry": { "type": "Point", "coordinates": [ -75.8017449, 39.6029924 ] } },
{ "type": "Feature", "properties": { "name": "Unnamed laundry", "type": "laundry", "tag": "laundry", "type_label": "Laundry", "tag_label": "Laundry", "GEOID20": "24015030508", "grantee": false }, "geometry": { "type": "Point", "coordinates": [ -75.8016956, 39.6030103 ] } },
{ "type": "Feature", "properties": { "name": "Rogers Custom Cleaners", "type": "laundry", "tag": "dry_cleaning", "type_label": "Laundry", "tag_label": "Dry Cleaning", "GEOID20": "24027602900", "grantee": false }, "geometry": { "type": "Point", "coordinates": [ -76.807299, 39.2839172 ] } },
{ "type": "Feature", "properties": { "name": "Charing Cross Laundromat", "type": "laundry", "tag": "laundry", "type_label": "Laundry", "tag_label": "Laundry", "GEOID20": "24005401302", "grantee": false }, "geometry": { "type": "Point", "coordinates": [ -76.7150209, 39.2922795 ] } },
{ "type": "Feature", "properties": { "name": "Unnamed dry_cleaning", "type": "laundry", "tag": "dry_cleaning", "type_label": "Laundry", "tag_label": "Dry Cleaning", "GEOID20": "24005401302", "grantee": false }, "geometry": { "type": "Point", "coordinates": [ -76.714978, 39.2923585 ] } },
{ "type": "Feature", "properties": { "name": "Clean Rite Center", "type": "laundry", "tag": "laundry", "type_label": "Laundry", "tag_label": "Laundry", "GEOID20": "24510280401", "grantee": false }, "geometry": { "type": "Point", "coordinates": [ -76.6948266, 39.2943283 ] } },
{ "type": "Feature", "properties": { "name": "Unnamed dry_cleaning", "type": "laundry", "tag": "dry_cleaning", "type_label": "Laundry", "tag_label": "Dry Cleaning", "GEOID20": "24005440600", "grantee": false }, "geometry": { "type": "Point", "coordinates": [ -76.4714289, 39.373279 ] } },
{ "type": "Feature", "properties": { "name": "Overlea Cleaners", "type": "laundry", "tag": "dry_cleaning", "type_label": "Laundry", "tag_label": "Dry Cleaning", "GEOID20": "24510270502", "grantee": false }, "geometry": { "type": "Point", "coordinates": [ -76.531669, 39.354509 ] } },
{ "type": "Feature", "properties": { "name": "Unnamed dry_cleaning", "type": "laundry", "tag": "dry_cleaning", "type_label": "Laundry", "tag_label": "Dry Cleaning", "GEOID20": "24510270301", "grantee": false }, "geometry": { "type": "Point", "coordinates": [ -76.5681036, 39.3445746 ] } },
{ "type": "Feature", "properties": { "name": "Unnamed dry_cleaning", "type": "laundry", "tag": "dry_cleaning", "type_label": "Laundry", "tag_label": "Dry Cleaning", "GEOID20": "24510270402", "grantee": false }, "geometry": { "type": "Point", "coordinates": [ -76.5617658, 39.3517043 ] } },
{ "type": "Feature", "properties": { "name": "Unnamed laundry", "type": "laundry", "tag": "laundry", "type_label": "Laundry", "tag_label": "Laundry", "GEOID20": "24510270702", "grantee": false }, "geometry": { "type": "Point", "coordinates": [ -76.5537355, 39.3615885 ] } },
{ "type": "Feature", "properties": { "name": "Unnamed dry_cleaning", "type": "laundry", "tag": "dry_cleaning", "type_label": "Laundry", "tag_label": "Dry Cleaning", "GEOID20": "24031703601", "grantee": false }, "geometry": { "type": "Point", "coordinates": [ -77.0732913, 39.03367080000001 ] } },
{ "type": "Feature", "properties": { "name": "Cleaners", "type": "laundry", "tag": "dry_cleaning", "type_label": "Laundry", "tag_label": "Dry Cleaning", "GEOID20": "24510260900", "grantee": false }, "geometry": { "type": "Point", "coordinates": [ -76.5646404, 39.278712 ] } },
{ "type": "Feature", "properties": { "name": "Shipwright Harbor Marina", "type": "laundry", "tag": "laundry", "type_label": "Laundry", "tag_label": "Laundry", "GEOID20": "24003707002", "grantee": false }, "geometry": { "type": "Point", "coordinates": [ -76.5623981, 38.7757389 ] } },
{ "type": "Feature", "properties": { "name": "Mega Cs Cleaners", "type": "laundry", "tag": "dry_cleaning", "type_label": "Laundry", "tag_label": "Dry Cleaning", "GEOID20": "24027606708", "grantee": false }, "geometry": { "type": "Point", "coordinates": [ -76.8375335, 39.1763594 ] } },
{ "type": "Feature", "properties": { "name": "St. Michaels Marina Laundry", "type": "laundry", "tag": "laundry", "type_label": "Laundry", "tag_label": "Laundry", "GEOID20": "24041960700", "grantee": false }, "geometry": { "type": "Point", "coordinates": [ -76.2208197, 38.7849962 ] } },
{ "type": "Feature", "properties": { "name": "Unnamed dry_cleaning", "type": "laundry", "tag": "dry_cleaning", "type_label": "Laundry", "tag_label": "Dry Cleaning", "GEOID20": "24027606708", "grantee": false }, "geometry": { "type": "Point", "coordinates": [ -76.8360231, 39.1765748 ] } },
{ "type": "Feature", "properties": { "name": "Herrington Harbour South Laundry", "type": "laundry", "tag": "laundry", "type_label": "Laundry", "tag_label": "Laundry", "GEOID20": "24003708001", "grantee": false }, "geometry": { "type": "Point", "coordinates": [ -76.5415345, 38.7250748 ] } },
{ "type": "Feature", "properties": { "name": "Unnamed dry_cleaning", "type": "laundry", "tag": "dry_cleaning", "type_label": "Laundry", "tag_label": "Dry Cleaning", "GEOID20": "24003740205", "grantee": false }, "geometry": { "type": "Point", "coordinates": [ -76.6400143, 39.1331847 ] } },
{ "type": "Feature", "properties": { "name": "Unnamed dry_cleaning", "type": "laundry", "tag": "dry_cleaning", "type_label": "Laundry", "tag_label": "Dry Cleaning", "GEOID20": "24027606901", "grantee": false }, "geometry": { "type": "Point", "coordinates": [ -76.7790838, 39.1543035 ] } },
{ "type": "Feature", "properties": { "name": "Soap & Bubble Laundromat", "type": "laundry", "tag": "laundry", "type_label": "Laundry", "tag_label": "Laundry", "GEOID20": "24033800210", "grantee": false }, "geometry": { "type": "Point", "coordinates": [ -76.8497881, 39.0743033 ] } },
{ "type": "Feature", "properties": { "name": "Soap & Bubble Laundromat", "type": "laundry", "tag": "dry_cleaning", "type_label": "Laundry", "tag_label": "Dry Cleaning", "GEOID20": "24033800210", "grantee": false }, "geometry": { "type": "Point", "coordinates": [ -76.8497927, 39.0747198 ] } },
{ "type": "Feature", "properties": { "name": "Ashton Cleaners", "type": "laundry", "tag": "dry_cleaning", "type_label": "Laundry", "tag_label": "Dry Cleaning", "GEOID20": "24031701316", "grantee": false }, "geometry": { "type": "Point", "coordinates": [ -77.0135359, 39.1498573 ] } },
{ "type": "Feature", "properties": { "name": "Fresh and Pressed", "type": "laundry", "tag": "dry_cleaning", "type_label": "Laundry", "tag_label": "Dry Cleaning", "GEOID20": "24031703800", "grantee": false }, "geometry": { "type": "Point", "coordinates": [ -77.0497108, 39.0379546 ] } },
{ "type": "Feature", "properties": { "name": "Wheaton Laundromat", "type": "laundry", "tag": "laundry", "type_label": "Laundry", "tag_label": "Laundry", "GEOID20": "24031703800", "grantee": false }, "geometry": { "type": "Point", "coordinates": [ -77.0511894, 39.0408749 ] } },
{ "type": "Feature", "properties": { "name": "Lutherville Cleaners & Tailors", "type": "laundry", "tag": "dry_cleaning", "type_label": "Laundry", "tag_label": "Dry Cleaning", "GEOID20": "24005408800", "grantee": false }, "geometry": { "type": "Point", "coordinates": [ -76.6313989, 39.4222417 ] } },
{ "type": "Feature", "properties": { "name": "Unnamed dry_cleaning", "type": "laundry", "tag": "dry_cleaning", "type_label": "Laundry", "tag_label": "Dry Cleaning", "GEOID20": "24021750802", "grantee": false }, "geometry": { "type": "Point", "coordinates": [ -77.376658400000011, 39.451383 ] } },
{ "type": "Feature", "properties": { "name": "Laundry World", "type": "laundry", "tag": "laundry", "type_label": "Laundry", "tag_label": "Laundry", "GEOID20": "24033807102", "grantee": false }, "geometry": { "type": "Point", "coordinates": [ -76.9376713, 38.9771103 ] } },
{ "type": "Feature", "properties": { "name": "Super Clean Laundromat", "type": "laundry", "tag": "laundry", "type_label": "Laundry", "tag_label": "Laundry", "GEOID20": "24033806601", "grantee": false }, "geometry": { "type": "Point", "coordinates": [ -76.9209581, 38.9573991 ] } },
{ "type": "Feature", "properties": { "name": "Dunn Clean Laundry", "type": "laundry", "tag": "laundry", "type_label": "Laundry", "tag_label": "Laundry", "GEOID20": "24009860702", "grantee": false }, "geometry": { "type": "Point", "coordinates": [ -76.586537, 38.5367133 ] } },
{ "type": "Feature", "properties": { "name": "Eastport Cleaners", "type": "laundry", "tag": "dry_cleaning", "type_label": "Laundry", "tag_label": "Dry Cleaning", "GEOID20": "24003706302", "grantee": false }, "geometry": { "type": "Point", "coordinates": [ -76.4881633, 38.9655279 ] } },
{ "type": "Feature", "properties": { "name": "Six Star Dry Cleaners", "type": "laundry", "tag": "dry_cleaning", "type_label": "Laundry", "tag_label": "Dry Cleaning", "GEOID20": "24033806900", "grantee": false }, "geometry": { "type": "Point", "coordinates": [ -76.9271811, 39.015211 ] } },
{ "type": "Feature", "properties": { "name": "SkyLake Laundromat", "type": "laundry", "tag": "laundry", "type_label": "Laundry", "tag_label": "Laundry", "GEOID20": "24033805904", "grantee": false }, "geometry": { "type": "Point", "coordinates": [ -76.970622, 39.004256 ] } },
{ "type": "Feature", "properties": { "name": "City Cleaners", "type": "laundry", "tag": "dry_cleaning", "type_label": "Laundry", "tag_label": "Dry Cleaning", "GEOID20": "24003740501", "grantee": false }, "geometry": { "type": "Point", "coordinates": [ -76.809923, 39.0991968 ] } },
{ "type": "Feature", "properties": { "name": "Twist & Turn Laundromat Services", "type": "laundry", "tag": "laundry", "type_label": "Laundry", "tag_label": "Laundry", "GEOID20": "24021773500", "grantee": false }, "geometry": { "type": "Point", "coordinates": [ -77.3631378, 39.4651946 ] } },
{ "type": "Feature", "properties": { "name": "24Hrs Laundromat", "type": "laundry", "tag": "laundry", "type_label": "Laundry", "tag_label": "Laundry", "GEOID20": "24033805201", "grantee": false }, "geometry": { "type": "Point", "coordinates": [ -76.9970568, 38.9618785 ] } },
{ "type": "Feature", "properties": { "name": "Unnamed dry_cleaning", "type": "laundry", "tag": "dry_cleaning", "type_label": "Laundry", "tag_label": "Dry Cleaning", "GEOID20": "24005491201", "grantee": false }, "geometry": { "type": "Point", "coordinates": [ -76.5772225, 39.3957516 ] } },
{ "type": "Feature", "properties": { "name": "Super Laundry", "type": "laundry", "tag": "laundry", "type_label": "Laundry", "tag_label": "Laundry", "GEOID20": "24033805202", "grantee": false }, "geometry": { "type": "Point", "coordinates": [ -76.9957308, 38.9733753 ] } },
{ "type": "Feature", "properties": { "name": "Mercy Dry Cleaners", "type": "laundry", "tag": "dry_cleaning", "type_label": "Laundry", "tag_label": "Dry Cleaning", "GEOID20": "24031701704", "grantee": false }, "geometry": { "type": "Point", "coordinates": [ -76.9953022, 38.9749029 ] } },
{ "type": "Feature", "properties": { "name": "Sanitate Dry Clean", "type": "laundry", "tag": "dry_cleaning", "type_label": "Laundry", "tag_label": "Dry Cleaning", "GEOID20": "24510130600", "grantee": false }, "geometry": { "type": "Point", "coordinates": [ -76.6295013, 39.3306675 ] } },
{ "type": "Feature", "properties": { "name": "Fresh Laundromat", "type": "laundry", "tag": "laundry", "type_label": "Laundry", "tag_label": "Laundry", "GEOID20": "24510280102", "grantee": true }, "geometry": { "type": "Point", "coordinates": [ -76.7011583, 39.3468856 ] } },
{ "type": "Feature", "properties": { "name": "Unnamed dry_cleaning", "type": "laundry", "tag": "dry_cleaning", "type_label": "Laundry", "tag_label": "Dry Cleaning", "GEOID20": "24013505207", "grantee": false }, "geometry": { "type": "Point", "coordinates": [ -76.9538475, 39.4039857 ] } },
{ "type": "Feature", "properties": { "name": "Monroe Cleaners", "type": "laundry", "tag": "dry_cleaning", "type_label": "Laundry", "tag_label": "Dry Cleaning", "GEOID20": "24013507602", "grantee": false }, "geometry": { "type": "Point", "coordinates": [ -76.9790766, 39.5650039 ] } },
{ "type": "Feature", "properties": { "name": "Washboard Laundromat", "type": "laundry", "tag": "laundry", "type_label": "Laundry", "tag_label": "Laundry", "GEOID20": "24013507602", "grantee": false }, "geometry": { "type": "Point", "coordinates": [ -76.9790978, 39.5654857 ] } },
{ "type": "Feature", "properties": { "name": "Majestic Cleaners", "type": "laundry", "tag": "laundry", "type_label": "Laundry", "tag_label": "Laundry", "GEOID20": "24510271300", "grantee": false }, "geometry": { "type": "Point", "coordinates": [ -76.6294357, 39.3541657 ] } },
{ "type": "Feature", "properties": { "name": "Surf \"\"n\"\" Suds", "type": "laundry", "tag": "laundry", "type_label": "Laundry", "tag_label": "Laundry", "GEOID20": "24033800211", "grantee": false }, "geometry": { "type": "Point", "coordinates": [ -76.8379034, 39.0638611 ] } },
{ "type": "Feature", "properties": { "name": "Unnamed dry_cleaning", "type": "laundry", "tag": "dry_cleaning", "type_label": "Laundry", "tag_label": "Dry Cleaning", "GEOID20": "24021752206", "grantee": false }, "geometry": { "type": "Point", "coordinates": [ -77.3515636, 39.3304075 ] } },
{ "type": "Feature", "properties": { "name": "River Hill Cleaners", "type": "laundry", "tag": "dry_cleaning", "type_label": "Laundry", "tag_label": "Dry Cleaning", "GEOID20": "24027605505", "grantee": false }, "geometry": { "type": "Point", "coordinates": [ -76.9351022, 39.2109667 ] } },
{ "type": "Feature", "properties": { "name": "Ray the Reliable Cleaners", "type": "laundry", "tag": "dry_cleaning", "type_label": "Laundry", "tag_label": "Dry Cleaning", "GEOID20": "24001002300", "grantee": false }, "geometry": { "type": "Point", "coordinates": [ -78.7587192, 39.6550017 ] } },
{ "type": "Feature", "properties": { "name": "Cleaners", "type": "laundry", "tag": "laundry", "type_label": "Laundry", "tag_label": "Laundry", "GEOID20": "24510090400", "grantee": true }, "geometry": { "type": "Point", "coordinates": [ -76.6085392, 39.3224938 ] } },
{ "type": "Feature", "properties": { "name": "Ultra Clean Laundromat", "type": "laundry", "tag": "laundry", "type_label": "Laundry", "tag_label": "Laundry", "GEOID20": "24043000601", "grantee": true }, "geometry": { "type": "Point", "coordinates": [ -77.6987384, 39.6342595 ] } },
{ "type": "Feature", "properties": { "name": "Unnamed dry_cleaning", "type": "laundry", "tag": "dry_cleaning", "type_label": "Laundry", "tag_label": "Dry Cleaning", "GEOID20": "24027602302", "grantee": false }, "geometry": { "type": "Point", "coordinates": [ -76.8179486, 39.2267853 ] } },
{ "type": "Feature", "properties": { "name": "Magic Cleaners", "type": "laundry", "tag": "dry_cleaning", "type_label": "Laundry", "tag_label": "Dry Cleaning", "GEOID20": "24027602201", "grantee": false }, "geometry": { "type": "Point", "coordinates": [ -76.8655014, 39.2803603 ] } },
{ "type": "Feature", "properties": { "name": "Unnamed dry_cleaning", "type": "laundry", "tag": "dry_cleaning", "type_label": "Laundry", "tag_label": "Dry Cleaning", "GEOID20": "24033806713", "grantee": false }, "geometry": { "type": "Point", "coordinates": [ -76.9103092, 38.9989167 ] } },
{ "type": "Feature", "properties": { "name": "Unnamed laundry", "type": "laundry", "tag": "laundry", "type_label": "Laundry", "tag_label": "Laundry", "GEOID20": "24031701703", "grantee": false }, "geometry": { "type": "Point", "coordinates": [ -76.9892695, 38.9887081 ] } },
{ "type": "Feature", "properties": { "name": "7B Cleaners", "type": "laundry", "tag": "dry_cleaning", "type_label": "Laundry", "tag_label": "Dry Cleaning", "GEOID20": "24031701703", "grantee": false }, "geometry": { "type": "Point", "coordinates": [ -76.990184, 38.9896912 ] } },
{ "type": "Feature", "properties": { "name": "Fiesta Laundromat", "type": "laundry", "tag": "laundry", "type_label": "Laundry", "tag_label": "Laundry", "GEOID20": "24031701703", "grantee": false }, "geometry": { "type": "Point", "coordinates": [ -76.9867097, 38.9859544 ] } },
{ "type": "Feature", "properties": { "name": "Unnamed laundry", "type": "laundry", "tag": "laundry", "type_label": "Laundry", "tag_label": "Laundry", "GEOID20": "24033805601", "grantee": true }, "geometry": { "type": "Point", "coordinates": [ -76.9886024, 38.9912943 ] } },
{ "type": "Feature", "properties": { "name": "7 Brothers Cleaners", "type": "laundry", "tag": "dry_cleaning", "type_label": "Laundry", "tag_label": "Dry Cleaning", "GEOID20": "24031702501", "grantee": false }, "geometry": { "type": "Point", "coordinates": [ -77.0268537, 38.9852999 ] } },
{ "type": "Feature", "properties": { "name": "Unnamed dry_cleaning", "type": "laundry", "tag": "dry_cleaning", "type_label": "Laundry", "tag_label": "Dry Cleaning", "GEOID20": "24031700604", "grantee": false }, "geometry": { "type": "Point", "coordinates": [ -77.2925147, 39.1029515 ] } },
{ "type": "Feature", "properties": { "name": "Family Wash Day", "type": "laundry", "tag": "laundry", "type_label": "Laundry", "tag_label": "Laundry", "GEOID20": "24025301302", "grantee": true }, "geometry": { "type": "Point", "coordinates": [ -76.3178322, 39.4339725 ] } },
{ "type": "Feature", "properties": { "name": "Laundromat", "type": "laundry", "tag": "laundry", "type_label": "Laundry", "tag_label": "Laundry", "GEOID20": "24510090300", "grantee": true }, "geometry": { "type": "Point", "coordinates": [ -76.6093533, 39.3343859 ] } },
{ "type": "Feature", "properties": { "name": "Venus Cleaners and Alterations", "type": "laundry", "tag": "dry_cleaning", "type_label": "Laundry", "tag_label": "Dry Cleaning", "GEOID20": "24510130700", "grantee": false }, "geometry": { "type": "Point", "coordinates": [ -76.6332188, 39.3373257 ] } },
{ "type": "Feature", "properties": { "name": "Wash E-Z Laundromat", "type": "laundry", "tag": "laundry", "type_label": "Laundry", "tag_label": "Laundry", "GEOID20": "24510120700", "grantee": false }, "geometry": { "type": "Point", "coordinates": [ -76.6231901, 39.3215626 ] } },
{ "type": "Feature", "properties": { "name": "Unnamed dry_cleaning", "type": "laundry", "tag": "dry_cleaning", "type_label": "Laundry", "tag_label": "Dry Cleaning", "GEOID20": "24047950300", "grantee": false }, "geometry": { "type": "Point", "coordinates": [ -75.0521667, 38.4486844 ] } },
{ "type": "Feature", "properties": { "name": "Unnamed laundry", "type": "laundry", "tag": "laundry", "type_label": "Laundry", "tag_label": "Laundry", "GEOID20": "24027606905", "grantee": false }, "geometry": { "type": "Point", "coordinates": [ -76.8243244, 39.1382243 ] } },
{ "type": "Feature", "properties": { "name": "Unnamed laundry", "type": "laundry", "tag": "laundry", "type_label": "Laundry", "tag_label": "Laundry", "GEOID20": "24021766800", "grantee": false }, "geometry": { "type": "Point", "coordinates": [ -77.3288598, 39.7052697 ] } },
{ "type": "Feature", "properties": { "name": "Unnamed dry_cleaning", "type": "laundry", "tag": "dry_cleaning", "type_label": "Laundry", "tag_label": "Dry Cleaning", "GEOID20": "24013505102", "grantee": false }, "geometry": { "type": "Point", "coordinates": [ -76.9495098, 39.4078864 ] } },
{ "type": "Feature", "properties": { "name": "Diamond Cleaners", "type": "laundry", "tag": "dry_cleaning", "type_label": "Laundry", "tag_label": "Dry Cleaning", "GEOID20": "24005403401", "grantee": false }, "geometry": { "type": "Point", "coordinates": [ -76.7233373, 39.3744246 ] } },
{ "type": "Feature", "properties": { "name": "Linthicum Laundromat", "type": "laundry", "tag": "laundry", "type_label": "Laundry", "tag_label": "Laundry", "GEOID20": "24003750400", "grantee": false }, "geometry": { "type": "Point", "coordinates": [ -76.6549619, 39.2002748 ] } },
{ "type": "Feature", "properties": { "name": "Pierce Cleaners", "type": "laundry", "tag": "dry_cleaning", "type_label": "Laundry", "tag_label": "Dry Cleaning", "GEOID20": "24005400800", "grantee": false }, "geometry": { "type": "Point", "coordinates": [ -76.732728600000016, 39.2781697 ] } },
{ "type": "Feature", "properties": { "name": "Village Cleaners", "type": "laundry", "tag": "dry_cleaning", "type_label": "Laundry", "tag_label": "Dry Cleaning", "GEOID20": "24003740701", "grantee": false }, "geometry": { "type": "Point", "coordinates": [ -76.7193011, 39.0655866 ] } },
{ "type": "Feature", "properties": { "name": "Unnamed dry_cleaning", "type": "laundry", "tag": "dry_cleaning", "type_label": "Laundry", "tag_label": "Dry Cleaning", "GEOID20": "24003740304", "grantee": false }, "geometry": { "type": "Point", "coordinates": [ -76.6893196, 39.080063 ] } },
{ "type": "Feature", "properties": { "name": "Wash N' Dry", "type": "laundry", "tag": "laundry", "type_label": "Laundry", "tag_label": "Laundry", "GEOID20": "24003740304", "grantee": false }, "geometry": { "type": "Point", "coordinates": [ -76.6884527, 39.07978 ] } },
{ "type": "Feature", "properties": { "name": "Crofton Cleaners", "type": "laundry", "tag": "dry_cleaning", "type_label": "Laundry", "tag_label": "Dry Cleaning", "GEOID20": "24003702209", "grantee": false }, "geometry": { "type": "Point", "coordinates": [ -76.6934132, 39.0203389 ] } },
{ "type": "Feature", "properties": { "name": "New Windsor Cleaners", "type": "laundry", "tag": "dry_cleaning", "type_label": "Laundry", "tag_label": "Dry Cleaning", "GEOID20": "24031700813", "grantee": false }, "geometry": { "type": "Point", "coordinates": [ -77.2050708, 39.17317 ] } },
{ "type": "Feature", "properties": { "name": "Muddy Branch Cleaners", "type": "laundry", "tag": "dry_cleaning", "type_label": "Laundry", "tag_label": "Dry Cleaning", "GEOID20": "24031700837", "grantee": false }, "geometry": { "type": "Point", "coordinates": [ -77.2070382, 39.1274722 ] } },
{ "type": "Feature", "properties": { "name": "Brothers Sew & Vac", "type": "laundry", "tag": "laundry", "type_label": "Laundry", "tag_label": "Laundry", "GEOID20": "24031700904", "grantee": false }, "geometry": { "type": "Point", "coordinates": [ -77.1331087, 39.0712211 ] } },
{ "type": "Feature", "properties": { "name": "Unnamed dry_cleaning", "type": "laundry", "tag": "dry_cleaning", "type_label": "Laundry", "tag_label": "Dry Cleaning", "GEOID20": "24005491000", "grantee": false }, "geometry": { "type": "Point", "coordinates": [ -76.6080975, 39.3786975 ] } },
{ "type": "Feature", "properties": { "name": "Chesapeake Beach Dry Cleaners", "type": "laundry", "tag": "dry_cleaning", "type_label": "Laundry", "tag_label": "Dry Cleaning", "GEOID20": "24009860403", "grantee": false }, "geometry": { "type": "Point", "coordinates": [ -76.5371591, 38.6953403 ] } },
{ "type": "Feature", "properties": { "name": "King's Laundromat", "type": "laundry", "tag": "laundry", "type_label": "Laundry", "tag_label": "Laundry", "GEOID20": "24027606901", "grantee": false }, "geometry": { "type": "Point", "coordinates": [ -76.8071943, 39.1481923 ] } },
{ "type": "Feature", "properties": { "name": "Owen Brown Cleaners", "type": "laundry", "tag": "dry_cleaning", "type_label": "Laundry", "tag_label": "Dry Cleaning", "GEOID20": "24027606704", "grantee": false }, "geometry": { "type": "Point", "coordinates": [ -76.8416782, 39.1869321 ] } },
{ "type": "Feature", "properties": { "name": "Rainbow Dry Cleaners", "type": "laundry", "tag": "dry_cleaning", "type_label": "Laundry", "tag_label": "Dry Cleaning", "GEOID20": "24005408400", "grantee": false }, "geometry": { "type": "Point", "coordinates": [ -76.6367213, 39.4622025 ] } },
{ "type": "Feature", "properties": { "name": "Unnamed dry_cleaning", "type": "laundry", "tag": "dry_cleaning", "type_label": "Laundry", "tag_label": "Dry Cleaning", "GEOID20": "24005403401", "grantee": false }, "geometry": { "type": "Point", "coordinates": [ -76.7253882, 39.3758978 ] } },
{ "type": "Feature", "properties": { "name": "Unnamed dry_cleaning", "type": "laundry", "tag": "dry_cleaning", "type_label": "Laundry", "tag_label": "Dry Cleaning", "GEOID20": "24510280101", "grantee": true }, "geometry": { "type": "Point", "coordinates": [ -76.690819, 39.3477926 ] } },
{ "type": "Feature", "properties": { "name": "Oxon Hill Laundromat", "type": "laundry", "tag": "laundry", "type_label": "Laundry", "tag_label": "Laundry", "GEOID20": "24033801405", "grantee": false }, "geometry": { "type": "Point", "coordinates": [ -76.9907817, 38.8041426 ] } },
{ "type": "Feature", "properties": { "name": "Zips Dry Cleaning", "type": "laundry", "tag": "dry_cleaning", "type_label": "Laundry", "tag_label": "Dry Cleaning", "GEOID20": "24033802407", "grantee": true }, "geometry": { "type": "Point", "coordinates": [ -76.9098356, 38.8544441 ] } },
{ "type": "Feature", "properties": { "name": "Rosecroft Laundromat", "type": "laundry", "tag": "laundry", "type_label": "Laundry", "tag_label": "Laundry", "GEOID20": "24033801408", "grantee": false }, "geometry": { "type": "Point", "coordinates": [ -76.953274, 38.8031271 ] } },
{ "type": "Feature", "properties": { "name": "Unnamed dry_cleaning", "type": "laundry", "tag": "dry_cleaning", "type_label": "Laundry", "tag_label": "Dry Cleaning", "GEOID20": "24031705502", "grantee": false }, "geometry": { "type": "Point", "coordinates": [ -77.1041987, 38.9658623 ] } },
{ "type": "Feature", "properties": { "name": "SK Organic Cleaners", "type": "laundry", "tag": "dry_cleaning", "type_label": "Laundry", "tag_label": "Dry Cleaning", "GEOID20": "24003731106", "grantee": false }, "geometry": { "type": "Point", "coordinates": [ -76.4801158, 39.0383063 ] } },
{ "type": "Feature", "properties": { "name": "Cleaners", "type": "laundry", "tag": "dry_cleaning", "type_label": "Laundry", "tag_label": "Dry Cleaning", "GEOID20": "24510090500", "grantee": false }, "geometry": { "type": "Point", "coordinates": [ -76.6092799, 39.3278707 ] } },
{ "type": "Feature", "properties": { "name": "Wash 'N Dry", "type": "laundry", "tag": "laundry", "type_label": "Laundry", "tag_label": "Laundry", "GEOID20": "24003751500", "grantee": false }, "geometry": { "type": "Point", "coordinates": [ -76.8222658, 39.099708 ] } },
{ "type": "Feature", "properties": { "name": "Cleaners & Tailors", "type": "laundry", "tag": "dry_cleaning", "type_label": "Laundry", "tag_label": "Dry Cleaning", "GEOID20": "24510230200", "grantee": false }, "geometry": { "type": "Point", "coordinates": [ -76.6143118, 39.27816450000001 ] } },
{ "type": "Feature", "properties": { "name": "Seleb's De Federal Hill", "type": "laundry", "tag": "dry_cleaning", "type_label": "Laundry", "tag_label": "Dry Cleaning", "GEOID20": "24510230100", "grantee": false }, "geometry": { "type": "Point", "coordinates": [ -76.6145372, 39.2774174 ] } },
{ "type": "Feature", "properties": { "name": "Cleaners", "type": "laundry", "tag": "dry_cleaning", "type_label": "Laundry", "tag_label": "Dry Cleaning", "GEOID20": "24510240100", "grantee": false }, "geometry": { "type": "Point", "coordinates": [ -76.5998711, 39.26909 ] } },
{ "type": "Feature", "properties": { "name": "Bergman's Cleaner", "type": "laundry", "tag": "dry_cleaning", "type_label": "Laundry", "tag_label": "Dry Cleaning", "GEOID20": "24003751200", "grantee": false }, "geometry": { "type": "Point", "coordinates": [ -76.736347, 39.1722479 ] } },
{ "type": "Feature", "properties": { "name": "Village Cleaners", "type": "laundry", "tag": "dry_cleaning", "type_label": "Laundry", "tag_label": "Dry Cleaning", "GEOID20": "24031700813", "grantee": false }, "geometry": { "type": "Point", "coordinates": [ -77.2069379, 39.1710086 ] } },
{ "type": "Feature", "properties": { "name": "Unnamed laundry", "type": "laundry", "tag": "laundry", "type_label": "Laundry", "tag_label": "Laundry", "GEOID20": "24510160300", "grantee": true }, "geometry": { "type": "Point", "coordinates": [ -76.6453789, 39.2977591 ] } },
{ "type": "Feature", "properties": { "name": "Unnamed dry_cleaning", "type": "laundry", "tag": "dry_cleaning", "type_label": "Laundry", "tag_label": "Dry Cleaning", "GEOID20": "24021751003", "grantee": false }, "geometry": { "type": "Point", "coordinates": [ -77.4229652, 39.3917946 ] } },
{ "type": "Feature", "properties": { "name": "Zips Dry Cleaning", "type": "laundry", "tag": "dry_cleaning", "type_label": "Laundry", "tag_label": "Dry Cleaning", "GEOID20": "24005411303", "grantee": false }, "geometry": { "type": "Point", "coordinates": [ -76.4791884, 39.3977958 ] } },
{ "type": "Feature", "properties": { "name": "Young's Dry Cleaners", "type": "laundry", "tag": "dry_cleaning", "type_label": "Laundry", "tag_label": "Dry Cleaning", "GEOID20": "24003731210", "grantee": false }, "geometry": { "type": "Point", "coordinates": [ -76.5345686, 39.1252025 ] } },
{ "type": "Feature", "properties": { "name": "Unnamed laundry", "type": "laundry", "tag": "laundry", "type_label": "Laundry", "tag_label": "Laundry", "GEOID20": "24047951700", "grantee": false }, "geometry": { "type": "Point", "coordinates": [ -75.1473302, 38.2895335 ] } },
{ "type": "Feature", "properties": { "name": "Unnamed dry_cleaning", "type": "laundry", "tag": "dry_cleaning", "type_label": "Laundry", "tag_label": "Dry Cleaning", "GEOID20": "24510280101", "grantee": true }, "geometry": { "type": "Point", "coordinates": [ -76.7032049, 39.3550758 ] } },
{ "type": "Feature", "properties": { "name": "Unnamed dry_cleaning", "type": "laundry", "tag": "dry_cleaning", "type_label": "Laundry", "tag_label": "Dry Cleaning", "GEOID20": "24031701222", "grantee": false }, "geometry": { "type": "Point", "coordinates": [ -77.1095977, 39.0392787 ] } },
{ "type": "Feature", "properties": { "name": "Crest Advanced Dry Cleaner", "type": "laundry", "tag": "dry_cleaning", "type_label": "Laundry", "tag_label": "Dry Cleaning", "GEOID20": "24031701218", "grantee": false }, "geometry": { "type": "Point", "coordinates": [ -77.114586, 39.0540733 ] } },
{ "type": "Feature", "properties": { "name": "Unnamed dry_cleaning", "type": "laundry", "tag": "dry_cleaning", "type_label": "Laundry", "tag_label": "Dry Cleaning", "GEOID20": "24510270903", "grantee": false }, "geometry": { "type": "Point", "coordinates": [ -76.5911271, 39.3411259 ] } },
{ "type": "Feature", "properties": { "name": "Zips Dry Cleaning", "type": "laundry", "tag": "dry_cleaning", "type_label": "Laundry", "tag_label": "Dry Cleaning", "GEOID20": "24031700839", "grantee": false }, "geometry": { "type": "Point", "coordinates": [ -77.197811, 39.1154872 ] } },
{ "type": "Feature", "properties": { "name": "Dryclean Station", "type": "laundry", "tag": "dry_cleaning", "type_label": "Laundry", "tag_label": "Dry Cleaning", "GEOID20": "24031700826", "grantee": false }, "geometry": { "type": "Point", "coordinates": [ -77.2349867, 39.1211707 ] } },
{ "type": "Feature", "properties": { "name": "Washingtonian Cleaners", "type": "laundry", "tag": "dry_cleaning", "type_label": "Laundry", "tag_label": "Dry Cleaning", "GEOID20": "24031700839", "grantee": false }, "geometry": { "type": "Point", "coordinates": [ -77.2061516, 39.1165884 ] } },
{ "type": "Feature", "properties": { "name": "Lakeside Laundromat", "type": "laundry", "tag": "laundry", "type_label": "Laundry", "tag_label": "Laundry", "GEOID20": "24031700713", "grantee": true }, "geometry": { "type": "Point", "coordinates": [ -77.1985874, 39.1536715 ] } },
{ "type": "Feature", "properties": { "name": "Hall Station Cleaners", "type": "laundry", "tag": "dry_cleaning", "type_label": "Laundry", "tag_label": "Dry Cleaning", "GEOID20": "24033800517", "grantee": false }, "geometry": { "type": "Point", "coordinates": [ -76.7403403, 38.9030273 ] } },
{ "type": "Feature", "properties": { "name": "WaveMAX Laundry", "type": "laundry", "tag": "laundry", "type_label": "Laundry", "tag_label": "Laundry", "GEOID20": "24031700837", "grantee": false }, "geometry": { "type": "Point", "coordinates": [ -77.204925, 39.1283578 ] } },
{ "type": "Feature", "properties": { "name": "Muddy Branch Laundromat", "type": "laundry", "tag": "laundry", "type_label": "Laundry", "tag_label": "Laundry", "GEOID20": "24031700837", "grantee": false }, "geometry": { "type": "Point", "coordinates": [ -77.2082232, 39.1270386 ] } },
{ "type": "Feature", "properties": { "name": "Super Suds Laundromat", "type": "laundry", "tag": "laundry", "type_label": "Laundry", "tag_label": "Laundry", "GEOID20": "24017851004", "grantee": false }, "geometry": { "type": "Point", "coordinates": [ -76.9828665, 38.5332066 ] } },
{ "type": "Feature", "properties": { "name": "Unnamed dry_cleaning", "type": "laundry", "tag": "dry_cleaning", "type_label": "Laundry", "tag_label": "Dry Cleaning", "GEOID20": "24033800707", "grantee": false }, "geometry": { "type": "Point", "coordinates": [ -76.794837300000012, 38.785923 ] } },
{ "type": "Feature", "properties": { "name": "Unnamed dry_cleaning", "type": "laundry", "tag": "dry_cleaning", "type_label": "Laundry", "tag_label": "Dry Cleaning", "GEOID20": "24031705601", "grantee": false }, "geometry": { "type": "Point", "coordinates": [ -77.1014936, 38.9629477 ] } },
{ "type": "Feature", "properties": { "name": "Grove Cleaners", "type": "laundry", "tag": "dry_cleaning", "type_label": "Laundry", "tag_label": "Dry Cleaning", "GEOID20": "24031700711", "grantee": false }, "geometry": { "type": "Point", "coordinates": [ -77.167439400000021, 39.1312272 ] } },
{ "type": "Feature", "properties": { "name": "Tub O' Suds Laundromat", "type": "laundry", "tag": "laundry", "type_label": "Laundry", "tag_label": "Laundry", "GEOID20": "24003740205", "grantee": false }, "geometry": { "type": "Point", "coordinates": [ -76.6325039, 39.1433995 ] } },
{ "type": "Feature", "properties": { "name": "Brite Scene Laundromat", "type": "laundry", "tag": "laundry", "type_label": "Laundry", "tag_label": "Laundry", "GEOID20": "24003730511", "grantee": false }, "geometry": { "type": "Point", "coordinates": [ -76.6303087, 39.141206 ] } },
{ "type": "Feature", "properties": { "name": "Glen Burnie Valet", "type": "laundry", "tag": "dry_cleaning", "type_label": "Laundry", "tag_label": "Dry Cleaning", "GEOID20": "24003750900", "grantee": false }, "geometry": { "type": "Point", "coordinates": [ -76.6242052, 39.1664876 ] } },
{ "type": "Feature", "properties": { "name": "My Glen Burnie Valet", "type": "laundry", "tag": "dry_cleaning", "type_label": "Laundry", "tag_label": "Dry Cleaning", "GEOID20": "24003751102", "grantee": false }, "geometry": { "type": "Point", "coordinates": [ -76.6113474, 39.1933306 ] } },
{ "type": "Feature", "properties": { "name": "Unnamed laundry", "type": "laundry", "tag": "laundry", "type_label": "Laundry", "tag_label": "Laundry", "GEOID20": "24003730401", "grantee": false }, "geometry": { "type": "Point", "coordinates": [ -76.6300948, 39.1552284 ] } },
{ "type": "Feature", "properties": { "name": "Unnamed dry_cleaning", "type": "laundry", "tag": "dry_cleaning", "type_label": "Laundry", "tag_label": "Dry Cleaning", "GEOID20": "24003750400", "grantee": false }, "geometry": { "type": "Point", "coordinates": [ -76.6399564, 39.1989763 ] } },
{ "type": "Feature", "properties": { "name": "Unnamed laundry", "type": "laundry", "tag": "laundry", "type_label": "Laundry", "tag_label": "Laundry", "GEOID20": "24003730102", "grantee": false }, "geometry": { "type": "Point", "coordinates": [ -76.5310773, 39.1686233 ] } },
{ "type": "Feature", "properties": { "name": "Wow! Cleaners", "type": "laundry", "tag": "dry_cleaning", "type_label": "Laundry", "tag_label": "Dry Cleaning", "GEOID20": "24037875903", "grantee": false }, "geometry": { "type": "Point", "coordinates": [ -76.4660924, 38.2592197 ] } },
{ "type": "Feature", "properties": { "name": "SuperSuds Hyattsville", "type": "laundry", "tag": "laundry", "type_label": "Laundry", "tag_label": "Laundry", "GEOID20": "24033805201", "grantee": false }, "geometry": { "type": "Point", "coordinates": [ -76.9934267, 38.9629852 ] } },
{ "type": "Feature", "properties": { "name": "Mountain Cleaners", "type": "laundry", "tag": "dry_cleaning", "type_label": "Laundry", "tag_label": "Dry Cleaning", "GEOID20": "24003731313", "grantee": false }, "geometry": { "type": "Point", "coordinates": [ -76.5576566, 39.1316878 ] } },
{ "type": "Feature", "properties": { "name": "Federal Hill Laundromat", "type": "laundry", "tag": "laundry", "type_label": "Laundry", "tag_label": "Laundry", "GEOID20": "24510230100", "grantee": false }, "geometry": { "type": "Point", "coordinates": [ -76.6156154, 39.2753519 ] } },
{ "type": "Feature", "properties": { "name": "Highpoint Laundromat", "type": "laundry", "tag": "laundry", "type_label": "Laundry", "tag_label": "Laundry", "GEOID20": "24027602600", "grantee": false }, "geometry": { "type": "Point", "coordinates": [ -76.8126233, 39.282293 ] } },
{ "type": "Feature", "properties": { "name": "Romance Cleaners", "type": "laundry", "tag": "dry_cleaning", "type_label": "Laundry", "tag_label": "Dry Cleaning", "GEOID20": "24031700832", "grantee": false }, "geometry": { "type": "Point", "coordinates": [ -77.2390543, 39.1802283 ] } },
{ "type": "Feature", "properties": { "name": "Apple Cleaners", "type": "laundry", "tag": "dry_cleaning", "type_label": "Laundry", "tag_label": "Dry Cleaning", "GEOID20": "24031700733", "grantee": false }, "geometry": { "type": "Point", "coordinates": [ -77.2215903, 39.1591608 ] } },
{ "type": "Feature", "properties": { "name": "Camden Heights Laundromat", "type": "laundry", "tag": "laundry", "type_label": "Laundry", "tag_label": "Laundry", "GEOID20": "24045000400", "grantee": false }, "geometry": { "type": "Point", "coordinates": [ -75.6024194, 38.3572318 ] } },
{ "type": "Feature", "properties": { "name": "Kemp Mill Cleaners", "type": "laundry", "tag": "dry_cleaning", "type_label": "Laundry", "tag_label": "Dry Cleaning", "GEOID20": "24031703209", "grantee": false }, "geometry": { "type": "Point", "coordinates": [ -77.0310169, 39.0411738 ] } },
{ "type": "Feature", "properties": { "name": "American Dry Cleaners", "type": "laundry", "tag": "dry_cleaning", "type_label": "Laundry", "tag_label": "Dry Cleaning", "GEOID20": "24031700733", "grantee": false }, "geometry": { "type": "Point", "coordinates": [ -77.2119436, 39.15695920000001 ] } },
{ "type": "Feature", "properties": { "name": "Crest Advanced Dry Cleaners", "type": "laundry", "tag": "dry_cleaning", "type_label": "Laundry", "tag_label": "Dry Cleaning", "GEOID20": "24031700826", "grantee": false }, "geometry": { "type": "Point", "coordinates": [ -77.2390394, 39.125092 ] } },
{ "type": "Feature", "properties": { "name": "Fashion Craft Cleaners", "type": "laundry", "tag": "dry_cleaning", "type_label": "Laundry", "tag_label": "Dry Cleaning", "GEOID20": "24031700826", "grantee": false }, "geometry": { "type": "Point", "coordinates": [ -77.2397075, 39.1243289 ] } },
{ "type": "Feature", "properties": { "name": "Suds R Us", "type": "laundry", "tag": "laundry", "type_label": "Laundry", "tag_label": "Laundry", "GEOID20": "24003751000", "grantee": false }, "geometry": { "type": "Point", "coordinates": [ -76.6048089, 39.1645634 ] } },
{ "type": "Feature", "properties": { "name": "Longmeadow Cleaners", "type": "laundry", "tag": "dry_cleaning", "type_label": "Laundry", "tag_label": "Dry Cleaning", "GEOID20": "24043010300", "grantee": false }, "geometry": { "type": "Point", "coordinates": [ -77.7034626, 39.6631571 ] } },
{ "type": "Feature", "properties": { "name": "Woodley Gardens Cleaners", "type": "laundry", "tag": "dry_cleaning", "type_label": "Laundry", "tag_label": "Dry Cleaning", "GEOID20": "24031701004", "grantee": false }, "geometry": { "type": "Point", "coordinates": [ -77.1743224, 39.0918718 ] } },
{ "type": "Feature", "properties": { "name": "Zips Dry Cleaning", "type": "laundry", "tag": "dry_cleaning", "type_label": "Laundry", "tag_label": "Dry Cleaning", "GEOID20": "24003740601", "grantee": false }, "geometry": { "type": "Point", "coordinates": [ -76.7496906, 39.1362645 ] } },
{ "type": "Feature", "properties": { "name": "7-Oaks Cleaners", "type": "laundry", "tag": "dry_cleaning", "type_label": "Laundry", "tag_label": "Dry Cleaning", "GEOID20": "24003740305", "grantee": false }, "geometry": { "type": "Point", "coordinates": [ -76.7170962, 39.1008672 ] } },
{ "type": "Feature", "properties": { "name": "Super Fresh Laundromat", "type": "laundry", "tag": "laundry", "type_label": "Laundry", "tag_label": "Laundry", "GEOID20": "24033804400", "grantee": false }, "geometry": { "type": "Point", "coordinates": [ -76.9509635, 38.9342074 ] } },
{ "type": "Feature", "properties": { "name": "Athens Cleaners", "type": "laundry", "tag": "dry_cleaning", "type_label": "Laundry", "tag_label": "Dry Cleaning", "GEOID20": "24005408505", "grantee": false }, "geometry": { "type": "Point", "coordinates": [ -76.6261658, 39.4412418 ] } },
{ "type": "Feature", "properties": { "name": "Unnamed dry_cleaning", "type": "laundry", "tag": "dry_cleaning", "type_label": "Laundry", "tag_label": "Dry Cleaning", "GEOID20": "24031701509", "grantee": false }, "geometry": { "type": "Point", "coordinates": [ -76.9778452, 39.0233501 ] } },
{ "type": "Feature", "properties": { "name": "Chevy Chase Valet & Cleaners", "type": "laundry", "tag": "dry_cleaning", "type_label": "Laundry", "tag_label": "Dry Cleaning", "GEOID20": "24031704803", "grantee": false }, "geometry": { "type": "Point", "coordinates": [ -77.0916718, 38.9796456 ] } },
{ "type": "Feature", "properties": { "name": "Unnamed dry_cleaning", "type": "laundry", "tag": "dry_cleaning", "type_label": "Laundry", "tag_label": "Dry Cleaning", "GEOID20": "24005440702", "grantee": false }, "geometry": { "type": "Point", "coordinates": [ -76.4622262, 39.3559917 ] } },
{ "type": "Feature", "properties": { "name": "Easy Wash and Fold", "type": "laundry", "tag": "laundry", "type_label": "Laundry", "tag_label": "Laundry", "GEOID20": "24031701422", "grantee": false }, "geometry": { "type": "Point", "coordinates": [ -76.9456145, 39.0834836 ] } },
{ "type": "Feature", "properties": { "name": "Curtis Bay Laundromat", "type": "laundry", "tag": "laundry", "type_label": "Laundry", "tag_label": "Laundry", "GEOID20": "24510250500", "grantee": true }, "geometry": { "type": "Point", "coordinates": [ -76.5886386, 39.2255886 ] } },
{ "type": "Feature", "properties": { "name": "O'Donnell Cleaners", "type": "laundry", "tag": "dry_cleaning", "type_label": "Laundry", "tag_label": "Dry Cleaning", "GEOID20": "24510260501", "grantee": false }, "geometry": { "type": "Point", "coordinates": [ -76.5368837, 39.2818058 ] } },
{ "type": "Feature", "properties": { "name": "Family Cleaners", "type": "laundry", "tag": "dry_cleaning", "type_label": "Laundry", "tag_label": "Dry Cleaning", "GEOID20": "24031704401", "grantee": false }, "geometry": { "type": "Point", "coordinates": [ -77.1235134, 39.02363840000001 ] } },
{ "type": "Feature", "properties": { "name": "Cleaners Mount Washington", "type": "laundry", "tag": "dry_cleaning", "type_label": "Laundry", "tag_label": "Dry Cleaning", "GEOID20": "24510271501", "grantee": false }, "geometry": { "type": "Point", "coordinates": [ -76.6480933, 39.3668459 ] } },
{ "type": "Feature", "properties": { "name": "Unnamed dry_cleaning", "type": "laundry", "tag": "dry_cleaning", "type_label": "Laundry", "tag_label": "Dry Cleaning", "GEOID20": "24510271002", "grantee": false }, "geometry": { "type": "Point", "coordinates": [ -76.6094978, 39.3493001 ] } },
{ "type": "Feature", "properties": { "name": "Super Clean Laundromat", "type": "laundry", "tag": "laundry", "type_label": "Laundry", "tag_label": "Laundry", "GEOID20": "24510260800", "grantee": false }, "geometry": { "type": "Point", "coordinates": [ -76.5656448, 39.2879809 ] } },
{ "type": "Feature", "properties": { "name": "La Laundromat", "type": "laundry", "tag": "laundry", "type_label": "Laundry", "tag_label": "Laundry", "GEOID20": "24510260900", "grantee": false }, "geometry": { "type": "Point", "coordinates": [ -76.5686953, 39.2864367 ] } },
{ "type": "Feature", "properties": { "name": "Mayfield Cleaners", "type": "laundry", "tag": "dry_cleaning", "type_label": "Laundry", "tag_label": "Dry Cleaning", "GEOID20": "24027606706", "grantee": false }, "geometry": { "type": "Point", "coordinates": [ -76.79209, 39.1891263 ] } },
{ "type": "Feature", "properties": { "name": "Polovoy Cleaners", "type": "laundry", "tag": "dry_cleaning", "type_label": "Laundry", "tag_label": "Dry Cleaning", "GEOID20": "24005403402", "grantee": false }, "geometry": { "type": "Point", "coordinates": [ -76.7197098, 39.3777985 ] } },
{ "type": "Feature", "properties": { "name": "Professional Dry Cleaners", "type": "laundry", "tag": "dry_cleaning", "type_label": "Laundry", "tag_label": "Dry Cleaning", "GEOID20": "24031700500", "grantee": false }, "geometry": { "type": "Point", "coordinates": [ -77.4152452, 39.1455071 ] } },
{ "type": "Feature", "properties": { "name": "Unnamed dry_cleaning", "type": "laundry", "tag": "dry_cleaning", "type_label": "Laundry", "tag_label": "Dry Cleaning", "GEOID20": "24031701506", "grantee": false }, "geometry": { "type": "Point", "coordinates": [ -77.0025862, 39.0749734 ] } },
{ "type": "Feature", "properties": { "name": "Sudsville", "type": "laundry", "tag": "laundry", "type_label": "Laundry", "tag_label": "Laundry", "GEOID20": "24005408505", "grantee": false }, "geometry": { "type": "Point", "coordinates": [ -76.6328634, 39.4549401 ] } },
{ "type": "Feature", "properties": { "name": "Tropicana Laundromat", "type": "laundry", "tag": "laundry", "type_label": "Laundry", "tag_label": "Laundry", "GEOID20": "24031702502", "grantee": false }, "geometry": { "type": "Point", "coordinates": [ -77.0243265, 38.9897553 ] } },
{ "type": "Feature", "properties": { "name": "Zips Dry Cleaning", "type": "laundry", "tag": "dry_cleaning", "type_label": "Laundry", "tag_label": "Dry Cleaning", "GEOID20": "24005403401", "grantee": false }, "geometry": { "type": "Point", "coordinates": [ -76.7237222, 39.3750195 ] } },
{ "type": "Feature", "properties": { "name": "Orems Laundry", "type": "laundry", "tag": "laundry", "type_label": "Laundry", "tag_label": "Laundry", "GEOID20": "24005451200", "grantee": false }, "geometry": { "type": "Point", "coordinates": [ -76.4436522, 39.332538 ] } },
{ "type": "Feature", "properties": { "name": "Cleaners", "type": "laundry", "tag": "dry_cleaning", "type_label": "Laundry", "tag_label": "Dry Cleaning", "GEOID20": "24003751500", "grantee": false }, "geometry": { "type": "Point", "coordinates": [ -76.8145988, 39.099329 ] } },
{ "type": "Feature", "properties": { "name": "Weller's Dry Cleaners", "type": "laundry", "tag": "dry_cleaning", "type_label": "Laundry", "tag_label": "Dry Cleaning", "GEOID20": "24031702402", "grantee": false }, "geometry": { "type": "Point", "coordinates": [ -77.0238355, 38.9928734 ] } },
{ "type": "Feature", "properties": { "name": "Unnamed dry_cleaning", "type": "laundry", "tag": "dry_cleaning", "type_label": "Laundry", "tag_label": "Dry Cleaning", "GEOID20": "24005404202", "grantee": false }, "geometry": { "type": "Point", "coordinates": [ -76.7727515, 39.4145937 ] } },
{ "type": "Feature", "properties": { "name": "Sudsville Laundry", "type": "laundry", "tag": "laundry", "type_label": "Laundry", "tag_label": "Laundry", "GEOID20": "24005404403", "grantee": false }, "geometry": { "type": "Point", "coordinates": [ -76.8116797, 39.4443704 ] } },
{ "type": "Feature", "properties": { "name": "Super Cleaners", "type": "laundry", "tag": "dry_cleaning", "type_label": "Laundry", "tag_label": "Dry Cleaning", "GEOID20": "24027602600", "grantee": false }, "geometry": { "type": "Point", "coordinates": [ -76.815959, 39.2809274 ] } },
{ "type": "Feature", "properties": { "name": "Kirsh Cleaners", "type": "laundry", "tag": "dry_cleaning", "type_label": "Laundry", "tag_label": "Dry Cleaning", "GEOID20": "24005408800", "grantee": false }, "geometry": { "type": "Point", "coordinates": [ -76.619195, 39.4233783 ] } },
{ "type": "Feature", "properties": { "name": "Sudsville Laundry Inc", "type": "laundry", "tag": "laundry", "type_label": "Laundry", "tag_label": "Laundry", "GEOID20": "24033807500", "grantee": false }, "geometry": { "type": "Point", "coordinates": [ -76.9395555, 38.9566351 ] } },
{ "type": "Feature", "properties": { "name": "Unnamed dry_cleaning", "type": "laundry", "tag": "dry_cleaning", "type_label": "Laundry", "tag_label": "Dry Cleaning", "GEOID20": "24005402302", "grantee": false }, "geometry": { "type": "Point", "coordinates": [ -76.7633092, 39.3418675 ] } },
{ "type": "Feature", "properties": { "name": "BlueTech Cleaners", "type": "laundry", "tag": "dry_cleaning", "type_label": "Laundry", "tag_label": "Dry Cleaning", "GEOID20": "24033806900", "grantee": false }, "geometry": { "type": "Point", "coordinates": [ -76.9213187, 39.0163553 ] } },
{ "type": "Feature", "properties": { "name": "State Cleaners", "type": "laundry", "tag": "dry_cleaning", "type_label": "Laundry", "tag_label": "Dry Cleaning", "GEOID20": "24033802002", "grantee": false }, "geometry": { "type": "Point", "coordinates": [ -76.9234898, 38.8486455 ] } },
{ "type": "Feature", "properties": { "name": "Waterworks Laundromat", "type": "laundry", "tag": "laundry", "type_label": "Laundry", "tag_label": "Laundry", "GEOID20": "24033805801", "grantee": false }, "geometry": { "type": "Point", "coordinates": [ -76.9705192, 38.9836521 ] } },
{ "type": "Feature", "properties": { "name": "Family Wash Day", "type": "laundry", "tag": "laundry", "type_label": "Laundry", "tag_label": "Laundry", "GEOID20": "24025302901", "grantee": false }, "geometry": { "type": "Point", "coordinates": [ -76.1618029, 39.513561 ] } },
{ "type": "Feature", "properties": { "name": "Carriage House Cleaners", "type": "laundry", "tag": "dry_cleaning", "type_label": "Laundry", "tag_label": "Dry Cleaning", "GEOID20": "24031701701", "grantee": false }, "geometry": { "type": "Point", "coordinates": [ -77.00610660000001, 38.9784226 ] } },
{ "type": "Feature", "properties": { "name": "Suds Laundromat", "type": "laundry", "tag": "laundry", "type_label": "Laundry", "tag_label": "Laundry", "GEOID20": "24031701701", "grantee": false }, "geometry": { "type": "Point", "coordinates": [ -77.0056684, 38.97896140000001 ] } },
{ "type": "Feature", "properties": { "name": "Athens Cleaners", "type": "laundry", "tag": "dry_cleaning", "type_label": "Laundry", "tag_label": "Dry Cleaning", "GEOID20": "24005411411", "grantee": false }, "geometry": { "type": "Point", "coordinates": [ -76.5240343, 39.3939578 ] } },
{ "type": "Feature", "properties": { "name": "Sudsville Laundry", "type": "laundry", "tag": "laundry", "type_label": "Laundry", "tag_label": "Laundry", "GEOID20": "24005491401", "grantee": false }, "geometry": { "type": "Point", "coordinates": [ -76.578013, 39.3825563 ] } },
{ "type": "Feature", "properties": { "name": "Unnamed dry_cleaning", "type": "laundry", "tag": "dry_cleaning", "type_label": "Laundry", "tag_label": "Dry Cleaning", "GEOID20": "24005491100", "grantee": false }, "geometry": { "type": "Point", "coordinates": [ -76.5996004, 39.3733465 ] } },
{ "type": "Feature", "properties": { "name": "Family Wash Day", "type": "laundry", "tag": "laundry", "type_label": "Laundry", "tag_label": "Laundry", "GEOID20": "24005450501", "grantee": true }, "geometry": { "type": "Point", "coordinates": [ -76.4589264, 39.3166836 ] } },
{ "type": "Feature", "properties": { "name": "Sudsville", "type": "laundry", "tag": "laundry", "type_label": "Laundry", "tag_label": "Laundry", "GEOID20": "24005452300", "grantee": false }, "geometry": { "type": "Point", "coordinates": [ -76.5234541, 39.2957241 ] } },
{ "type": "Feature", "properties": { "name": "Unnamed laundry", "type": "laundry", "tag": "laundry", "type_label": "Laundry", "tag_label": "Laundry", "GEOID20": "24005452100", "grantee": false }, "geometry": { "type": "Point", "coordinates": [ -76.4557425, 39.2350744 ] } },
{ "type": "Feature", "properties": { "name": "Best Choice Cleaners", "type": "laundry", "tag": "dry_cleaning", "type_label": "Laundry", "tag_label": "Dry Cleaning", "GEOID20": "24510260301", "grantee": false }, "geometry": { "type": "Point", "coordinates": [ -76.5723931, 39.3222775 ] } },
{ "type": "Feature", "properties": { "name": "Unnamed laundry", "type": "laundry", "tag": "laundry", "type_label": "Laundry", "tag_label": "Laundry", "GEOID20": "24510070200", "grantee": true }, "geometry": { "type": "Point", "coordinates": [ -76.5820099, 39.2983205 ] } },
{ "type": "Feature", "properties": { "name": "Gough Street Laundromat", "type": "laundry", "tag": "laundry", "type_label": "Laundry", "tag_label": "Laundry", "GEOID20": "24510020100", "grantee": false }, "geometry": { "type": "Point", "coordinates": [ -76.5895311, 39.2880022 ] } },
{ "type": "Feature", "properties": { "name": "Cleaners", "type": "laundry", "tag": "dry_cleaning", "type_label": "Laundry", "tag_label": "Dry Cleaning", "GEOID20": "24510020300", "grantee": false }, "geometry": { "type": "Point", "coordinates": [ -76.5914704, 39.2844879 ] } },
{ "type": "Feature", "properties": { "name": "Unnamed laundry", "type": "laundry", "tag": "laundry", "type_label": "Laundry", "tag_label": "Laundry", "GEOID20": "24510020300", "grantee": false }, "geometry": { "type": "Point", "coordinates": [ -76.592308, 39.284447 ] } },
{ "type": "Feature", "properties": { "name": "Paris Cleaners", "type": "laundry", "tag": "dry_cleaning", "type_label": "Laundry", "tag_label": "Dry Cleaning", "GEOID20": "24510020200", "grantee": false }, "geometry": { "type": "Point", "coordinates": [ -76.593288, 39.2891491 ] } },
{ "type": "Feature", "properties": { "name": "Washday", "type": "laundry", "tag": "laundry", "type_label": "Laundry", "tag_label": "Laundry", "GEOID20": "24510080700", "grantee": false }, "geometry": { "type": "Point", "coordinates": [ -76.5952809, 39.3083922 ] } },
{ "type": "Feature", "properties": { "name": "Sudsville", "type": "laundry", "tag": "laundry", "type_label": "Laundry", "tag_label": "Laundry", "GEOID20": "24510270901", "grantee": false }, "geometry": { "type": "Point", "coordinates": [ -76.5989357, 39.3457028 ] } },
{ "type": "Feature", "properties": { "name": "Academy Cleaners", "type": "laundry", "tag": "dry_cleaning", "type_label": "Laundry", "tag_label": "Dry Cleaning", "GEOID20": "24510271002", "grantee": false }, "geometry": { "type": "Point", "coordinates": [ -76.6096302, 39.3535699 ] } },
{ "type": "Feature", "properties": { "name": "Cleaners", "type": "laundry", "tag": "dry_cleaning", "type_label": "Laundry", "tag_label": "Dry Cleaning", "GEOID20": "24510271200", "grantee": false }, "geometry": { "type": "Point", "coordinates": [ -76.6103028, 39.3599406 ] } },
{ "type": "Feature", "properties": { "name": "Mt. Vernon Cleaners", "type": "laundry", "tag": "dry_cleaning", "type_label": "Laundry", "tag_label": "Dry Cleaning", "GEOID20": "24510110200", "grantee": false }, "geometry": { "type": "Point", "coordinates": [ -76.6187407, 39.3004983 ] } },
{ "type": "Feature", "properties": { "name": "Falls Road Laundromat", "type": "laundry", "tag": "laundry", "type_label": "Laundry", "tag_label": "Laundry", "GEOID20": "24510130804", "grantee": false }, "geometry": { "type": "Point", "coordinates": [ -76.6357862, 39.33291160000001 ] } },
{ "type": "Feature", "properties": { "name": "Brite Laundry", "type": "laundry", "tag": "laundry", "type_label": "Laundry", "tag_label": "Laundry", "GEOID20": "24510150300", "grantee": false }, "geometry": { "type": "Point", "coordinates": [ -76.654938, 39.3092516 ] } },
{ "type": "Feature", "properties": { "name": "Laundry City", "type": "laundry", "tag": "laundry", "type_label": "Laundry", "tag_label": "Laundry", "GEOID20": "24510200800", "grantee": false }, "geometry": { "type": "Point", "coordinates": [ -76.6743195, 39.2807792 ] } },
{ "type": "Feature", "properties": { "name": "Spin Cycle Coin Laundry", "type": "laundry", "tag": "laundry", "type_label": "Laundry", "tag_label": "Laundry", "GEOID20": "24510120600", "grantee": false }, "geometry": { "type": "Point", "coordinates": [ -76.6191899, 39.3129251 ] } },
{ "type": "Feature", "properties": { "name": "Town Cleaners", "type": "laundry", "tag": "dry_cleaning", "type_label": "Laundry", "tag_label": "Dry Cleaning", "GEOID20": "24037875400", "grantee": false }, "geometry": { "type": "Point", "coordinates": [ -76.6350261, 38.2913831 ] } },
{ "type": "Feature", "properties": { "name": "Robinwood Coin Laundry", "type": "laundry", "tag": "laundry", "type_label": "Laundry", "tag_label": "Laundry", "GEOID20": "24003702601", "grantee": false }, "geometry": { "type": "Point", "coordinates": [ -76.5066477, 38.9557894 ] } },
{ "type": "Feature", "properties": { "name": "Spot Laundry", "type": "laundry", "tag": "laundry", "type_label": "Laundry", "tag_label": "Laundry", "GEOID20": "24021750100", "grantee": false }, "geometry": { "type": "Point", "coordinates": [ -77.4051276, 39.4203996 ] } },
{ "type": "Feature", "properties": { "name": "Market and 8th Street Laundromat", "type": "laundry", "tag": "laundry", "type_label": "Laundry", "tag_label": "Laundry", "GEOID20": "24021750801", "grantee": false }, "geometry": { "type": "Point", "coordinates": [ -77.4085967, 39.4241153 ] } },
{ "type": "Feature", "properties": { "name": "Big Top Cleaners", "type": "laundry", "tag": "dry_cleaning", "type_label": "Laundry", "tag_label": "Dry Cleaning", "GEOID20": "24033800108", "grantee": false }, "geometry": { "type": "Point", "coordinates": [ -76.855785, 39.0976074 ] } },
{ "type": "Feature", "properties": { "name": "Venable Cleaners", "type": "laundry", "tag": "dry_cleaning", "type_label": "Laundry", "tag_label": "Dry Cleaning", "GEOID20": "24047951000", "grantee": false }, "geometry": { "type": "Point", "coordinates": [ -75.2174209, 38.3264681 ] } },
{ "type": "Feature", "properties": { "name": "Unnamed laundry", "type": "laundry", "tag": "laundry", "type_label": "Laundry", "tag_label": "Laundry", "GEOID20": "24033804802", "grantee": false }, "geometry": { "type": "Point", "coordinates": [ -76.9661851, 38.9521378 ] } },
{ "type": "Feature", "properties": { "name": "Unnamed laundry", "type": "laundry", "tag": "laundry", "type_label": "Laundry", "tag_label": "Laundry", "GEOID20": "24033804900", "grantee": false }, "geometry": { "type": "Point", "coordinates": [ -76.9726522, 38.9449809 ] } },
{ "type": "Feature", "properties": { "name": "Bill's Cleaners", "type": "laundry", "tag": "dry_cleaning", "type_label": "Laundry", "tag_label": "Dry Cleaning", "GEOID20": "24003740305", "grantee": false }, "geometry": { "type": "Point", "coordinates": [ -76.7208619, 39.1020554 ] } },
{ "type": "Feature", "properties": { "name": "Harford Cleaners", "type": "laundry", "tag": "dry_cleaning", "type_label": "Laundry", "tag_label": "Dry Cleaning", "GEOID20": "24025303501", "grantee": false }, "geometry": { "type": "Point", "coordinates": [ -76.3498517, 39.5291484 ] } },
{ "type": "Feature", "properties": { "name": "Kroh's Cleaners", "type": "laundry", "tag": "dry_cleaning", "type_label": "Laundry", "tag_label": "Dry Cleaning", "GEOID20": "24025303803", "grantee": false }, "geometry": { "type": "Point", "coordinates": [ -76.3488876, 39.5368737 ] } },
{ "type": "Feature", "properties": { "name": "Unnamed laundry", "type": "laundry", "tag": "laundry", "type_label": "Laundry", "tag_label": "Laundry", "GEOID20": "24043010802", "grantee": false }, "geometry": { "type": "Point", "coordinates": [ -77.8208062, 39.5954236 ] } },
{ "type": "Feature", "properties": { "name": "Sparkles Laundry", "type": "laundry", "tag": "laundry", "type_label": "Laundry", "tag_label": "Laundry", "GEOID20": "24025306200", "grantee": false }, "geometry": { "type": "Point", "coordinates": [ -76.1020195, 39.5415906 ] } },
{ "type": "Feature", "properties": { "name": "Stella's Cleaners", "type": "laundry", "tag": "dry_cleaning", "type_label": "Laundry", "tag_label": "Dry Cleaning", "GEOID20": "24025306200", "grantee": false }, "geometry": { "type": "Point", "coordinates": [ -76.1018323, 39.5417571 ] } },
{ "type": "Feature", "properties": { "name": "Normandy Cleaners", "type": "laundry", "tag": "dry_cleaning", "type_label": "Laundry", "tag_label": "Dry Cleaning", "GEOID20": "24031706008", "grantee": false }, "geometry": { "type": "Point", "coordinates": [ -77.2107049, 39.0171933 ] } },
{ "type": "Feature", "properties": { "name": "Dublin Laundromat", "type": "laundry", "tag": "laundry", "type_label": "Laundry", "tag_label": "Laundry", "GEOID20": "24025305200", "grantee": false }, "geometry": { "type": "Point", "coordinates": [ -76.2697592, 39.635533 ] } },
{ "type": "Feature", "properties": { "name": "Unnamed laundry", "type": "laundry", "tag": "laundry", "type_label": "Laundry", "tag_label": "Laundry", "GEOID20": "24011955302", "grantee": false }, "geometry": { "type": "Point", "coordinates": [ -75.8289715, 38.8867611 ] } },
{ "type": "Feature", "properties": { "name": "Unnamed laundry", "type": "laundry", "tag": "laundry", "type_label": "Laundry", "tag_label": "Laundry", "GEOID20": "24047950800", "grantee": false }, "geometry": { "type": "Point", "coordinates": [ -75.3108124, 38.3816544 ] } },
{ "type": "Feature", "properties": { "name": "Unnamed laundry", "type": "laundry", "tag": "laundry", "type_label": "Laundry", "tag_label": "Laundry", "GEOID20": "24011955600", "grantee": true }, "geometry": { "type": "Point", "coordinates": [ -75.7886451, 38.6981286 ] } },
{ "type": "Feature", "properties": { "name": "Unnamed laundry", "type": "laundry", "tag": "laundry", "type_label": "Laundry", "tag_label": "Laundry", "GEOID20": "24043010700", "grantee": false }, "geometry": { "type": "Point", "coordinates": [ -78.2440974, 39.6571541 ] } },
{ "type": "Feature", "properties": { "name": "Unnamed laundry", "type": "laundry", "tag": "laundry", "type_label": "Laundry", "tag_label": "Laundry", "GEOID20": "24023000502", "grantee": false }, "geometry": { "type": "Point", "coordinates": [ -79.3445416, 39.5580702 ] } },
{ "type": "Feature", "properties": { "name": "Clean Enterprises", "type": "laundry", "tag": "laundry", "type_label": "Laundry", "tag_label": "Laundry", "GEOID20": "24015031302", "grantee": false }, "geometry": { "type": "Point", "coordinates": [ -76.0547295, 39.699162 ] } },
{ "type": "Feature", "properties": { "name": "Sudsville", "type": "laundry", "tag": "laundry", "type_label": "Laundry", "tag_label": "Laundry", "GEOID20": "24005440200", "grantee": false }, "geometry": { "type": "Point", "coordinates": [ -76.5209805, 39.3640185 ] } },
{ "type": "Feature", "properties": { "name": "Laundry Mat", "type": "laundry", "tag": "laundry", "type_label": "Laundry", "tag_label": "Laundry", "GEOID20": "24001001700", "grantee": false }, "geometry": { "type": "Point", "coordinates": [ -78.9079267, 39.6518227 ] } },
{ "type": "Feature", "properties": { "name": "Workman's Laundry", "type": "laundry", "tag": "laundry", "type_label": "Laundry", "tag_label": "Laundry", "GEOID20": "24001001600", "grantee": false }, "geometry": { "type": "Point", "coordinates": [ -78.9356649, 39.6664124 ] } },
{ "type": "Feature", "properties": { "name": "O-Kleen Laundry & Dry Cleaning", "type": "laundry", "tag": "laundry", "type_label": "Laundry", "tag_label": "Laundry", "GEOID20": "24015030400", "grantee": false }, "geometry": { "type": "Point", "coordinates": [ -75.8389871, 39.6170206 ] } },
{ "type": "Feature", "properties": { "name": "Unnamed laundry", "type": "laundry", "tag": "laundry", "type_label": "Laundry", "tag_label": "Laundry", "GEOID20": "24047951300", "grantee": false }, "geometry": { "type": "Point", "coordinates": [ -75.3906158, 38.178597 ] } },
{ "type": "Feature", "properties": { "name": "Millersville Cleaners", "type": "laundry", "tag": "dry_cleaning", "type_label": "Laundry", "tag_label": "Dry Cleaning", "GEOID20": "24003730509", "grantee": false }, "geometry": { "type": "Point", "coordinates": [ -76.6189723, 39.1174455 ] } },
{ "type": "Feature", "properties": { "name": "Unnamed laundry", "type": "laundry", "tag": "laundry", "type_label": "Laundry", "tag_label": "Laundry", "GEOID20": "24510130300", "grantee": true }, "geometry": { "type": "Point", "coordinates": [ -76.6379615, 39.3105015 ] } },
{ "type": "Feature", "properties": { "name": "Kenwood Polyclean", "type": "laundry", "tag": "laundry", "type_label": "Laundry", "tag_label": "Laundry", "GEOID20": "24031705601", "grantee": false }, "geometry": { "type": "Point", "coordinates": [ -77.1027136, 38.9636126 ] } },
{ "type": "Feature", "properties": { "name": "Wascomat Self-Service Laundry", "type": "laundry", "tag": "laundry", "type_label": "Laundry", "tag_label": "Laundry", "GEOID20": "24029950300", "grantee": false }, "geometry": { "type": "Point", "coordinates": [ -76.0689278, 39.2257832 ] } },
{ "type": "Feature", "properties": { "name": "Unnamed laundry", "type": "laundry", "tag": "laundry", "type_label": "Laundry", "tag_label": "Laundry", "GEOID20": "24001002000", "grantee": false }, "geometry": { "type": "Point", "coordinates": [ -78.8268547, 39.5964234 ] } },
{ "type": "Feature", "properties": { "name": "Lim's Laundry", "type": "laundry", "tag": "laundry", "type_label": "Laundry", "tag_label": "Laundry", "GEOID20": "24003730401", "grantee": false }, "geometry": { "type": "Point", "coordinates": [ -76.6303904, 39.1559726 ] } },
{ "type": "Feature", "properties": { "name": "Speedy Laundromat", "type": "laundry", "tag": "laundry", "type_label": "Laundry", "tag_label": "Laundry", "GEOID20": "24031700706", "grantee": false }, "geometry": { "type": "Point", "coordinates": [ -77.2184413, 39.1444399 ] } },
{ "type": "Feature", "properties": { "name": "Town Square Cleaners", "type": "laundry", "tag": "dry_cleaning", "type_label": "Laundry", "tag_label": "Dry Cleaning", "GEOID20": "24031700901", "grantee": false }, "geometry": { "type": "Point", "coordinates": [ -77.1523089, 39.0860665 ] } }
]
}
